uid,tid,ft,y
1,1,11,10.708754539489746
1,2,11,10.87508487701416
1,3,11,11.09319019317627
1,4,11,11.142115592956543
1,5,11,11.061586380004883
1,6,11,10.311944007873535
1,7,11,10.504647254943848
1,8,11,10.709487915039062
1,9,11,11.185829162597656
1,10,11,11.172532081604004
1,11,11,11.155838966369629
1,12,11,10.965792655944824
2,1,7,14.397400856018066
2,2,7,14.621910095214844
2,3,7,14.611395835876465
2,4,7,14.705193519592285
2,5,7,14.742151260375977
2,6,7,14.758041381835938
2,7,7,14.840145111083984
2,8,7,15.194250106811523
2,9,7,15.372053146362305
2,10,7,15.365799903869629
2,11,7,15.45759391784668
2,12,7,15.479466438293457
3,1,12,12.391932487487793
3,2,12,12.366414070129395
3,3,12,12.362008094787598
3,4,12,12.497631072998047
3,5,12,12.55264949798584
3,6,12,12.611370086669922
3,7,12,12.825799942016602
3,8,12,12.966300964355469
3,9,12,13.535387992858887
3,10,12,13.433152198791504
3,11,12,13.703184127807617
3,12,12,13.651201248168945
4,1,12,9.340408325195312
4,2,12,8.650890350341797
4,3,12,10.383723258972168
4,4,12,9.478702545166016
4,5,12,9.444573402404785
4,6,12,9.532554626464844
4,7,12,9.487556457519531
4,8,12,9.584856033325195
4,9,12,9.059563636779785
4,10,12,9.506864547729492
4,11,12,10.778308868408203
4,12,12,11.687021255493164
5,1,2,10.054760932922363
5,2,2,10.60342025756836
5,3,2,10.507415771484375
5,4,2,10.833501815795898
5,5,2,10.746054649353027
5,6,2,10.888035774230957
5,7,2,10.863853454589844
5,8,2,11.130962371826172
5,9,2,10.947888374328613
5,10,2,11.54743766784668
5,11,2,11.825806617736816
5,12,2,10.761272430419922
6,1,10,12.99267292022705
6,2,10,12.7797269821167
6,3,10,12.919879913330078
6,4,10,12.971589088439941
6,5,10,13.031383514404297
6,6,10,13.144777297973633
6,7,10,13.138669967651367
6,8,10,13.358854293823242
6,9,10,13.401412010192871
6,10,10,13.337364196777344
6,11,10,13.845322608947754
6,12,10,13.82107925415039
7,1,12,13.054706573486328
7,2,12,12.726703643798828
7,3,12,12.591063499450684
7,4,12,12.981436729431152
7,5,12,13.178939819335938
7,6,12,13.003763198852539
7,7,12,12.94471549987793
7,8,12,13.09378719329834
7,9,12,13.10285758972168
7,10,12,13.147852897644043
7,11,12,13.13326358795166
7,12,12,12.958614349365234
8,1,10,11.167329788208008
8,2,10,11.320395469665527
8,3,10,10.694808006286621
8,4,10,10.618146896362305
8,5,10,11.173176765441895
8,6,10,11.646743774414062
8,7,10,12.49372673034668
8,8,10,12.535497665405273
8,9,10,12.80665397644043
8,10,10,13.120771408081055
8,11,10,13.270345687866211
8,12,10,13.131871223449707
9,1,6,13.182004928588867
9,2,6,13.252037048339844
9,3,6,13.303464889526367
9,4,6,13.755719184875488
9,5,6,13.618783950805664
9,6,6,13.603279113769531
9,7,6,13.726946830749512
9,8,6,14.052809715270996
9,9,6,14.190022468566895
9,10,6,14.185439109802246
9,11,6,14.399605751037598
9,12,6,14.110517501831055
10,1,12,8.41251277923584
10,2,12,8.504021644592285
10,3,12,8.843304634094238
10,4,12,8.96312427520752
10,5,12,8.950117111206055
10,6,12,8.736861228942871
10,7,12,0.0
10,8,12,9.464709281921387
10,9,12,10.177240371704102
10,10,12,10.208040237426758
10,11,12,10.854047775268555
10,12,12,10.701742172241211
11,1,12,13.23172664642334
11,2,12,13.38237190246582
11,3,12,13.33163070678711
11,4,12,13.44526481628418
11,5,12,13.524497032165527
11,6,12,13.43632698059082
11,7,12,13.760204315185547
11,8,12,14.47262954711914
11,9,12,14.675406455993652
11,10,12,14.825888633728027
11,11,12,14.824984550476074
11,12,12,14.840311050415039
12,1,9,10.839073181152344
12,2,9,10.794656753540039
12,3,9,10.773406982421875
12,4,9,10.83503246307373
12,5,9,11.194987297058105
12,6,9,10.999591827392578
12,7,9,11.028340339660645
12,8,9,11.007845878601074
12,9,9,11.335413932800293
12,10,9,11.139174461364746
12,11,9,12.411227226257324
12,12,9,11.037232398986816
13,1,12,14.321701049804688
13,2,12,14.28757095336914
13,3,12,14.335140228271484
13,4,12,14.503972053527832
13,5,12,14.850555419921875
13,6,12,14.90842056274414
13,7,12,15.147859573364258
13,8,12,15.09721851348877
13,9,12,15.06307601928711
13,10,12,15.23466682434082
13,11,12,15.342353820800781
13,12,12,15.33968734741211
14,1,8,10.961569786071777
14,2,8,10.461596488952637
14,3,8,10.960867881774902
14,4,8,10.531721115112305
14,5,8,10.734715461730957
14,6,8,10.93139934539795
14,7,8,10.834826469421387
14,8,8,12.134621620178223
14,9,8,12.154557228088379
14,10,8,12.753525733947754
14,11,8,12.758509635925293
14,12,8,12.714606285095215
15,1,12,11.130257606506348
15,2,12,10.398748397827148
15,3,12,10.42993450164795
15,4,12,11.308208465576172
15,5,12,11.587075233459473
15,6,12,11.219915390014648
15,7,12,11.389999389648438
15,8,12,11.47232723236084
15,9,12,11.460921287536621
15,10,12,11.662837982177734
15,11,12,12.256199836730957
15,12,12,12.353827476501465
16,1,12,8.385331153869629
16,2,12,9.519464492797852
16,3,12,9.483039855957031
16,4,12,9.54542064666748
16,5,12,9.523399353027344
16,6,12,9.658586502075195
16,7,12,10.262242317199707
16,8,12,10.960521697998047
16,9,12,10.9802885055542
16,10,12,11.072343826293945
16,11,12,11.99389934539795
16,12,12,12.131451606750488
17,1,8,9.896986961364746
17,2,8,10.6451997756958
17,3,8,10.91590404510498
17,4,8,11.268425941467285
17,5,8,11.0272798538208
17,6,8,11.452164649963379
17,7,8,11.431389808654785
17,8,8,11.538776397705078
17,9,8,11.60101318359375
17,10,8,11.798518180847168
17,11,8,11.775308609008789
17,12,8,11.93524169921875
18,1,11,11.182555198669434
18,2,11,11.437541961669922
18,3,11,11.37015151977539
18,4,11,12.454497337341309
18,5,11,12.582674026489258
18,6,11,12.797541618347168
18,7,11,13.223677635192871
18,8,11,13.185957908630371
18,9,11,13.093610763549805
18,10,11,13.195491790771484
18,11,11,13.06440544128418
18,12,11,12.854498863220215
19,1,10,10.209066390991211
19,2,10,9.848101615905762
19,3,10,9.684825897216797
19,4,10,10.089016914367676
19,5,10,10.099440574645996
19,6,10,10.26429557800293
19,7,10,10.201176643371582
19,8,10,10.510150909423828
19,9,10,10.307141304016113
19,10,10,10.747210502624512
19,11,10,10.520003318786621
19,12,10,11.176883697509766
20,1,12,10.572239875793457
20,2,12,8.317485809326172
20,3,12,8.713981628417969
20,4,12,9.370590209960938
20,5,12,9.928948402404785
20,6,12,9.928132057189941
20,7,12,10.245445251464844
20,8,12,10.835466384887695
20,9,12,10.998628616333008
20,10,12,12.029046058654785
20,11,12,11.120671272277832
20,12,12,11.076470375061035
21,1,11,6.549746036529541
21,2,11,8.625967979431152
21,3,11,8.388015747070312
21,4,11,8.6754150390625
21,5,11,7.394990921020508
21,6,11,9.423545837402344
21,7,11,9.615052223205566
21,8,11,10.247509002685547
21,9,11,8.897406578063965
21,10,11,10.896875381469727
21,11,11,11.186388969421387
21,12,11,11.130643844604492
22,1,9,11.035823822021484
22,2,9,10.645934104919434
22,3,9,10.980337142944336
22,4,9,11.998172760009766
22,5,9,11.961528778076172
22,6,9,11.253557205200195
22,7,9,11.041974067687988
22,8,9,11.451951026916504
22,9,9,11.220527648925781
22,10,9,11.568953514099121
22,11,9,11.295034408569336
22,12,9,11.126062393188477
23,1,11,6.204327583312988
23,2,11,5.296477794647217
23,3,11,9.65510082244873
23,4,11,8.507497787475586
23,5,11,8.860044479370117
23,6,11,9.200967788696289
23,7,11,9.485342979431152
23,8,11,9.323450088500977
23,9,11,8.888873100280762
23,10,11,9.170633316040039
23,11,11,9.160552978515625
23,12,11,9.061027526855469
24,1,9,10.233741760253906
24,2,9,8.712987899780273
24,3,9,9.803439140319824
24,4,9,10.857194900512695
24,5,9,10.309473037719727
24,6,9,10.89908218383789
24,7,9,11.898075103759766
24,8,9,11.068848609924316
24,9,9,11.805509567260742
24,10,9,11.730077743530273
24,11,9,11.962461471557617
24,12,9,12.327534675598145
25,1,11,7.933445930480957
25,2,11,10.458200454711914
25,3,11,10.477782249450684
25,4,11,10.851523399353027
25,5,11,10.43075180053711
25,6,11,11.206047058105469
25,7,11,11.335474967956543
25,8,11,11.788569450378418
25,9,11,11.528070449829102
25,10,11,11.47421646118164
25,11,11,11.554703712463379
25,12,11,11.363288879394531
26,1,11,10.683440208435059
26,2,11,10.742634773254395
26,3,11,10.460906028747559
26,4,11,10.60096549987793
26,5,11,10.170097351074219
26,6,11,10.920424461364746
26,7,11,10.839447021484375
26,8,11,10.734607696533203
26,9,11,10.727684020996094
26,10,11,10.764124870300293
26,11,11,11.588765144348145
26,12,11,11.480697631835938
27,1,6,10.367334365844727
27,2,6,9.918440818786621
27,3,6,10.362188339233398
27,4,6,10.271358489990234
27,5,6,10.77218246459961
27,6,6,11.05030345916748
27,7,6,10.938894271850586
27,8,6,11.221778869628906
27,9,6,11.644811630249023
27,10,6,11.755125999450684
27,11,6,11.840313911437988
27,12,6,11.518678665161133
28,1,12,9.414007186889648
28,2,12,8.844878196716309
28,3,12,8.827066421508789
28,4,12,8.434309005737305
28,5,12,8.222403526306152
28,6,12,9.283304214477539
28,7,12,9.178905487060547
28,8,12,8.852532386779785
28,9,12,8.914045333862305
28,10,12,8.934277534484863
28,11,12,8.82458782196045
28,12,12,8.599678039550781
29,1,11,9.722794532775879
29,2,11,9.416498184204102
29,3,11,9.062457084655762
29,4,11,8.425352096557617
29,5,11,8.730863571166992
29,6,11,10.134449005126953
29,7,11,8.684906959533691
29,8,11,9.323878288269043
29,9,11,9.458993911743164
29,10,11,11.092894554138184
29,11,11,10.317864418029785
29,12,11,10.004876136779785
30,1,3,8.75941276550293
30,2,3,8.934662818908691
30,3,3,9.26739501953125
30,4,3,9.09012222290039
30,5,3,9.33028793334961
30,6,3,9.038537979125977
30,7,3,9.868239402770996
30,8,3,10.236495018005371
30,9,3,10.53082275390625
30,10,3,10.851984024047852
30,11,3,10.83704948425293
30,12,3,10.666777610778809
31,1,11,9.539375305175781
31,2,11,10.181863784790039
31,3,11,10.509160995483398
31,4,11,10.463829040527344
31,5,11,10.616716384887695
31,6,11,10.461418151855469
31,7,11,10.443291664123535
31,8,11,10.257516860961914
31,9,11,10.035758972167969
31,10,11,10.389198303222656
31,11,11,12.207097053527832
31,12,11,11.198201179504395
32,1,11,10.43172550201416
32,2,11,9.659256935119629
32,3,11,10.232826232910156
32,4,11,10.33331298828125
32,5,11,10.132502555847168
32,6,11,10.581768035888672
32,7,11,11.678291320800781
32,8,11,11.903708457946777
32,9,11,12.3997220993042
32,10,11,12.791194915771484
32,11,11,12.483854293823242
32,12,11,12.829729080200195
33,1,12,10.14663314819336
33,2,12,10.267090797424316
33,3,12,9.70716381072998
33,4,12,10.024930953979492
33,5,12,8.924622535705566
33,6,12,9.453987121582031
33,7,12,10.961978912353516
33,8,12,11.002202033996582
33,9,12,11.053465843200684
33,10,12,11.329997062683105
33,11,12,11.638467788696289
33,12,12,11.43065071105957
34,1,11,5.207698345184326
34,2,11,9.166444778442383
34,3,11,8.930551528930664
34,4,11,8.931489944458008
34,5,11,9.523942947387695
34,6,11,9.017388343811035
34,7,11,5.760672092437744
34,8,11,10.610891342163086
34,9,11,10.587711334228516
34,10,11,10.54825496673584
34,11,11,10.603796005249023
34,12,11,10.54074478149414
35,1,11,10.763967514038086
35,2,11,10.672215461730957
35,3,11,10.843371391296387
35,4,11,11.331195831298828
35,5,11,11.048648834228516
35,6,11,10.78343677520752
35,7,11,10.878408432006836
35,8,11,11.305038452148438
35,9,11,11.556042671203613
35,10,11,11.88136100769043
35,11,11,12.180375099182129
35,12,11,12.250738143920898
36,1,6,10.258973121643066
36,2,6,10.482015609741211
36,3,6,11.046868324279785
36,4,6,10.710912704467773
36,5,6,10.461504936218262
36,6,6,11.472635269165039
36,7,6,11.4146728515625
36,8,6,11.475876808166504
36,9,6,11.560822486877441
36,10,6,11.609869003295898
36,11,6,11.555996894836426
36,12,6,11.42618465423584
37,1,12,9.818299293518066
37,2,12,9.7349853515625
37,3,12,9.206528663635254
37,4,12,8.133700370788574
37,5,12,1.1832748651504517
37,6,12,9.040288925170898
37,7,12,9.649665832519531
37,8,12,5.279955863952637
37,9,12,0.0
37,10,12,9.1824369430542
37,11,12,9.718246459960938
37,12,12,11.743841171264648
38,1,11,9.1104097366333
38,2,11,8.553874015808105
38,3,11,8.96144962310791
38,4,11,8.826128959655762
38,5,11,6.616736888885498
38,6,11,8.087886810302734
38,7,11,8.614799499511719
38,8,11,8.904887199401855
38,9,11,8.750497817993164
38,10,11,10.66406536102295
38,11,11,11.049750328063965
38,12,11,7.996636867523193
39,1,11,9.084476470947266
39,2,11,7.298971652984619
39,3,11,9.077840805053711
39,4,11,9.391791343688965
39,5,11,2.320683479309082
39,6,11,9.700141906738281
39,7,11,10.951127052307129
39,8,11,8.423858642578125
39,9,11,9.966060638427734
39,10,11,10.266569137573242
39,11,11,11.408347129821777
39,12,11,10.69968032836914
40,1,6,12.673592567443848
40,2,6,12.613180160522461
40,3,6,12.829879760742188
40,4,6,13.229693412780762
40,5,6,13.136587142944336
40,6,6,13.364270210266113
40,7,6,13.562225341796875
40,8,6,13.703171730041504
40,9,6,13.825910568237305
40,10,6,13.930863380432129
40,11,6,13.868829727172852
40,12,6,13.879938125610352
41,1,12,8.942780494689941
41,2,12,0.0
41,3,12,7.19029426574707
41,4,12,0.0
41,5,12,0.0
41,6,12,0.0
41,7,12,0.0
41,8,12,0.0
41,9,12,0.0
41,10,12,8.55977725982666
41,11,12,9.969301223754883
41,12,12,9.584805488586426
42,1,2,8.753609657287598
42,2,2,9.296104431152344
42,3,2,7.40714168548584
42,4,2,7.752776145935059
42,5,2,9.044961929321289
42,6,2,8.115466117858887
42,7,2,10.223783493041992
42,8,2,10.07601261138916
42,9,2,9.735559463500977
42,10,2,9.372572898864746
42,11,2,8.11051082611084
42,12,2,7.078451156616211
43,1,,7.787562370300293
43,2,,7.963993549346924
43,3,,8.413142204284668
43,4,,7.475770950317383
43,5,,7.714825630187988
43,6,,10.521486282348633
43,7,,0.0
43,8,,0.0
43,9,,0.0
43,10,,10.7250337600708
43,11,,10.038097381591797
43,12,,9.620147705078125
44,1,12,15.636659622192383
44,2,12,15.607965469360352
44,3,12,15.706451416015625
44,4,12,16.056657791137695
44,5,12,16.0981502532959
44,6,12,16.057968139648438
44,7,12,16.056974411010742
44,8,12,16.171886444091797
44,9,12,16.206836700439453
44,10,12,16.37914276123047
44,11,12,16.42105484008789
44,12,12,16.402799606323242
45,1,6,10.60791301727295
45,2,6,7.862854480743408
45,3,6,5.47808313369751
45,4,6,0.0
45,5,6,5.606795310974121
45,6,6,0.0
45,7,6,10.328986167907715
45,8,6,5.252635955810547
45,9,6,5.225655555725098
45,10,6,11.199166297912598
45,11,6,11.31527042388916
45,12,6,11.443936347961426
46,1,9,7.285431385040283
46,2,9,7.8011322021484375
46,3,9,8.171706199645996
46,4,9,8.507761001586914
46,5,9,0.0
46,6,9,0.0
46,7,9,0.0
46,8,9,0.0
46,9,9,0.0
46,10,9,4.676830768585205
46,11,9,7.148983001708984
46,12,9,9.786072731018066
47,1,,0.0
47,2,,4.0599684715271
47,3,,5.082494258880615
47,4,,7.1207780838012695
47,5,,7.288901329040527
47,6,,6.41465950012207
47,7,,6.253339767456055
47,8,,5.779757976531982
47,9,,4.026261329650879
47,10,,2.3684327602386475
47,11,,6.596757888793945
47,12,,3.526360511779785
48,1,,0.0
48,2,,8.663403511047363
48,3,,10.94572925567627
48,4,,10.622834205627441
48,5,,10.48905086517334
48,6,,8.480484008789062
48,7,,10.341516494750977
48,8,,9.590909957885742
48,9,,6.660984992980957
48,10,,7.278286933898926
48,11,,8.056333541870117
48,12,,7.008387565612793
49,1,12,6.0134196281433105
49,2,12,4.187280178070068
49,3,12,7.916565418243408
49,4,12,8.0066499710083
49,5,12,7.810638427734375
49,6,12,0.2443726807832718
49,7,12,10.302813529968262
49,8,12,5.136823654174805
49,9,12,8.101364135742188
49,10,12,8.800034523010254
49,11,12,8.458827018737793
49,12,12,8.778746604919434
50,1,,8.810420036315918
50,2,,0.0
50,3,,0.0
50,4,,7.1400980949401855
50,5,,6.431053638458252
50,6,,5.763067245483398
50,7,,7.037256240844727
50,8,,6.886573791503906
50,9,,7.024381637573242
50,10,,8.03754711151123
50,11,,9.492372512817383
50,12,,7.353370189666748
51,1,,8.913917541503906
51,2,,9.485020637512207
51,3,,9.58344841003418
51,4,,8.931377410888672
51,5,,7.578843593597412
51,6,,11.76127815246582
51,7,,11.249869346618652
51,8,,8.891525268554688
51,9,,9.178411483764648
51,10,,9.795964241027832
51,11,,9.470364570617676
51,12,,9.637184143066406
52,1,,0.0
52,2,,0.0
52,3,,7.095367431640625
52,4,,8.202223777770996
52,5,,8.483907699584961
52,6,,8.194526672363281
52,7,,7.673583507537842
52,8,,7.549267768859863
52,9,,7.483304977416992
52,10,,8.747041702270508
52,11,,11.47441291809082
52,12,,8.01872730255127
53,1,12,11.471304893493652
53,2,12,11.549365997314453
53,3,12,11.49528694152832
53,4,12,11.522491455078125
53,5,12,11.392339706420898
53,6,12,11.326469421386719
53,7,12,11.513484954833984
53,8,12,11.672162055969238
53,9,12,11.477160453796387
53,10,12,11.553701400756836
53,11,12,11.59068775177002
53,12,12,11.652215003967285
54,1,10,9.725570678710938
54,2,10,10.503747940063477
54,3,10,10.182329177856445
54,4,10,10.972146987915039
54,5,10,11.269997596740723
54,6,10,11.512386322021484
54,7,10,11.731971740722656
54,8,10,11.879173278808594
54,9,10,12.747675895690918
54,10,10,12.975659370422363
54,11,10,12.841503143310547
54,12,10,11.59632396697998
55,1,12,0.0
55,2,12,0.0
55,3,12,0.0
55,4,12,0.0
55,5,12,0.0
55,6,12,7.068968772888184
55,7,12,0.0
55,8,12,7.197695255279541
55,9,12,6.866318225860596
55,10,12,5.41372537612915
55,11,12,6.116888523101807
55,12,12,7.148070335388184
56,1,12,10.09538745880127
56,2,12,10.060193061828613
56,3,12,9.789876937866211
56,4,12,9.76657485961914
56,5,12,9.690637588500977
56,6,12,9.380807876586914
56,7,12,10.15434455871582
56,8,12,9.619193077087402
56,9,12,9.11375904083252
56,10,12,9.413427352905273
56,11,12,8.429962158203125
56,12,12,10.908995628356934
57,1,8,11.501773834228516
57,2,8,12.312078475952148
57,3,8,8.784778594970703
57,4,8,11.664663314819336
57,5,8,12.5144681930542
57,6,8,9.801913261413574
57,7,8,12.325496673583984
57,8,8,12.613938331604004
57,9,8,13.124357223510742
57,10,8,11.517970085144043
57,11,8,12.364255905151367
57,12,8,12.093339920043945
58,1,7,17.42863655090332
58,2,7,17.64642906188965
58,3,7,17.807287216186523
58,4,7,18.400821685791016
58,5,7,18.155729293823242
58,6,7,18.211103439331055
58,7,7,18.054109573364258
58,8,7,18.034954071044922
58,9,7,18.343847274780273
58,10,7,18.56382179260254
58,11,7,18.748390197753906
58,12,7,18.90626335144043
59,1,2,10.504240989685059
59,2,2,11.402605056762695
59,3,2,11.314224243164062
59,4,2,11.456425666809082
59,5,2,11.01992130279541
59,6,2,10.276690483093262
59,7,2,10.989580154418945
59,8,2,10.982542991638184
59,9,2,6.749187469482422
59,10,2,4.528173446655273
59,11,2,9.168704986572266
59,12,2,9.360816955566406
60,1,11,11.12786865234375
60,2,11,11.244427680969238
60,3,11,11.503547668457031
60,4,11,10.627314567565918
60,5,11,11.36892318725586
60,6,11,12.133633613586426
60,7,11,12.132274627685547
60,8,11,12.215203285217285
60,9,11,12.463738441467285
60,10,11,12.934582710266113
60,11,11,13.01563549041748
60,12,11,12.648336410522461
61,1,12,9.923784255981445
61,2,12,9.365288734436035
61,3,12,10.120402336120605
61,4,12,8.583849906921387
61,5,12,8.933969497680664
61,6,12,9.536005973815918
61,7,12,9.147968292236328
61,8,12,8.647220611572266
61,9,12,8.076550483703613
61,10,12,7.627878665924072
61,11,12,7.391762733459473
61,12,12,9.475630760192871
62,1,,7.02015495300293
62,2,,6.975721836090088
62,3,,9.332846641540527
62,4,,0.0
62,5,,0.0
62,6,,0.0
62,7,,8.174507141113281
62,8,,10.565251350402832
62,9,,9.82027530670166
62,10,,9.890264511108398
62,11,,9.955562591552734
62,12,,10.488462448120117
63,1,11,5.562831401824951
63,2,11,0.6750594973564148
63,3,11,10.647178649902344
63,4,11,4.509435653686523
63,5,11,12.269404411315918
63,6,11,0.0
63,7,11,5.301274299621582
63,8,11,5.027702808380127
63,9,11,0.0
63,10,11,7.720566272735596
63,11,11,7.9851861000061035
63,12,11,10.28293514251709
64,1,11,11.114453315734863
64,2,11,8.26161003112793
64,3,11,9.770282745361328
64,4,11,11.3980712890625
64,5,11,12.763075828552246
64,6,11,10.501164436340332
64,7,11,9.385819435119629
64,8,11,9.523093223571777
64,9,11,10.348564147949219
64,10,11,11.514610290527344
64,11,11,10.94487190246582
64,12,11,11.018277168273926
65,1,12,6.459668159484863
65,2,12,0.0
65,3,12,0.0
65,4,12,0.0
65,5,12,7.66472864151001
65,6,12,0.0
65,7,12,7.202409267425537
65,8,12,0.0
65,9,12,0.0
65,10,12,11.524455070495605
65,11,12,7.945346355438232
65,12,12,9.13684368133545
66,1,7,11.79586410522461
66,2,7,11.062335968017578
66,3,7,10.817001342773438
66,4,7,11.586518287658691
66,5,7,11.49981689453125
66,6,7,12.209159851074219
66,7,7,12.274796485900879
66,8,7,12.024958610534668
66,9,7,11.088232040405273
66,10,7,12.571486473083496
66,11,7,12.093825340270996
66,12,7,12.312772750854492
67,1,11,5.409319877624512
67,2,11,9.857470512390137
67,3,11,9.560929298400879
67,4,11,9.241360664367676
67,5,11,9.428898811340332
67,6,11,9.641996383666992
67,7,11,9.82878303527832
67,8,11,9.41456127166748
67,9,11,8.821868896484375
67,10,11,9.573375701904297
67,11,11,12.364054679870605
67,12,11,10.434853553771973
68,1,10,6.625417709350586
68,2,10,10.73296070098877
68,3,10,10.215938568115234
68,4,10,11.028129577636719
68,5,10,10.589061737060547
68,6,10,10.798757553100586
68,7,10,10.133475303649902
68,8,10,10.371871948242188
68,9,10,10.808582305908203
68,10,10,10.109244346618652
68,11,10,11.238174438476562
68,12,10,10.434344291687012
69,1,6,10.55348014831543
69,2,6,11.138080596923828
69,3,6,10.83089828491211
69,4,6,11.042960166931152
69,5,6,11.187804222106934
69,6,6,11.127317428588867
69,7,6,11.408014297485352
69,8,6,11.137201309204102
69,9,6,11.746588706970215
69,10,6,11.597219467163086
69,11,6,12.416513442993164
69,12,6,11.499650001525879
70,1,2,14.783092498779297
70,2,2,15.275983810424805
70,3,2,15.431496620178223
70,4,2,15.578067779541016
70,5,2,15.933399200439453
70,6,2,15.862181663513184
70,7,2,15.937407493591309
70,8,2,16.09506607055664
70,9,2,16.229116439819336
70,10,2,16.23600196838379
70,11,2,16.523944854736328
70,12,2,16.343496322631836
71,1,10,0.0
71,2,10,0.0
71,3,10,6.794615745544434
71,4,10,13.840490341186523
71,5,10,8.730527877807617
71,6,10,6.840599060058594
71,7,10,5.136380672454834
71,8,10,9.14003849029541
71,9,10,8.696427345275879
71,10,10,12.728272438049316
71,11,10,11.161337852478027
71,12,10,10.910918235778809
72,1,12,7.310096263885498
72,2,12,9.018521308898926
72,3,12,9.258289337158203
72,4,12,9.459806442260742
72,5,12,8.971900939941406
72,6,12,8.857261657714844
72,7,12,10.353975296020508
72,8,12,9.340787887573242
72,9,12,9.000975608825684
72,10,12,13.091896057128906
72,11,12,10.965063095092773
72,12,12,9.539806365966797
73,1,11,12.255060195922852
73,2,11,12.449034690856934
73,3,11,12.490772247314453
73,4,11,12.375925064086914
73,5,11,12.538769721984863
73,6,11,12.716867446899414
73,7,11,13.14302921295166
73,8,11,13.586170196533203
73,9,11,10.364387512207031
73,10,11,14.193406105041504
73,11,11,14.487805366516113
73,12,11,13.799540519714355
74,1,12,8.664494514465332
74,2,12,10.81525707244873
74,3,12,7.882077693939209
74,4,12,6.212193965911865
74,5,12,10.111639976501465
74,6,12,10.062431335449219
74,7,12,10.42220687866211
74,8,12,8.676424026489258
74,9,12,10.356207847595215
74,10,12,9.350645065307617
74,11,12,11.9403076171875
74,12,12,12.41342830657959
75,1,12,10.97101879119873
75,2,12,8.92429256439209
75,3,12,8.417353630065918
75,4,12,8.118176460266113
75,5,12,12.377326965332031
75,6,12,11.741641998291016
75,7,12,11.550436019897461
75,8,12,12.211225509643555
75,9,12,12.085708618164062
75,10,12,12.011062622070312
75,11,12,12.118136405944824
75,12,12,11.976420402526855
76,1,7,0.0
76,2,7,12.706689834594727
76,3,7,11.905425071716309
76,4,7,11.865386009216309
76,5,7,11.190139770507812
76,6,7,9.824897766113281
76,7,7,9.913788795471191
76,8,7,12.37824535369873
76,9,7,13.039199829101562
76,10,7,13.020779609680176
76,11,7,13.278277397155762
76,12,7,13.114544868469238
77,1,5,0.0
77,2,5,8.465068817138672
77,3,5,6.641744136810303
77,4,5,14.185970306396484
77,5,5,8.660178184509277
77,6,5,4.302000522613525
77,7,5,8.585433006286621
77,8,5,8.815385818481445
77,9,5,9.703603744506836
77,10,5,8.021350860595703
77,11,5,9.298802375793457
77,12,5,7.627651691436768
78,1,12,7.5848188400268555
78,2,12,8.527071952819824
78,3,12,8.841048240661621
78,4,12,8.831253051757812
78,5,12,9.414081573486328
78,6,12,8.697932243347168
78,7,12,8.837381362915039
78,8,12,6.0143890380859375
78,9,12,8.763310432434082
78,10,12,5.774992942810059
78,11,12,7.435849666595459
78,12,12,9.279641151428223
79,1,11,11.919448852539062
79,2,11,11.303604125976562
79,3,11,12.420241355895996
79,4,11,12.232635498046875
79,5,11,12.156705856323242
79,6,11,12.44055461883545
79,7,11,12.385272979736328
79,8,11,12.437932014465332
79,9,11,12.31261920928955
79,10,11,12.484599113464355
79,11,11,12.361282348632812
79,12,11,12.284974098205566
80,1,11,9.134644508361816
80,2,11,11.166281700134277
80,3,11,9.469439506530762
80,4,11,11.090680122375488
80,5,11,11.02701473236084
80,6,11,12.076685905456543
80,7,11,11.376721382141113
80,8,11,12.012578010559082
80,9,11,12.070369720458984
80,10,11,11.480037689208984
80,11,11,12.331673622131348
80,12,11,11.570748329162598
81,1,11,10.401058197021484
81,2,11,10.684502601623535
81,3,11,10.55920124053955
81,4,11,11.057350158691406
81,5,11,10.993685722351074
81,6,11,11.276394844055176
81,7,11,11.490091323852539
81,8,11,10.9898042678833
81,9,11,11.260309219360352
81,10,11,11.133742332458496
81,11,11,11.617106437683105
81,12,11,11.48659896850586
82,1,7,8.388195037841797
82,2,7,9.639355659484863
82,3,7,9.689157485961914
82,4,7,9.966965675354004
82,5,7,10.304566383361816
82,6,7,11.120550155639648
82,7,7,13.72602653503418
82,8,7,14.809796333312988
82,9,7,14.70358657836914
82,10,7,14.955270767211914
82,11,7,14.585206031799316
82,12,7,14.54572868347168
83,1,6,10.488090515136719
83,2,6,10.067854881286621
83,3,6,11.769145011901855
83,4,6,9.82780933380127
83,5,6,9.511091232299805
83,6,6,10.522369384765625
83,7,6,12.060039520263672
83,8,6,11.872214317321777
83,9,6,12.466681480407715
83,10,6,9.216036796569824
83,11,6,11.471051216125488
83,12,6,11.439833641052246
84,1,2,13.999242782592773
84,2,2,13.954024314880371
84,3,2,14.623626708984375
84,4,2,14.351615905761719
84,5,2,14.407106399536133
84,6,2,14.561264991760254
84,7,2,14.962546348571777
84,8,2,14.982803344726562
84,9,2,15.023354530334473
84,10,2,15.340496063232422
84,11,2,15.47311019897461
84,12,2,15.40115737915039
85,1,6,9.617502212524414
85,2,6,10.179988861083984
85,3,6,9.052787780761719
85,4,6,9.973132133483887
85,5,6,10.7802734375
85,6,6,10.497840881347656
85,7,6,11.390876770019531
85,8,6,11.519898414611816
85,9,6,11.372295379638672
85,10,6,11.20044994354248
85,11,6,11.411446571350098
85,12,6,11.766040802001953
86,1,10,9.318453788757324
86,2,10,10.2965087890625
86,3,10,10.392319679260254
86,4,10,10.88888931274414
86,5,10,10.523802757263184
86,6,10,10.584924697875977
86,7,10,10.274079322814941
86,8,10,10.537763595581055
86,9,10,11.321562767028809
86,10,10,11.180489540100098
86,11,10,10.746438980102539
86,12,10,10.983529090881348
87,1,5,8.569353103637695
87,2,5,9.830368995666504
87,3,5,9.285633087158203
87,4,5,8.045367240905762
87,5,5,6.01491117477417
87,6,5,8.30232048034668
87,7,5,9.458033561706543
87,8,5,9.672792434692383
87,9,5,9.294476509094238
87,10,5,10.494335174560547
87,11,5,11.485540390014648
87,12,5,10.978586196899414
88,1,11,13.82520866394043
88,2,11,12.152865409851074
88,3,11,10.556757926940918
88,4,11,11.180479049682617
88,5,11,11.121602058410645
88,6,11,12.36755657196045
88,7,11,13.30087661743164
88,8,11,13.53388500213623
88,9,11,13.500333786010742
88,10,11,12.95594310760498
88,11,11,13.175923347473145
88,12,11,13.716874122619629
89,1,11,11.19200325012207
89,2,11,10.626577377319336
89,3,11,10.879008293151855
89,4,11,11.053343772888184
89,5,11,10.791929244995117
89,6,11,10.766447067260742
89,7,11,11.012115478515625
89,8,11,11.254260063171387
89,9,11,11.248605728149414
89,10,11,11.616607666015625
89,11,11,10.621089935302734
89,12,11,11.566420555114746
90,1,9,11.970403671264648
90,2,9,12.327018737792969
90,3,9,12.2810697555542
90,4,9,12.328021049499512
90,5,9,12.339127540588379
90,6,9,12.34802532196045
90,7,9,12.384648323059082
90,8,9,12.566957473754883
90,9,9,12.539567947387695
90,10,9,12.728519439697266
90,11,9,12.814508438110352
90,12,9,12.849567413330078
91,1,11,9.63149642944336
91,2,11,9.928550720214844
91,3,11,7.199073314666748
91,4,11,11.630542755126953
91,5,11,5.4968671798706055
91,6,11,8.839293479919434
91,7,11,9.07925033569336
91,8,11,9.41271686553955
91,9,11,9.721007347106934
91,10,11,9.554911613464355
91,11,11,9.586644172668457
91,12,11,9.288654327392578
92,1,10,10.941556930541992
92,2,10,11.037296295166016
92,3,10,11.552886009216309
92,4,10,11.66750431060791
92,5,10,11.583159446716309
92,6,10,11.56894588470459
92,7,10,11.35845947265625
92,8,10,12.546260833740234
92,9,10,12.350789070129395
92,10,10,13.750792503356934
92,11,10,15.205216407775879
92,12,10,13.766444206237793
93,1,4,13.139638900756836
93,2,4,12.943929672241211
93,3,4,12.710012435913086
93,4,4,12.794200897216797
93,5,4,12.75121784210205
93,6,4,13.237234115600586
93,7,4,13.668145179748535
93,8,4,13.490059852600098
93,9,4,13.916492462158203
93,10,4,13.769904136657715
93,11,4,13.837489128112793
93,12,4,13.705974578857422
94,1,11,13.671172142028809
94,2,11,13.23087215423584
94,3,11,11.99472713470459
94,4,11,13.257083892822266
94,5,11,13.461027145385742
94,6,11,13.529535293579102
94,7,11,13.295242309570312
94,8,11,13.381112098693848
94,9,11,13.327754974365234
94,10,11,13.742413520812988
94,11,11,13.7775239944458
94,12,11,13.770086288452148
95,1,9,7.51937198638916
95,2,9,8.657838821411133
95,3,9,9.884117126464844
95,4,9,9.201862335205078
95,5,9,9.388586044311523
95,6,9,7.342440128326416
95,7,9,7.041994094848633
95,8,9,7.341657638549805
95,9,9,7.031892776489258
95,10,9,8.62359619140625
95,11,9,8.035674095153809
95,12,9,8.945452690124512
96,1,10,8.01306438446045
96,2,10,8.489860534667969
96,3,10,6.772861003875732
96,4,10,8.531268119812012
96,5,10,7.127666473388672
96,6,10,8.055403709411621
96,7,10,7.926165580749512
96,8,10,8.349119186401367
96,9,10,7.759054183959961
96,10,10,9.02604866027832
96,11,10,7.810892581939697
96,12,10,8.805333137512207
97,1,6,7.801623344421387
97,2,6,7.283441066741943
97,3,6,6.563756942749023
97,4,6,6.740628719329834
97,5,6,5.109752178192139
97,6,6,5.273708343505859
97,7,6,8.790916442871094
97,8,6,10.46092700958252
97,9,6,10.040963172912598
97,10,6,10.320534706115723
97,11,6,10.127110481262207
97,12,6,10.60640811920166
98,1,8,10.779253959655762
98,2,8,10.499144554138184
98,3,8,10.798477172851562
98,4,8,11.483100891113281
98,5,8,11.052165031433105
98,6,8,11.353618621826172
98,7,8,11.051773071289062
98,8,8,11.450735092163086
98,9,8,11.646502494812012
98,10,8,11.308598518371582
98,11,8,11.2533597946167
98,12,8,11.136958122253418
99,1,8,11.631892204284668
99,2,8,11.896234512329102
99,3,8,11.896468162536621
99,4,8,11.751399040222168
99,5,8,11.757153511047363
99,6,8,12.054957389831543
99,7,8,11.914824485778809
99,8,8,11.8189058303833
99,9,8,11.91457748413086
99,10,8,12.233186721801758
99,11,8,8.762388229370117
99,12,8,12.568952560424805
100,1,,6.561557769775391
100,2,,7.014276504516602
100,3,,8.545705795288086
100,4,,0.0
100,5,,7.7836737632751465
100,6,,7.977589130401611
100,7,,4.717467784881592
100,8,,0.0
100,9,,7.759665012359619
100,10,,8.813628196716309
100,11,,9.076560974121094
100,12,,8.455460548400879
101,1,10,11.842594146728516
101,2,10,6.010521411895752
101,3,10,0.0
101,4,10,0.0
101,5,10,0.0
101,6,10,8.482492446899414
101,7,10,7.812376499176025
101,8,10,10.399210929870605
101,9,10,10.338129997253418
101,10,10,10.506608963012695
101,11,10,10.821895599365234
101,12,10,10.789765357971191
102,1,8,11.641148567199707
102,2,8,11.55388355255127
102,3,8,11.502471923828125
102,4,8,11.35861873626709
102,5,8,11.509129524230957
102,6,8,13.470503807067871
102,7,8,11.998429298400879
102,8,8,12.048088073730469
102,9,8,11.682690620422363
102,10,8,12.033177375793457
102,11,8,11.998533248901367
102,12,8,12.029041290283203
103,1,8,14.247191429138184
103,2,8,14.45468521118164
103,3,8,14.46703052520752
103,4,8,14.674452781677246
103,5,8,14.790840148925781
103,6,8,14.858735084533691
103,7,8,14.92762279510498
103,8,8,15.28084945678711
103,9,8,15.325766563415527
103,10,8,15.489755630493164
103,11,8,15.555859565734863
103,12,8,15.471125602722168
104,1,12,10.69251537322998
104,2,12,11.855359077453613
104,3,12,11.029027938842773
104,4,12,12.016343116760254
104,5,12,11.565149307250977
104,6,12,11.462790489196777
104,7,12,11.651490211486816
104,8,12,11.788711547851562
104,9,12,11.858819007873535
104,10,12,11.87928295135498
104,11,12,12.217860221862793
104,12,12,12.156936645507812
105,1,11,8.890726089477539
105,2,11,8.793028831481934
105,3,11,9.425228118896484
105,4,11,8.862292289733887
105,5,11,8.63747501373291
105,6,11,9.910774230957031
105,7,11,9.209702491760254
105,8,11,10.119514465332031
105,9,11,9.79697036743164
105,10,11,9.652480125427246
105,11,11,8.922738075256348
105,12,11,9.395467758178711
106,1,12,9.288602828979492
106,2,12,10.41378116607666
106,3,12,10.120240211486816
106,4,12,10.316492080688477
106,5,12,11.68025016784668
106,6,12,10.63339900970459
106,7,12,10.78293228149414
106,8,12,10.47485637664795
106,9,12,10.739934921264648
106,10,12,10.820188522338867
106,11,12,9.913192749023438
106,12,12,9.966474533081055
107,1,10,11.852283477783203
107,2,10,10.319311141967773
107,3,10,10.73386001586914
107,4,10,11.30433177947998
107,5,10,10.813080787658691
107,6,10,9.784110069274902
107,7,10,8.132061004638672
107,8,10,9.747815132141113
107,9,10,9.126189231872559
107,10,10,10.000272750854492
107,11,10,10.401485443115234
107,12,10,12.363964080810547
108,1,12,5.651300430297852
108,2,12,9.829992294311523
108,3,12,8.24682331085205
108,4,12,7.9384989738464355
108,5,12,10.67972183227539
108,6,12,11.05334758758545
108,7,12,10.908720970153809
108,8,12,10.92473316192627
108,9,12,10.484188079833984
108,10,12,10.53939437866211
108,11,12,10.740545272827148
108,12,12,10.74930477142334
109,1,12,8.690481185913086
109,2,12,11.905606269836426
109,3,12,12.098857879638672
109,4,12,11.986233711242676
109,5,12,11.617551803588867
109,6,12,13.863350868225098
109,7,12,12.138779640197754
109,8,12,13.307549476623535
109,9,12,13.275537490844727
109,10,12,11.79275131225586
109,11,12,12.905888557434082
109,12,12,12.679908752441406
110,1,12,9.739246368408203
110,2,12,9.625720977783203
110,3,12,10.449748039245605
110,4,12,9.911681175231934
110,5,12,10.192070960998535
110,6,12,10.847494125366211
110,7,12,9.338536262512207
110,8,12,9.20503044128418
110,9,12,10.365668296813965
110,10,12,8.185571670532227
110,11,12,8.985224723815918
110,12,12,8.486795425415039
111,1,10,12.288325309753418
111,2,10,11.66932487487793
111,3,10,11.883716583251953
111,4,10,11.629196166992188
111,5,10,11.68025016784668
111,6,10,11.951318740844727
111,7,10,13.630151748657227
111,8,10,13.63415241241455
111,9,10,13.634500503540039
111,10,10,14.652579307556152
111,11,10,13.99812126159668
111,12,10,14.779520034790039
112,1,6,10.806556701660156
112,2,6,10.500972747802734
112,3,6,9.293540954589844
112,4,6,16.701082229614258
112,5,6,9.447003364562988
112,6,6,11.586421012878418
112,7,6,11.965703010559082
112,8,6,12.750239372253418
112,9,6,11.915736198425293
112,10,6,12.318355560302734
112,11,6,12.230928421020508
112,12,6,12.370318412780762
113,1,10,11.143999099731445
113,2,10,10.866294860839844
113,3,10,9.252480506896973
113,4,10,11.457404136657715
113,5,10,8.89555835723877
113,6,10,10.67938232421875
113,7,10,10.901235580444336
113,8,10,10.332403182983398
113,9,10,10.76355266571045
113,10,10,11.702600479125977
113,11,10,11.459131240844727
113,12,10,12.027494430541992
114,1,3,15.11323356628418
114,2,3,14.155218124389648
114,3,3,15.032737731933594
114,4,3,15.854848861694336
114,5,3,15.224472999572754
114,6,3,15.862401008605957
114,7,3,15.61225700378418
114,8,3,15.493042945861816
114,9,3,15.809691429138184
114,10,3,15.6256685256958
114,11,3,15.691204071044922
114,12,3,15.783367156982422
115,1,4,11.025832176208496
115,2,4,11.845834732055664
115,3,4,8.161776542663574
115,4,4,7.919069290161133
115,5,4,7.8793439865112305
115,6,4,9.445941925048828
115,7,4,11.564400672912598
115,8,4,10.96793270111084
115,9,4,12.564762115478516
115,10,4,13.090566635131836
115,11,4,13.6825590133667
115,12,4,13.388792991638184
116,1,12,8.144248962402344
116,2,12,5.321110248565674
116,3,12,6.032674312591553
116,4,12,7.680357933044434
116,5,12,7.778414249420166
116,6,12,9.444453239440918
116,7,12,8.960860252380371
116,8,12,9.244258880615234
116,9,12,9.217310905456543
116,10,12,10.570249557495117
116,11,12,10.533731460571289
116,12,12,10.146770477294922
117,1,12,8.40749740600586
117,2,12,6.9681596755981445
117,3,12,7.428628444671631
117,4,12,7.19867467880249
117,5,12,7.003976821899414
117,6,12,9.962695121765137
117,7,12,10.89320182800293
117,8,12,8.833878517150879
117,9,12,7.689374923706055
117,10,12,9.26160717010498
117,11,12,9.769511222839355
117,12,12,8.804230690002441
118,1,11,10.635398864746094
118,2,11,9.938247680664062
118,3,11,9.606935501098633
118,4,11,9.260530471801758
118,5,11,10.138678550720215
118,6,11,9.652068138122559
118,7,11,9.648088455200195
118,8,11,9.863158226013184
118,9,11,11.207437515258789
118,10,11,11.046192169189453
118,11,11,10.445450782775879
118,12,11,10.048280715942383
119,1,12,6.607455730438232
119,2,12,9.058731079101562
119,3,12,10.267658233642578
119,4,12,7.8460187911987305
119,5,12,9.27295207977295
119,6,12,5.805454254150391
119,7,12,8.819644927978516
119,8,12,8.658781051635742
119,9,12,6.791184425354004
119,10,12,7.678889274597168
119,11,12,8.867860794067383
119,12,12,8.4651460647583
120,1,12,12.03294849395752
120,2,12,12.22385025024414
120,3,12,12.790547370910645
120,4,12,12.608975410461426
120,5,12,12.066023826599121
120,6,12,12.3060302734375
120,7,12,12.173766136169434
120,8,12,11.76262092590332
120,9,12,11.252164840698242
120,10,12,12.664579391479492
120,11,12,12.685687065124512
120,12,12,12.486882209777832
121,1,3,6.290596008300781
121,2,3,9.628049850463867
121,3,3,10.027299880981445
121,4,3,10.707709312438965
121,5,3,9.658193588256836
121,6,3,10.67939567565918
121,7,3,10.723966598510742
121,8,3,10.319389343261719
121,9,3,10.469684600830078
121,10,3,10.615608215332031
121,11,3,9.651294708251953
121,12,3,10.166022300720215
122,1,12,6.922248363494873
122,2,12,5.198970317840576
122,3,12,8.383073806762695
122,4,12,7.843462944030762
122,5,12,8.914118766784668
122,6,12,8.333603858947754
122,7,12,6.331859111785889
122,8,12,0.0
122,9,12,11.222762107849121
122,10,12,9.77750301361084
122,11,12,9.429113388061523
122,12,12,8.755236625671387
123,1,6,8.353475570678711
123,2,6,9.242362022399902
123,3,6,8.817041397094727
123,4,6,8.244362831115723
123,5,6,7.483180046081543
123,6,6,9.678011894226074
123,7,6,9.223525047302246
123,8,6,0.0
123,9,6,8.250755310058594
123,10,6,4.446953296661377
123,11,6,9.487754821777344
123,12,6,9.138846397399902
124,1,12,10.476034164428711
124,2,12,9.11337661743164
124,3,12,10.306108474731445
124,4,12,9.482269287109375
124,5,12,10.215929985046387
124,6,12,10.999578475952148
124,7,12,10.73542594909668
124,8,12,10.088201522827148
124,9,12,10.182524681091309
124,10,12,11.347166061401367
124,11,12,10.283214569091797
124,12,12,11.217512130737305
125,1,4,10.749628067016602
125,2,4,10.548700332641602
125,3,4,10.931264877319336
125,4,4,10.640159606933594
125,5,4,10.65392780303955
125,6,4,10.958955764770508
125,7,4,12.224292755126953
125,8,4,11.537330627441406
125,9,4,11.214313507080078
125,10,4,11.166790962219238
125,11,4,11.227005004882812
125,12,4,11.401254653930664
126,1,7,12.445743560791016
126,2,7,11.90861701965332
126,3,7,12.452987670898438
126,4,7,12.681619644165039
126,5,7,13.442362785339355
126,6,7,13.991223335266113
126,7,7,14.047285079956055
126,8,7,13.5411376953125
126,9,7,13.79709243774414
126,10,7,12.481369972229004
126,11,7,12.467875480651855
126,12,7,12.377960205078125
127,1,12,10.549671173095703
127,2,12,10.375231742858887
127,3,12,11.17645263671875
127,4,12,12.078409194946289
127,5,12,9.603732109069824
127,6,12,10.46919059753418
127,7,12,10.492684364318848
127,8,12,9.898382186889648
127,9,12,11.10576343536377
127,10,12,8.97510051727295
127,11,12,10.63720417022705
127,12,12,9.609648704528809
128,1,10,0.0
128,2,10,6.198153018951416
128,3,10,6.134101390838623
128,4,10,0.0
128,5,10,9.518343925476074
128,6,10,0.0
128,7,10,0.0
128,8,10,0.0
128,9,10,0.0
128,10,10,8.085549354553223
128,11,10,8.882719993591309
128,12,10,5.773526191711426
129,1,12,8.51091194152832
129,2,12,6.001884937286377
129,3,12,5.140302658081055
129,4,12,7.719995498657227
129,5,12,8.602742195129395
129,6,12,7.906805515289307
129,7,12,8.674528121948242
129,8,12,9.644325256347656
129,9,12,9.053208351135254
129,10,12,11.457708358764648
129,11,12,11.299519538879395
129,12,12,11.194356918334961
130,1,11,9.16356372833252
130,2,11,9.635113716125488
130,3,11,10.198647499084473
130,4,11,10.601393699645996
130,5,11,9.882414817810059
130,6,11,9.90842056274414
130,7,11,9.576482772827148
130,8,11,9.689051628112793
130,9,11,8.857095718383789
130,10,11,11.936556816101074
130,11,11,9.752717018127441
130,12,11,9.803132057189941
131,1,11,8.36572551727295
131,2,11,8.40626335144043
131,3,11,8.251444816589355
131,4,11,7.9507646560668945
131,5,11,8.539816856384277
131,6,11,9.863091468811035
131,7,11,8.860152244567871
131,8,11,8.880471229553223
131,9,11,8.864114761352539
131,10,11,8.762446403503418
131,11,11,8.596930503845215
131,12,11,8.446233749389648
132,1,12,9.129023551940918
132,2,12,8.200638771057129
132,3,12,7.988482475280762
132,4,12,7.874781608581543
132,5,12,10.029105186462402
132,6,12,10.627161979675293
132,7,12,8.700876235961914
132,8,12,9.428384780883789
132,9,12,9.759831428527832
132,10,12,9.618658065795898
132,11,12,10.383410453796387
132,12,12,10.16822338104248
133,1,11,8.827116966247559
133,2,11,7.853645324707031
133,3,11,9.146174430847168
133,4,11,9.061002731323242
133,5,11,8.502517700195312
133,6,11,7.282914638519287
133,7,11,8.861050605773926
133,8,11,7.9996113777160645
133,9,11,9.107733726501465
133,10,11,6.3286333084106445
133,11,11,8.74832820892334
133,12,11,8.16740608215332
134,1,12,9.320194244384766
134,2,12,10.236821174621582
134,3,12,9.922636985778809
134,4,12,9.836346626281738
134,5,12,9.547016143798828
134,6,12,10.020370483398438
134,7,12,11.369709968566895
134,8,12,9.566965103149414
134,9,12,9.2866849899292
134,10,12,8.320265769958496
134,11,12,6.721771240234375
134,12,12,8.16084098815918
135,1,3,7.1870622634887695
135,2,3,8.127887725830078
135,3,3,9.450723648071289
135,4,3,9.963898658752441
135,5,3,9.059779167175293
135,6,3,7.447149753570557
135,7,3,7.397299289703369
135,8,3,7.333425998687744
135,9,3,0.0
135,10,3,7.471731662750244
135,11,3,7.139471530914307
135,12,3,8.3366060256958
136,1,12,9.145822525024414
136,2,12,9.690613746643066
136,3,12,9.535408020019531
136,4,12,10.018532752990723
136,5,12,10.046215057373047
136,6,12,10.150471687316895
136,7,12,9.312606811523438
136,8,12,9.082244873046875
136,9,12,9.086684226989746
136,10,12,9.092878341674805
136,11,12,12.580839157104492
136,12,12,9.838889122009277
137,1,12,9.498647689819336
137,2,12,8.340607643127441
137,3,12,7.9812726974487305
137,4,12,8.077281951904297
137,5,12,8.001166343688965
137,6,12,6.838181018829346
137,7,12,7.9170637130737305
137,8,12,7.239988803863525
137,9,12,7.948474884033203
137,10,12,8.747627258300781
137,11,12,8.483577728271484
137,12,12,8.586159706115723
138,1,,6.804661273956299
138,2,,6.4490156173706055
138,3,,6.582733631134033
138,4,,7.384986877441406
138,5,,5.792947292327881
138,6,,9.151459693908691
138,7,,8.203071594238281
138,8,,8.359835624694824
138,9,,5.88693380355835
138,10,,7.770169258117676
138,11,,8.251718521118164
138,12,,8.30246639251709
139,1,6,13.007495880126953
139,2,6,12.922002792358398
139,3,6,12.94846248626709
139,4,6,13.11937427520752
139,5,6,13.15027904510498
139,6,6,13.305623054504395
139,7,6,13.34108829498291
139,8,6,13.684163093566895
139,9,6,13.638263702392578
139,10,6,13.910050392150879
139,11,6,13.668825149536133
139,12,6,13.975193977355957
140,1,11,0.0
140,2,11,8.703412055969238
140,3,11,10.170951843261719
140,4,11,10.252842903137207
140,5,11,10.090993881225586
140,6,11,9.813860893249512
140,7,11,10.352261543273926
140,8,11,9.44334888458252
140,9,11,9.947881698608398
140,10,11,10.614861488342285
140,11,11,10.72951602935791
140,12,11,10.56403636932373
141,1,12,7.506700038909912
141,2,12,9.184174537658691
141,3,12,8.211091041564941
141,4,12,9.265426635742188
141,5,12,9.018864631652832
141,6,12,7.82398796081543
141,7,12,8.544239044189453
141,8,12,8.4408540725708
141,9,12,8.52783203125
141,10,12,9.105266571044922
141,11,12,9.038606643676758
141,12,12,8.949495315551758
142,1,12,11.346821784973145
142,2,12,11.722332000732422
142,3,12,11.99304485321045
142,4,12,12.151738166809082
142,5,12,12.416401863098145
142,6,12,12.943441390991211
142,7,12,12.900360107421875
142,8,12,13.042366981506348
142,9,12,12.928486824035645
142,10,12,12.929794311523438
142,11,12,13.104796409606934
142,12,12,13.026529312133789
143,1,12,8.90523624420166
143,2,12,9.889392852783203
143,3,12,9.99734115600586
143,4,12,9.629986763000488
143,5,12,8.92832088470459
143,6,12,8.755110740661621
143,7,12,7.859633445739746
143,8,12,9.655216217041016
143,9,12,9.51233959197998
143,10,12,5.199851989746094
143,11,12,9.960359573364258
143,12,12,9.770386695861816
144,1,12,8.545371055603027
144,2,12,10.584686279296875
144,3,12,10.4359130859375
144,4,12,10.507177352905273
144,5,12,10.798383712768555
144,6,12,10.639615058898926
144,7,12,10.511902809143066
144,8,12,10.54864501953125
144,9,12,10.547286033630371
144,10,12,10.293985366821289
144,11,12,10.33745288848877
144,12,12,11.402663230895996
145,1,12,10.4419527053833
145,2,12,10.100988388061523
145,3,12,10.396943092346191
145,4,12,10.459502220153809
145,5,12,10.521187782287598
145,6,12,10.388814926147461
145,7,12,9.748392105102539
145,8,12,9.921211242675781
145,9,12,9.721874237060547
145,10,12,10.302301406860352
145,11,12,10.334733963012695
145,12,12,10.1173095703125
146,1,6,8.579497337341309
146,2,6,9.146374702453613
146,3,6,9.685752868652344
146,4,6,10.131401062011719
146,5,6,9.936626434326172
146,6,6,10.080681800842285
146,7,6,10.647515296936035
146,8,6,10.26448917388916
146,9,6,10.341389656066895
146,10,6,9.748093605041504
146,11,6,10.166074752807617
146,12,6,10.308863639831543
147,1,12,11.820770263671875
147,2,12,11.696162223815918
147,3,12,12.24783706665039
147,4,12,12.280985832214355
147,5,12,11.961763381958008
147,6,12,11.966995239257812
147,7,12,11.92027473449707
147,8,12,11.989466667175293
147,9,12,11.522379875183105
147,10,12,12.32151985168457
147,11,12,11.623029708862305
147,12,12,11.602593421936035
148,1,10,10.357365608215332
148,2,10,7.500970363616943
148,3,10,9.424860954284668
148,4,10,10.811450004577637
148,5,10,10.695591926574707
148,6,10,9.979344367980957
148,7,10,10.105173110961914
148,8,10,9.834343910217285
148,9,10,9.781426429748535
148,10,10,9.178605079650879
148,11,10,8.145332336425781
148,12,10,9.976086616516113
149,1,11,12.237360000610352
149,2,11,13.092204093933105
149,3,11,13.121535301208496
149,4,11,13.43118667602539
149,5,11,13.010821342468262
149,6,11,13.3369779586792
149,7,11,13.160863876342773
149,8,11,13.2308931350708
149,9,11,13.552451133728027
149,10,11,13.656517028808594
149,11,11,13.847289085388184
149,12,11,14.640057563781738
150,1,12,13.378457069396973
150,2,12,13.582247734069824
150,3,12,13.64820384979248
150,4,12,13.694652557373047
150,5,12,13.722270011901855
150,6,12,14.391690254211426
150,7,12,14.340249061584473
150,8,12,14.402709007263184
150,9,12,14.262004852294922
150,10,12,14.81506633758545
150,11,12,14.969764709472656
150,12,12,14.98320198059082
151,1,11,4.941997528076172
151,2,11,6.346907138824463
151,3,11,9.18631649017334
151,4,11,8.58116340637207
151,5,11,8.934016227722168
151,6,11,9.127120971679688
151,7,11,8.062399864196777
151,8,11,8.41235637664795
151,9,11,9.468179702758789
151,10,11,11.4013032913208
151,11,11,10.376441955566406
151,12,11,11.495828628540039
152,1,11,9.0161714553833
152,2,11,9.335890769958496
152,3,11,10.04168701171875
152,4,11,10.09807300567627
152,5,11,10.990876197814941
152,6,11,10.905887603759766
152,7,11,10.573884010314941
152,8,11,10.786774635314941
152,9,11,10.581892967224121
152,10,11,10.748758316040039
152,11,11,10.684333801269531
152,12,11,10.794090270996094
153,1,,6.513973712921143
153,2,,0.0
153,3,,0.0
153,4,,0.0
153,5,,2.8638415336608887
153,6,,6.960148811340332
153,7,,7.2540717124938965
153,8,,7.482022762298584
153,9,,5.511992454528809
153,10,,6.387874126434326
153,11,,6.305685043334961
153,12,,6.216606140136719
154,1,10,8.432772636413574
154,2,10,8.095519065856934
154,3,10,8.671904563903809
154,4,10,8.697014808654785
154,5,10,8.077897071838379
154,6,10,7.596246719360352
154,7,10,10.732925415039062
154,8,10,7.921470642089844
154,9,10,8.360223770141602
154,10,10,8.409114837646484
154,11,10,9.929620742797852
154,12,10,8.545778274536133
155,1,11,6.8102569580078125
155,2,11,0.0
155,3,11,0.0
155,4,11,6.506871700286865
155,5,11,0.0
155,6,11,8.899126052856445
155,7,11,7.447490692138672
155,8,11,7.297615051269531
155,9,11,0.0
155,10,11,7.255179405212402
155,11,11,7.348136901855469
155,12,11,6.893656253814697
156,1,11,7.554861068725586
156,2,11,5.10611629486084
156,3,11,3.560312509536743
156,4,11,6.409519195556641
156,5,11,6.8316144943237305
156,6,11,0.0
156,7,11,0.0
156,8,11,6.801845073699951
156,9,11,7.536594867706299
156,10,11,7.806576728820801
156,11,11,7.617900848388672
156,12,11,8.453569412231445
157,1,12,8.223262786865234
157,2,12,8.970598220825195
157,3,12,9.451456069946289
157,4,12,7.197075843811035
157,5,12,7.900424957275391
157,6,12,9.54653263092041
157,7,12,7.5979180335998535
157,8,12,7.7094550132751465
157,9,12,8.101222038269043
157,10,12,8.329282760620117
157,11,12,9.064388275146484
157,12,12,7.527056694030762
158,1,11,7.796719551086426
158,2,11,0.0
158,3,11,6.860029697418213
158,4,11,7.620609283447266
158,5,11,7.626466751098633
158,6,11,6.838883876800537
158,7,11,7.473803520202637
158,8,11,0.0
158,9,11,10.336812019348145
158,10,11,8.94389820098877
158,11,11,8.785037994384766
158,12,11,8.385666847229004
159,1,10,10.601670265197754
159,2,10,11.476140975952148
159,3,10,11.546561241149902
159,4,10,11.687722206115723
159,5,10,11.621663093566895
159,6,10,11.573787689208984
159,7,10,11.656747817993164
159,8,10,11.785919189453125
159,9,10,12.581480026245117
159,10,10,11.321651458740234
159,11,10,11.372987747192383
159,12,10,11.302480697631836
160,1,,8.804097175598145
160,2,,9.310318946838379
160,3,,9.362442970275879
160,4,,7.554502964019775
160,5,,7.22867488861084
160,6,,7.809233665466309
160,7,,8.297107696533203
160,8,,8.339924812316895
160,9,,8.358887672424316
160,10,,8.419379234313965
160,11,,9.067130088806152
160,12,,9.147805213928223
161,1,12,7.736250400543213
161,2,12,0.0
161,3,12,0.0
161,4,12,0.0
161,5,12,0.0
161,6,12,0.0
161,7,12,0.0
161,8,12,0.0
161,9,12,0.0
161,10,12,9.457221031188965
161,11,12,7.690609455108643
161,12,12,7.806411266326904
162,1,12,9.105439186096191
162,2,12,0.0
162,3,12,0.0
162,4,12,0.0
162,5,12,0.0
162,6,12,0.0
162,7,12,0.0
162,8,12,0.8330138921737671
162,9,12,8.216266632080078
162,10,12,8.308633804321289
162,11,12,8.278192520141602
162,12,12,8.02506160736084
163,1,12,8.542580604553223
163,2,12,8.578326225280762
163,3,12,7.0362372398376465
163,4,12,8.523479461669922
163,5,12,8.663965225219727
163,6,12,9.609795570373535
163,7,12,9.270296096801758
163,8,12,8.629714965820312
163,9,12,10.052194595336914
163,10,12,10.208365440368652
163,11,12,10.132802963256836
163,12,12,10.154170989990234
164,1,11,9.34791088104248
164,2,11,6.696071624755859
164,3,11,9.478952407836914
164,4,11,7.4657392501831055
164,5,11,7.938479423522949
164,6,11,9.615579605102539
164,7,11,9.510099411010742
164,8,11,9.303447723388672
164,9,11,8.809309005737305
164,10,11,9.846927642822266
164,11,11,11.050433158874512
164,12,11,11.03326416015625
165,1,12,9.862953186035156
165,2,12,8.33919620513916
165,3,12,9.03044319152832
165,4,12,9.251961708068848
165,5,12,10.060028076171875
165,6,12,10.550304412841797
165,7,12,11.334656715393066
165,8,12,10.572979927062988
165,9,12,10.44813346862793
165,10,12,9.693870544433594
165,11,12,9.269957542419434
165,12,12,10.094199180603027
166,1,10,7.647793769836426
166,2,10,6.333144664764404
166,3,10,7.349449157714844
166,4,10,7.342416763305664
166,5,10,7.665611267089844
166,6,10,7.313693046569824
166,7,10,8.0253324508667
166,8,10,7.606893539428711
166,9,10,7.419044017791748
166,10,10,6.016775131225586
166,11,10,6.982180118560791
166,12,10,6.619446277618408
167,1,12,7.351862907409668
167,2,12,6.734219074249268
167,3,12,6.678985595703125
167,4,12,5.120185852050781
167,5,12,7.712535858154297
167,6,12,7.853945732116699
167,7,12,7.801065921783447
167,8,12,8.16114616394043
167,9,12,8.521749496459961
167,10,12,8.7224702835083
167,11,12,7.198192596435547
167,12,12,7.847715377807617
168,1,11,10.691532135009766
168,2,11,11.109081268310547
168,3,11,11.2960786819458
168,4,11,11.39964771270752
168,5,11,11.552202224731445
168,6,11,11.223037719726562
168,7,11,11.247401237487793
168,8,11,11.3829984664917
168,9,11,11.214964866638184
168,10,11,11.632857322692871
168,11,11,11.675789833068848
168,12,11,11.759401321411133
169,1,5,13.358530044555664
169,2,5,13.606921195983887
169,3,5,13.544395446777344
169,4,5,13.267086029052734
169,5,5,13.691980361938477
169,6,5,13.546271324157715
169,7,5,13.135215759277344
169,8,5,13.511115074157715
169,9,5,13.849047660827637
169,10,5,13.851494789123535
169,11,5,13.893722534179688
169,12,5,13.931192398071289
170,1,4,10.974507331848145
170,2,4,9.147842407226562
170,3,4,6.176750183105469
170,4,4,11.256600379943848
170,5,4,11.717988014221191
170,6,4,10.317405700683594
170,7,4,10.749207496643066
170,8,4,10.292099952697754
170,9,4,10.434026718139648
170,10,4,11.043396949768066
170,11,4,10.956916809082031
170,12,4,11.302918434143066
171,1,11,9.894168853759766
171,2,11,8.639449119567871
171,3,11,7.962966442108154
171,4,11,8.021385192871094
171,5,11,8.323777198791504
171,6,11,7.99424409866333
171,7,11,9.017939567565918
171,8,11,8.647698402404785
171,9,11,8.807635307312012
171,10,11,10.166645050048828
171,11,11,9.308713912963867
171,12,11,8.515990257263184
172,1,10,10.515419006347656
172,2,10,10.369915962219238
172,3,10,10.307174682617188
172,4,10,10.927453994750977
172,5,10,10.092581748962402
172,6,10,10.155534744262695
172,7,10,9.74912166595459
172,8,10,8.804056167602539
172,9,10,7.68239164352417
172,10,10,9.276899337768555
172,11,10,11.37088394165039
172,12,10,10.139326095581055
173,1,11,9.067943572998047
173,2,11,9.22911548614502
173,3,11,8.944098472595215
173,4,11,9.459006309509277
173,5,11,8.814312934875488
173,6,11,8.898054122924805
173,7,11,9.293218612670898
173,8,11,9.561281204223633
173,9,11,9.531204223632812
173,10,11,9.32904052734375
173,11,11,9.86780834197998
173,12,11,10.67133617401123
174,1,12,10.329756736755371
174,2,12,10.145304679870605
174,3,12,10.465201377868652
174,4,12,9.575878143310547
174,5,12,9.816926002502441
174,6,12,10.15329360961914
174,7,12,10.339031219482422
174,8,12,10.733224868774414
174,9,12,10.513081550598145
174,10,12,9.927281379699707
174,11,12,11.047877311706543
174,12,12,10.075521469116211
175,1,12,9.450217247009277
175,2,12,8.545883178710938
175,3,12,8.316483497619629
175,4,12,10.090201377868652
175,5,12,9.920853614807129
175,6,12,8.58763599395752
175,7,12,7.861595153808594
175,8,12,8.055215835571289
175,9,12,8.407669067382812
175,10,12,8.458274841308594
175,11,12,10.199383735656738
175,12,12,8.122638702392578
176,1,12,12.465943336486816
176,2,12,13.28947639465332
176,3,12,13.569901466369629
176,4,12,13.91783618927002
176,5,12,14.675155639648438
176,6,12,14.465038299560547
176,7,12,14.375699996948242
176,8,12,15.059621810913086
176,9,12,15.048415184020996
176,10,12,14.750895500183105
176,11,12,14.930225372314453
176,12,12,15.26895809173584
177,1,6,8.546671867370605
177,2,6,8.035663604736328
177,3,6,8.52718448638916
177,4,6,7.084690570831299
177,5,6,7.0642313957214355
177,6,6,8.473978996276855
177,7,6,8.454697608947754
177,8,6,8.674552917480469
177,9,6,8.833090782165527
177,10,6,4.761624813079834
177,11,6,7.369198799133301
177,12,6,4.6151204109191895
178,1,11,7.061266899108887
178,2,11,9.532214164733887
178,3,11,9.382722854614258
178,4,11,9.771472930908203
178,5,11,10.349072456359863
178,6,11,8.844910621643066
178,7,11,10.956574440002441
178,8,11,9.194162368774414
178,9,11,9.21329116821289
178,10,11,10.01737117767334
178,11,11,9.846813201904297
178,12,11,10.426410675048828
179,1,5,5.165725231170654
179,2,5,7.934596061706543
179,3,5,6.251925945281982
179,4,5,7.86773681640625
179,5,5,10.195548057556152
179,6,5,5.927038669586182
179,7,5,4.224822521209717
179,8,5,0.0
179,9,5,4.7084479331970215
179,10,5,6.953813076019287
179,11,5,6.811319351196289
179,12,5,6.908754825592041
180,1,11,8.030396461486816
180,2,11,8.941177368164062
180,3,11,8.76021671295166
180,4,11,8.498909950256348
180,5,11,8.604780197143555
180,6,11,8.935529708862305
180,7,11,8.650375366210938
180,8,11,8.931424140930176
180,9,11,10.267892837524414
180,10,11,10.076927185058594
180,11,11,10.019862174987793
180,12,11,10.020187377929688
181,1,3,5.852291584014893
181,2,3,4.196818828582764
181,3,3,6.9088544845581055
181,4,3,7.749083995819092
181,5,3,7.924254417419434
181,6,3,8.242630958557129
181,7,3,7.902059078216553
181,8,3,8.26013469696045
181,9,3,7.0101118087768555
181,10,3,7.299777030944824
181,11,3,8.576491355895996
181,12,3,9.051386833190918
182,1,11,8.873488426208496
182,2,11,9.36291217803955
182,3,11,8.957540512084961
182,4,11,9.287439346313477
182,5,11,9.127910614013672
182,6,11,8.387876510620117
182,7,11,7.065896034240723
182,8,11,9.325724601745605
182,9,11,7.86548376083374
182,10,11,7.185818195343018
182,11,11,8.551201820373535
182,12,11,8.497710227966309
183,1,11,10.202898979187012
183,2,11,10.219399452209473
183,3,11,10.160383224487305
183,4,11,10.024090766906738
183,5,11,10.177453994750977
183,6,11,9.735865592956543
183,7,11,10.094794273376465
183,8,11,10.095081329345703
183,9,11,9.870491981506348
183,10,11,10.32629108428955
183,11,11,10.176629066467285
183,12,11,10.279558181762695
184,1,10,9.081313133239746
184,2,10,8.650372505187988
184,3,10,9.73965835571289
184,4,10,9.862926483154297
184,5,10,9.92076301574707
184,6,10,10.247455596923828
184,7,10,9.632179260253906
184,8,10,9.574390411376953
184,9,10,10.710622787475586
184,10,10,9.413454055786133
184,11,10,9.170681953430176
184,12,10,9.581751823425293
185,1,,5.918354034423828
185,2,,6.299739360809326
185,3,,6.546852111816406
185,4,,6.705053806304932
185,5,,5.594067096710205
185,6,,6.344299793243408
185,7,,6.268531322479248
185,8,,2.6392295360565186
185,9,,6.445432662963867
185,10,,5.664767265319824
185,11,,4.963795185089111
185,12,,5.398162841796875
186,1,12,7.763154029846191
186,2,12,7.959423065185547
186,3,12,7.352740287780762
186,4,12,7.3733415603637695
186,5,12,8.373739242553711
186,6,12,7.96569299697876
186,7,12,7.6891984939575195
186,8,12,7.625314712524414
186,9,12,7.569243431091309
186,10,12,7.794101715087891
186,11,12,8.414772033691406
186,12,12,5.652313709259033
187,1,,8.327413558959961
187,2,,8.179997444152832
187,3,,7.648562431335449
187,4,,7.606111526489258
187,5,,7.877552509307861
187,6,,8.551811218261719
187,7,,8.840816497802734
187,8,,0.0
187,9,,10.268213272094727
187,10,,9.25284194946289
187,11,,9.590295791625977
187,12,,8.50936222076416
188,1,11,0.0
188,2,11,0.0
188,3,11,8.341470718383789
188,4,11,7.909555435180664
188,5,11,7.257133960723877
188,6,11,7.5876688957214355
188,7,11,8.29156494140625
188,8,11,8.51004409790039
188,9,11,9.890103340148926
188,10,11,8.9921875
188,11,11,9.219635963439941
188,12,11,8.249342918395996
189,1,6,8.506656646728516
189,2,6,8.797526359558105
189,3,6,8.282685279846191
189,4,6,9.56087589263916
189,5,6,9.904414176940918
189,6,6,9.143319129943848
189,7,6,9.17410945892334
189,8,6,8.792736053466797
189,9,6,8.86085319519043
189,10,6,7.810941696166992
189,11,6,7.796098709106445
189,12,6,9.069022178649902
190,1,12,10.627243995666504
190,2,12,9.646029472351074
190,3,12,9.585042953491211
190,4,12,9.442475318908691
190,5,12,9.236133575439453
190,6,12,9.839606285095215
190,7,12,10.39113998413086
190,8,12,10.557019233703613
190,9,12,10.65359115600586
190,10,12,9.642565727233887
190,11,12,10.018966674804688
190,12,12,9.870826721191406
191,1,12,7.074959754943848
191,2,12,8.211554527282715
191,3,12,7.899892330169678
191,4,12,8.748997688293457
191,5,12,8.164100646972656
191,6,12,8.044477462768555
191,7,12,9.102934837341309
191,8,12,7.75850772857666
191,9,12,7.119912147521973
191,10,12,7.849366188049316
191,11,12,8.018579483032227
191,12,12,9.602648735046387
192,1,9,8.189094543457031
192,2,9,7.5358076095581055
192,3,9,7.920149803161621
192,4,9,8.184301376342773
192,5,9,8.188470840454102
192,6,9,8.336174011230469
192,7,9,7.958995819091797
192,8,9,8.549768447875977
192,9,9,9.048617362976074
192,10,9,9.05998706817627
192,11,9,9.325907707214355
192,12,9,9.35380744934082
193,1,12,6.667476177215576
193,2,12,6.202208042144775
193,3,12,0.0
193,4,12,5.037429332733154
193,5,12,6.679774284362793
193,6,12,6.674716472625732
193,7,12,9.176737785339355
193,8,12,9.736671447753906
193,9,12,6.9520978927612305
193,10,12,9.045068740844727
193,11,12,9.292365074157715
193,12,12,6.935885906219482
194,1,11,8.645502090454102
194,2,11,8.373371124267578
194,3,11,8.606287002563477
194,4,11,8.673946380615234
194,5,11,8.415594100952148
194,6,11,9.079355239868164
194,7,11,10.149404525756836
194,8,11,10.866182327270508
194,9,11,8.310601234436035
194,10,11,8.254032135009766
194,11,11,9.223730087280273
194,12,11,9.063998222351074
195,1,2,7.935557842254639
195,2,2,7.42781400680542
195,3,2,9.207402229309082
195,4,2,9.273964881896973
195,5,2,9.760273933410645
195,6,2,9.104854583740234
195,7,2,9.682275772094727
195,8,2,10.514619827270508
195,9,2,9.82927417755127
195,10,2,6.860461235046387
195,11,2,10.074812889099121
195,12,2,9.204108238220215
196,1,6,10.232430458068848
196,2,6,8.46821117401123
196,3,6,9.05272102355957
196,4,6,9.225728034973145
196,5,6,10.322553634643555
196,6,6,10.147974967956543
196,7,6,10.889017105102539
196,8,6,11.17556095123291
196,9,6,11.077372550964355
196,10,6,11.144719123840332
196,11,6,11.032979965209961
196,12,6,11.033588409423828
197,1,10,0.0
197,2,10,8.665146827697754
197,3,10,8.635004043579102
197,4,10,8.59742546081543
197,5,10,8.81301498413086
197,6,10,6.721429824829102
197,7,10,8.137022972106934
197,8,10,0.0
197,9,10,9.153413772583008
197,10,10,7.538567543029785
197,11,10,8.154887199401855
197,12,10,8.633981704711914
198,1,3,6.13350772857666
198,2,3,9.044137001037598
198,3,3,8.542499542236328
198,4,3,9.483015060424805
198,5,3,6.438690662384033
198,6,3,8.923617362976074
198,7,3,8.724600791931152
198,8,3,10.030365943908691
198,9,3,9.869988441467285
198,10,3,8.807027816772461
198,11,3,8.131178855895996
198,12,3,9.36662769317627
199,1,10,7.200862407684326
199,2,10,0.0
199,3,10,5.4896464347839355
199,4,10,6.554755210876465
199,5,10,6.836803436279297
199,6,10,8.279757499694824
199,7,10,7.076735496520996
199,8,10,8.247682571411133
199,9,10,9.029842376708984
199,10,10,9.847519874572754
199,11,10,9.25218391418457
199,12,10,7.763663291931152
200,1,,9.604607582092285
200,2,,0.0
200,3,,0.0
200,4,,0.0
200,5,,8.22966480255127
200,6,,9.79724407196045
200,7,,9.451977729797363
200,8,,9.17805290222168
200,9,,8.458971977233887
200,10,,8.612504959106445
200,11,,7.62166690826416
200,12,,7.942284107208252
201,1,,0.0
201,2,,0.0
201,3,,0.0
201,4,,0.0
201,5,,8.315632820129395
201,6,,7.813836574554443
201,7,,8.331704139709473
201,8,,8.620129585266113
201,9,,8.533677101135254
201,10,,7.806024074554443
201,11,,6.738900661468506
201,12,,3.9376907348632812
202,1,12,10.96754264831543
202,2,12,0.0
202,3,12,0.0
202,4,12,4.593730926513672
202,5,12,6.087310791015625
202,6,12,5.498439311981201
202,7,12,7.005096435546875
202,8,12,5.703967094421387
202,9,12,7.536838531494141
202,10,12,9.77920913696289
202,11,12,10.023905754089355
202,12,12,9.714370727539062
203,1,7,9.351747512817383
203,2,7,5.870835304260254
203,3,7,8.54141616821289
203,4,7,8.325579643249512
203,5,7,7.9626078605651855
203,6,7,10.787043571472168
203,7,7,9.773545265197754
203,8,7,9.73621940612793
203,9,7,8.917887687683105
203,10,7,10.96766185760498
203,11,7,8.851423263549805
203,12,7,9.768096923828125
204,1,6,0.0
204,2,6,0.0
204,3,6,0.0
204,4,6,8.710212707519531
204,5,6,7.791995525360107
204,6,6,6.420771598815918
204,7,6,5.4783172607421875
204,8,6,12.125683784484863
204,9,6,6.08703088760376
204,10,6,10.84457778930664
204,11,6,10.95622730255127
204,12,6,13.352140426635742
205,1,,8.212650299072266
205,2,,0.0
205,3,,0.0
205,4,,0.0
205,5,,0.0
205,6,,6.85897159576416
205,7,,5.2252092361450195
205,8,,7.5895209312438965
205,9,,0.0
205,10,,8.127500534057617
205,11,,8.358216285705566
205,12,,8.256088256835938
206,1,11,10.580039978027344
206,2,11,9.619111061096191
206,3,11,10.710638046264648
206,4,11,10.638257026672363
206,5,11,9.141433715820312
206,6,11,10.156076431274414
206,7,11,10.164074897766113
206,8,11,9.439228057861328
206,9,11,8.681904792785645
206,10,11,9.853682518005371
206,11,11,6.390153884887695
206,12,11,10.962665557861328
207,1,12,9.476842880249023
207,2,12,0.0
207,3,12,6.62975549697876
207,4,12,10.944692611694336
207,5,12,11.144169807434082
207,6,12,12.506612777709961
207,7,12,11.885339736938477
207,8,12,11.253767013549805
207,9,12,11.627232551574707
207,10,12,12.323569297790527
207,11,12,12.252523422241211
207,12,12,12.097585678100586
208,1,,0.0
208,2,,12.152192115783691
208,3,,11.722247123718262
208,4,,10.977534294128418
208,5,,10.01156234741211
208,6,,10.213796615600586
208,7,,7.939453125
208,8,,8.805580139160156
208,9,,8.631365776062012
208,10,,7.741926670074463
208,11,,9.555132865905762
208,12,,9.419252395629883
209,1,11,8.331829071044922
209,2,11,0.0
209,3,11,8.549065589904785
209,4,11,6.322898864746094
209,5,11,5.14095401763916
209,6,11,7.254347324371338
209,7,11,5.9638261795043945
209,8,11,5.064676284790039
209,9,11,7.975041389465332
209,10,11,8.438450813293457
209,11,11,8.084753036499023
209,12,11,7.659944534301758
210,1,12,8.1698637008667
210,2,12,8.99272632598877
210,3,12,7.619093418121338
210,4,12,7.728997230529785
210,5,12,8.364058494567871
210,6,12,8.108527183532715
210,7,12,6.637764930725098
210,8,12,6.270918369293213
210,9,12,8.161839485168457
210,10,12,8.419655799865723
210,11,12,8.361747741699219
210,12,12,8.369773864746094
211,1,4,0.0
211,2,4,0.0
211,3,4,5.140302658081055
211,4,4,5.1005024909973145
211,5,4,5.037237167358398
211,6,4,10.976025581359863
211,7,4,10.966818809509277
211,8,4,10.996322631835938
211,9,4,11.336795806884766
211,10,4,11.261423110961914
211,11,4,11.253352165222168
211,12,4,10.567740440368652
212,1,,0.0
212,2,,0.0
212,3,,0.0
212,4,,0.0
212,5,,0.0
212,6,,8.662418365478516
212,7,,7.74959659576416
212,8,,7.988090991973877
212,9,,8.499625205993652
212,10,,8.390850067138672
212,11,,7.864590167999268
212,12,,8.397047996520996
213,1,7,13.049625396728516
213,2,7,13.745832443237305
213,3,7,11.594117164611816
213,4,7,13.649057388305664
213,5,7,13.836343765258789
213,6,7,13.859188079833984
213,7,7,13.029284477233887
213,8,7,10.08662223815918
213,9,7,13.4199800491333
213,10,7,13.839263916015625
213,11,7,14.22652530670166
213,12,7,13.091425895690918
214,1,12,11.192317008972168
214,2,12,10.310453414916992
214,3,12,10.590261459350586
214,4,12,11.069668769836426
214,5,12,12.235397338867188
214,6,12,12.07451057434082
214,7,12,11.624072074890137
214,8,12,12.166561126708984
214,9,12,12.141971588134766
214,10,12,12.268606185913086
214,11,12,12.586688995361328
214,12,12,12.968253135681152
215,1,2,11.159378051757812
215,2,2,12.715401649475098
215,3,2,10.96515941619873
215,4,2,9.534714698791504
215,5,2,9.461250305175781
215,6,2,8.819068908691406
215,7,2,9.342650413513184
215,8,2,8.327421188354492
215,9,2,7.759407043457031
215,10,2,10.845344543457031
215,11,2,10.155295372009277
215,12,2,8.822901725769043
216,1,12,9.67938232421875
216,2,12,10.660983085632324
216,3,12,10.981931686401367
216,4,12,9.844987869262695
216,5,12,9.142243385314941
216,6,12,8.797016143798828
216,7,12,7.922348976135254
216,8,12,8.949973106384277
216,9,12,8.776077270507812
216,10,12,7.328083038330078
216,11,12,9.050199508666992
216,12,12,8.941744804382324
217,1,7,11.330246925354004
217,2,7,10.710618019104004
217,3,7,10.540547370910645
217,4,7,10.772515296936035
217,5,7,10.605989456176758
217,6,7,12.539606094360352
217,7,7,11.0260648727417
217,8,7,10.396778106689453
217,9,7,9.540253639221191
217,10,7,10.01053237915039
217,11,7,10.650629043579102
217,12,7,12.404135704040527
218,1,,3.8381924629211426
218,2,,0.0
218,3,,6.745044708251953
218,4,,7.346327304840088
218,5,,0.0
218,6,,6.5923237800598145
218,7,,5.651040077209473
218,8,,5.287015914916992
218,9,,1.7929046154022217
218,10,,5.172946929931641
218,11,,7.912813186645508
218,12,,6.779717445373535
219,1,,0.0
219,2,,0.0
219,3,,7.441015720367432
219,4,,6.0264482498168945
219,5,,0.0
219,6,,7.284785270690918
219,7,,6.631408214569092
219,8,,7.421833038330078
219,9,,5.332705020904541
219,10,,9.040306091308594
219,11,,8.495939254760742
219,12,,4.912139892578125
220,1,11,8.713630676269531
220,2,11,8.253820419311523
220,3,11,8.261597633361816
220,4,11,8.397244453430176
220,5,11,10.713841438293457
220,6,11,9.642550468444824
220,7,11,8.398157119750977
220,8,11,6.832029819488525
220,9,11,8.23002815246582
220,10,11,8.947733879089355
220,11,11,9.188422203063965
220,12,11,8.328438758850098
221,1,2,8.673487663269043
221,2,2,8.789841651916504
221,3,2,9.551307678222656
221,4,2,9.096426010131836
221,5,2,9.511861801147461
221,6,2,11.081581115722656
221,7,2,12.234224319458008
221,8,2,10.626072883605957
221,9,2,11.36963939666748
221,10,2,11.71684741973877
221,11,2,11.157638549804688
221,12,2,11.481389045715332
222,1,12,9.923813819885254
222,2,12,10.315696716308594
222,3,12,10.59158992767334
222,4,12,10.125565528869629
222,5,12,9.823461532592773
222,6,12,10.257183074951172
222,7,12,9.463180541992188
222,8,12,8.37516975402832
222,9,12,8.784505844116211
222,10,12,10.302163124084473
222,11,12,10.826215744018555
222,12,12,10.378174781799316
223,1,,0.0
223,2,,5.315525531768799
223,3,,9.302102088928223
223,4,,0.0
223,5,,9.286996841430664
223,6,,9.363397598266602
223,7,,8.640119552612305
223,8,,7.15842342376709
223,9,,6.0747389793396
223,10,,7.550849914550781
223,11,,7.980440139770508
223,12,,7.32670259475708
224,1,11,0.0
224,2,11,0.0
224,3,11,0.0
224,4,11,0.0
224,5,11,0.0
224,6,11,7.466992378234863
224,7,11,8.174507141113281
224,8,11,4.189837455749512
224,9,11,7.118195056915283
224,10,11,8.424254417419434
224,11,11,8.459221839904785
224,12,11,8.480201721191406
225,1,12,11.719682693481445
225,2,12,11.098836898803711
225,3,12,9.534122467041016
225,4,12,11.40775203704834
225,5,12,10.386529922485352
225,6,12,11.300498962402344
225,7,12,10.244970321655273
225,8,12,11.398848533630371
225,9,12,11.721009254455566
225,10,12,11.361501693725586
225,11,12,11.692305564880371
225,12,12,10.960047721862793
226,1,,0.0
226,2,,0.0
226,3,,7.118624687194824
226,4,,8.024534225463867
226,5,,2.9634809494018555
226,6,,6.052708148956299
226,7,,5.789071559906006
226,8,,4.189837455749512
226,9,,7.739181041717529
226,10,,4.95518159866333
226,11,,6.390153884887695
226,12,,5.1915669441223145
227,1,2,10.332122802734375
227,2,2,8.669515609741211
227,3,2,7.599940299987793
227,4,2,10.589268684387207
227,5,2,8.003732681274414
227,6,2,9.534515380859375
227,7,2,9.106502532958984
227,8,2,8.895448684692383
227,9,2,8.73947811126709
227,10,2,9.177027702331543
227,11,2,9.543083190917969
227,12,2,8.362525939941406
228,1,12,0.0
228,2,12,8.903615951538086
228,3,12,8.198427200317383
228,4,12,8.477187156677246
228,5,12,7.527134418487549
228,6,12,5.9217023849487305
228,7,12,6.651666641235352
228,8,12,5.034073829650879
228,9,12,5.511992454528809
228,10,12,8.517827987670898
228,11,12,7.832330226898193
228,12,12,8.06647777557373
229,1,,5.227892875671387
229,2,,6.146966934204102
229,3,,0.0
229,4,,0.0
229,5,,6.234157562255859
229,6,,7.754531383514404
229,7,,7.785641670227051
229,8,,8.306780815124512
229,9,,9.274690628051758
229,10,,8.011465072631836
229,11,,8.128702163696289
229,12,,8.657129287719727
230,1,,6.876043796539307
230,2,,6.2001471519470215
230,3,,6.466660976409912
230,4,,9.303492546081543
230,5,,8.535877227783203
230,6,,10.19657039642334
230,7,,7.204235076904297
230,8,,9.613920211791992
230,9,,7.118195056915283
230,10,,7.215307712554932
230,11,,6.3161115646362305
230,12,,6.8402791023254395
231,1,,3.1462173461914062
231,2,,0.0
231,3,,6.008184432983398
231,4,,8.714415550231934
231,5,,6.677464962005615
231,6,,7.3950018882751465
231,7,,7.766446590423584
231,8,,7.588204860687256
231,9,,7.371569633483887
231,10,,10.489892959594727
231,11,,10.805621147155762
231,12,,9.925615310668945
232,1,,8.865045547485352
232,2,,9.569883346557617
232,3,,9.854074478149414
232,4,,9.728541374206543
232,5,,9.587125778198242
232,6,,9.45824146270752
232,7,,8.32484245300293
232,8,,9.483189582824707
232,9,,8.943474769592285
232,10,,8.903976440429688
232,11,,9.512228965759277
232,12,,6.661893367767334
233,1,,9.388318061828613
233,2,,8.972024917602539
233,3,,8.778549194335938
233,4,,8.956134796142578
233,5,,8.944497108459473
233,6,,6.6802191734313965
233,7,,5.514415740966797
233,8,,7.774494647979736
233,9,,6.302026271820068
233,10,,4.761624813079834
233,11,,4.482644081115723
233,12,,5.088706970214844
234,1,4,2.3292253017425537
234,2,4,0.0
234,3,4,0.0
234,4,4,6.4857048988342285
234,5,4,0.0
234,6,4,9.011537551879883
234,7,4,0.0
234,8,4,10.745473861694336
234,9,4,10.93214225769043
234,10,4,11.02257251739502
234,11,4,11.25588607788086
234,12,4,10.459037780761719
235,1,,8.16472339630127
235,2,,0.0
235,3,,10.945355415344238
235,4,,5.848694324493408
235,5,,8.844663619995117
235,6,,11.025452613830566
235,7,,10.364434242248535
235,8,,8.553546905517578
235,9,,8.661459922790527
235,10,,2.1429131031036377
235,11,,9.764575958251953
235,12,,10.419838905334473
236,1,10,0.0
236,2,10,10.815492630004883
236,3,10,9.047067642211914
236,4,10,6.456937789916992
236,5,10,7.334412574768066
236,6,10,9.726086616516113
236,7,10,9.186295509338379
236,8,10,9.755228042602539
236,9,10,7.889864921569824
236,10,10,10.021917343139648
236,11,10,10.57730484008789
236,12,10,7.494358062744141
237,1,,0.0
237,2,,0.0
237,3,,0.0
237,4,,7.416339874267578
237,5,,6.124335765838623
237,6,,7.507991313934326
237,7,,0.0
237,8,,9.207314491271973
237,9,,8.516599655151367
237,10,,8.352500915527344
237,11,,8.318059921264648
237,12,,8.200084686279297
238,1,10,8.637758255004883
238,2,10,10.210474967956543
238,3,10,10.590980529785156
238,4,10,10.326855659484863
238,5,10,11.318436622619629
238,6,10,8.59928035736084
238,7,10,8.554795265197754
238,8,10,9.172977447509766
238,9,10,7.3371710777282715
238,10,10,5.3456034660339355
238,11,10,7.111149787902832
238,12,10,7.372130393981934
239,1,12,9.616549491882324
239,2,12,9.782856941223145
239,3,12,9.839874267578125
239,4,12,8.965139389038086
239,5,12,8.890433311462402
239,6,12,11.634330749511719
239,7,12,9.084107398986816
239,8,12,10.200736999511719
239,9,12,10.711786270141602
239,10,12,10.41539192199707
239,11,12,11.159614562988281
239,12,12,9.449880599975586
240,1,11,9.616535186767578
240,2,11,7.531373023986816
240,3,11,9.381011009216309
240,4,11,9.456164360046387
240,5,11,0.0
240,6,11,10.790007591247559
240,7,11,10.422469139099121
240,8,11,12.166354179382324
240,9,11,9.41174602508545
240,10,11,10.523124694824219
240,11,11,10.379904747009277
240,12,11,12.404135704040527
241,1,,0.0
241,2,,0.0
241,3,,10.202606201171875
241,4,,8.222957611083984
241,5,,0.4289560317993164
241,6,,8.80456256866455
241,7,,10.487253189086914
241,8,,9.835223197937012
241,9,,9.659590721130371
241,10,,6.911037921905518
241,11,,8.383020401000977
241,12,,5.7745513916015625
242,1,12,11.199108123779297
242,2,12,11.602380752563477
242,3,12,10.892145156860352
242,4,12,10.822596549987793
242,5,12,10.34008502960205
242,6,12,10.773993492126465
242,7,12,10.897765159606934
242,8,12,11.989253997802734
242,9,12,12.149872779846191
242,10,12,8.96280288696289
242,11,12,12.004578590393066
242,12,12,11.22839069366455
243,1,,9.69997787475586
243,2,,0.0
243,3,,6.785468101501465
243,4,,9.141491889953613
243,5,,9.503859519958496
243,6,,7.538715362548828
243,7,,5.1512627601623535
243,8,,7.398045063018799
243,9,,8.216266632080078
243,10,,8.240757942199707
243,11,,7.962719917297363
243,12,,6.433727741241455
244,1,9,11.86664867401123
244,2,9,0.0
244,3,9,12.06729507446289
244,4,9,10.690720558166504
244,5,9,11.470263481140137
244,6,9,9.797261238098145
244,7,9,11.41850471496582
244,8,9,10.716374397277832
244,9,9,8.382305145263672
244,10,9,8.896379470825195
244,11,9,7.991997718811035
244,12,9,8.881901741027832
245,1,11,0.0
245,2,11,7.81082820892334
245,3,11,7.903003215789795
245,4,11,6.411262512207031
245,5,11,6.682902812957764
245,6,11,6.804427146911621
245,7,11,7.368820667266846
245,8,11,7.447587490081787
245,9,11,5.919595241546631
245,10,11,6.940303325653076
245,11,11,8.536347389221191
245,12,11,8.516556739807129
246,1,11,0.0
246,2,11,1.0126911401748657
246,3,11,0.0
246,4,11,0.016178850084543228
246,5,11,0.0
246,6,11,0.8989198803901672
246,7,11,8.678196907043457
246,8,11,6.865448474884033
246,9,11,8.216266632080078
246,10,11,5.982538223266602
246,11,11,6.809427261352539
246,12,11,7.587047100067139
247,1,,8.37993049621582
247,2,,0.0
247,3,,7.383127212524414
247,4,,9.892157554626465
247,5,,7.5447235107421875
247,6,,7.1728057861328125
247,7,,1.9715522527694702
247,8,,7.939425945281982
247,9,,8.541827201843262
247,10,,9.670639991760254
247,11,,11.09774112701416
247,12,,8.047163963317871
248,1,,0.0
248,2,,8.527012825012207
248,3,,11.044355392456055
248,4,,10.048441886901855
248,5,,10.505000114440918
248,6,,10.229133605957031
248,7,,11.699706077575684
248,8,,11.146567344665527
248,9,,11.828404426574707
248,10,,11.72413158416748
248,11,,11.663000106811523
248,12,,11.824769020080566
249,1,,0.0
249,2,,7.082465648651123
249,3,,0.0
249,4,,0.0
249,5,,0.0
249,6,,8.086524963378906
249,7,,7.906689167022705
249,8,,7.867359161376953
249,9,,8.422907829284668
249,10,,7.7946319580078125
249,11,,6.595891952514648
249,12,,4.795790672302246
250,1,11,3.598945140838623
250,2,11,5.067456245422363
250,3,11,9.70056438446045
250,4,11,9.278940200805664
250,5,11,6.822072982788086
250,6,11,9.514426231384277
250,7,11,10.022295951843262
250,8,11,8.622246742248535
250,9,11,7.294015407562256
250,10,11,8.463663101196289
250,11,11,8.979969024658203
250,12,11,7.522751808166504
251,1,12,11.78256893157959
251,2,12,12.987801551818848
251,3,12,13.061274528503418
251,4,12,13.475197792053223
251,5,12,13.368428230285645
251,6,12,13.360692977905273
251,7,12,13.384510040283203
251,8,12,13.764991760253906
251,9,12,13.705639839172363
251,10,12,13.30692195892334
251,11,12,13.731562614440918
251,12,12,13.573265075683594
252,1,9,8.355025291442871
252,2,9,9.853739738464355
252,3,9,7.99696683883667
252,4,9,8.97148323059082
252,5,9,8.883136749267578
252,6,9,9.432446479797363
252,7,9,9.439863204956055
252,8,9,9.39803409576416
252,9,9,9.375057220458984
252,10,9,9.263587951660156
252,11,9,9.77202320098877
252,12,9,9.035325050354004
253,1,12,0.0
253,2,12,0.0
253,3,12,10.828240394592285
253,4,12,9.718180656433105
253,5,12,10.82518196105957
253,6,12,8.958020210266113
253,7,12,12.086254119873047
253,8,12,12.453855514526367
253,9,12,12.302327156066895
253,10,12,10.52468490600586
253,11,12,11.15155029296875
253,12,12,7.84423303604126
254,1,10,7.871902942657471
254,2,10,10.411956787109375
254,3,10,10.367012977600098
254,4,10,9.804586410522461
254,5,10,9.190142631530762
254,6,10,9.866653442382812
254,7,10,9.463471412658691
254,8,10,10.13978385925293
254,9,10,9.725932121276855
254,10,10,11.608951568603516
254,11,10,10.299955368041992
254,12,10,9.473626136779785
255,1,11,8.98231315612793
255,2,11,9.438128471374512
255,3,11,9.601279258728027
255,4,11,9.447698593139648
255,5,11,9.462943077087402
255,6,11,10.053393363952637
255,7,11,7.714804649353027
255,8,11,10.85183334350586
255,9,11,12.374706268310547
255,10,11,9.47240161895752
255,11,11,9.229042053222656
255,12,11,8.499138832092285
256,1,11,7.645145416259766
256,2,11,5.967245578765869
256,3,11,10.774975776672363
256,4,11,10.700637817382812
256,5,11,10.475170135498047
256,6,11,10.434720993041992
256,7,11,10.422709465026855
256,8,11,10.559107780456543
256,9,11,10.715970039367676
256,10,11,10.834697723388672
256,11,11,10.663951873779297
256,12,11,11.387563705444336
257,1,4,13.613361358642578
257,2,4,14.044400215148926
257,3,4,14.269461631774902
257,4,4,14.750006675720215
257,5,4,14.829108238220215
257,6,4,15.009918212890625
257,7,4,15.230533599853516
257,8,4,15.275851249694824
257,9,4,15.003969192504883
257,10,4,14.834087371826172
257,11,4,14.791546821594238
257,12,4,14.860105514526367
258,1,,4.540096282958984
258,2,,9.445701599121094
258,3,,0.0
258,4,,0.0
258,5,,5.6204729080200195
258,6,,7.915735721588135
258,7,,9.820381164550781
258,8,,8.931215286254883
258,9,,10.184618949890137
258,10,,10.087148666381836
258,11,,9.740917205810547
258,12,,9.90353775024414
259,1,,0.0
259,2,,0.0
259,3,,0.0
259,4,,11.35826301574707
259,5,,6.687682151794434
259,6,,9.691307067871094
259,7,,9.754549980163574
259,8,,10.248442649841309
259,9,,0.0
259,10,,5.57344388961792
259,11,,9.18050765991211
259,12,,9.302334785461426
260,1,10,1.0487202405929565
260,2,10,10.031795501708984
260,3,10,9.999727249145508
260,4,10,11.431009292602539
260,5,10,10.995247840881348
260,6,10,10.748401641845703
260,7,10,10.195887565612793
260,8,10,10.15156078338623
260,9,10,9.944310188293457
260,10,10,8.0360746383667
260,11,10,9.683704376220703
260,12,10,9.796842575073242
261,1,10,11.243700981140137
261,2,10,12.156538963317871
261,3,10,12.710118293762207
261,4,10,13.604191780090332
261,5,10,13.429830551147461
261,6,10,13.573296546936035
261,7,10,13.223752975463867
261,8,10,13.748553276062012
261,9,10,13.433833122253418
261,10,10,13.545982360839844
261,11,10,13.94423770904541
261,12,10,14.118666648864746
262,1,10,0.0
262,2,10,10.572453498840332
262,3,10,11.762479782104492
262,4,10,10.644980430603027
262,5,10,11.775840759277344
262,6,10,5.391544342041016
262,7,10,11.081610679626465
262,8,10,9.249842643737793
262,9,10,9.420050621032715
262,10,10,8.765203475952148
262,11,10,12.326226234436035
262,12,10,11.750646591186523
263,1,,0.0
263,2,,6.5039191246032715
263,3,,6.947932720184326
263,4,,0.0
263,5,,8.033757209777832
263,6,,5.773086071014404
263,7,,7.62336540222168
263,8,,7.3491363525390625
263,9,,6.895253658294678
263,10,,4.578237056732178
263,11,,7.9453887939453125
263,12,,6.841615676879883
264,1,12,8.310054779052734
264,2,12,6.880261421203613
264,3,12,8.627022743225098
264,4,12,8.348769187927246
264,5,12,7.20131254196167
264,6,12,5.954889297485352
264,7,12,7.053764820098877
264,8,12,6.660760402679443
264,9,12,5.796169281005859
264,10,12,8.048848152160645
264,11,12,8.744661331176758
264,12,12,9.127982139587402
265,1,7,9.929363250732422
265,2,7,10.122361183166504
265,3,7,10.259509086608887
265,4,7,10.455101013183594
265,5,7,11.035534858703613
265,6,7,12.854796409606934
265,7,7,13.17556095123291
265,8,7,13.441593170166016
265,9,7,13.269181251525879
265,10,7,12.40119743347168
265,11,7,12.833206176757812
265,12,7,13.158958435058594
266,1,9,8.901161193847656
266,2,9,8.061565399169922
266,3,9,9.959741592407227
266,4,9,7.9441094398498535
266,5,9,7.609799385070801
266,6,9,8.129176139831543
266,7,9,9.124940872192383
266,8,9,8.707786560058594
266,9,9,7.609596252441406
266,10,9,8.329405784606934
266,11,9,8.376520156860352
266,12,9,10.200518608093262
267,1,11,8.514238357543945
267,2,11,8.914179801940918
267,3,11,8.471753120422363
267,4,11,9.171089172363281
267,5,11,9.477240562438965
267,6,11,9.271112442016602
267,7,11,9.825359344482422
267,8,11,8.310410499572754
267,9,11,5.6959638595581055
267,10,11,7.834933757781982
267,11,11,7.9781670570373535
267,12,11,9.129109382629395
268,1,,8.045516014099121
268,2,,5.172186851501465
268,3,,0.0
268,4,,6.454374313354492
268,5,,7.572935581207275
268,6,,8.082783699035645
268,7,,8.677353858947754
268,8,,7.857800483703613
268,9,,7.701018333435059
268,10,,7.536579132080078
268,11,,4.884334087371826
268,12,,6.8035054206848145
269,1,11,8.77818775177002
269,2,11,8.498849868774414
269,3,11,7.577219009399414
269,4,11,6.499906539916992
269,5,11,7.333962917327881
269,6,11,9.402658462524414
269,7,11,9.633625030517578
269,8,11,8.404338836669922
269,9,11,10.08140754699707
269,10,11,8.690831184387207
269,11,11,8.702787399291992
269,12,11,8.40428638458252
270,1,11,8.657490730285645
270,2,11,8.733896255493164
270,3,11,8.892127990722656
270,4,11,9.06087589263916
270,5,11,8.712907791137695
270,6,11,8.988578796386719
270,7,11,8.729533195495605
270,8,11,8.850359916687012
270,9,11,8.851069450378418
270,10,11,7.724912643432617
270,11,11,6.186682224273682
270,12,11,7.122487545013428
271,1,6,7.00999641418457
271,2,6,9.512253761291504
271,3,6,7.046840667724609
271,4,6,3.5151469707489014
271,5,6,3.4239535331726074
271,6,6,7.33828067779541
271,7,6,7.445841312408447
271,8,6,7.8069658279418945
271,9,6,7.683391571044922
271,10,6,6.384280204772949
271,11,6,6.5364203453063965
271,12,6,7.114867210388184
272,1,,8.90005111694336
272,2,,9.02011489868164
272,3,,8.20275592803955
272,4,,8.4642972946167
272,5,,8.54682731628418
272,6,,7.884591579437256
272,7,,8.580843925476074
272,8,,8.375277519226074
272,9,,8.124707221984863
272,10,,7.883082389831543
272,11,,8.889724731445312
272,12,,9.283449172973633
273,1,,7.562586784362793
273,2,,6.031792640686035
273,3,,6.61282205581665
273,4,,9.499610900878906
273,5,,7.667639255523682
273,6,,7.735611915588379
273,7,,7.667766571044922
273,8,,6.307552814483643
273,9,,7.281670093536377
273,10,,6.3854146003723145
273,11,,6.99991512298584
273,12,,4.8903489112854
274,1,,7.620899200439453
274,2,,7.805963516235352
274,3,,7.849514007568359
274,4,,0.0
274,5,,6.823572635650635
274,6,,4.42143440246582
274,7,,5.805941104888916
274,8,,3.171584367752075
274,9,,3.960094690322876
274,10,,4.761624813079834
274,11,,4.846407890319824
274,12,,6.602628707885742
275,1,,7.131002902984619
275,2,,6.700286865234375
275,3,,6.829290866851807
275,4,,5.322426795959473
275,5,,5.949625492095947
275,6,,6.992604732513428
275,7,,7.030965328216553
275,8,,7.056944847106934
275,9,,8.219915390014648
275,10,,5.8690714836120605
275,11,,5.842249393463135
275,12,,6.0387773513793945
276,1,10,8.479320526123047
276,2,10,8.577877044677734
276,3,10,8.245737075805664
276,4,10,8.598135948181152
276,5,10,9.0535306930542
276,6,10,8.951226234436035
276,7,10,9.09769058227539
276,8,10,9.222625732421875
276,9,10,8.957849502563477
276,10,10,9.251127243041992
276,11,10,8.87028980255127
276,12,10,7.867431163787842
277,1,10,0.0
277,2,10,8.8443603515625
277,3,10,8.151257514953613
277,4,10,8.29015064239502
277,5,10,7.8598551750183105
277,6,10,8.173551559448242
277,7,10,7.737234592437744
277,8,10,9.11349868774414
277,9,10,7.002468109130859
277,10,10,7.105708599090576
277,11,10,3.1296980381011963
277,12,10,4.945492267608643
278,1,10,8.362220764160156
278,2,10,8.655346870422363
278,3,10,9.285560607910156
278,4,10,9.013663291931152
278,5,10,7.524412155151367
278,6,10,8.340755462646484
278,7,10,8.96238899230957
278,8,10,9.411603927612305
278,9,10,9.114837646484375
278,10,10,8.222286224365234
278,11,10,9.476509094238281
278,12,10,9.533377647399902
279,1,10,8.699402809143066
279,2,10,8.868030548095703
279,3,10,8.85604476928711
279,4,10,9.140543937683105
279,5,10,7.73604679107666
279,6,10,8.345561981201172
279,7,10,8.3292818069458
279,8,10,8.274835586547852
279,9,10,8.59129810333252
279,10,10,10.032041549682617
279,11,10,9.882761001586914
279,12,10,8.893119812011719
280,1,,0.0
280,2,,7.874928951263428
280,3,,3.554018259048462
280,4,,3.7066190242767334
280,5,,6.6996636390686035
280,6,,7.043232440948486
280,7,,8.555190086364746
280,8,,8.51877498626709
280,9,,6.930826663970947
280,10,,7.183013916015625
280,11,,7.940157413482666
280,12,,8.052577018737793
281,1,5,6.727788925170898
281,2,5,4.160568714141846
281,3,5,7.251394271850586
281,4,5,5.336262226104736
281,5,5,7.52056360244751
281,6,5,5.122026443481445
281,7,5,7.900678634643555
281,8,5,5.613312721252441
281,9,5,8.353257179260254
281,10,5,7.753966808319092
281,11,5,7.528171062469482
281,12,5,9.739506721496582
282,1,6,6.970163345336914
282,2,6,7.620972156524658
282,3,6,7.429485321044922
282,4,6,6.8445515632629395
282,5,6,5.64555025100708
282,6,6,7.61504602432251
282,7,6,7.23984432220459
282,8,6,6.827996253967285
282,9,6,7.091092586517334
282,10,6,4.4595046043396
282,11,6,2.5019991397857666
282,12,6,6.401950359344482
283,1,3,5.802880764007568
283,2,3,7.948833465576172
283,3,3,9.317596435546875
283,4,3,11.276627540588379
283,5,3,9.547986030578613
283,6,3,7.3472580909729
283,7,3,9.343401908874512
283,8,3,9.847201347351074
283,9,3,8.358294486999512
283,10,3,10.203450202941895
283,11,3,9.79021167755127
283,12,3,9.743309020996094
284,1,,0.0
284,2,,0.0
284,3,,7.10770320892334
284,4,,7.162926197052002
284,5,,0.0
284,6,,7.975613117218018
284,7,,6.607068061828613
284,8,,6.788706302642822
284,9,,6.645363807678223
284,10,,6.517788887023926
284,11,,6.198173999786377
284,12,,6.692083835601807
285,1,11,9.424344062805176
285,2,11,9.144973754882812
285,3,11,8.915212631225586
285,4,11,8.821023941040039
285,5,11,8.093766212463379
285,6,11,9.676657676696777
285,7,11,8.78091049194336
285,8,11,7.549384593963623
285,9,11,8.057356834411621
285,10,11,8.639137268066406
285,11,11,9.696297645568848
285,12,11,9.686633110046387
286,1,,6.662442207336426
286,2,,0.0
286,3,,7.028834342956543
286,4,,6.379656791687012
286,5,,0.0
286,6,,0.0
286,7,,4.938822269439697
286,8,,5.564704895019531
286,9,,8.048434257507324
286,10,,5.524914264678955
286,11,,4.818534851074219
286,12,,4.473123550415039
287,1,12,6.482505798339844
287,2,12,7.874928951263428
287,3,12,4.348926544189453
287,4,12,7.420304298400879
287,5,12,6.641468524932861
287,6,12,7.826822280883789
287,7,12,7.2349395751953125
287,8,12,7.353267192840576
287,9,12,7.52338981628418
287,10,12,7.800346851348877
287,11,12,7.47977352142334
287,12,12,7.090909957885742
288,1,11,8.685336112976074
288,2,11,9.919076919555664
288,3,11,10.140935897827148
288,4,11,9.612828254699707
288,5,11,9.35301399230957
288,6,11,9.689189910888672
288,7,11,8.032905578613281
288,8,11,6.4964680671691895
288,9,11,5.048375129699707
288,10,11,8.043206214904785
288,11,11,7.9549689292907715
288,12,11,8.819681167602539
289,1,11,8.582736015319824
289,2,11,8.652698516845703
289,3,11,8.714703559875488
289,4,11,8.518060684204102
289,5,11,6.992259502410889
289,6,11,7.610200881958008
289,7,11,8.046774864196777
289,8,11,8.298226356506348
289,9,11,6.611166000366211
289,10,11,4.807643413543701
289,11,11,5.79607629776001
289,12,11,7.965320110321045
290,1,,7.094468593597412
290,2,,6.9164814949035645
290,3,,8.081984519958496
290,4,,6.847656726837158
290,5,,7.443690776824951
290,6,,7.703398704528809
290,7,,7.604741096496582
290,8,,7.725854873657227
290,9,,7.6457929611206055
290,10,,7.720694541931152
290,11,,7.5767059326171875
290,12,,5.750125408172607
291,1,12,6.258787155151367
291,2,12,5.584751129150391
291,3,12,0.0
291,4,12,7.910076141357422
291,5,12,7.45231294631958
291,6,12,8.472712516784668
291,7,12,4.938822269439697
291,8,12,8.067856788635254
291,9,12,8.222031593322754
291,10,12,7.815030574798584
291,11,12,4.215328693389893
291,12,12,7.138628959655762
292,1,12,7.842991828918457
292,2,12,8.510052680969238
292,3,12,8.533060073852539
292,4,12,7.251768112182617
292,5,12,7.62428617477417
292,6,12,6.825195789337158
292,7,12,8.234428405761719
292,8,12,7.752743244171143
292,9,12,5.233975887298584
292,10,12,9.4481840133667
292,11,12,9.831724166870117
292,12,12,8.55986213684082
293,1,11,8.930072784423828
293,2,11,9.642565727233887
293,3,11,8.72757625579834
293,4,11,9.43333625793457
293,5,11,8.75351619720459
293,6,11,9.765578269958496
293,7,11,9.796733856201172
293,8,11,10.025014877319336
293,9,11,9.859354019165039
293,10,11,8.028266906738281
293,11,11,10.189173698425293
293,12,11,10.341696739196777
294,1,2,7.979353904724121
294,2,2,9.267333984375
294,3,2,8.63007926940918
294,4,2,8.875906944274902
294,5,2,7.199804782867432
294,6,2,8.562442779541016
294,7,2,8.949481010437012
294,8,2,7.770458698272705
294,9,2,8.932950019836426
294,10,2,7.970404148101807
294,11,2,9.782205581665039
294,12,2,9.835428237915039
295,1,3,8.780868530273438
295,2,3,8.958965301513672
295,3,3,5.890594005584717
295,4,3,7.42712926864624
295,5,3,7.464910984039307
295,6,3,7.450194835662842
295,7,3,7.41045618057251
295,8,3,7.7462544441223145
295,9,3,7.695575714111328
295,10,3,7.289873123168945
295,11,3,7.320547103881836
295,12,3,7.264681339263916
296,1,8,10.139739036560059
296,2,8,10.540005683898926
296,3,8,10.723959922790527
296,4,8,10.577521324157715
296,5,8,10.881662368774414
296,6,8,10.614099502563477
296,7,8,10.782634735107422
296,8,8,10.887383460998535
296,9,8,10.79829216003418
296,10,8,10.74960708618164
296,11,8,10.718853950500488
296,12,8,10.812830924987793
297,1,10,9.34427547454834
297,2,10,9.357047080993652
297,3,10,8.885473251342773
297,4,10,8.004321098327637
297,5,10,9.388277053833008
297,6,10,9.912896156311035
297,7,10,10.195646286010742
297,8,10,10.005441665649414
297,9,10,10.00073528289795
297,10,10,9.904505729675293
297,11,10,9.98802661895752
297,12,10,10.297667503356934
298,1,12,7.944512367248535
298,2,12,8.555455207824707
298,3,12,8.099454879760742
298,4,12,8.416584968566895
298,5,12,8.153227806091309
298,6,12,8.594132423400879
298,7,12,6.064845085144043
298,8,12,9.9498929977417
298,9,12,9.390253067016602
298,10,12,7.56343412399292
298,11,12,8.408590316772461
298,12,12,8.145586967468262
299,1,10,9.26604175567627
299,2,10,9.863459587097168
299,3,10,9.327461242675781
299,4,10,9.59669017791748
299,5,10,9.228282928466797
299,6,10,9.022499084472656
299,7,10,8.84353256225586
299,8,10,8.757089614868164
299,9,10,8.285361289978027
299,10,10,8.668075561523438
299,11,10,11.59943675994873
299,12,10,11.293456077575684
300,1,,8.580973625183105
300,2,,5.972306728363037
300,3,,6.169707775115967
300,4,,9.011441230773926
300,5,,6.3162407875061035
300,6,,8.212668418884277
300,7,,6.838953495025635
300,8,,6.954545497894287
300,9,,5.85596227645874
300,10,,5.976407527923584
300,11,,8.145306587219238
300,12,,3.931825637817383
301,1,11,5.243192195892334
301,2,11,6.777076721191406
301,3,11,5.321647644042969
301,4,11,6.925551414489746
301,5,11,6.898910045623779
301,6,11,6.635899066925049
301,7,11,6.371282577514648
301,8,11,6.62977409362793
301,9,11,6.203617572784424
301,10,11,5.288725852966309
301,11,11,7.628007888793945
301,12,11,6.154688358306885
302,1,12,8.015008926391602
302,2,12,7.695821285247803
302,3,12,9.010367393493652
302,4,12,9.526351928710938
302,5,12,9.281648635864258
302,6,12,9.523971557617188
302,7,12,9.532611846923828
302,8,12,9.408501625061035
302,9,12,6.985156059265137
302,10,12,7.720205783843994
302,11,12,7.360233783721924
302,12,12,8.355807304382324
303,1,,8.463753700256348
303,2,,8.759299278259277
303,3,,7.334216594696045
303,4,,7.6760172843933105
303,5,,7.270256519317627
303,6,,7.125216007232666
303,7,,7.29084587097168
303,8,,8.257949829101562
303,9,,8.130032539367676
303,10,,6.2026872634887695
303,11,,7.2465291023254395
303,12,,6.120692729949951
304,1,6,7.509771347045898
304,2,6,7.889779090881348
304,3,6,8.001930236816406
304,4,6,8.095877647399902
304,5,6,8.063277244567871
304,6,6,7.9253716468811035
304,7,6,8.881428718566895
304,8,6,8.487915992736816
304,9,6,8.146021842956543
304,10,6,8.466399192810059
304,11,6,8.661988258361816
304,12,6,8.081314086914062
305,1,,6.2611613273620605
305,2,,0.0
305,3,,7.412505626678467
305,4,,7.334635257720947
305,5,,5.569924354553223
305,6,,4.635727405548096
305,7,,7.4639973640441895
305,8,,7.526418209075928
305,9,,4.772005558013916
305,10,,4.076992988586426
305,11,,4.064521789550781
305,12,,6.8809285163879395
306,1,12,7.712357521057129
306,2,12,9.0378999710083
306,3,12,9.07613754272461
306,4,12,7.9260454177856445
306,5,12,8.05539608001709
306,6,12,8.733906745910645
306,7,12,8.926423072814941
306,8,12,7.4941253662109375
306,9,12,7.746099948883057
306,10,12,9.17281436920166
306,11,12,8.250029563903809
306,12,12,7.796428203582764
307,1,,8.285656929016113
307,2,,8.810336112976074
307,3,,8.725626945495605
307,4,,7.4236884117126465
307,5,,8.600765228271484
307,6,,8.922920227050781
307,7,,8.823925018310547
307,8,,8.565181732177734
307,9,,8.864320755004883
307,10,,9.25321102142334
307,11,,8.140034675598145
307,12,,7.617267608642578
308,1,11,11.73538875579834
308,2,11,11.326091766357422
308,3,11,12.126598358154297
308,4,11,12.323735237121582
308,5,11,12.568987846374512
308,6,11,12.763854026794434
308,7,11,13.038910865783691
308,8,11,12.576903343200684
308,9,11,12.89220905303955
308,10,11,12.720759391784668
308,11,11,12.924773216247559
308,12,11,11.108396530151367
309,1,11,9.01609992980957
309,2,11,0.0
309,3,11,7.708253860473633
309,4,11,7.632926940917969
309,5,11,7.829013347625732
309,6,11,7.678763389587402
309,7,11,8.572562217712402
309,8,11,6.478694915771484
309,9,11,7.118195056915283
309,10,11,7.392709732055664
309,11,11,7.231226444244385
309,12,11,6.2960591316223145
310,1,3,7.587274551391602
310,2,3,8.048659324645996
310,3,3,7.529675006866455
310,4,3,7.957832336425781
310,5,3,8.606581687927246
310,6,3,8.193098068237305
310,7,3,8.429607391357422
310,8,3,7.667990207672119
310,9,3,6.913811683654785
310,10,3,8.928147315979004
310,11,3,10.283453941345215
310,12,3,9.622516632080078
311,1,11,7.574402332305908
311,2,11,7.85735559463501
311,3,11,7.565969467163086
311,4,11,8.06324577331543
311,5,11,7.7340192794799805
311,6,11,8.20668888092041
311,7,11,7.1448750495910645
311,8,11,8.435332298278809
311,9,11,7.430617809295654
311,10,11,6.524359703063965
311,11,11,5.871395111083984
311,12,11,8.723153114318848
312,1,2,9.163959503173828
312,2,2,6.35104513168335
312,3,2,9.018472671508789
312,4,2,6.68766450881958
312,5,2,7.598963260650635
312,6,2,8.250807762145996
312,7,2,8.617227554321289
312,8,2,8.787774085998535
312,9,2,8.847270011901855
312,10,2,10.323158264160156
312,11,2,8.574984550476074
312,12,2,8.903731346130371
313,1,11,9.54007339477539
313,2,11,0.0
313,3,11,9.32719898223877
313,4,11,9.593847274780273
313,5,11,8.16013240814209
313,6,11,9.581835746765137
313,7,11,3.75142502784729
313,8,11,9.245081901550293
313,9,11,8.742559432983398
313,10,11,8.389269828796387
313,11,11,8.300980567932129
313,12,11,8.270678520202637
314,1,11,9.324475288391113
314,2,11,8.81989860534668
314,3,11,9.072470664978027
314,4,11,8.547750473022461
314,5,11,8.16181468963623
314,6,11,6.397091388702393
314,7,11,9.468768119812012
314,8,11,10.478890419006348
314,9,11,10.855344772338867
314,10,11,7.024938106536865
314,11,11,9.803837776184082
314,12,11,9.749504089355469
315,1,7,6.480234146118164
315,2,7,7.512172222137451
315,3,7,6.8759284019470215
315,4,7,7.042602062225342
315,5,7,7.815521717071533
315,6,7,6.714383602142334
315,7,7,6.696743488311768
315,8,7,7.5515313148498535
315,9,7,7.341176509857178
315,10,7,8.5076904296875
315,11,7,7.917452812194824
315,12,7,8.06324291229248
316,1,,7.597920894622803
316,2,,6.9592084884643555
316,3,,6.330135345458984
316,4,,6.995621204376221
316,5,,6.543549060821533
316,6,,6.3442487716674805
316,7,,6.1018266677856445
316,8,,8.54659366607666
316,9,,7.56680965423584
316,10,,10.124174118041992
316,11,,7.332701683044434
316,12,,6.702107906341553
317,1,,6.25405740737915
317,2,,6.606689929962158
317,3,,6.681117057800293
317,4,,12.012121200561523
317,5,,7.753172874450684
317,6,,7.656135559082031
317,7,,7.457939147949219
317,8,,7.894383430480957
317,9,,7.369691371917725
317,10,,5.672771453857422
317,11,,7.116275310516357
317,12,,6.268887996673584
318,1,11,8.796638488769531
318,2,11,9.085676193237305
318,3,11,9.216137886047363
318,4,11,9.12771987915039
318,5,11,9.383761405944824
318,6,11,9.646993637084961
318,7,11,9.48026180267334
318,8,11,9.667317390441895
318,9,11,9.701815605163574
318,10,11,9.612361907958984
318,11,11,10.395708084106445
318,12,11,10.563665390014648
319,1,,8.026019096374512
319,2,,8.3447904586792
319,3,,8.600349426269531
319,4,,8.090429306030273
319,5,,6.463194847106934
319,6,,6.914029598236084
319,7,,7.763858795166016
319,8,,6.643974781036377
319,9,,6.497136116027832
319,10,,7.31046724319458
319,11,,6.967745780944824
319,12,,7.127292156219482
320,1,12,10.3187894821167
320,2,12,10.852072715759277
320,3,12,10.724151611328125
320,4,12,11.28001594543457
320,5,12,11.052043914794922
320,6,12,11.380470275878906
320,7,12,12.083416938781738
320,8,12,9.27464771270752
320,9,12,12.60119915008545
320,10,12,12.889810562133789
320,11,12,12.641203880310059
320,12,12,12.158684730529785
321,1,10,8.262520790100098
321,2,10,8.225473403930664
321,3,10,8.397356033325195
321,4,10,8.453241348266602
321,5,10,8.674777030944824
321,6,10,8.475194931030273
321,7,10,8.595636367797852
321,8,10,9.430584907531738
321,9,10,9.978357315063477
321,10,10,7.056483745574951
321,11,10,9.953523635864258
321,12,10,6.930494785308838
322,1,10,8.612515449523926
322,2,10,7.3189239501953125
322,3,10,5.05201530456543
322,4,10,5.290064811706543
322,5,10,5.727133274078369
322,6,10,9.745039939880371
322,7,10,9.695418357849121
322,8,10,9.63576602935791
322,9,10,9.745222091674805
322,10,10,10.020109176635742
322,11,10,8.625025749206543
322,12,10,9.34553337097168
323,1,,8.329581260681152
323,2,,7.656036376953125
323,3,,7.095353603363037
323,4,,6.8703813552856445
323,5,,7.393767833709717
323,6,,7.057507514953613
323,7,,8.889398574829102
323,8,,7.576282501220703
323,9,,6.841684818267822
323,10,,6.364198207855225
323,11,,10.031280517578125
323,12,,7.023758888244629
324,1,11,8.778016090393066
324,2,11,9.280468940734863
324,3,11,8.602019309997559
324,4,11,8.501842498779297
324,5,11,8.295499801635742
324,6,11,8.043869972229004
324,7,11,8.822013854980469
324,8,11,9.748300552368164
324,9,11,10.235435485839844
324,10,11,8.885929107666016
324,11,11,8.44413948059082
324,12,11,5.941958904266357
325,1,12,6.466464996337891
325,2,12,9.833450317382812
325,3,12,9.745530128479004
325,4,12,9.196496963500977
325,5,12,6.179311752319336
325,6,12,8.831533432006836
325,7,12,9.520944595336914
325,8,12,8.277989387512207
325,9,12,8.859267234802246
325,10,12,8.36828327178955
325,11,12,9.617582321166992
325,12,12,9.264862060546875
326,1,,6.929149627685547
326,2,,7.113936901092529
326,3,,7.3326416015625
326,4,,7.368578910827637
326,5,,6.426482677459717
326,6,,7.683872222900391
326,7,,7.390941619873047
326,8,,8.05068588256836
326,9,,7.699170112609863
326,10,,7.208628177642822
326,11,,8.676700592041016
326,12,,6.561115741729736
327,1,6,7.316769123077393
327,2,6,5.562387466430664
327,3,6,6.766976356506348
327,4,6,6.111659049987793
327,5,6,5.92457914352417
327,6,6,8.370728492736816
327,7,6,6.072415351867676
327,8,6,5.972244739532471
327,9,6,5.281364917755127
327,10,6,4.432315349578857
327,11,6,6.269420623779297
327,12,6,8.957511901855469
328,1,11,10.662273406982422
328,2,11,13.54214096069336
328,3,11,13.714101791381836
328,4,11,13.669778823852539
328,5,11,13.555541038513184
328,6,11,14.428101539611816
328,7,11,14.868098258972168
328,8,11,14.558621406555176
328,9,11,14.716405868530273
328,10,11,14.819815635681152
328,11,11,14.376100540161133
328,12,11,14.15359878540039
329,1,12,10.561551094055176
329,2,12,10.775481224060059
329,3,12,9.990961074829102
329,4,12,10.531057357788086
329,5,12,10.786657333374023
329,6,12,10.86388874053955
329,7,12,10.751973152160645
329,8,12,10.747063636779785
329,9,12,10.480522155761719
329,10,12,9.429529190063477
329,11,12,8.929564476013184
329,12,12,9.43216323852539
330,1,11,11.613545417785645
330,2,11,11.943008422851562
330,3,11,11.836712837219238
330,4,11,11.888766288757324
330,5,11,10.249199867248535
330,6,11,11.878557205200195
330,7,11,10.658934593200684
330,8,11,11.829560279846191
330,9,11,11.770342826843262
330,10,11,13.020986557006836
330,11,11,12.939099311828613
330,12,11,13.643980026245117
331,1,12,8.224967956542969
331,2,12,6.085068702697754
331,3,12,5.543813705444336
331,4,12,8.851303100585938
331,5,12,8.935280799865723
331,6,12,8.140417098999023
331,7,12,8.567811012268066
331,8,12,8.755736351013184
331,9,12,9.396673202514648
331,10,12,8.803674697875977
331,11,12,8.514653205871582
331,12,12,8.904465675354004
332,1,8,9.017674446105957
332,2,8,9.582551956176758
332,3,8,9.36532211303711
332,4,8,8.379403114318848
332,5,8,8.447809219360352
332,6,8,9.406442642211914
332,7,8,11.046640396118164
332,8,8,10.261322975158691
332,9,8,10.259846687316895
332,10,8,10.377951622009277
332,11,8,10.707071304321289
332,12,8,10.269410133361816
333,1,11,8.508737564086914
333,2,11,7.226847171783447
333,3,11,9.4937744140625
333,4,11,8.584081649780273
333,5,11,8.000478744506836
333,6,11,7.704620838165283
333,7,11,8.558674812316895
333,8,11,8.069518089294434
333,9,11,7.924164295196533
333,10,11,8.854219436645508
333,11,11,9.3002347946167
333,12,11,7.189899444580078
334,1,12,9.927035331726074
334,2,12,10.240531921386719
334,3,12,10.281817436218262
334,4,12,10.379508018493652
334,5,12,9.69558334350586
334,6,12,10.305233001708984
334,7,12,10.719950675964355
334,8,12,10.602550506591797
334,9,12,9.319073677062988
334,10,12,10.497838973999023
334,11,12,9.893769264221191
334,12,12,9.865520477294922
335,1,,7.606696605682373
335,2,,7.581171035766602
335,3,,7.685863971710205
335,4,,7.4821553230285645
335,5,,8.272642135620117
335,6,,9.253972053527832
335,7,,9.061958312988281
335,8,,8.241943359375
335,9,,9.181892395019531
335,10,,9.994318962097168
335,11,,9.000785827636719
335,12,,9.390593528747559
336,1,11,8.706592559814453
336,2,11,9.714460372924805
336,3,11,10.050152778625488
336,4,11,9.697495460510254
336,5,11,9.888816833496094
336,6,11,10.577608108520508
336,7,11,8.246735572814941
336,8,11,10.771402359008789
336,9,11,7.3784098625183105
336,10,11,10.943013191223145
336,11,11,10.494471549987793
336,12,11,10.826171875
337,1,11,6.054288864135742
337,2,11,8.747352600097656
337,3,11,7.807031631469727
337,4,11,9.099040031433105
337,5,11,6.25400972366333
337,6,11,8.232146263122559
337,7,11,8.099292755126953
337,8,11,10.145818710327148
337,9,11,8.956746101379395
337,10,11,8.187102317810059
337,11,11,6.305685043334961
337,12,11,8.476579666137695
338,1,,6.727788925170898
338,2,,6.109705448150635
338,3,,7.619826793670654
338,4,,6.887170791625977
338,5,,6.823572635650635
338,6,,6.774416446685791
338,7,,6.724594593048096
338,8,,6.660760402679443
338,9,,5.734328269958496
338,10,,5.692897319793701
338,11,,5.6104888916015625
338,12,,5.8336992263793945
339,1,10,8.409932136535645
339,2,10,7.613703727722168
339,3,10,7.719173431396484
339,4,10,7.630950450897217
339,5,10,7.904008388519287
339,6,10,8.979596138000488
339,7,10,9.266542434692383
339,8,10,9.0464448928833
339,9,10,4.6476922035217285
339,10,10,6.412012100219727
339,11,10,11.039259910583496
339,12,10,10.241829872131348
340,1,10,9.834821701049805
340,2,10,10.246424674987793
340,3,10,10.396400451660156
340,4,10,10.537007331848145
340,5,10,10.195083618164062
340,6,10,11.08746337890625
340,7,10,10.867480278015137
340,8,10,10.642584800720215
340,9,10,10.646150588989258
340,10,10,9.363187789916992
340,11,10,10.847126960754395
340,12,10,11.192811965942383
341,1,11,8.396947860717773
341,2,11,5.862493991851807
341,3,11,7.663184642791748
341,4,11,8.149392127990723
341,5,11,5.10474967956543
341,6,11,8.810080528259277
341,7,11,8.328210830688477
341,8,11,9.21518611907959
341,9,11,8.895661354064941
341,10,11,9.006872177124023
341,11,11,8.974995613098145
341,12,11,8.161067008972168
342,1,11,7.636809825897217
342,2,11,5.931643009185791
342,3,11,0.0
342,4,11,9.342442512512207
342,5,11,8.535967826843262
342,6,11,8.440053939819336
342,7,11,5.103243350982666
342,8,11,8.08690357208252
342,9,11,7.934433937072754
342,10,11,7.679425239562988
342,11,11,6.69246768951416
342,12,11,6.908754825592041
343,1,10,9.304410934448242
343,2,10,8.84046459197998
343,3,10,10.289423942565918
343,4,10,10.431873321533203
343,5,10,9.027689933776855
343,6,10,10.143912315368652
343,7,10,9.969990730285645
343,8,10,9.735928535461426
343,9,10,9.548582077026367
343,10,10,7.902773380279541
343,11,10,9.680673599243164
343,12,10,7.043613910675049
344,1,11,6.6101555824279785
344,2,11,6.825812816619873
344,3,11,5.92556095123291
344,4,11,6.4822163581848145
344,5,11,8.112154006958008
344,6,11,0.0
344,7,11,7.423616409301758
344,8,11,6.806128978729248
344,9,11,9.70889663696289
344,10,11,8.212459564208984
344,11,11,8.531410217285156
344,12,11,10.134831428527832
345,1,3,7.181959629058838
345,2,3,7.425226211547852
345,3,3,6.379128932952881
345,4,3,9.246779441833496
345,5,3,8.58540153503418
345,6,3,7.70690393447876
345,7,3,8.134978294372559
345,8,3,7.510889530181885
345,9,3,8.014256477355957
345,10,3,5.672771453857422
345,11,3,8.042309761047363
345,12,3,8.817375183105469
346,1,12,12.037363052368164
346,2,12,11.644195556640625
346,3,12,10.705368995666504
346,4,12,9.879739761352539
346,5,12,7.076820373535156
346,6,12,9.055438995361328
346,7,12,10.697197914123535
346,8,12,8.92918586730957
346,9,12,4.273873329162598
346,10,12,11.405219078063965
346,11,12,12.500004768371582
346,12,12,11.553885459899902
347,1,12,7.495916366577148
347,2,12,5.135941028594971
347,3,12,4.898568630218506
347,4,12,9.476698875427246
347,5,12,6.815616130828857
347,6,12,9.772845268249512
347,7,12,10.022652626037598
347,8,12,9.983208656311035
347,9,12,10.088783264160156
347,10,12,10.221835136413574
347,11,12,10.130372047424316
347,12,12,10.3853759765625
348,1,11,9.918818473815918
348,2,11,8.83802604675293
348,3,11,9.202197074890137
348,4,11,8.597187995910645
348,5,11,8.636174201965332
348,6,11,7.89550256729126
348,7,11,8.12000560760498
348,8,11,7.9742279052734375
348,9,11,7.584766387939453
348,10,11,8.344816207885742
348,11,11,9.501431465148926
348,12,11,9.428797721862793
349,1,12,8.68128490447998
349,2,12,8.889945983886719
349,3,12,9.016106605529785
349,4,12,8.21297836303711
349,5,12,8.780255317687988
349,6,12,5.85266637802124
349,7,12,9.899885177612305
349,8,12,9.513205528259277
349,9,12,9.009191513061523
349,10,12,9.637492179870605
349,11,12,10.463781356811523
349,12,12,9.777570724487305
350,1,,8.262228965759277
350,2,,7.657495498657227
350,3,,7.616071701049805
350,4,,7.697689533233643
350,5,,5.037237167358398
350,6,,7.994932174682617
350,7,,7.88602352142334
350,8,,7.91925048828125
350,9,,7.426764965057373
350,10,,5.50276517868042
350,11,,8.650218963623047
350,12,,6.579154014587402
351,1,12,7.962643623352051
351,2,12,6.921888828277588
351,3,12,7.678625583648682
351,4,12,7.956484317779541
351,5,12,8.11728572845459
351,6,12,8.771761894226074
351,7,12,7.549810886383057
351,8,12,6.5058794021606445
351,9,12,8.028385162353516
351,10,12,8.517890930175781
351,11,12,5.6837921142578125
351,12,12,6.8741984367370605
352,1,11,5.077364921569824
352,2,11,7.259066581726074
352,3,11,7.227020263671875
352,4,11,6.530933380126953
352,5,11,9.073047637939453
352,6,11,7.0419206619262695
352,7,11,8.4356107711792
352,8,11,8.188783645629883
352,9,11,7.572744369506836
352,10,11,5.465263366699219
352,11,11,8.423323631286621
352,12,11,5.542008399963379
353,1,10,9.59843635559082
353,2,10,9.482047080993652
353,3,10,10.096038818359375
353,4,10,8.851176261901855
353,5,10,8.603315353393555
353,6,10,10.812715530395508
353,7,10,9.816518783569336
353,8,10,10.006292343139648
353,9,10,10.19487476348877
353,10,10,10.0673246383667
353,11,10,11.44562816619873
353,12,10,9.89304256439209
354,1,3,10.904886245727539
354,2,3,11.511195182800293
354,3,3,11.787687301635742
354,4,3,12.377286911010742
354,5,3,12.071379661560059
354,6,3,12.43911075592041
354,7,3,12.648681640625
354,8,3,12.958077430725098
354,9,3,12.61243724822998
354,10,3,12.790128707885742
354,11,3,13.05905532836914
354,12,3,12.676886558532715
355,1,10,0.0
355,2,10,9.271477699279785
355,3,10,8.392694473266602
355,4,10,6.599829196929932
355,5,10,9.343345642089844
355,6,10,7.722796440124512
355,7,10,7.889929294586182
355,8,10,10.145818710327148
355,9,10,8.956746101379395
355,10,10,9.010942459106445
355,11,10,8.371658325195312
355,12,10,6.314399242401123
356,1,11,9.056934356689453
356,2,11,8.915431022644043
356,3,11,8.53072452545166
356,4,11,9.888468742370605
356,5,11,10.681714057922363
356,6,11,8.550749778747559
356,7,11,8.212346076965332
356,8,11,8.43288516998291
356,9,11,8.467885971069336
356,10,11,9.117218971252441
356,11,11,8.513214111328125
356,12,11,8.733911514282227
357,1,10,10.111797332763672
357,2,10,9.969548225402832
357,3,10,9.923690795898438
357,4,10,10.33540153503418
357,5,10,10.605547904968262
357,6,10,10.905722618103027
357,7,10,10.669703483581543
357,8,10,11.177391052246094
357,9,10,10.545884132385254
357,10,10,7.324100017547607
357,11,10,8.471061706542969
357,12,10,6.4542388916015625
358,1,7,7.237322807312012
358,2,7,8.240001678466797
358,3,7,7.747347354888916
358,4,7,8.151040077209473
358,5,7,8.972103118896484
358,6,7,8.104815483093262
358,7,7,9.302719116210938
358,8,7,8.413504600524902
358,9,7,6.466550827026367
358,10,7,4.956487655639648
358,11,7,5.134058475494385
358,12,7,6.9558024406433105
359,1,5,6.481682777404785
359,2,5,7.579990386962891
359,3,5,8.129796028137207
359,4,5,7.4915971755981445
359,5,5,8.366612434387207
359,6,5,8.107623100280762
359,7,5,7.912826061248779
359,8,5,7.60077428817749
359,9,5,7.890239238739014
359,10,5,7.027451038360596
359,11,5,6.931372165679932
359,12,5,5.953087329864502
360,1,12,16.92401695251465
360,2,12,16.876441955566406
360,3,12,16.905027389526367
360,4,12,16.964488983154297
360,5,12,17.04318618774414
360,6,12,17.15114402770996
360,7,12,17.213478088378906
360,8,12,17.546056747436523
360,9,12,17.45526695251465
360,10,12,17.588531494140625
360,11,12,17.74228858947754
360,12,12,17.71755599975586
361,1,2,8.406740188598633
361,2,2,10.601694107055664
361,3,2,10.957574844360352
361,4,2,10.960040092468262
361,5,2,10.033815383911133
361,6,2,11.422779083251953
361,7,2,11.24509048461914
361,8,2,11.726757049560547
361,9,2,11.714881896972656
361,10,2,11.950798988342285
361,11,2,10.761775970458984
361,12,2,11.230127334594727
362,1,9,11.448057174682617
362,2,9,12.148065567016602
362,3,9,11.874299049377441
362,4,9,11.878883361816406
362,5,9,12.008278846740723
362,6,9,12.343375205993652
362,7,9,12.230297088623047
362,8,9,12.094234466552734
362,9,9,12.631328582763672
362,10,9,12.200538635253906
362,11,9,13.072196006774902
362,12,9,12.536870956420898
363,1,10,7.217947483062744
363,2,10,7.098846435546875
363,3,10,7.102365493774414
363,4,10,7.422266006469727
363,5,10,7.611436367034912
363,6,10,8.002273559570312
363,7,10,8.036543846130371
363,8,10,8.037728309631348
363,9,10,8.27514934539795
363,10,10,6.054161071777344
363,11,10,8.091436386108398
363,12,10,5.33368444442749
364,1,11,8.689645767211914
364,2,11,7.983223915100098
364,3,11,8.359450340270996
364,4,11,7.512188911437988
364,5,11,8.058906555175781
364,6,11,8.09900188446045
364,7,11,7.853488445281982
364,8,11,7.898181438446045
364,9,11,4.822875499725342
364,10,11,4.244417667388916
364,11,11,7.660823345184326
364,12,11,7.492063522338867
365,1,12,7.433530807495117
365,2,12,7.78347110748291
365,3,12,6.053073406219482
365,4,12,6.270713806152344
365,5,12,5.727133274078369
365,6,12,8.295509338378906
365,7,12,8.28492546081543
365,8,12,7.6650495529174805
365,9,12,7.648265838623047
365,10,12,7.654810905456543
365,11,12,5.66157341003418
365,12,12,10.641112327575684
366,1,12,8.50969409942627
366,2,12,8.784942626953125
366,3,12,8.808286666870117
366,4,12,8.333963394165039
366,5,12,7.2694783210754395
366,6,12,8.576845169067383
366,7,12,7.7586283683776855
366,8,12,7.566042423248291
366,9,12,8.631431579589844
366,10,12,7.3528571128845215
366,11,12,7.545250415802002
366,12,12,7.458935737609863
367,1,12,10.812603950500488
367,2,12,11.167959213256836
367,3,12,11.091591835021973
367,4,12,11.254218101501465
367,5,12,11.021687507629395
367,6,12,11.439529418945312
367,7,12,11.593999862670898
367,8,12,11.940715789794922
367,9,12,11.89464282989502
367,10,12,12.21506404876709
367,11,12,12.348159790039062
367,12,12,12.328624725341797
368,1,6,8.180824279785156
368,2,6,8.263012886047363
368,3,6,8.18941593170166
368,4,6,8.474320411682129
368,5,6,8.074701309204102
368,6,6,7.237946510314941
368,7,6,9.702871322631836
368,8,6,9.04659652709961
368,9,6,9.573826789855957
368,10,6,9.182476043701172
368,11,6,8.461212158203125
368,12,6,8.461999893188477
369,1,12,10.308782577514648
369,2,12,10.11854362487793
369,3,12,10.303853988647461
369,4,12,9.701144218444824
369,5,12,9.354944229125977
369,6,12,9.280252456665039
369,7,12,10.737499237060547
369,8,12,11.101529121398926
369,9,12,13.138402938842773
369,10,12,10.229964256286621
369,11,12,10.01291561126709
369,12,12,9.62697982788086
370,1,10,8.043511390686035
370,2,10,7.685855388641357
370,3,10,8.139764785766602
370,4,10,8.29007625579834
370,5,10,8.818601608276367
370,6,10,7.724510669708252
370,7,10,5.363490104675293
370,8,10,7.730257034301758
370,9,10,7.153533935546875
370,10,10,8.727952003479004
370,11,10,8.403703689575195
370,12,10,9.838757514953613
371,1,12,14.088739395141602
371,2,12,14.6621732711792
371,3,12,15.18301773071289
371,4,12,15.4678955078125
371,5,12,15.479070663452148
371,6,12,15.531133651733398
371,7,12,15.603424072265625
371,8,12,15.58388614654541
371,9,12,15.770650863647461
371,10,12,15.778609275817871
371,11,12,16.2303524017334
371,12,12,16.513744354248047
372,1,11,8.672354698181152
372,2,11,8.481415748596191
372,3,11,0.0
372,4,11,9.425468444824219
372,5,11,6.917375087738037
372,6,11,8.748794555664062
372,7,11,8.428359985351562
372,8,11,8.758063316345215
372,9,11,7.781082630157471
372,10,11,9.681562423706055
372,11,11,9.589322090148926
372,12,11,9.114903450012207
373,1,6,10.189373970031738
373,2,6,10.066825866699219
373,3,6,10.018757820129395
373,4,6,10.084105491638184
373,5,6,9.909659385681152
373,6,6,10.11845588684082
373,7,6,10.125503540039062
373,8,6,10.431371688842773
373,9,6,10.691988945007324
373,10,6,11.310559272766113
373,11,6,11.31969928741455
373,12,6,10.206682205200195
374,1,11,0.0
374,2,11,6.9541335105896
374,3,11,7.848023414611816
374,4,11,7.559615612030029
374,5,11,7.878248691558838
374,6,11,7.290762901306152
374,7,11,9.52771282196045
374,8,11,9.518217086791992
374,9,11,8.631158828735352
374,10,11,10.270587921142578
374,11,11,9.629469871520996
374,12,11,9.668882369995117
375,1,6,9.315078735351562
375,2,6,9.185331344604492
375,3,6,10.554786682128906
375,4,6,10.348828315734863
375,5,6,10.533429145812988
375,6,6,9.079221725463867
375,7,6,9.931845664978027
375,8,6,11.189857482910156
375,9,6,9.502364158630371
375,10,6,8.470263481140137
375,11,6,9.075628280639648
375,12,6,9.539799690246582
376,1,10,9.71009349822998
376,2,10,8.64408016204834
376,3,10,9.908382415771484
376,4,10,8.256569862365723
376,5,10,8.7623291015625
376,6,10,8.713126182556152
376,7,10,2.328141927719116
376,8,10,0.0
376,9,10,8.3402099609375
376,10,10,8.54833984375
376,11,10,9.541419982910156
376,12,10,9.254463195800781
377,1,11,9.742264747619629
377,2,11,9.659910202026367
377,3,11,9.702576637268066
377,4,11,9.674469947814941
377,5,11,9.895303726196289
377,6,11,9.65916919708252
377,7,11,9.211418151855469
377,8,11,9.36613655090332
377,9,11,9.192078590393066
377,10,11,10.230236053466797
377,11,11,10.701009750366211
377,12,11,10.521478652954102
378,1,10,8.656645774841309
378,2,10,8.338420867919922
378,3,10,8.357476234436035
378,4,10,8.33072566986084
378,5,10,8.285262107849121
378,6,10,9.51172924041748
378,7,10,9.600282669067383
378,8,10,9.751631736755371
378,9,10,9.661131858825684
378,10,10,10.440886497497559
378,11,10,10.445197105407715
378,12,10,9.982514381408691
379,1,3,0.0
379,2,3,9.1945219039917
379,3,3,9.159327507019043
379,4,3,9.700037002563477
379,5,3,9.417071342468262
379,6,3,9.4889497756958
379,7,3,8.77462387084961
379,8,3,9.351251602172852
379,9,3,9.058539390563965
379,10,3,9.720565795898438
379,11,3,9.50794792175293
379,12,3,9.018548965454102
380,1,3,0.0
380,2,3,8.432353973388672
380,3,3,8.048712730407715
380,4,3,8.915847778320312
380,5,3,8.37087345123291
380,6,3,6.580732345581055
380,7,3,8.454030990600586
380,8,3,7.908492088317871
380,9,3,8.865120887756348
380,10,3,8.202259063720703
380,11,3,10.64651107788086
380,12,3,6.571359157562256
381,1,3,12.704878807067871
381,2,3,12.833388328552246
381,3,3,13.324797630310059
381,4,3,12.975240707397461
381,5,3,13.288609504699707
381,6,3,13.728178977966309
381,7,3,14.249260902404785
381,8,3,14.241996765136719
381,9,3,14.138666152954102
381,10,3,14.202284812927246
381,11,3,14.271926879882812
381,12,3,14.166840553283691
382,1,12,9.247586250305176
382,2,12,9.747334480285645
382,3,12,8.957283973693848
382,4,12,10.256531715393066
382,5,12,10.001591682434082
382,6,12,9.441962242126465
382,7,12,9.174202919006348
382,8,12,10.601733207702637
382,9,12,9.774994850158691
382,10,12,10.467642784118652
382,11,12,9.992321968078613
382,12,12,10.012269973754883
383,1,2,10.82720947265625
383,2,2,10.868437767028809
383,3,2,11.822317123413086
383,4,2,11.811079978942871
383,5,2,11.843171119689941
383,6,2,12.225564956665039
383,7,2,12.166563034057617
383,8,2,12.181072235107422
383,9,2,12.207853317260742
383,10,2,12.353630065917969
383,11,2,12.317876815795898
383,12,2,12.366402626037598
384,1,3,10.481066703796387
384,2,3,11.111077308654785
384,3,3,10.59243392944336
384,4,3,10.018034934997559
384,5,3,11.25234603881836
384,6,3,11.381104469299316
384,7,3,11.047234535217285
384,8,3,11.431892395019531
384,9,3,11.408472061157227
384,10,3,11.854952812194824
384,11,3,11.75481128692627
384,12,3,11.848161697387695
385,1,8,10.718476295471191
385,2,8,11.098773002624512
385,3,8,11.450446128845215
385,4,8,11.777255058288574
385,5,8,12.289498329162598
385,6,8,12.608099937438965
385,7,8,12.54289436340332
385,8,8,12.75191593170166
385,9,8,12.510078430175781
385,10,8,12.448446273803711
385,11,8,12.68993854522705
385,12,8,13.207588195800781
386,1,4,6.870574951171875
386,2,4,8.462642669677734
386,3,4,9.104496955871582
386,4,4,0.0
386,5,4,7.6217041015625
386,6,4,9.662286758422852
386,7,4,8.894832611083984
386,8,4,8.623446464538574
386,9,4,8.566906929016113
386,10,4,6.480422019958496
386,11,4,9.008078575134277
386,12,4,7.634385585784912
387,1,8,9.602606773376465
387,2,8,10.407520294189453
387,3,8,10.149613380432129
387,4,8,10.20773696899414
387,5,8,10.019278526306152
387,6,8,10.058549880981445
387,7,8,10.012689590454102
387,8,8,9.889668464660645
387,9,8,9.724577903747559
387,10,8,9.55660343170166
387,11,8,9.5119047164917
387,12,8,9.451475143432617
388,1,6,7.882723808288574
388,2,6,8.953987121582031
388,3,6,8.284207344055176
388,4,6,8.36121940612793
388,5,6,7.463419437408447
388,6,6,10.45203685760498
388,7,6,9.924238204956055
388,8,6,8.993788719177246
388,9,6,8.74427318572998
388,10,6,9.245157241821289
388,11,6,9.217418670654297
388,12,6,9.186119079589844
389,1,11,12.032703399658203
389,2,11,10.839048385620117
389,3,11,0.0
389,4,11,10.167909622192383
389,5,11,10.060938835144043
389,6,11,13.015435218811035
389,7,11,10.575390815734863
389,8,11,12.805068969726562
389,9,11,13.39636516571045
389,10,11,12.82592487335205
389,11,11,13.744343757629395
389,12,11,13.850461959838867
390,1,12,9.04456615447998
390,2,12,5.616876125335693
390,3,12,7.7028489112854
390,4,12,10.471125602722168
390,5,12,10.578949928283691
390,6,12,10.061943054199219
390,7,12,10.673050880432129
390,8,12,10.2838134765625
390,9,12,11.347810745239258
390,10,12,9.916021347045898
390,11,12,9.199185371398926
390,12,12,5.712841510772705
391,1,11,10.955939292907715
391,2,11,10.86907958984375
391,3,11,10.539820671081543
391,4,11,10.858448028564453
391,5,11,10.709057807922363
391,6,11,10.707772254943848
391,7,11,10.569572448730469
391,8,11,10.856630325317383
391,9,11,10.914891242980957
391,10,11,11.288836479187012
391,11,11,11.390495300292969
391,12,11,11.278793334960938
392,1,,8.691998481750488
392,2,,7.778097152709961
392,3,,8.366446495056152
392,4,,7.650929927825928
392,5,,7.8912858963012695
392,6,,8.149149894714355
392,7,,8.2964506149292
392,8,,6.77675724029541
392,9,,7.238929748535156
392,10,,8.603446006774902
392,11,,8.474570274353027
392,12,,6.8803324699401855
393,1,12,9.615055084228516
393,2,12,9.080495834350586
393,3,12,0.0
393,4,12,9.749489784240723
393,5,12,8.804920196533203
393,6,12,6.789288520812988
393,7,12,5.870043754577637
393,8,12,5.207252502441406
393,9,12,7.785752296447754
393,10,12,6.742406368255615
393,11,12,7.024507999420166
393,12,12,6.794944763183594
394,1,10,9.403733253479004
394,2,10,9.331884384155273
394,3,10,9.564827919006348
394,4,10,10.026527404785156
394,5,10,9.993242263793945
394,6,10,10.68181324005127
394,7,10,10.267085075378418
394,8,10,10.374579429626465
394,9,10,10.830690383911133
394,10,10,10.389485359191895
394,11,10,10.713667869567871
394,12,10,10.713573455810547
395,1,12,12.467985153198242
395,2,12,11.88076114654541
395,3,12,12.5198335647583
395,4,12,12.373024940490723
395,5,12,12.534669876098633
395,6,12,12.575138092041016
395,7,12,12.670003890991211
395,8,12,12.865942001342773
395,9,12,13.01111888885498
395,10,12,13.474802017211914
395,11,12,13.625530242919922
395,12,12,13.783609390258789
396,1,10,13.315927505493164
396,2,10,13.25245189666748
396,3,10,13.0250825881958
396,4,10,13.221818923950195
396,5,10,13.114368438720703
396,6,10,13.275680541992188
396,7,10,13.781116485595703
396,8,10,13.768723487854004
396,9,10,13.849162101745605
396,10,10,13.81158447265625
396,11,10,13.973678588867188
396,12,10,14.071524620056152
397,1,11,8.11825942993164
397,2,11,8.16914176940918
397,3,11,8.362141609191895
397,4,11,8.73499870300293
397,5,11,8.339306831359863
397,6,11,8.788329124450684
397,7,11,9.758352279663086
397,8,11,10.62979507446289
397,9,11,10.164532661437988
397,10,11,10.176348686218262
397,11,11,10.201397895812988
397,12,11,10.83373737335205
398,1,10,13.093689918518066
398,2,10,13.639385223388672
398,3,10,14.298609733581543
398,4,10,14.492773056030273
398,5,10,14.570556640625
398,6,10,15.063984870910645
398,7,10,15.136331558227539
398,8,10,15.199047088623047
398,9,10,15.211592674255371
398,10,10,15.421565055847168
398,11,10,15.519376754760742
398,12,10,15.973243713378906
399,1,4,10.020691871643066
399,2,4,9.986735343933105
399,3,4,10.296371459960938
399,4,4,10.5177583694458
399,5,4,9.934473037719727
399,6,4,10.768132209777832
399,7,4,10.3347749710083
399,8,4,10.255376815795898
399,9,4,10.90244197845459
399,10,4,10.459019660949707
399,11,4,10.541584014892578
399,12,4,10.367950439453125
400,1,10,18.76820945739746
400,2,10,18.80662727355957
400,3,10,18.860301971435547
400,4,10,18.826091766357422
400,5,10,18.83363914489746
400,6,10,18.929067611694336
400,7,10,19.215484619140625
400,8,10,19.225971221923828
400,9,10,19.27890396118164
400,10,10,19.31758689880371
400,11,10,19.637561798095703
400,12,10,19.642822265625
401,1,12,10.166507720947266
401,2,12,10.739694595336914
401,3,12,10.114654541015625
401,4,12,10.834253311157227
401,5,12,10.279067993164062
401,6,12,10.617034912109375
401,7,12,11.049300193786621
401,8,12,10.902470588684082
401,9,12,11.355252265930176
401,10,12,11.605420112609863
401,11,12,12.146713256835938
401,12,12,12.488923072814941
402,1,4,7.433377742767334
402,2,4,8.959805488586426
402,3,4,8.691384315490723
402,4,4,8.688910484313965
402,5,4,9.773640632629395
402,6,4,9.691012382507324
402,7,4,9.007174491882324
402,8,4,10.052279472351074
402,9,4,9.798572540283203
402,10,4,10.037038803100586
402,11,4,10.773950576782227
402,12,4,9.930462837219238
403,1,8,6.675389766693115
403,2,8,6.3587846755981445
403,3,8,7.401946067810059
403,4,8,7.948099613189697
403,5,8,8.68732738494873
403,6,8,8.480390548706055
403,7,8,9.687036514282227
403,8,8,8.958924293518066
403,9,8,8.871438980102539
403,10,8,8.81661605834961
403,11,8,8.809925079345703
403,12,8,8.67520809173584
404,1,12,9.564976692199707
404,2,12,9.01272201538086
404,3,12,9.209084510803223
404,4,12,5.413666248321533
404,5,12,8.974004745483398
404,6,12,9.037652015686035
404,7,12,8.974472999572754
404,8,12,8.896595001220703
404,9,12,9.282880783081055
404,10,12,9.605100631713867
404,11,12,9.674866676330566
404,12,12,9.493483543395996
405,1,10,0.0
405,2,10,0.0
405,3,10,0.0
405,4,10,9.059728622436523
405,5,10,5.965104103088379
405,6,10,8.678807258605957
405,7,10,7.770081043243408
405,8,10,8.5927095413208
405,9,10,9.662541389465332
405,10,10,9.08712100982666
405,11,10,9.150540351867676
405,12,10,8.082716941833496
406,1,5,6.847646713256836
406,2,5,10.917997360229492
406,3,5,10.93679428100586
406,4,5,11.033551216125488
406,5,5,10.39639949798584
406,6,5,11.064860343933105
406,7,5,11.287591934204102
406,8,5,11.200343132019043
406,9,5,11.658102989196777
406,10,5,12.28714656829834
406,11,5,7.197047233581543
406,12,5,10.995390892028809
407,1,10,11.465534210205078
407,2,10,12.195545196533203
407,3,10,12.865489959716797
407,4,10,13.212671279907227
407,5,10,13.18443775177002
407,6,10,13.596600532531738
407,7,10,13.646683692932129
407,8,10,14.010335922241211
407,9,10,14.148154258728027
407,10,10,14.284488677978516
407,11,10,14.36000919342041
407,12,10,14.493354797363281
408,1,10,10.961052894592285
408,2,10,10.563222885131836
408,3,10,10.656258583068848
408,4,10,10.679780960083008
408,5,10,10.572132110595703
408,6,10,10.821876525878906
408,7,10,10.819381713867188
408,8,10,10.684107780456543
408,9,10,10.356194496154785
408,10,10,11.297286987304688
408,11,10,10.078842163085938
408,12,10,10.50421142578125
409,1,12,9.203999519348145
409,2,12,9.00637435913086
409,3,12,9.03242015838623
409,4,12,9.115303993225098
409,5,12,9.367762565612793
409,6,12,9.145184516906738
409,7,12,8.997640609741211
409,8,12,9.366475105285645
409,9,12,7.120241165161133
409,10,12,9.129859924316406
409,11,12,10.198442459106445
409,12,12,10.02563762664795
410,1,4,8.55839729309082
410,2,4,8.747893333435059
410,3,4,8.536792755126953
410,4,4,8.413933753967285
410,5,4,8.500823974609375
410,6,4,9.58259105682373
410,7,4,9.043644905090332
410,8,4,9.469895362854004
410,9,4,9.121874809265137
410,10,4,8.092830657958984
410,11,4,9.5342435836792
410,12,4,9.688318252563477
411,1,3,6.083965301513672
411,2,3,9.995722770690918
411,3,3,10.919100761413574
411,4,3,10.461470603942871
411,5,3,10.23656940460205
411,6,3,10.462389945983887
411,7,3,12.22543716430664
411,8,3,11.485139846801758
411,9,3,11.46047592163086
411,10,3,10.934910774230957
411,11,3,11.073144912719727
411,12,3,9.485501289367676
412,1,12,10.242630958557129
412,2,12,10.624295234680176
412,3,12,10.5922269821167
412,4,12,10.416897773742676
412,5,12,10.451329231262207
412,6,12,10.538043022155762
412,7,12,10.693777084350586
412,8,12,10.724684715270996
412,9,12,10.514124870300293
412,10,12,11.027841567993164
412,11,12,11.000587463378906
412,12,12,11.134124755859375
413,1,4,7.497469902038574
413,2,4,8.127360343933105
413,3,4,8.517292976379395
413,4,4,7.556159019470215
413,5,4,9.63453197479248
413,6,4,9.572922706604004
413,7,4,9.456558227539062
413,8,4,9.30098819732666
413,9,4,9.762792587280273
413,10,4,9.955023765563965
413,11,4,9.9758939743042
413,12,4,5.203402042388916
414,1,12,8.590546607971191
414,2,12,9.718643188476562
414,3,12,9.409993171691895
414,4,12,8.810503959655762
414,5,12,9.501835823059082
414,6,12,0.0
414,7,12,7.4207987785339355
414,8,12,8.525856018066406
414,9,12,5.8163161277771
414,10,12,6.29379415512085
414,11,12,9.733142852783203
414,12,12,9.825151443481445
415,1,12,10.496162414550781
415,2,12,11.09243106842041
415,3,12,12.00351619720459
415,4,12,11.856350898742676
415,5,12,12.079230308532715
415,6,12,12.041354179382324
415,7,12,11.79897403717041
415,8,12,11.488844871520996
415,9,12,11.633737564086914
415,10,12,12.692070007324219
415,11,12,12.25783920288086
415,12,12,13.020956039428711
416,1,7,10.570769309997559
416,2,7,10.709064483642578
416,3,7,10.887104034423828
416,4,7,10.557469367980957
416,5,7,11.428617477416992
416,6,7,9.282981872558594
416,7,7,10.414800643920898
416,8,7,10.90002155303955
416,9,7,10.420228004455566
416,10,7,11.048050880432129
416,11,7,12.438690185546875
416,12,7,11.483030319213867
417,1,11,9.082792282104492
417,2,11,9.245536804199219
417,3,11,10.734511375427246
417,4,11,9.808492660522461
417,5,11,8.032257080078125
417,6,11,9.601245880126953
417,7,11,8.286927223205566
417,8,11,7.222089767456055
417,9,11,7.368120193481445
417,10,11,9.791011810302734
417,11,11,9.436883926391602
417,12,11,10.884422302246094
418,1,2,8.902235984802246
418,2,2,9.91901683807373
418,3,2,10.258503913879395
418,4,2,10.388187408447266
418,5,2,10.32452392578125
418,6,2,10.880766868591309
418,7,2,10.298474311828613
418,8,2,9.986042022705078
418,9,2,9.897916793823242
418,10,2,10.43562126159668
418,11,2,10.087827682495117
418,12,2,10.139009475708008
419,1,2,8.990070343017578
419,2,2,7.971930027008057
419,3,2,9.29140567779541
419,4,2,8.07785415649414
419,5,2,8.844176292419434
419,6,2,8.936727523803711
419,7,2,8.911676406860352
419,8,2,8.79168701171875
419,9,2,8.247556686401367
419,10,2,9.118879318237305
419,11,2,8.490599632263184
419,12,2,7.529561996459961
420,1,11,5.045769214630127
420,2,11,9.522424697875977
420,3,11,9.981128692626953
420,4,11,10.295584678649902
420,5,11,9.698762893676758
420,6,11,10.634736061096191
420,7,11,10.380274772644043
420,8,11,10.54194450378418
420,9,11,10.169534683227539
420,10,11,10.649703979492188
420,11,11,10.999832153320312
420,12,11,11.149001121520996
421,1,12,6.160758972167969
421,2,12,8.712327003479004
421,3,12,9.840812683105469
421,4,12,9.820058822631836
421,5,12,9.592641830444336
421,6,12,9.75900936126709
421,7,12,6.443615913391113
421,8,12,8.257643699645996
421,9,12,9.015864372253418
421,10,12,10.751913070678711
421,11,12,10.694282531738281
421,12,12,10.272809982299805
422,1,12,11.160685539245605
422,2,12,11.556504249572754
422,3,12,11.309758186340332
422,4,12,12.092000961303711
422,5,12,11.545943260192871
422,6,12,12.122641563415527
422,7,12,11.766926765441895
422,8,12,12.192232131958008
422,9,12,12.44342041015625
422,10,12,11.484025001525879
422,11,12,12.23437213897705
422,12,12,12.062568664550781
423,1,9,14.177565574645996
423,2,9,14.061115264892578
423,3,9,14.312938690185547
423,4,9,14.510876655578613
423,5,9,14.671640396118164
423,6,9,14.775924682617188
423,7,9,15.0862455368042
423,8,9,15.202329635620117
423,9,9,15.34991455078125
423,10,9,15.488936424255371
423,11,9,15.719698905944824
423,12,9,15.803478240966797
424,1,12,8.862977027893066
424,2,12,9.083996772766113
424,3,12,9.169306755065918
424,4,12,4.390649318695068
424,5,12,7.213008403778076
424,6,12,9.903326988220215
424,7,12,10.285171508789062
424,8,12,9.796631813049316
424,9,12,11.03818130493164
424,10,12,11.683709144592285
424,11,12,11.685885429382324
424,12,12,11.327434539794922
425,1,,9.470085144042969
425,2,,9.823841094970703
425,3,,10.0369291305542
425,4,,8.299010276794434
425,5,,9.396323204040527
425,6,,10.613954544067383
425,7,,8.390694618225098
425,8,,9.386707305908203
425,9,,10.443460464477539
425,10,,8.192275047302246
425,11,,7.0430908203125
425,12,,9.482041358947754
426,1,10,4.216554641723633
426,2,10,9.66956615447998
426,3,10,8.680702209472656
426,4,10,9.391886711120605
426,5,10,9.159849166870117
426,6,10,9.310395240783691
426,7,10,9.754071235656738
426,8,10,9.635627746582031
426,9,10,7.834023952484131
426,10,10,9.68991756439209
426,11,10,9.412615776062012
426,12,10,8.882001876831055
427,1,4,9.106624603271484
427,2,4,10.057024955749512
427,3,4,10.331230163574219
427,4,4,10.42713737487793
427,5,4,10.074079513549805
427,6,4,9.985962867736816
427,7,4,10.359390258789062
427,8,4,10.604887962341309
427,9,4,10.233915328979492
427,10,4,10.056696891784668
427,11,4,10.66836166381836
427,12,4,10.8529052734375
428,1,2,8.55064868927002
428,2,2,9.419302940368652
428,3,2,10.384160995483398
428,4,2,9.101234436035156
428,5,2,9.370356559753418
428,6,2,9.44046688079834
428,7,2,9.334717750549316
428,8,2,9.423808097839355
428,9,2,5.829598426818848
428,10,2,8.954798698425293
428,11,2,8.477157592773438
428,12,2,9.29211711883545
429,1,7,10.354390144348145
429,2,7,10.46670150756836
429,3,7,10.412474632263184
429,4,7,10.662773132324219
429,5,7,10.43215560913086
429,6,7,10.966641426086426
429,7,7,8.433704376220703
429,8,7,12.20483112335205
429,9,7,11.593705177307129
429,10,7,11.871734619140625
429,11,7,11.829231262207031
429,12,7,11.765886306762695
430,1,8,8.693709373474121
430,2,8,8.568312644958496
430,3,8,8.663286209106445
430,4,8,8.582744598388672
430,5,8,9.009398460388184
430,6,8,8.422872543334961
430,7,8,9.208327293395996
430,8,8,9.701549530029297
430,9,8,9.518437385559082
430,10,8,9.421255111694336
430,11,8,9.59255599975586
430,12,8,9.331791877746582
431,1,9,7.344427108764648
431,2,9,8.318203926086426
431,3,9,8.7529935836792
431,4,9,8.712689399719238
431,5,9,8.44351577758789
431,6,9,9.163816452026367
431,7,9,8.884431838989258
431,8,9,9.335699081420898
431,9,9,9.55321216583252
431,10,9,9.19371509552002
431,11,9,9.813298225402832
431,12,9,7.118712902069092
432,1,2,5.068539142608643
432,2,2,8.620784759521484
432,3,2,10.965723991394043
432,4,2,10.154048919677734
432,5,2,9.515913963317871
432,6,2,10.65350341796875
432,7,2,11.738542556762695
432,8,2,11.962916374206543
432,9,2,11.79203987121582
432,10,2,10.64228630065918
432,11,2,10.80461311340332
432,12,2,10.306864738464355
433,1,12,10.63265323638916
433,2,12,12.198244094848633
433,3,12,11.277332305908203
433,4,12,11.5271635055542
433,5,12,11.584936141967773
433,6,12,11.675677299499512
433,7,12,11.520955085754395
433,8,12,11.385441780090332
433,9,12,9.62582015991211
433,10,12,11.949100494384766
433,11,12,11.374876022338867
433,12,12,11.851109504699707
434,1,7,8.341166496276855
434,2,7,8.478143692016602
434,3,7,7.74813175201416
434,4,7,7.143028736114502
434,5,7,7.208770275115967
434,6,7,8.495011329650879
434,7,7,8.569662094116211
434,8,7,8.559414863586426
434,9,7,9.936705589294434
434,10,7,7.524238586425781
434,11,7,8.341084480285645
434,12,7,8.28153133392334
435,1,2,9.528117179870605
435,2,2,8.740194320678711
435,3,2,9.27602481842041
435,4,2,9.323480606079102
435,5,2,8.94422721862793
435,6,2,9.581664085388184
435,7,2,9.339156150817871
435,8,2,9.873956680297852
435,9,2,9.068453788757324
435,10,2,9.430715560913086
435,11,2,9.163396835327148
435,12,2,9.87932300567627
436,1,7,9.820829391479492
436,2,7,9.92325496673584
436,3,7,10.009902954101562
436,4,7,10.493118286132812
436,5,7,11.038161277770996
436,6,7,10.67031478881836
436,7,7,10.6918306350708
436,8,7,10.764796257019043
436,9,7,10.201772689819336
436,10,7,10.011384010314941
436,11,7,10.589555740356445
436,12,7,10.502267837524414
437,1,6,8.849871635437012
437,2,6,9.123392105102539
437,3,6,0.0
437,4,6,9.881933212280273
437,5,6,8.805472373962402
437,6,6,3.8001620769500732
437,7,6,0.0
437,8,6,4.139340877532959
437,9,6,7.5059003829956055
437,10,6,9.987732887268066
437,11,6,9.857861518859863
437,12,6,10.00893783569336
438,1,11,5.045769214630127
438,2,11,9.875448226928711
438,3,11,9.78355884552002
438,4,11,9.621367454528809
438,5,11,9.689112663269043
438,6,11,9.774665832519531
438,7,11,9.748530387878418
438,8,11,9.61713981628418
438,9,11,9.682621955871582
438,10,11,9.977605819702148
438,11,11,10.07680892944336
438,12,11,10.130351066589355
439,1,10,8.74885368347168
439,2,10,9.79172420501709
439,3,10,9.019789695739746
439,4,10,9.05080795288086
439,5,10,9.09105110168457
439,6,10,7.900935173034668
439,7,10,9.881844520568848
439,8,10,8.675201416015625
439,9,10,8.836761474609375
439,10,10,10.397855758666992
439,11,10,10.945688247680664
439,12,10,10.055237770080566
440,1,12,10.366999626159668
440,2,12,11.421551704406738
440,3,12,10.600870132446289
440,4,12,10.670243263244629
440,5,12,10.04534912109375
440,6,12,10.62374210357666
440,7,12,10.88540267944336
440,8,12,10.854028701782227
440,9,12,11.420120239257812
440,10,12,12.03393840789795
440,11,12,11.937612533569336
440,12,12,11.476668357849121
441,1,10,10.512523651123047
441,2,10,10.936710357666016
441,3,10,11.161211967468262
441,4,10,11.459575653076172
441,5,10,11.387578964233398
441,6,10,9.922361373901367
441,7,10,10.550209045410156
441,8,10,10.627344131469727
441,9,10,10.910778045654297
441,10,10,12.0538969039917
441,11,10,12.615629196166992
441,12,10,12.670236587524414
442,1,7,9.917611122131348
442,2,7,9.465219497680664
442,3,7,9.581974983215332
442,4,7,9.466581344604492
442,5,7,9.70992660522461
442,6,7,9.45827579498291
442,7,7,10.267850875854492
442,8,7,10.093705177307129
442,9,7,10.355039596557617
442,10,7,10.239235877990723
442,11,7,10.600196838378906
442,12,7,10.932930946350098
443,1,,9.1664457321167
443,2,,9.008951187133789
443,3,,9.850239753723145
443,4,,9.043453216552734
443,5,,8.76797103881836
443,6,,7.296063423156738
443,7,,7.775053977966309
443,8,,8.43753433227539
443,9,,8.290253639221191
443,10,,8.381598472595215
443,11,,7.976313591003418
443,12,,7.788078784942627
444,1,9,7.8819122314453125
444,2,9,7.811034202575684
444,3,9,7.6483683586120605
444,4,9,7.808623313903809
444,5,9,0.0
444,6,9,9.129180908203125
444,7,9,8.611530303955078
444,8,9,9.676575660705566
444,9,9,9.992015838623047
444,10,9,10.325035095214844
444,11,9,10.303274154663086
444,12,9,10.679320335388184
445,1,3,6.818946361541748
445,2,3,7.169896125793457
445,3,3,0.0
445,4,3,8.354674339294434
445,5,3,0.0
445,6,3,8.105589866638184
445,7,3,7.567751884460449
445,8,3,8.461807250976562
445,9,3,2.9791433811187744
445,10,3,10.367831230163574
445,11,3,1.8666764497756958
445,12,3,9.001187324523926
446,1,7,9.225271224975586
446,2,7,10.22550106048584
446,3,7,10.611733436584473
446,4,7,10.611923217773438
446,5,7,10.480459213256836
446,6,7,10.93591594696045
446,7,7,11.221179008483887
446,8,7,11.71920108795166
446,9,7,10.913938522338867
446,10,7,10.738080024719238
446,11,7,7.140026569366455
446,12,7,7.196918964385986
447,1,8,8.609111785888672
447,2,8,10.310670852661133
447,3,8,10.730924606323242
447,4,8,10.672257423400879
447,5,8,10.461849212646484
447,6,8,11.517651557922363
447,7,8,10.393301963806152
447,8,8,11.531889915466309
447,9,8,11.542258262634277
447,10,8,11.584436416625977
447,11,8,11.003177642822266
447,12,8,10.631247520446777
448,1,12,7.586164951324463
448,2,12,7.654517650604248
448,3,12,8.654158592224121
448,4,12,8.926379203796387
448,5,12,8.747047424316406
448,6,12,9.757448196411133
448,7,12,9.454963684082031
448,8,12,9.69465446472168
448,9,12,9.361016273498535
448,10,12,9.498021125793457
448,11,12,8.600677490234375
448,12,12,8.78544807434082
449,1,3,9.010133743286133
449,2,3,9.319622993469238
449,3,3,10.0598726272583
449,4,3,10.07030200958252
449,5,3,9.880311012268066
449,6,3,9.767112731933594
449,7,3,8.862372398376465
449,8,3,9.997288703918457
449,9,3,10.44418716430664
449,10,3,11.297043800354004
449,11,3,11.050385475158691
449,12,3,9.798456192016602
450,1,11,9.588289260864258
450,2,11,10.529217720031738
450,3,11,9.478287696838379
450,4,11,8.273411750793457
450,5,11,9.219747543334961
450,6,11,5.049605846405029
450,7,11,5.754103183746338
450,8,11,7.626760482788086
450,9,11,6.653046131134033
450,10,11,10.09037971496582
450,11,11,10.51240062713623
450,12,11,10.371923446655273
451,1,10,8.45819091796875
451,2,10,8.662042617797852
451,3,10,8.500997543334961
451,4,10,9.396353721618652
451,5,10,8.979228973388672
451,6,10,9.271157264709473
451,7,10,9.029396057128906
451,8,10,8.819231033325195
451,9,10,8.971000671386719
451,10,10,8.79960823059082
451,11,10,9.036437034606934
451,12,10,8.806489944458008
452,1,10,0.0
452,2,10,8.297565460205078
452,3,10,6.859281539916992
452,4,10,0.0
452,5,10,9.713357925415039
452,6,10,10.15811824798584
452,7,10,10.72985553741455
452,8,10,11.078995704650879
452,9,10,10.758003234863281
452,10,10,9.714433670043945
452,11,10,9.46195125579834
452,12,10,9.159147262573242
453,1,12,12.642415046691895
453,2,12,12.730934143066406
453,3,12,12.820799827575684
453,4,12,12.960439682006836
453,5,12,13.004101753234863
453,6,12,13.077613830566406
453,7,12,13.271886825561523
453,8,12,13.21516227722168
453,9,12,13.391715049743652
453,10,12,13.556690216064453
453,11,12,13.70186996459961
453,12,12,13.757235527038574
454,1,12,11.695584297180176
454,2,12,11.909771919250488
454,3,12,12.200336456298828
454,4,12,12.132272720336914
454,5,12,12.114860534667969
454,6,12,12.259536743164062
454,7,12,12.255705833435059
454,8,12,12.425310134887695
454,9,12,12.674696922302246
454,10,12,12.790779113769531
454,11,12,12.9992094039917
454,12,12,13.017241477966309
455,1,11,11.605173110961914
455,2,11,11.910164833068848
455,3,11,11.892598152160645
455,4,11,12.247821807861328
455,5,11,12.792202949523926
455,6,11,12.350455284118652
455,7,11,12.238612174987793
455,8,11,12.788262367248535
455,9,11,12.531558990478516
455,10,11,12.924001693725586
455,11,11,12.954108238220215
455,12,11,12.950335502624512
456,1,6,9.11478042602539
456,2,6,8.588269233703613
456,3,6,8.4910888671875
456,4,6,11.620658874511719
456,5,6,8.0222749710083
456,6,6,8.680100440979004
456,7,6,8.30820083618164
456,8,6,9.58922290802002
456,9,6,9.243419647216797
456,10,6,9.723520278930664
456,11,6,8.844562530517578
456,12,6,6.80168342590332
457,1,4,10.251057624816895
457,2,4,10.23229694366455
457,3,4,10.16316032409668
457,4,4,10.11470890045166
457,5,4,10.003110885620117
457,6,4,10.018071174621582
457,7,4,10.329626083374023
457,8,4,10.227557182312012
457,9,4,10.186461448669434
457,10,4,10.741925239562988
457,11,4,9.902255058288574
457,12,4,9.765439987182617
458,1,12,9.249367713928223
458,2,12,9.153584480285645
458,3,12,8.973179817199707
458,4,12,9.44178295135498
458,5,12,8.996817588806152
458,6,12,9.68844985961914
458,7,12,9.206085205078125
458,8,12,9.192220687866211
458,9,12,9.081792831420898
458,10,12,9.568583488464355
458,11,12,8.500669479370117
458,12,12,9.016999244689941
459,1,9,10.453142166137695
459,2,9,9.719114303588867
459,3,9,9.317126274108887
459,4,9,9.22789192199707
459,5,9,9.560065269470215
459,6,9,11.663741111755371
459,7,9,12.314358711242676
459,8,9,11.918364524841309
459,9,9,11.806353569030762
459,10,9,12.517962455749512
459,11,9,12.533425331115723
459,12,9,12.556706428527832
460,1,,10.644781112670898
460,2,,7.375399589538574
460,3,,7.555321216583252
460,4,,7.934762001037598
460,5,,7.979707717895508
460,6,,7.696173191070557
460,7,,8.764043807983398
460,8,,8.343154907226562
460,9,,9.021023750305176
460,10,,9.344886779785156
460,11,,9.828282356262207
460,12,,7.745747089385986
461,1,7,14.78857421875
461,2,7,14.709396362304688
461,3,7,14.644013404846191
461,4,7,14.816737174987793
461,5,7,14.800603866577148
461,6,7,15.038386344909668
461,7,7,14.966557502746582
461,8,7,15.02650260925293
461,9,7,15.28848648071289
461,10,7,15.264162063598633
461,11,7,15.849113464355469
461,12,7,15.533721923828125
462,1,11,9.515864372253418
462,2,11,0.0
462,3,11,9.413026809692383
462,4,11,9.576896667480469
462,5,11,9.56513500213623
462,6,11,9.514225006103516
462,7,11,9.454632759094238
462,8,11,8.848105430603027
462,9,11,8.577349662780762
462,10,11,6.116222381591797
462,11,11,6.011885643005371
462,12,11,4.699206829071045
463,1,10,11.937870979309082
463,2,10,12.233929634094238
463,3,10,12.083266258239746
463,4,10,12.179969787597656
463,5,10,12.296538352966309
463,6,10,12.45475959777832
463,7,10,12.701444625854492
463,8,10,13.093971252441406
463,9,10,13.309499740600586
463,10,10,13.459863662719727
463,11,10,14.03102970123291
463,12,10,14.335614204406738
464,1,11,10.193143844604492
464,2,11,8.549878120422363
464,3,11,9.161982536315918
464,4,11,10.419991493225098
464,5,11,9.633606910705566
464,6,11,8.705805778503418
464,7,11,8.904962539672852
464,8,11,7.700085163116455
464,9,11,7.628931999206543
464,10,11,9.659046173095703
464,11,11,10.6365327835083
464,12,11,11.253830909729004
465,1,11,8.647603034973145
465,2,11,8.785277366638184
465,3,11,8.34170150756836
465,4,11,8.357754707336426
465,5,11,7.915599822998047
465,6,11,8.10960578918457
465,7,11,7.56170129776001
465,8,11,7.683738708496094
465,9,11,7.765183925628662
465,10,11,7.872349262237549
465,11,11,6.357217788696289
465,12,11,6.285215854644775
466,1,12,10.410398483276367
466,2,12,11.175860404968262
466,3,12,11.26205062866211
466,4,12,11.73723316192627
466,5,12,11.432547569274902
466,6,12,11.83517074584961
466,7,12,11.774360656738281
466,8,12,12.228609085083008
466,9,12,12.17128849029541
466,10,12,11.549277305603027
466,11,12,11.701387405395508
466,12,12,11.271852493286133
467,1,5,8.669812202453613
467,2,5,8.606449127197266
467,3,5,8.439596176147461
467,4,5,8.775598526000977
467,5,5,9.182683944702148
467,6,5,9.180936813354492
467,7,5,9.302638053894043
467,8,5,9.229899406433105
467,9,5,9.022817611694336
467,10,5,9.415919303894043
467,11,5,9.913470268249512
467,12,5,9.819753646850586
468,1,11,8.27535343170166
468,2,11,8.822436332702637
468,3,11,3.621166944503784
468,4,11,0.0
468,5,11,7.7110700607299805
468,6,11,10.484716415405273
468,7,11,10.201221466064453
468,8,11,10.814051628112793
468,9,11,11.050333976745605
468,10,11,10.090027809143066
468,11,11,11.091408729553223
468,12,11,11.715914726257324
469,1,3,11.055671691894531
469,2,3,10.709391593933105
469,3,3,11.198036193847656
469,4,3,11.221949577331543
469,5,3,11.89415168762207
469,6,3,12.03640079498291
469,7,3,12.177408218383789
469,8,3,12.263518333435059
469,9,3,12.382357597351074
469,10,3,12.537429809570312
469,11,3,12.742288589477539
469,12,3,12.752732276916504
470,1,3,11.850854873657227
470,2,3,12.266797065734863
470,3,3,12.303272247314453
470,4,3,11.707180976867676
470,5,3,11.986368179321289
470,6,3,12.689654350280762
470,7,3,11.87462329864502
470,8,3,12.290138244628906
470,9,3,12.212900161743164
470,10,3,12.497751235961914
470,11,3,12.876228332519531
470,12,3,13.113195419311523
471,1,10,10.232538223266602
471,2,10,8.871460914611816
471,3,10,10.42690372467041
471,4,10,8.778732299804688
471,5,10,9.696939468383789
471,6,10,9.615887641906738
471,7,10,9.008148193359375
471,8,10,8.693463325500488
471,9,10,8.470589637756348
471,10,10,9.168708801269531
471,11,10,9.451120376586914
471,12,10,9.164668083190918
472,1,,9.770302772521973
472,2,,9.772845268249512
472,3,,9.775023460388184
472,4,,10.01354694366455
472,5,,9.898386001586914
472,6,,10.358992576599121
472,7,,10.236320495605469
472,8,,7.876501083374023
472,9,,8.371891975402832
472,10,,9.04498291015625
472,11,,9.150615692138672
472,12,,8.82922649383545
473,1,9,10.409915924072266
473,2,9,10.410456657409668
473,3,9,10.354659080505371
473,4,9,10.37998104095459
473,5,9,10.633179664611816
473,6,9,11.283757209777832
473,7,9,10.945707321166992
473,8,9,10.832179069519043
473,9,9,11.144790649414062
473,10,9,11.855897903442383
473,11,9,12.285378456115723
473,12,9,11.64895248413086
474,1,11,9.717666625976562
474,2,11,8.464629173278809
474,3,11,9.21427059173584
474,4,11,10.089277267456055
474,5,11,9.164867401123047
474,6,11,9.619728088378906
474,7,11,9.166440963745117
474,8,11,9.302363395690918
474,9,11,0.0
474,10,11,8.923084259033203
474,11,11,9.02387809753418
474,12,11,8.994749069213867
475,1,6,8.421284675598145
475,2,6,10.665718078613281
475,3,6,10.499734878540039
475,4,6,10.583101272583008
475,5,6,10.303775787353516
475,6,6,9.823168754577637
475,7,6,10.953211784362793
475,8,6,10.680219650268555
475,9,6,9.47968578338623
475,10,6,9.757095336914062
475,11,6,10.26589298248291
475,12,6,9.87085247039795
476,1,12,10.53957748413086
476,2,12,10.927400588989258
476,3,12,10.37265396118164
476,4,12,10.961188316345215
476,5,12,10.326416015625
476,6,12,10.543425559997559
476,7,12,10.964876174926758
476,8,12,10.157623291015625
476,9,12,10.437943458557129
476,10,12,10.918700218200684
476,11,12,10.8040189743042
476,12,12,11.03306770324707
477,1,12,10.158860206604004
477,2,12,10.811491012573242
477,3,12,10.586289405822754
477,4,12,11.761059761047363
477,5,12,10.873613357543945
477,6,12,12.136368751525879
477,7,12,11.262081146240234
477,8,12,10.598018646240234
477,9,12,11.98373031616211
477,10,12,11.213602066040039
477,11,12,11.358010292053223
477,12,12,11.246197700500488
478,1,10,0.0
478,2,10,8.137205123901367
478,3,10,7.7893877029418945
478,4,10,8.17969036102295
478,5,10,4.875863552093506
478,6,10,5.027312755584717
478,7,10,5.427496433258057
478,8,10,7.171073913574219
478,9,10,5.258272171020508
478,10,10,6.218286514282227
478,11,10,10.622974395751953
478,12,10,9.609933853149414
479,1,12,0.0
479,2,12,9.988840103149414
479,3,12,9.814420700073242
479,4,12,9.541360855102539
479,5,12,9.821227073669434
479,6,12,9.242376327514648
479,7,12,9.058253288269043
479,8,12,9.209672927856445
479,9,12,8.953057289123535
479,10,12,7.749199867248535
479,11,12,9.878369331359863
479,12,12,8.08517837524414
480,1,2,9.442817687988281
480,2,2,6.509704113006592
480,3,2,6.470979690551758
480,4,2,7.5866475105285645
480,5,2,8.473151206970215
480,6,2,9.368386268615723
480,7,2,10.490035057067871
480,8,2,9.7090425491333
480,9,2,9.880859375
480,10,2,10.287320137023926
480,11,2,10.171530723571777
480,12,2,9.675692558288574
481,1,11,0.0
481,2,11,0.0
481,3,11,7.43760347366333
481,4,11,0.0
481,5,11,0.0
481,6,11,9.992195129394531
481,7,11,8.502328872680664
481,8,11,6.740704536437988
481,9,11,6.624416351318359
481,10,11,7.317510604858398
481,11,11,5.296737194061279
481,12,11,9.747395515441895
482,1,12,10.336250305175781
482,2,12,7.762387752532959
482,3,12,7.494763374328613
482,4,12,7.808133125305176
482,5,12,6.205227375030518
482,6,12,9.312894821166992
482,7,12,8.182287216186523
482,8,12,7.872148513793945
482,9,12,7.152037620544434
482,10,12,9.009842872619629
482,11,12,8.501776695251465
482,12,12,6.332337856292725
483,1,12,11.516410827636719
483,2,12,11.842374801635742
483,3,12,13.06350326538086
483,4,12,13.41650676727295
483,5,12,11.47754192352295
483,6,12,10.883554458618164
483,7,12,11.32140064239502
483,8,12,13.560544967651367
483,9,12,12.478911399841309
483,10,12,12.7136869430542
483,11,12,12.234804153442383
483,12,12,12.145554542541504
484,1,11,0.0
484,2,11,11.854598045349121
484,3,11,9.407954216003418
484,4,11,11.658306121826172
484,5,11,10.897001266479492
484,6,11,11.09569263458252
484,7,11,11.085410118103027
484,8,11,11.17320442199707
484,9,11,10.995572090148926
484,10,11,11.676703453063965
484,11,11,11.999288558959961
484,12,11,11.308521270751953
485,1,12,14.239028930664062
485,2,12,15.02138900756836
485,3,12,15.417902946472168
485,4,12,15.614890098571777
485,5,12,15.394984245300293
485,6,12,13.023114204406738
485,7,12,13.315934181213379
485,8,12,13.9295654296875
485,9,12,13.699652671813965
485,10,12,14.613038063049316
485,11,12,14.06482982635498
485,12,12,13.944778442382812
486,1,11,7.815855503082275
486,2,11,7.398200035095215
486,3,11,6.880300521850586
486,4,11,8.118395805358887
486,5,11,7.199153423309326
486,6,11,9.494223594665527
486,7,11,10.088982582092285
486,8,11,9.919819831848145
486,9,11,8.070154190063477
486,10,11,7.17860221862793
486,11,11,7.070176124572754
486,12,11,7.099201679229736
487,1,10,9.023442268371582
487,2,10,7.296087265014648
487,3,10,9.943615913391113
487,4,10,10.018210411071777
487,5,10,9.722132682800293
487,6,10,9.882210731506348
487,7,10,10.143363952636719
487,8,10,10.336118698120117
487,9,10,10.368160247802734
487,10,10,10.336734771728516
487,11,10,10.3934907913208
487,12,10,10.214590072631836
488,1,8,15.227705955505371
488,2,8,15.423583984375
488,3,8,15.58795166015625
488,4,8,15.770455360412598
488,5,8,15.905619621276855
488,6,8,15.967523574829102
488,7,8,16.243501663208008
488,8,8,15.801663398742676
488,9,8,16.057437896728516
488,10,8,16.65217399597168
488,11,8,16.840229034423828
488,12,8,16.854934692382812
489,1,10,10.004536628723145
489,2,10,9.960046768188477
489,3,10,9.644265174865723
489,4,10,9.80262279510498
489,5,10,9.446072578430176
489,6,10,7.776925563812256
489,7,10,6.728847026824951
489,8,10,0.0
489,9,10,5.828437805175781
489,10,10,10.746647834777832
489,11,10,11.393710136413574
489,12,10,11.512378692626953
490,1,,6.771818161010742
490,2,,4.554017543792725
490,3,,6.426025867462158
490,4,,6.104000568389893
490,5,,6.628096580505371
490,6,,7.87226676940918
490,7,,6.614436149597168
490,8,,4.904717922210693
490,9,,7.52338981628418
490,10,,6.450819492340088
490,11,,9.271393775939941
490,12,,8.975163459777832
491,1,12,13.316415786743164
491,2,12,13.948183059692383
491,3,12,13.261625289916992
491,4,12,13.500117301940918
491,5,12,12.029829025268555
491,6,12,13.974884986877441
491,7,12,13.962965965270996
491,8,12,14.094705581665039
491,9,12,13.91102409362793
491,10,12,14.02619457244873
491,11,12,14.309654235839844
491,12,12,14.512547492980957
492,1,12,11.4868803024292
492,2,12,9.252703666687012
492,3,12,11.688281059265137
492,4,12,10.972182273864746
492,5,12,10.969189643859863
492,6,12,11.27607250213623
492,7,12,11.087209701538086
492,8,12,11.108827590942383
492,9,12,10.885091781616211
492,10,12,11.30920124053955
492,11,12,11.293952941894531
492,12,12,12.090997695922852
493,1,11,7.711818695068359
493,2,11,9.111178398132324
493,3,11,9.20202922821045
493,4,11,8.990815162658691
493,5,11,9.810606956481934
493,6,11,9.7719087600708
493,7,11,9.260356903076172
493,8,11,7.904454231262207
493,9,11,9.686234474182129
493,10,11,8.271783828735352
493,11,11,8.853446006774902
493,12,11,8.56314468383789
494,1,11,9.417511940002441
494,2,11,10.057567596435547
494,3,11,10.040050506591797
494,4,11,9.600465774536133
494,5,11,9.587413787841797
494,6,11,9.552366256713867
494,7,11,9.506030082702637
494,8,11,8.586764335632324
494,9,11,10.488801002502441
494,10,11,10.553483009338379
494,11,11,9.518750190734863
494,12,11,10.482895851135254
495,1,,7.537876129150391
495,2,,8.49372673034668
495,3,,9.34067440032959
495,4,,9.806046485900879
495,5,,9.203171730041504
495,6,,7.812446117401123
495,7,,9.983743667602539
495,8,,8.942497253417969
495,9,,8.286595344543457
495,10,,9.5418119430542
495,11,,9.437195777893066
495,12,,10.898813247680664
496,1,11,5.272249698638916
496,2,11,7.5893707275390625
496,3,11,7.500823974609375
496,4,11,8.162728309631348
496,5,11,7.056914806365967
496,6,11,9.82510757446289
496,7,11,8.790922164916992
496,8,11,7.346163272857666
496,9,11,7.622049331665039
496,10,11,7.05047082901001
496,11,11,8.070304870605469
496,12,11,8.48604965209961
497,1,10,9.796653747558594
497,2,10,9.624308586120605
497,3,10,11.184401512145996
497,4,10,11.189847946166992
497,5,10,11.519113540649414
497,6,10,10.73799991607666
497,7,10,10.9488525390625
497,8,10,11.568629264831543
497,9,10,11.377849578857422
497,10,10,11.395682334899902
497,11,10,11.285612106323242
497,12,10,11.232123374938965
498,1,3,8.983657836914062
498,2,3,10.044744491577148
498,3,3,10.044717788696289
498,4,3,10.917407989501953
498,5,3,10.497003555297852
498,6,3,9.873709678649902
498,7,3,10.462634086608887
498,8,3,9.50903034210205
498,9,3,10.301410675048828
498,10,3,10.905302047729492
498,11,3,11.107748985290527
498,12,3,11.813492774963379
499,1,12,7.9299235343933105
499,2,12,8.528875350952148
499,3,12,9.231796264648438
499,4,12,7.446349143981934
499,5,12,11.111865043640137
499,6,12,9.649157524108887
499,7,12,8.039605140686035
499,8,12,10.156472206115723
499,9,12,9.48905086517334
499,10,12,9.717857360839844
499,11,12,9.9224271774292
499,12,12,9.666979789733887
500,1,3,13.576754570007324
500,2,3,13.86530590057373
500,3,3,12.691689491271973
500,4,3,13.72744369506836
500,5,3,13.658719062805176
500,6,3,13.772366523742676
500,7,3,13.996703147888184
500,8,3,14.177098274230957
500,9,3,14.304298400878906
500,10,3,14.413066864013672
500,11,3,14.63329029083252
500,12,3,14.608906745910645
501,1,8,9.90799331665039
501,2,8,9.483120918273926
501,3,8,9.283742904663086
501,4,8,9.47693920135498
501,5,8,9.296080589294434
501,6,8,9.368199348449707
501,7,8,9.364201545715332
501,8,8,9.310212135314941
501,9,8,9.52290153503418
501,10,8,9.28248119354248
501,11,8,9.15305233001709
501,12,8,8.847943305969238
502,1,9,11.147931098937988
502,2,9,11.011612892150879
502,3,9,11.544425964355469
502,4,9,9.769437789916992
502,5,9,10.561074256896973
502,6,9,11.023195266723633
502,7,9,10.733993530273438
502,8,9,10.875794410705566
502,9,9,11.111042976379395
502,10,9,11.433253288269043
502,11,9,11.366521835327148
502,12,9,11.423423767089844
503,1,6,12.529483795166016
503,2,6,10.57164478302002
503,3,6,11.517582893371582
503,4,6,11.021084785461426
503,5,6,10.894210815429688
503,6,6,10.771723747253418
503,7,6,13.059432029724121
503,8,6,12.531255722045898
503,9,6,13.209308624267578
503,10,6,12.390325546264648
503,11,6,11.366653442382812
503,12,6,12.53333854675293
504,1,,5.695882797241211
504,2,,8.6289701461792
504,3,,7.895564556121826
504,4,,8.087926864624023
504,5,,6.805733680725098
504,6,,10.053024291992188
504,7,,9.300588607788086
504,8,,8.814485549926758
504,9,,6.907663822174072
504,10,,8.376900672912598
504,11,,9.919988632202148
504,12,,10.02882194519043
505,1,8,17.447490692138672
505,2,8,17.506240844726562
505,3,8,17.584964752197266
505,4,8,17.6441707611084
505,5,8,17.68282699584961
505,6,8,17.763689041137695
505,7,8,17.87474250793457
505,8,8,18.01523208618164
505,9,8,18.053794860839844
505,10,8,18.186681747436523
505,11,8,18.34842300415039
505,12,8,18.590208053588867
506,1,5,12.985581398010254
506,2,5,13.843889236450195
506,3,5,14.235347747802734
506,4,5,14.770368576049805
506,5,5,14.333020210266113
506,6,5,14.534064292907715
506,7,5,14.5695219039917
506,8,5,14.344351768493652
506,9,5,14.318929672241211
506,10,5,14.365397453308105
506,11,5,14.195902824401855
506,12,5,14.61599349975586
507,1,7,0.0
507,2,7,5.462300777435303
507,3,7,6.821567058563232
507,4,7,4.341558933258057
507,5,7,7.79524564743042
507,6,7,9.436375617980957
507,7,7,9.650798797607422
507,8,7,7.511280536651611
507,9,7,9.951562881469727
507,10,7,10.068800926208496
507,11,7,9.830291748046875
507,12,7,8.434028625488281
508,1,12,10.03817367553711
508,2,12,9.973334312438965
508,3,12,9.146079063415527
508,4,12,9.761813163757324
508,5,12,8.692030906677246
508,6,12,9.53409194946289
508,7,12,7.844376087188721
508,8,12,10.417510032653809
508,9,12,9.197792053222656
508,10,12,5.672771453857422
508,11,12,6.011992454528809
508,12,12,6.395261764526367
509,1,2,0.0
509,2,2,0.0
509,3,2,0.0
509,4,2,5.984801292419434
509,5,2,8.177912712097168
509,6,2,10.078219413757324
509,7,2,9.630788803100586
509,8,2,9.677694320678711
509,9,2,9.705896377563477
509,10,2,9.52012825012207
509,11,2,9.520049095153809
509,12,2,9.016216278076172
510,1,6,13.407647132873535
510,2,6,12.490623474121094
510,3,6,12.742565155029297
510,4,6,12.449182510375977
510,5,6,12.249141693115234
510,6,6,13.63156795501709
510,7,6,13.530245780944824
510,8,6,13.501326560974121
510,9,6,13.694851875305176
510,10,6,12.034116744995117
510,11,6,13.80673599243164
510,12,6,13.701178550720215
511,1,12,9.135554313659668
511,2,12,4.160568714141846
511,3,12,7.362408638000488
511,4,12,5.892496585845947
511,5,12,8.712240219116211
511,6,12,0.0
511,7,12,6.032647609710693
511,8,12,5.51539421081543
511,9,12,5.734328269958496
511,10,12,7.4037346839904785
511,11,12,5.877540588378906
511,12,12,6.715250015258789
512,1,8,9.945257186889648
512,2,8,10.15779972076416
512,3,8,9.725388526916504
512,4,8,10.50532054901123
512,5,8,9.681896209716797
512,6,8,9.882593154907227
512,7,8,10.205306053161621
512,8,8,10.050599098205566
512,9,8,10.63086986541748
512,10,8,9.932051658630371
512,11,8,9.467103004455566
512,12,8,8.75358772277832
513,1,7,9.1030912399292
513,2,7,8.1377534866333
513,3,7,9.810093879699707
513,4,7,8.964367866516113
513,5,7,8.676344871520996
513,6,7,9.058354377746582
513,7,7,9.580496788024902
513,8,7,10.765446662902832
513,9,7,11.080357551574707
513,10,7,11.180864334106445
513,11,7,11.266714096069336
513,12,7,11.076813697814941
514,1,9,7.992034912109375
514,2,9,8.924447059631348
514,3,9,7.51231575012207
514,4,9,8.636054992675781
514,5,9,6.823572635650635
514,6,9,6.503467082977295
514,7,9,7.564939498901367
514,8,9,7.468926429748535
514,9,9,7.0398454666137695
514,10,9,6.29924201965332
514,11,9,7.425153732299805
514,12,9,6.398594856262207
515,1,12,6.709104537963867
515,2,12,8.195690155029297
515,3,12,7.578808307647705
515,4,12,8.146320343017578
515,5,12,7.521972179412842
515,6,12,8.890669822692871
515,7,12,8.750066757202148
515,8,12,8.596004486083984
515,9,12,7.447271347045898
515,10,12,8.642990112304688
515,11,12,10.983478546142578
515,12,12,11.021602630615234
516,1,12,10.954180717468262
516,2,12,10.307576179504395
516,3,12,10.341666221618652
516,4,12,10.312161445617676
516,5,12,10.083016395568848
516,6,12,8.262386322021484
516,7,12,8.656075477600098
516,8,12,9.506634712219238
516,9,12,11.707008361816406
516,10,12,11.734796524047852
516,11,12,11.599217414855957
516,12,12,11.968611717224121
517,1,11,7.911496162414551
517,2,11,6.141022205352783
517,3,11,8.142203330993652
517,4,11,8.502541542053223
517,5,11,8.340922355651855
517,6,11,8.705619812011719
517,7,11,8.63528823852539
517,8,11,9.97593879699707
517,9,11,9.09880542755127
517,10,11,9.565731048583984
517,11,11,9.647695541381836
517,12,11,9.400660514831543
518,1,11,8.997698783874512
518,2,11,9.215594291687012
518,3,11,9.860413551330566
518,4,11,8.689640998840332
518,5,11,8.265439987182617
518,6,11,6.300241947174072
518,7,11,5.083938121795654
518,8,11,8.01534366607666
518,9,11,9.1724271774292
518,10,11,10.342366218566895
518,11,11,10.839770317077637
518,12,11,10.869820594787598
519,1,12,9.289116859436035
519,2,12,9.135002136230469
519,3,12,9.10671329498291
519,4,12,8.682308197021484
519,5,12,8.166502952575684
519,6,12,7.974776268005371
519,7,12,8.691851615905762
519,8,12,8.397808074951172
519,9,12,8.310718536376953
519,10,12,10.424811363220215
519,11,12,11.39111614227295
519,12,12,11.073116302490234
520,1,5,8.895319938659668
520,2,5,10.23878002166748
520,3,5,7.58445930480957
520,4,5,9.754485130310059
520,5,5,9.816553115844727
520,6,5,9.759265899658203
520,7,5,9.763566970825195
520,8,5,9.32308578491211
520,9,5,8.270740509033203
520,10,5,8.809309005737305
520,11,5,9.283045768737793
520,12,5,8.759511947631836
521,1,10,10.218487739562988
521,2,10,10.058402061462402
521,3,10,10.320170402526855
521,4,10,11.769277572631836
521,5,10,10.651366233825684
521,6,10,10.628775596618652
521,7,10,10.43181324005127
521,8,10,11.018122673034668
521,9,10,9.890677452087402
521,10,10,10.183740615844727
521,11,10,10.252789497375488
521,12,10,10.557899475097656
522,1,7,9.228813171386719
522,2,7,8.195491790771484
522,3,7,8.866827964782715
522,4,7,8.3674898147583
522,5,7,8.874176025390625
522,6,7,7.631847858428955
522,7,7,8.322683334350586
522,8,7,8.109647750854492
522,9,7,8.36115550994873
522,10,7,9.11854362487793
522,11,7,8.475574493408203
522,12,7,6.703102111816406
523,1,3,10.137883186340332
523,2,3,9.859306335449219
523,3,3,9.305824279785156
523,4,3,7.996532917022705
523,5,3,9.896913528442383
523,6,3,11.932672500610352
523,7,3,10.894989967346191
523,8,3,9.907881736755371
523,9,3,9.9427490234375
523,10,3,11.01513385772705
523,11,3,10.45614242553711
523,12,3,10.811768531799316
524,1,12,8.190041542053223
524,2,12,7.227738380432129
524,3,12,8.700299263000488
524,4,12,8.185710906982422
524,5,12,7.353752613067627
524,6,12,8.019503593444824
524,7,12,8.886176109313965
524,8,12,9.115713119506836
524,9,12,9.604198455810547
524,10,12,9.573543548583984
524,11,12,10.165403366088867
524,12,12,10.299715995788574
525,1,8,13.416555404663086
525,2,8,13.737225532531738
525,3,8,13.471311569213867
525,4,8,13.574657440185547
525,5,8,13.637225151062012
525,6,8,14.038129806518555
525,7,8,14.693122863769531
525,8,8,14.4367036819458
525,9,8,14.853299140930176
525,10,8,14.952662467956543
525,11,8,15.246129035949707
525,12,8,15.296843528747559
526,1,11,10.720080375671387
526,2,11,10.848922729492188
526,3,11,10.448431968688965
526,4,11,8.642170906066895
526,5,11,8.21113109588623
526,6,11,10.679919242858887
526,7,11,10.526165008544922
526,8,11,10.377354621887207
526,9,11,10.601634979248047
526,10,11,10.280509948730469
526,11,11,10.637067794799805
526,12,11,11.122997283935547
527,1,11,11.66604995727539
527,2,11,11.573984146118164
527,3,11,11.572986602783203
527,4,11,11.809537887573242
527,5,11,12.179268836975098
527,6,11,12.490132331848145
527,7,11,13.256505966186523
527,8,11,13.54583740234375
527,9,11,13.494040489196777
527,10,11,13.674912452697754
527,11,11,14.260151863098145
527,12,11,14.363237380981445
528,1,7,9.603389739990234
528,2,7,9.985605239868164
528,3,7,9.97968578338623
528,4,7,9.745929718017578
528,5,7,9.768233299255371
528,6,7,10.096179008483887
528,7,7,7.771688938140869
528,8,7,10.045310020446777
528,9,7,10.007923126220703
528,10,7,10.441384315490723
528,11,7,9.772611618041992
528,12,7,9.807827949523926
529,1,12,10.948630332946777
529,2,12,5.69883394241333
529,3,12,7.196074962615967
529,4,12,12.142547607421875
529,5,12,11.976003646850586
529,6,12,11.958809852600098
529,7,12,12.31290340423584
529,8,12,12.553356170654297
529,9,12,12.494400978088379
529,10,12,12.515597343444824
529,11,12,12.570980072021484
529,12,12,12.335003852844238
530,1,10,9.189545631408691
530,2,10,7.831822395324707
530,3,10,9.646014213562012
530,4,10,9.758307456970215
530,5,10,9.297736167907715
530,6,10,10.52886962890625
530,7,10,10.617426872253418
530,8,10,11.079021453857422
530,9,10,11.1021089553833
530,10,10,11.856742858886719
530,11,10,11.439101219177246
530,12,10,11.6008882522583
531,1,7,9.134644508361816
531,2,7,10.505226135253906
531,3,7,10.037140846252441
531,4,7,10.483476638793945
531,5,7,10.152602195739746
531,6,7,10.228989601135254
531,7,7,10.335038185119629
531,8,7,11.270437240600586
531,9,7,11.345404624938965
531,10,7,11.155476570129395
531,11,7,11.053611755371094
531,12,7,10.932487487792969
532,1,9,4.9275970458984375
532,2,9,9.772217750549316
532,3,9,10.225004196166992
532,4,9,9.629985809326172
532,5,9,0.0
532,6,9,10.89975357055664
532,7,9,0.0
532,8,9,4.8753814697265625
532,9,9,9.490154266357422
532,10,9,10.680472373962402
532,11,9,9.792488098144531
532,12,9,10.43427848815918
533,1,11,10.488119125366211
533,2,11,10.560136795043945
533,3,11,9.074098587036133
533,4,11,10.879937171936035
533,5,11,11.057404518127441
533,6,11,10.84408950805664
533,7,11,10.059122085571289
533,8,11,10.491874694824219
533,9,11,10.154955863952637
533,10,11,8.281275749206543
533,11,11,9.026689529418945
533,12,11,10.853659629821777
534,1,10,10.375258445739746
534,2,10,11.30606746673584
534,3,10,12.222556114196777
534,4,10,12.070060729980469
534,5,10,12.657344818115234
534,6,10,12.46364688873291
534,7,10,12.048086166381836
534,8,10,11.751725196838379
534,9,10,12.077003479003906
534,10,10,9.549382209777832
534,11,10,12.780106544494629
534,12,10,12.180805206298828
535,1,7,9.945611000061035
535,2,7,9.836390495300293
535,3,7,9.926689147949219
535,4,7,9.64987850189209
535,5,7,9.807458877563477
535,6,7,10.130346298217773
535,7,7,10.348981857299805
535,8,7,10.446271896362305
535,9,7,10.544995307922363
535,10,7,10.579434394836426
535,11,7,10.470853805541992
535,12,7,10.432351112365723
536,1,11,8.960354804992676
536,2,11,7.413497447967529
536,3,11,8.719108581542969
536,4,11,8.622047424316406
536,5,11,8.712366104125977
536,6,11,8.610294342041016
536,7,11,8.771544456481934
536,8,11,8.902308464050293
536,9,11,8.70057487487793
536,10,11,8.197763442993164
536,11,11,10.065057754516602
536,12,11,9.852184295654297
537,1,6,9.28028392791748
537,2,6,8.598024368286133
537,3,6,7.819272041320801
537,4,6,7.366024494171143
537,5,6,4.8018574714660645
537,6,6,6.035360336303711
537,7,6,5.881557941436768
537,8,6,5.985379695892334
537,9,6,8.395363807678223
537,10,6,7.600629806518555
537,11,6,7.144894123077393
537,12,6,7.816151142120361
538,1,2,9.180286407470703
538,2,2,8.167661666870117
538,3,2,8.247086524963379
538,4,2,7.548866271972656
538,5,2,7.009742736816406
538,6,2,8.425795555114746
538,7,2,9.33735466003418
538,8,2,8.975738525390625
538,9,2,8.279741287231445
538,10,2,9.641530990600586
538,11,2,10.043439865112305
538,12,2,10.967389106750488
539,1,11,6.25405740737915
539,2,11,10.1311616897583
539,3,11,8.647319793701172
539,4,11,10.694108963012695
539,5,11,10.126115798950195
539,6,11,10.716907501220703
539,7,11,10.3349027633667
539,8,11,10.747432708740234
539,9,11,10.636096000671387
539,10,11,10.800782203674316
539,11,11,10.462594032287598
539,12,11,10.415771484375
540,1,11,12.828092575073242
540,2,11,13.883732795715332
540,3,11,14.361868858337402
540,4,11,14.375205039978027
540,5,11,14.123024940490723
540,6,11,13.785991668701172
540,7,11,13.796863555908203
540,8,11,13.892563819885254
540,9,11,14.058307647705078
540,10,11,14.399568557739258
540,11,11,14.22974967956543
540,12,11,14.322007179260254
541,1,,6.621697902679443
541,2,,6.915438175201416
541,3,,8.791459083557129
541,4,,8.752968788146973
541,5,,8.233329772949219
541,6,,10.66936206817627
541,7,,9.581958770751953
541,8,,9.518049240112305
541,9,,0.0
541,10,,8.818133354187012
541,11,,8.941789627075195
541,12,,9.214727401733398
542,1,11,10.229131698608398
542,2,11,11.83590030670166
542,3,11,4.964341163635254
542,4,11,9.320283889770508
542,5,11,9.282358169555664
542,6,11,9.637739181518555
542,7,11,10.57380199432373
542,8,11,11.423452377319336
542,9,11,11.08056926727295
542,10,11,10.888830184936523
542,11,11,10.829168319702148
542,12,11,9.84050464630127
543,1,11,4.374100685119629
543,2,11,7.816905975341797
543,3,11,8.35050106048584
543,4,11,9.100896835327148
543,5,11,8.601141929626465
543,6,11,8.9052152633667
543,7,11,8.46924877166748
543,8,11,8.649283409118652
543,9,11,8.372453689575195
543,10,11,7.146707057952881
543,11,11,8.974804878234863
543,12,11,8.552610397338867
544,1,4,4.086802959442139
544,2,4,6.517348289489746
544,3,4,9.41533088684082
544,4,4,10.240554809570312
544,5,4,10.543421745300293
544,6,4,7.638850688934326
544,7,4,8.875080108642578
544,8,4,9.480741500854492
544,9,4,9.270997047424316
544,10,4,6.295805931091309
544,11,4,7.696514129638672
544,12,4,7.465655326843262
545,1,,8.920618057250977
545,2,,8.4462890625
545,3,,7.775548458099365
545,4,,8.570340156555176
545,5,,8.649764060974121
545,6,,8.6376314163208
545,7,,8.870180130004883
545,8,,9.092065811157227
545,9,,8.057243347167969
545,10,,7.562549114227295
545,11,,6.806346416473389
545,12,,5.7949628829956055
546,1,,9.033638954162598
546,2,,8.249838829040527
546,3,,6.826661586761475
546,4,,0.0
546,5,,5.520551681518555
546,6,,0.0
546,7,,9.206783294677734
546,8,,7.432529926300049
546,9,,7.814523696899414
546,10,,7.279375076293945
546,11,,8.164979934692383
546,12,,11.677019119262695
547,1,7,11.633630752563477
547,2,7,10.76986026763916
547,3,7,8.609610557556152
547,4,7,10.295156478881836
547,5,7,9.388399124145508
547,6,7,10.41933822631836
547,7,7,10.104376792907715
547,8,7,10.104262351989746
547,9,7,10.248218536376953
547,10,7,10.242849349975586
547,11,7,10.24272632598877
547,12,7,10.171781539916992
548,1,6,11.671582221984863
548,2,6,11.588226318359375
548,3,6,11.216201782226562
548,4,6,11.493175506591797
548,5,6,11.260621070861816
548,6,6,11.813447952270508
548,7,6,11.713666915893555
548,8,6,11.4050874710083
548,9,6,11.842158317565918
548,10,6,11.522224426269531
548,11,6,11.375389099121094
548,12,6,11.20016098022461
549,1,9,10.000666618347168
549,2,9,10.057311058044434
549,3,9,10.012553215026855
549,4,9,10.091609954833984
549,5,9,10.852240562438965
549,6,9,10.515199661254883
549,7,9,10.53995132446289
549,8,9,10.515891075134277
549,9,9,10.742083549499512
549,10,9,10.583839416503906
549,11,9,10.43801212310791
549,12,9,10.886582374572754
550,1,12,6.6101555824279785
550,2,12,6.4495978355407715
550,3,12,6.633470058441162
550,4,12,6.893477916717529
550,5,12,8.050248146057129
550,6,12,7.142174243927002
550,7,12,5.71426248550415
550,8,12,6.715810775756836
550,9,12,5.606935501098633
550,10,12,8.861590385437012
550,11,12,8.651591300964355
550,12,12,8.31409740447998
551,1,12,9.945068359375
551,2,12,10.05336856842041
551,3,12,9.294499397277832
551,4,12,10.206236839294434
551,5,12,9.955278396606445
551,6,12,7.905463695526123
551,7,12,10.371377944946289
551,8,12,7.321573734283447
551,9,12,8.772099494934082
551,10,12,10.529833793640137
551,11,12,10.159208297729492
551,12,12,11.684074401855469
552,1,12,7.917181015014648
552,2,12,8.137969017028809
552,3,12,7.762410640716553
552,4,12,8.920268058776855
552,5,12,7.901025772094727
552,6,12,8.004290580749512
552,7,12,7.341305732727051
552,8,12,9.752603530883789
552,9,12,6.553616523742676
552,10,12,8.045918464660645
552,11,12,8.049553871154785
552,12,12,7.958762168884277
553,1,11,8.117324829101562
553,2,11,8.180351257324219
553,3,11,7.070965766906738
553,4,11,8.713957786560059
553,5,11,9.81277847290039
553,6,11,9.908672332763672
553,7,11,10.084504127502441
553,8,11,10.82861614227295
553,9,11,10.445627212524414
553,10,11,11.124728202819824
553,11,11,10.949421882629395
553,12,11,10.611321449279785
554,1,5,6.3426899909973145
554,2,5,7.437510967254639
554,3,5,7.318579196929932
554,4,5,8.286964416503906
554,5,5,7.077530860900879
554,6,5,2.5664727687835693
554,7,5,0.0
554,8,5,6.2255353927612305
554,9,5,7.87856912612915
554,10,5,6.028350353240967
554,11,5,9.48752212524414
554,12,5,5.317580699920654
555,1,7,0.0
555,2,7,5.862493991851807
555,3,7,4.452994346618652
555,4,7,5.781333923339844
555,5,7,0.0
555,6,7,8.541146278381348
555,7,7,10.140618324279785
555,8,7,11.786418914794922
555,9,7,8.209632873535156
555,10,7,8.145112991333008
555,11,7,10.103333473205566
555,12,7,10.130447387695312
556,1,10,8.919562339782715
556,2,10,7.3726725578308105
556,3,10,9.369656562805176
556,4,10,7.802849292755127
556,5,10,7.22867488861084
556,6,10,8.425031661987305
556,7,10,8.422751426696777
556,8,10,8.499518394470215
556,9,10,8.32326889038086
556,10,10,7.513484477996826
556,11,10,8.474889755249023
556,12,10,8.361591339111328
557,1,4,9.710891723632812
557,2,4,8.733230590820312
557,3,4,7.976770877838135
557,4,4,10.088634490966797
557,5,4,10.167552947998047
557,6,4,10.638154983520508
557,7,4,9.823705673217773
557,8,4,9.438655853271484
557,9,4,9.308921813964844
557,10,4,9.216667175292969
557,11,4,9.796426773071289
557,12,4,9.976896286010742
558,1,12,8.637600898742676
558,2,12,6.056734561920166
558,3,12,9.131884574890137
558,4,12,9.047778129577637
558,5,12,8.516934394836426
558,6,12,8.578959465026855
558,7,12,7.544626712799072
558,8,12,7.304074287414551
558,9,12,8.471912384033203
558,10,12,7.8065009117126465
558,11,12,7.963575839996338
558,12,12,7.601402282714844
559,1,11,10.76875114440918
559,2,11,10.079727172851562
559,3,11,10.361370086669922
559,4,11,10.155926704406738
559,5,11,10.095698356628418
559,6,11,9.933831214904785
559,7,11,10.398195266723633
559,8,11,9.994654655456543
559,9,11,9.914793968200684
559,10,11,9.437811851501465
559,11,11,10.64538288116455
559,12,11,9.745595932006836
560,1,12,8.863150596618652
560,2,12,8.004483222961426
560,3,12,8.794441223144531
560,4,12,7.719502925872803
560,5,12,7.003489971160889
560,6,12,6.2740092277526855
560,7,12,8.430647850036621
560,8,12,7.548788547515869
560,9,12,8.372718811035156
560,10,12,7.030162811279297
560,11,12,9.328359603881836
560,12,12,9.609949111938477
561,1,10,8.064494132995605
561,2,10,7.7042036056518555
561,3,10,8.459012031555176
561,4,10,7.400083541870117
561,5,10,8.748320579528809
561,6,10,8.562292098999023
561,7,10,7.77373743057251
561,8,10,9.70840835571289
561,9,10,9.23971176147461
561,10,10,9.476794242858887
561,11,10,9.601764678955078
561,12,10,8.943981170654297
562,1,6,9.655805587768555
562,2,6,6.5551910400390625
562,3,6,8.152259826660156
562,4,6,8.688336372375488
562,5,6,8.766316413879395
562,6,6,8.040778160095215
562,7,6,5.807441711425781
562,8,6,10.16935920715332
562,9,6,9.510966300964355
562,10,6,9.536648750305176
562,11,6,7.102818489074707
562,12,6,8.578254699707031
563,1,11,8.792502403259277
563,2,11,8.903493881225586
563,3,11,8.871017456054688
563,4,11,8.874848365783691
563,5,11,8.680903434753418
563,6,11,8.859997749328613
563,7,11,8.845376968383789
563,8,11,8.672163963317871
563,9,11,8.474458694458008
563,10,11,9.130492210388184
563,11,11,9.485773086547852
563,12,11,9.389837265014648
564,1,12,5.79043436050415
564,2,12,9.216901779174805
564,3,12,8.280278205871582
564,4,12,9.167291641235352
564,5,12,8.652393341064453
564,6,12,8.603413581848145
564,7,12,8.782848358154297
564,8,12,5.970354080200195
564,9,12,8.303979873657227
564,10,12,8.486041069030762
564,11,12,9.083165168762207
564,12,12,11.265129089355469
565,1,7,10.043763160705566
565,2,7,9.962961196899414
565,3,7,9.96170711517334
565,4,7,9.799227714538574
565,5,7,9.743720054626465
565,6,7,9.878775596618652
565,7,7,9.852747917175293
565,8,7,10.101155281066895
565,9,7,9.619482040405273
565,10,7,9.128798484802246
565,11,7,9.040411949157715
565,12,7,8.511122703552246
566,1,7,7.767621040344238
566,2,7,7.719873905181885
566,3,7,7.470139026641846
566,4,7,7.686695098876953
566,5,7,7.455663204193115
566,6,7,6.141210079193115
566,7,7,7.211943626403809
566,8,7,7.454189300537109
566,9,7,5.658695220947266
566,10,7,6.428641319274902
566,11,7,5.921497344970703
566,12,7,6.205769062042236
567,1,10,4.969418048858643
567,2,10,10.063014030456543
567,3,10,9.091318130493164
567,4,10,9.37047004699707
567,5,10,8.842015266418457
567,6,10,9.488122940063477
567,7,10,8.770386695861816
567,8,10,8.336806297302246
567,9,10,6.199820041656494
567,10,10,5.121025085449219
567,11,10,10.897418022155762
567,12,10,10.36309814453125
568,1,7,7.065820693969727
568,2,7,9.650205612182617
568,3,7,7.781142234802246
568,4,7,9.80465030670166
568,5,7,7.695138454437256
568,6,7,9.842156410217285
568,7,7,9.862192153930664
568,8,7,9.895134925842285
568,9,7,9.964462280273438
568,10,7,9.763040542602539
568,11,7,9.922157287597656
568,12,7,9.819920539855957
569,1,3,15.030461311340332
569,2,3,14.78648567199707
569,3,3,15.311570167541504
569,4,3,15.215295791625977
569,5,3,14.963335037231445
569,6,3,14.976935386657715
569,7,3,15.322386741638184
569,8,3,15.417710304260254
569,9,3,15.80634880065918
569,10,3,15.513303756713867
569,11,3,15.767351150512695
569,12,3,15.206530570983887
570,1,12,12.712672233581543
570,2,12,13.277724266052246
570,3,12,13.222184181213379
570,4,12,13.232741355895996
570,5,12,13.172335624694824
570,6,12,13.049999237060547
570,7,12,13.240015029907227
570,8,12,13.403533935546875
570,9,12,13.431360244750977
570,10,12,13.489535331726074
570,11,12,13.624838829040527
570,12,12,13.602628707885742
571,1,11,7.294010639190674
571,2,11,5.795216083526611
571,3,11,6.5333662033081055
571,4,11,6.360641956329346
571,5,11,11.950481414794922
571,6,11,6.900913238525391
571,7,11,6.673364639282227
571,8,11,6.316446781158447
571,9,11,6.086358547210693
571,10,11,7.185651779174805
571,11,11,7.013197898864746
571,12,11,6.236369609832764
572,1,10,7.213860511779785
572,2,10,7.18082857131958
572,3,10,8.237350463867188
572,4,10,7.929726600646973
572,5,10,8.398652076721191
572,6,10,8.626359939575195
572,7,10,8.52886962890625
572,8,10,8.403380393981934
572,9,10,8.5883207321167
572,10,10,8.614127159118652
572,11,10,8.34997844696045
572,12,10,8.470746994018555
573,1,11,15.38385009765625
573,2,11,15.333661079406738
573,3,11,15.624669075012207
573,4,11,15.606562614440918
573,5,11,15.634016036987305
573,6,11,15.667582511901855
573,7,11,15.82174301147461
573,8,11,16.012914657592773
573,9,11,16.10133934020996
573,10,11,16.234771728515625
573,11,11,16.226734161376953
573,12,11,16.3427734375
574,1,11,9.011507987976074
574,2,11,7.72628116607666
574,3,11,7.970156669616699
574,4,11,8.515567779541016
574,5,11,7.648830890655518
574,6,11,9.414926528930664
574,7,11,8.714735984802246
574,8,11,8.66248893737793
574,9,11,8.210528373718262
574,10,11,8.711153030395508
574,11,11,7.873212814331055
574,12,11,7.944148063659668
575,1,11,8.110404014587402
575,2,11,8.631474494934082
575,3,11,9.663156509399414
575,4,11,10.508838653564453
575,5,11,10.530570983886719
575,6,11,10.515619277954102
575,7,11,10.529029846191406
575,8,11,10.389790534973145
575,9,11,10.504963874816895
575,10,11,10.63098430633545
575,11,11,10.733955383300781
575,12,11,10.461221694946289
576,1,12,0.0
576,2,12,7.336512088775635
576,3,12,7.46063232421875
576,4,12,8.976080894470215
576,5,12,8.319389343261719
576,6,12,8.79864501953125
576,7,12,9.274698257446289
576,8,12,8.348697662353516
576,9,12,8.274529457092285
576,10,12,8.630473136901855
576,11,12,8.15399169921875
576,12,12,8.922348022460938
577,1,12,8.198981285095215
577,2,12,9.462569236755371
577,3,12,8.696063041687012
577,4,12,9.964326858520508
577,5,12,9.685779571533203
577,6,12,9.591418266296387
577,7,12,9.722673416137695
577,8,12,9.44975757598877
577,9,12,9.652024269104004
577,10,12,9.66490650177002
577,11,12,9.62338638305664
577,12,12,9.601680755615234
578,1,12,11.462719917297363
578,2,12,11.428961753845215
578,3,12,11.566884994506836
578,4,12,11.787782669067383
578,5,12,11.43267822265625
578,6,12,11.806228637695312
578,7,12,11.714431762695312
578,8,12,11.781886100769043
578,9,12,12.12984561920166
578,10,12,12.034116744995117
578,11,12,11.249405860900879
578,12,12,12.000764846801758
579,1,11,6.975080966949463
579,2,11,7.956356525421143
579,3,11,7.9391279220581055
579,4,11,7.0959553718566895
579,5,11,7.936315059661865
579,6,11,7.631042003631592
579,7,11,6.3397417068481445
579,8,11,8.002025604248047
579,9,11,7.944446086883545
579,10,11,7.902700424194336
579,11,11,7.777441501617432
579,12,11,7.5755438804626465
580,1,7,9.472987174987793
580,2,7,10.136844635009766
580,3,7,9.480353355407715
580,4,7,10.16892147064209
580,5,7,10.415493965148926
580,6,7,9.639932632446289
580,7,7,7.90658712387085
580,8,7,7.584768772125244
580,9,7,9.33398151397705
580,10,7,10.17018985748291
580,11,7,10.39242172241211
580,12,7,9.563115119934082
581,1,12,12.911273002624512
581,2,12,13.423367500305176
581,3,12,13.146011352539062
581,4,12,13.489886283874512
581,5,12,13.598172187805176
581,6,12,13.652629852294922
581,7,12,14.071040153503418
581,8,12,14.41090202331543
581,9,12,14.376336097717285
581,10,12,15.234956741333008
581,11,12,14.554306030273438
581,12,12,14.028178215026855
582,1,2,6.490360736846924
582,2,2,9.79516887664795
582,3,2,8.920621871948242
582,4,2,9.400586128234863
582,5,2,7.757003307342529
582,6,2,9.304128646850586
582,7,2,7.492514133453369
582,8,2,10.292548179626465
582,9,2,9.88751220703125
582,10,2,8.966375350952148
582,11,2,9.970078468322754
582,12,2,9.337060928344727
583,1,12,11.283669471740723
583,2,12,11.008575439453125
583,3,12,10.714274406433105
583,4,12,10.896919250488281
583,5,12,11.12416934967041
583,6,12,11.332113265991211
583,7,12,11.429076194763184
583,8,12,11.439680099487305
583,9,12,11.22212028503418
583,10,12,11.640279769897461
583,11,12,11.459760665893555
583,12,12,11.206089973449707
584,1,11,8.692266464233398
584,2,11,8.563544273376465
584,3,11,9.21199893951416
584,4,11,9.243793487548828
584,5,11,8.833516120910645
584,6,11,9.616745948791504
584,7,11,9.683145523071289
584,8,11,8.907118797302246
584,9,11,9.109984397888184
584,10,11,7.0015058517456055
584,11,11,8.44413948059082
584,12,11,2.4283363819122314
585,1,9,11.326702117919922
585,2,9,10.33344841003418
585,3,9,11.174089431762695
585,4,9,11.377021789550781
585,5,9,10.990577697753906
585,6,9,11.434930801391602
585,7,9,10.880960464477539
585,8,9,11.144186973571777
585,9,9,10.962322235107422
585,10,9,11.108942031860352
585,11,9,11.374696731567383
585,12,9,11.25380802154541
586,1,6,5.302796840667725
586,2,6,4.264368534088135
586,3,6,6.489669322967529
586,4,6,5.338222980499268
586,5,6,6.734842300415039
586,6,6,6.589323043823242
586,7,6,3.573789358139038
586,8,6,6.228206634521484
586,9,6,9.164481163024902
586,10,6,7.368249416351318
586,11,6,7.616889953613281
586,12,6,7.975427150726318
587,1,10,7.980838298797607
587,2,10,7.747526168823242
587,3,10,7.860705375671387
587,4,10,8.139204978942871
587,5,10,8.210299491882324
587,6,10,7.924734592437744
587,7,10,0.0
587,8,10,7.68955659866333
587,9,10,7.300381183624268
587,10,10,6.2205939292907715
587,11,10,6.864518165588379
587,12,10,5.141663551330566
588,1,10,7.602096080780029
588,2,10,8.7932710647583
588,3,10,8.876751899719238
588,4,10,8.928616523742676
588,5,10,8.530322074890137
588,6,10,8.841922760009766
588,7,10,9.492695808410645
588,8,10,8.566190719604492
588,9,10,6.604942321777344
588,10,10,9.85124397277832
588,11,10,8.79787540435791
588,12,10,9.413240432739258
589,1,11,6.396169662475586
589,2,11,7.191431522369385
589,3,11,0.0
589,4,11,8.164600372314453
589,5,11,3.1762430667877197
589,6,11,7.070517539978027
589,7,11,8.749712944030762
589,8,11,7.624438762664795
589,9,11,0.0
589,10,11,7.6101460456848145
589,11,11,9.60625171661377
589,12,11,10.215672492980957
590,1,12,11.525534629821777
590,2,12,9.830156326293945
590,3,12,9.647025108337402
590,4,12,9.778617858886719
590,5,12,9.398611068725586
590,6,12,10.02849006652832
590,7,12,9.921201705932617
590,8,12,9.559432029724121
590,9,12,9.528131484985352
590,10,12,10.75500202178955
590,11,12,10.446346282958984
590,12,12,10.736862182617188
591,1,11,5.867202281951904
591,2,11,8.744729042053223
591,3,11,9.01351547241211
591,4,11,9.241730690002441
591,5,11,8.951665878295898
591,6,11,8.927643775939941
591,7,11,8.751054763793945
591,8,11,8.761297225952148
591,9,11,8.438291549682617
591,10,11,8.838624954223633
591,11,11,8.538036346435547
591,12,11,8.445159912109375
592,1,8,0.0
592,2,8,5.911148548126221
592,3,8,4.452994346618652
592,4,8,0.0
592,5,8,6.504693984985352
592,6,8,9.118389129638672
592,7,8,9.345260620117188
592,8,8,9.374756813049316
592,9,8,8.480003356933594
592,10,8,8.013162612915039
592,11,8,8.631314277648926
592,12,8,5.670018672943115
593,1,,8.036520004272461
593,2,,7.256076812744141
593,3,,7.524538993835449
593,4,,7.61074161529541
593,5,,8.942877769470215
593,6,,6.156612873077393
593,7,,0.0
593,8,,8.186136245727539
593,9,,6.943995952606201
593,10,,4.8778395652771
593,11,,6.986868381500244
593,12,,8.528529167175293
594,1,10,12.563094139099121
594,2,10,12.652320861816406
594,3,10,12.279329299926758
594,4,10,12.236013412475586
594,5,10,12.230401039123535
594,6,10,12.321329116821289
594,7,10,12.654024124145508
594,8,10,12.710265159606934
594,9,10,13.320977210998535
594,10,10,13.42111873626709
594,11,10,13.4467134475708
594,12,10,13.415565490722656
595,1,12,8.930996894836426
595,2,12,7.164825439453125
595,3,12,8.69582748413086
595,4,12,7.11510705947876
595,5,12,7.921459197998047
595,6,12,5.598084449768066
595,7,12,5.575283050537109
595,8,12,8.537079811096191
595,9,12,3.060964584350586
595,10,12,7.012570858001709
595,11,12,8.124232292175293
595,12,12,6.958543300628662
596,1,9,8.076186180114746
596,2,9,7.223042964935303
596,3,9,9.235029220581055
596,4,9,8.490428924560547
596,5,9,9.063336372375488
596,6,9,8.477895736694336
596,7,9,4.541866302490234
596,8,9,4.57467794418335
596,9,9,0.0
596,10,9,9.39019775390625
596,11,9,9.052390098571777
596,12,9,7.525721073150635
597,1,10,9.034835815429688
597,2,10,9.294530868530273
597,3,10,9.344717025756836
597,4,10,9.598038673400879
597,5,10,9.1611328125
597,6,10,8.206111907958984
597,7,10,4.328719615936279
597,8,10,8.366044044494629
597,9,10,9.619470596313477
597,10,10,9.002096176147461
597,11,10,10.216232299804688
597,12,10,11.595481872558594
598,1,7,10.803936004638672
598,2,7,10.766339302062988
598,3,7,10.51439094543457
598,4,7,11.508421897888184
598,5,7,11.449138641357422
598,6,7,10.816823959350586
598,7,7,10.848193168640137
598,8,7,11.163545608520508
598,9,7,11.367172241210938
598,10,7,11.87281608581543
598,11,7,11.850242614746094
598,12,7,11.616168975830078
599,1,12,7.524628162384033
599,2,12,0.0
599,3,12,9.85235595703125
599,4,12,8.387116432189941
599,5,12,9.193958282470703
599,6,12,9.903319358825684
599,7,12,6.024970054626465
599,8,12,9.16014575958252
599,9,12,7.291548252105713
599,10,12,9.676846504211426
599,11,12,9.97496223449707
599,12,12,10.249462127685547
600,1,10,6.368453025817871
600,2,10,7.792051315307617
600,3,10,8.693367958068848
600,4,10,9.253042221069336
600,5,10,9.289644241333008
600,6,10,8.348197937011719
600,7,10,8.919441223144531
600,8,10,8.807215690612793
600,9,10,0.0
600,10,10,9.20425033569336
600,11,10,7.426521301269531
600,12,10,10.593910217285156
601,1,10,9.267891883850098
601,2,10,9.589506149291992
601,3,10,8.879703521728516
601,4,10,9.594346046447754
601,5,10,9.861050605773926
601,6,10,9.744964599609375
601,7,10,9.980673789978027
601,8,10,10.013477325439453
601,9,10,10.160093307495117
601,10,10,9.709455490112305
601,11,10,10.174918174743652
601,12,10,9.894681930541992
602,1,9,9.5702543258667
602,2,9,9.168954849243164
602,3,9,9.229816436767578
602,4,9,8.59586238861084
602,5,9,7.544909477233887
602,6,9,9.04284381866455
602,7,9,7.358691692352295
602,8,9,9.686358451843262
602,9,9,11.370439529418945
602,10,9,7.126408576965332
602,11,9,4.432335376739502
602,12,9,8.060935020446777
603,1,12,9.405543327331543
603,2,12,9.486038208007812
603,3,12,9.422738075256348
603,4,12,9.828187942504883
603,5,12,10.0573091506958
603,6,12,9.181649208068848
603,7,12,10.00654125213623
603,8,12,8.221500396728516
603,9,12,9.174614906311035
603,10,12,8.951074600219727
603,11,12,6.260458469390869
603,12,12,8.28414535522461
604,1,12,8.840496063232422
604,2,12,0.0
604,3,12,5.024492263793945
604,4,12,6.632833003997803
604,5,12,8.988724708557129
604,6,12,7.03907585144043
604,7,12,8.29814338684082
604,8,12,7.711913108825684
604,9,12,7.548394203186035
604,10,12,9.331951141357422
604,11,12,9.048190116882324
604,12,12,8.695757865905762
605,1,11,10.828763008117676
605,2,11,10.724403381347656
605,3,11,10.743850708007812
605,4,11,10.825334548950195
605,5,11,10.66850471496582
605,6,11,10.805590629577637
605,7,11,10.967020988464355
605,8,11,10.832611083984375
605,9,11,10.739205360412598
605,10,11,11.204155921936035
605,11,11,10.606478691101074
605,12,11,9.969913482666016
606,1,7,7.757566452026367
606,2,7,7.668402194976807
606,3,7,8.643858909606934
606,4,7,6.8146772384643555
606,5,7,5.568873882293701
606,6,7,8.82968807220459
606,7,7,6.551361083984375
606,8,7,5.431720733642578
606,9,7,7.52177619934082
606,10,7,7.242800235748291
606,11,7,6.322511672973633
606,12,7,6.148682117462158
607,1,10,5.840610504150391
607,2,10,6.435051918029785
607,3,10,5.668516635894775
607,4,10,7.041175842285156
607,5,10,6.7569732666015625
607,6,10,6.763115882873535
607,7,10,7.45853853225708
607,8,10,6.914843559265137
607,9,10,7.401721477508545
607,10,10,6.918842315673828
607,11,10,8.083130836486816
607,12,10,7.086520671844482
608,1,11,8.570321083068848
608,2,11,8.588824272155762
608,3,11,6.584212779998779
608,4,11,7.483321189880371
608,5,11,5.504803657531738
608,6,11,9.154340744018555
608,7,11,8.666614532470703
608,8,11,8.650151252746582
608,9,11,8.538920402526855
608,10,11,8.720789909362793
608,11,11,9.41897201538086
608,12,11,8.24228286743164
609,1,7,9.579404830932617
609,2,7,9.603311538696289
609,3,7,9.452712059020996
609,4,7,9.3211030960083
609,5,7,9.356245994567871
609,6,7,9.334986686706543
609,7,7,9.505577087402344
609,8,7,9.468526840209961
609,9,7,9.412154197692871
609,10,7,9.392257690429688
609,11,7,9.337121963500977
609,12,7,9.002433776855469
610,1,9,9.89830493927002
610,2,9,10.281973838806152
610,3,9,10.389395713806152
610,4,9,10.107173919677734
610,5,9,10.25246524810791
610,6,9,10.43630599975586
610,7,9,10.33497428894043
610,8,9,11.200728416442871
610,9,9,10.682140350341797
610,10,9,11.036726951599121
610,11,9,11.033731460571289
610,12,9,10.97152042388916
611,1,8,8.761889457702637
611,2,8,8.120830535888672
611,3,8,7.1336894035339355
611,4,8,8.691873550415039
611,5,8,7.844049453735352
611,6,8,7.223665237426758
611,7,8,5.993690490722656
611,8,8,9.18288803100586
611,9,8,8.452109336853027
611,10,8,8.35228443145752
611,11,8,8.52966022491455
611,12,8,6.709913730621338
612,1,10,0.0
612,2,10,7.991988182067871
612,3,10,7.217911720275879
612,4,10,7.0325751304626465
612,5,10,7.518255710601807
612,6,10,4.311816692352295
612,7,10,8.235116004943848
612,8,10,8.015645027160645
612,9,10,4.544444561004639
612,10,10,7.5617780685424805
612,11,10,7.166928768157959
612,12,10,8.018098831176758
613,1,9,8.657509803771973
613,2,9,7.535040378570557
613,3,9,8.573272705078125
613,4,9,7.662383556365967
613,5,9,7.1930742263793945
613,6,9,5.719569206237793
613,7,9,6.637056827545166
613,8,9,5.564704895019531
613,9,9,7.288106441497803
613,10,9,5.564022541046143
613,11,9,5.445669174194336
613,12,9,6.5195159912109375
614,1,9,9.07497787475586
614,2,9,9.649622917175293
614,3,9,9.333258628845215
614,4,9,9.531970977783203
614,5,9,9.533828735351562
614,6,9,9.157829284667969
614,7,9,8.524280548095703
614,8,9,9.23464298248291
614,9,9,8.920340538024902
614,10,9,10.048725128173828
614,11,9,10.111837387084961
614,12,9,10.157512664794922
615,1,12,8.687261581420898
615,2,12,8.877645492553711
615,3,12,8.704832077026367
615,4,12,8.992134094238281
615,5,12,8.981132507324219
615,6,12,9.052024841308594
615,7,12,8.954073905944824
615,8,12,8.860727310180664
615,9,12,8.870543479919434
615,10,12,8.8551607131958
615,11,12,8.6088228225708
615,12,12,8.760546684265137
616,1,11,5.827973365783691
616,2,11,6.053526878356934
616,3,11,8.114245414733887
616,4,11,6.679214000701904
616,5,11,9.49402141571045
616,6,11,9.008379936218262
616,7,11,7.267451763153076
616,8,11,9.19737434387207
616,9,11,5.003855228424072
616,10,11,8.075383186340332
616,11,11,8.58736515045166
616,12,11,9.015793800354004
617,1,6,9.718873977661133
617,2,6,10.216387748718262
617,3,6,9.8364896774292
617,4,6,10.195954322814941
617,5,6,9.633393287658691
617,6,6,10.268598556518555
617,7,6,10.172511100769043
617,8,6,10.651177406311035
617,9,6,10.326066017150879
617,10,6,10.341323852539062
617,11,6,10.469962120056152
617,12,6,10.115405082702637
618,1,8,6.954823017120361
618,2,8,7.869563102722168
618,3,8,7.72292947769165
618,4,8,8.528223991394043
618,5,8,5.619307518005371
618,6,8,7.565055847167969
618,7,8,4.091643333435059
618,8,8,8.394306182861328
618,9,8,5.423917293548584
618,10,8,6.951219081878662
618,11,8,6.7064714431762695
618,12,8,5.979543685913086
619,1,11,6.297855377197266
619,2,11,8.353446006774902
619,3,11,10.66378116607666
619,4,11,8.714914321899414
619,5,11,9.17574691772461
619,6,11,9.014001846313477
619,7,11,8.220304489135742
619,8,11,7.655196666717529
619,9,11,8.28078842163086
619,10,11,7.138576507568359
619,11,11,9.275495529174805
619,12,11,9.220820426940918
620,1,10,8.991706848144531
620,2,10,8.88432788848877
620,3,10,8.788585662841797
620,4,10,8.557517051696777
620,5,10,7.290092468261719
620,6,10,8.67763900756836
620,7,10,9.26114559173584
620,8,10,8.92717456817627
620,9,10,8.76055908203125
620,10,10,8.961953163146973
620,11,10,8.849532127380371
620,12,10,8.473199844360352
621,1,12,7.577614784240723
621,2,12,8.190093994140625
621,3,12,7.8850531578063965
621,4,12,8.270079612731934
621,5,12,7.977426052093506
621,6,12,8.498144149780273
621,7,12,8.138230323791504
621,8,12,8.09496021270752
621,9,12,8.172577857971191
621,10,12,8.532792091369629
621,11,12,8.23693561553955
621,12,12,7.692387104034424
622,1,5,9.359210014343262
622,2,5,9.12996768951416
622,3,5,8.800359725952148
622,4,5,8.824990272521973
622,5,5,9.187158584594727
622,6,5,7.799856185913086
622,7,5,7.212628364562988
622,8,5,8.825667381286621
622,9,5,9.288180351257324
622,10,5,9.220921516418457
622,11,5,9.544159889221191
622,12,5,8.717681884765625
623,1,12,7.820741176605225
623,2,12,8.502257347106934
623,3,12,8.832025527954102
623,4,12,8.826078414916992
623,5,12,8.500503540039062
623,6,12,9.056912422180176
623,7,12,9.538348197937012
623,8,12,9.282414436340332
623,9,12,9.78258991241455
623,10,12,9.904966354370117
623,11,12,9.475266456604004
623,12,12,9.62732219696045
624,1,11,9.741645812988281
624,2,11,9.985934257507324
624,3,11,10.853901863098145
624,4,11,11.503409385681152
624,5,11,11.042806625366211
624,6,11,11.304374694824219
624,7,11,11.443284034729004
624,8,11,11.138654708862305
624,9,11,11.141276359558105
624,10,11,10.849220275878906
624,11,11,10.842469215393066
624,12,11,10.634557723999023
625,1,2,11.392874717712402
625,2,2,10.797660827636719
625,3,2,10.929759979248047
625,4,2,11.230016708374023
625,5,2,11.013762474060059
625,6,2,11.174659729003906
625,7,2,10.951093673706055
625,8,2,11.241094589233398
625,9,2,11.024444580078125
625,10,2,12.000290870666504
625,11,2,10.879786491394043
625,12,2,10.352148056030273
626,1,6,9.130524635314941
626,2,6,8.109257698059082
626,3,6,8.826154708862305
626,4,6,9.082561492919922
626,5,6,8.79300594329834
626,6,6,9.22131633758545
626,7,6,8.967626571655273
626,8,6,9.007311820983887
626,9,6,9.098963737487793
626,10,6,9.324305534362793
626,11,6,9.671099662780762
626,12,6,9.3131742477417
627,1,11,8.36128044128418
627,2,11,9.779207229614258
627,3,11,9.542682647705078
627,4,11,9.571802139282227
627,5,11,10.840089797973633
627,6,11,10.326925277709961
627,7,11,10.653238296508789
627,8,11,10.654632568359375
627,9,11,10.870574951171875
627,10,11,10.868401527404785
627,11,11,10.877730369567871
627,12,11,10.91405200958252
628,1,11,8.107073783874512
628,2,11,8.019439697265625
628,3,11,7.062595844268799
628,4,11,7.731740951538086
628,5,11,7.537966251373291
628,6,11,6.985270023345947
628,7,11,7.35707426071167
628,8,11,7.080127716064453
628,9,11,6.193089008331299
628,10,11,8.64189338684082
628,11,11,7.032289505004883
628,12,11,7.669028282165527
629,1,11,8.022863388061523
629,2,11,8.963003158569336
629,3,11,8.409329414367676
629,4,11,8.51973819732666
629,5,11,7.41892147064209
629,6,11,7.516222953796387
629,7,11,7.597375392913818
629,8,11,6.660760402679443
629,9,11,7.315013885498047
629,10,11,8.58616828918457
629,11,11,3.7661733627319336
629,12,11,12.29654312133789
630,1,11,11.457210540771484
630,2,11,11.326874732971191
630,3,11,10.556072235107422
630,4,11,10.41440486907959
630,5,11,10.92794418334961
630,6,11,11.056845664978027
630,7,11,10.744999885559082
630,8,11,10.221979141235352
630,9,11,10.946375846862793
630,10,11,11.174361228942871
630,11,11,11.281270980834961
630,12,11,10.990435600280762
631,1,11,9.844322204589844
631,2,11,10.292095184326172
631,3,11,10.44165325164795
631,4,11,9.905684471130371
631,5,11,9.773754119873047
631,6,11,10.472597122192383
631,7,11,10.239422798156738
631,8,11,10.727158546447754
631,9,11,10.27743911743164
631,10,11,10.077970504760742
631,11,11,11.462067604064941
631,12,11,11.298294067382812
632,1,,7.963772773742676
632,2,,8.071178436279297
632,3,,8.497782707214355
632,4,,7.078989505767822
632,5,,8.083415031433105
632,6,,8.340842247009277
632,7,,8.32369613647461
632,8,,8.444364547729492
632,9,,8.29829216003418
632,10,,8.729361534118652
632,11,,9.990518569946289
632,12,,9.127694129943848
633,1,,5.72890567779541
633,2,,11.560125350952148
633,3,,7.4494853019714355
633,4,,0.0
633,5,,7.636227607727051
633,6,,5.2718400955200195
633,7,,7.940835475921631
633,8,,7.796119689941406
633,9,,0.0
633,10,,6.98006010055542
633,11,,6.858173370361328
633,12,,3.1328821182250977
634,1,10,10.023602485656738
634,2,10,9.066027641296387
634,3,10,7.358652114868164
634,4,10,7.1161274909973145
634,5,10,8.331141471862793
634,6,10,8.964128494262695
634,7,10,9.832806587219238
634,8,10,7.965155124664307
634,9,10,9.227043151855469
634,10,10,9.80678939819336
634,11,10,9.634410858154297
634,12,10,9.791357040405273
635,1,,8.6884183883667
635,2,,0.0
635,3,,7.684334754943848
635,4,,7.4520440101623535
635,5,,7.604110240936279
635,6,,7.466992378234863
635,7,,7.78621768951416
635,8,,7.313338756561279
635,9,,0.0
635,10,,7.602506637573242
635,11,,7.6050920486450195
635,12,,7.0741167068481445
636,1,7,6.591507911682129
636,2,7,8.294034957885742
636,3,7,8.520997047424316
636,4,7,7.9757399559021
636,5,7,6.528679847717285
636,6,7,8.298236846923828
636,7,7,9.245819091796875
636,8,7,9.041933059692383
636,9,7,8.347992897033691
636,10,7,8.530467987060547
636,11,7,7.488962173461914
636,12,7,8.517192840576172
637,1,11,7.205264568328857
637,2,11,8.147305488586426
637,3,11,7.518436908721924
637,4,11,8.01681137084961
637,5,11,7.450784683227539
637,6,11,6.909632682800293
637,7,11,9.405951499938965
637,8,11,9.641008377075195
637,9,11,9.472433090209961
637,10,11,9.689717292785645
637,11,11,9.444435119628906
637,12,11,9.265670776367188
638,1,8,8.15195083618164
638,2,8,6.601988792419434
638,3,8,6.037631034851074
638,4,8,6.993916988372803
638,5,8,7.131075382232666
638,6,8,9.17096996307373
638,7,8,10.188592910766602
638,8,8,9.99059772491455
638,9,8,9.710370063781738
638,10,8,10.560843467712402
638,11,8,10.08975601196289
638,12,8,10.250324249267578
639,1,11,9.146435737609863
639,2,11,9.364763259887695
639,3,11,9.310905456542969
639,4,11,9.308489799499512
639,5,11,9.527106285095215
639,6,11,9.73222827911377
639,7,11,9.826620101928711
639,8,11,9.657772064208984
639,9,11,9.631227493286133
639,10,11,9.707303047180176
639,11,11,9.627874374389648
639,12,11,9.406852722167969
640,1,11,11.298469543457031
640,2,11,13.467811584472656
640,3,11,12.679669380187988
640,4,11,13.19924545288086
640,5,11,13.303278923034668
640,6,11,12.780057907104492
640,7,11,13.269121170043945
640,8,11,12.925421714782715
640,9,11,13.220911026000977
640,10,11,12.80286693572998
640,11,11,13.188520431518555
640,12,11,13.256891250610352
641,1,12,8.454320907592773
641,2,12,9.471918106079102
641,3,12,7.490165710449219
641,4,12,7.5806403160095215
641,5,12,7.269147872924805
641,6,12,6.311492919921875
641,7,12,7.8184051513671875
641,8,12,7.873466491699219
641,9,12,8.935834884643555
641,10,12,8.348128318786621
641,11,12,8.294007301330566
641,12,12,9.010676383972168
642,1,2,12.148139953613281
642,2,2,11.102404594421387
642,3,2,10.579184532165527
642,4,2,11.516290664672852
642,5,2,10.949049949645996
642,6,2,11.168614387512207
642,7,2,11.271252632141113
642,8,2,11.88611888885498
642,9,2,11.546063423156738
642,10,2,11.548970222473145
642,11,2,11.867384910583496
642,12,2,12.107454299926758
643,1,12,7.979696273803711
643,2,12,7.723392963409424
643,3,12,7.908635139465332
643,4,12,7.372286319732666
643,5,12,4.444697856903076
643,6,12,9.587878227233887
643,7,12,8.967000961303711
643,8,12,9.032238006591797
643,9,12,9.099021911621094
643,10,12,9.06507682800293
643,11,12,9.579812049865723
643,12,12,9.17349624633789
644,1,11,0.0
644,2,11,8.910238265991211
644,3,11,8.655144691467285
644,4,11,8.71391487121582
644,5,11,8.920964241027832
644,6,11,9.229106903076172
644,7,11,9.080422401428223
644,8,11,9.279276847839355
644,9,11,9.398390769958496
644,10,11,9.238085746765137
644,11,11,9.461854934692383
644,12,11,8.808897018432617
645,1,10,9.306730270385742
645,2,10,8.98858642578125
645,3,10,9.93897533416748
645,4,10,9.115401268005371
645,5,10,9.736553192138672
645,6,10,9.472990036010742
645,7,10,8.64842700958252
645,8,10,9.189973831176758
645,9,10,9.14279842376709
645,10,10,9.207171440124512
645,11,10,9.217896461486816
645,12,10,8.586711883544922
646,1,10,8.609530448913574
646,2,10,8.700576782226562
646,3,10,8.194820404052734
646,4,10,7.120738506317139
646,5,10,7.499242305755615
646,6,10,7.554832935333252
646,7,10,7.133604049682617
646,8,10,5.716883659362793
646,9,10,6.869795322418213
646,10,10,7.7395830154418945
646,11,10,11.167645454406738
646,12,10,8.5743989944458
647,1,5,9.232954978942871
647,2,5,7.237870693206787
647,3,5,8.729085922241211
647,4,5,8.081789016723633
647,5,5,7.0052409172058105
647,6,5,8.621562004089355
647,7,5,7.675688743591309
647,8,5,8.913365364074707
647,9,5,9.451363563537598
647,10,5,8.56586742401123
647,11,5,9.655988693237305
647,12,5,8.884765625
648,1,10,8.630464553833008
648,2,10,7.911311626434326
648,3,10,7.407162666320801
648,4,10,5.049530029296875
648,5,10,8.107370376586914
648,6,10,7.1269145011901855
648,7,10,8.660916328430176
648,8,10,7.844798564910889
648,9,10,7.552751541137695
648,10,10,7.048700332641602
648,11,10,8.047097206115723
648,12,10,7.589082717895508
649,1,2,10.773797035217285
649,2,2,11.180373191833496
649,3,2,11.02103328704834
649,4,2,11.110433578491211
649,5,2,10.943002700805664
649,6,2,10.892292976379395
649,7,2,10.996166229248047
649,8,2,10.971529006958008
649,9,2,10.640305519104004
649,10,2,10.556896209716797
649,11,2,9.820500373840332
649,12,2,10.154797554016113
650,1,7,8.241161346435547
650,2,7,8.425521850585938
650,3,7,8.334623336791992
650,4,7,9.5358247756958
650,5,7,9.540512084960938
650,6,7,8.737106323242188
650,7,7,9.22191333770752
650,8,7,9.311727523803711
650,9,7,8.355923652648926
650,10,7,6.412107467651367
650,11,7,6.8384013175964355
650,12,7,7.5395588874816895
651,1,12,7.281126499176025
651,2,12,7.450889587402344
651,3,12,7.609116554260254
651,4,12,6.6594438552856445
651,5,12,7.723351955413818
651,6,12,2.745312452316284
651,7,12,5.850805759429932
651,8,12,7.528517246246338
651,9,12,6.4258575439453125
651,10,12,7.84900426864624
651,11,12,7.690609455108643
651,12,12,7.067319869995117
652,1,12,7.3279876708984375
652,2,12,8.86347770690918
652,3,12,8.611225128173828
652,4,12,8.794615745544434
652,5,12,8.225268363952637
652,6,12,6.5408501625061035
652,7,12,9.246535301208496
652,8,12,8.622485160827637
652,9,12,7.906868934631348
652,10,12,8.477513313293457
652,11,12,8.425149917602539
652,12,12,8.65146541595459
653,1,12,8.247581481933594
653,2,12,5.592226505279541
653,3,12,6.388874053955078
653,4,12,0.0
653,5,12,4.575860500335693
653,6,12,6.082411289215088
653,7,12,6.5622878074646
653,8,12,6.842868328094482
653,9,12,7.0294389724731445
653,10,12,6.537876129150391
653,11,12,6.775003910064697
653,12,12,7.021976470947266
654,1,12,9.756675720214844
654,2,12,10.135307312011719
654,3,12,10.038554191589355
654,4,12,9.723896026611328
654,5,12,9.824584007263184
654,6,12,9.011796951293945
654,7,12,10.989436149597168
654,8,12,11.019079208374023
654,9,12,10.792455673217773
654,10,12,11.230111122131348
654,11,12,11.494867324829102
654,12,12,10.529083251953125
655,1,11,7.387604713439941
655,2,11,7.8194379806518555
655,3,11,8.167259216308594
655,4,11,7.883475303649902
655,5,11,8.417705535888672
655,6,11,7.806272029876709
655,7,11,7.897793292999268
655,8,11,8.772990226745605
655,9,11,8.288224220275879
655,10,11,8.622160911560059
655,11,11,9.675048828125
655,12,11,9.204803466796875
656,1,9,0.0
656,2,9,6.9592084884643555
656,3,9,7.942975997924805
656,4,9,7.1231608390808105
656,5,9,7.461705684661865
656,6,9,7.4123921394348145
656,7,9,7.984313488006592
656,8,9,6.7007317543029785
656,9,9,0.0
656,10,9,7.65004301071167
656,11,9,7.509921073913574
656,12,9,8.029866218566895
657,1,6,8.984134674072266
657,2,6,6.910590648651123
657,3,6,8.894603729248047
657,4,6,8.13256549835205
657,5,6,6.277019023895264
657,6,6,7.010564804077148
657,7,6,8.914249420166016
657,8,6,8.709485054016113
657,9,6,6.718116283416748
657,10,6,8.895514488220215
657,11,6,6.582874298095703
657,12,6,8.95363998413086
658,1,2,9.55212688446045
658,2,2,8.654088020324707
658,3,2,8.749408721923828
658,4,2,7.164555072784424
658,5,2,6.728454113006592
658,6,2,7.952751636505127
658,7,2,8.071752548217773
658,8,2,7.886538028717041
658,9,2,7.9791178703308105
658,10,2,8.298828125
658,11,2,7.508423328399658
658,12,2,8.976926803588867
659,1,12,4.036360263824463
659,2,12,7.349354267120361
659,3,12,7.420985698699951
659,4,12,7.129674911499023
659,5,12,7.145235538482666
659,6,12,9.129474639892578
659,7,12,7.77468729019165
659,8,12,7.406711578369141
659,9,12,7.877442836761475
659,10,12,8.071866989135742
659,11,12,7.655174732208252
659,12,12,8.832280158996582
660,1,12,6.097312927246094
660,2,12,6.698019027709961
660,3,12,7.588523864746094
660,4,12,8.350339889526367
660,5,12,8.016216278076172
660,6,12,0.0
660,7,12,8.417766571044922
660,8,12,6.681239128112793
660,9,12,7.255946159362793
660,10,12,7.4265313148498535
660,11,12,7.033890724182129
660,12,12,6.3051981925964355
661,1,7,11.2363920211792
661,2,7,11.346602439880371
661,3,7,11.281482696533203
661,4,7,11.42243480682373
661,5,7,11.23183536529541
661,6,7,11.239654541015625
661,7,7,11.69626522064209
661,8,7,12.039828300476074
661,9,7,12.186054229736328
661,10,7,14.470399856567383
661,11,7,13.657855987548828
661,12,7,12.607972145080566
662,1,11,10.202616691589355
662,2,11,9.787809371948242
662,3,11,9.527772903442383
662,4,11,10.695293426513672
662,5,11,10.580551147460938
662,6,11,9.98753547668457
662,7,11,10.931954383850098
662,8,11,11.971145629882812
662,9,11,11.886563301086426
662,10,11,11.819374084472656
662,11,11,11.430781364440918
662,12,11,11.057937622070312
663,1,7,7.72266960144043
663,2,7,8.954277038574219
663,3,7,8.859543800354004
663,4,7,9.530877113342285
663,5,7,9.387516975402832
663,6,7,8.493353843688965
663,7,7,7.8696417808532715
663,8,7,7.64304780960083
663,9,7,9.287457466125488
663,10,7,8.23945140838623
663,11,7,7.898350238800049
663,12,7,6.049733638763428
664,1,12,9.383578300476074
664,2,12,9.842939376831055
664,3,12,8.890565872192383
664,4,12,9.427846908569336
664,5,12,9.501049041748047
664,6,12,0.0
664,7,12,9.493012428283691
664,8,12,9.002649307250977
664,9,12,8.294075012207031
664,10,12,10.029302597045898
664,11,12,8.211352348327637
664,12,12,9.613353729248047
665,1,6,7.93074369430542
665,2,6,8.596500396728516
665,3,6,9.5483980178833
665,4,6,9.496928215026855
665,5,6,9.301017761230469
665,6,6,9.503260612487793
665,7,6,10.751542091369629
665,8,6,10.48704719543457
665,9,6,10.732176780700684
665,10,6,10.15707015991211
665,11,6,10.192798614501953
665,12,6,9.880501747131348
666,1,12,6.833029747009277
666,2,12,8.555309295654297
666,3,12,9.129430770874023
666,4,12,9.133066177368164
666,5,12,8.719767570495605
666,6,12,8.949480056762695
666,7,12,9.106209754943848
666,8,12,8.423524856567383
666,9,12,9.707474708557129
666,10,12,6.364198207855225
666,11,12,8.876609802246094
666,12,12,6.063785076141357
667,1,8,0.0
667,2,8,0.0
667,3,8,4.533843994140625
667,4,8,5.261709213256836
667,5,8,5.5964555740356445
667,6,8,4.748147964477539
667,7,8,8.44652271270752
667,8,8,8.339924812316895
667,9,8,8.252300262451172
667,10,8,8.453068733215332
667,11,8,11.167645454406738
667,12,8,11.842263221740723
668,1,12,8.85006046295166
668,2,12,8.271197319030762
668,3,12,8.457686424255371
668,4,12,8.265823364257812
668,5,12,7.762584686279297
668,6,12,8.99548053741455
668,7,12,7.87762451171875
668,8,12,10.693694114685059
668,9,12,4.618673324584961
668,10,12,8.042304992675781
668,11,12,13.333683013916016
668,12,12,10.259465217590332
669,1,10,12.023530006408691
669,2,10,12.14594841003418
669,3,10,11.97883415222168
669,4,10,11.992195129394531
669,5,10,11.455113410949707
669,6,10,11.678855895996094
669,7,10,11.804696083068848
669,8,10,11.899527549743652
669,9,10,11.727551460266113
669,10,10,12.256038665771484
669,11,10,12.442742347717285
669,12,10,12.685044288635254
670,1,12,8.629447937011719
670,2,12,7.275402545928955
670,3,12,9.926255226135254
670,4,12,11.477861404418945
670,5,12,11.375996589660645
670,6,12,12.206337928771973
670,7,12,12.428053855895996
670,8,12,12.318978309631348
670,9,12,11.956217765808105
670,10,12,12.425067901611328
670,11,12,12.475793838500977
670,12,12,11.754058837890625
671,1,11,9.49792766571045
671,2,11,9.713608741760254
671,3,11,9.838420867919922
671,4,11,10.00678825378418
671,5,11,9.90778636932373
671,6,11,9.599319458007812
671,7,11,9.84664249420166
671,8,11,10.123103141784668
671,9,11,9.732275009155273
671,10,11,10.006526947021484
671,11,11,10.62792682647705
671,12,11,10.34934139251709
672,1,6,10.738414764404297
672,2,6,11.317641258239746
672,3,6,10.478128433227539
672,4,6,11.220504760742188
672,5,6,11.536225318908691
672,6,6,10.952239990234375
672,7,6,11.971875190734863
672,8,6,11.716267585754395
672,9,6,11.615267753601074
672,10,6,12.42781925201416
672,11,6,13.008666038513184
672,12,6,12.024930953979492
673,1,12,3.6396872997283936
673,2,12,11.708261489868164
673,3,12,11.59088134765625
673,4,12,11.536089897155762
673,5,12,11.578014373779297
673,6,12,11.886492729187012
673,7,12,12.390652656555176
673,8,12,12.425399780273438
673,9,12,12.472745895385742
673,10,12,12.79411506652832
673,11,12,12.498842239379883
673,12,12,11.710389137268066
674,1,11,10.830256462097168
674,2,11,9.621938705444336
674,3,11,8.200987815856934
674,4,11,10.136184692382812
674,5,11,10.962088584899902
674,6,11,10.575798988342285
674,7,11,10.208383560180664
674,8,11,10.229602813720703
674,9,11,9.965940475463867
674,10,11,10.548524856567383
674,11,11,10.1987943649292
674,12,11,10.249484062194824
675,1,5,12.76108455657959
675,2,5,12.803972244262695
675,3,5,13.148846626281738
675,4,5,13.072650909423828
675,5,5,12.765990257263184
675,6,5,13.568704605102539
675,7,5,13.881532669067383
675,8,5,14.104265213012695
675,9,5,14.332508087158203
675,10,5,14.08914852142334
675,11,5,14.042289733886719
675,12,5,14.047945022583008
676,1,11,11.250105857849121
676,2,11,12.160318374633789
676,3,11,12.268245697021484
676,4,11,13.63774299621582
676,5,11,11.891490936279297
676,6,11,11.099820137023926
676,7,11,14.193948745727539
676,8,11,13.404434204101562
676,9,11,14.441676139831543
676,10,11,14.06974983215332
676,11,11,14.747913360595703
676,12,11,14.30324935913086
677,1,11,9.508764266967773
677,2,11,9.085094451904297
677,3,11,10.425741195678711
677,4,11,9.271110534667969
677,5,11,10.552087783813477
677,6,11,10.086198806762695
677,7,11,10.737507820129395
677,8,11,10.20192813873291
677,9,11,10.445967674255371
677,10,11,10.93372631072998
677,11,11,7.682973861694336
677,12,11,9.53711986541748
678,1,12,9.252092361450195
678,2,12,10.745918273925781
678,3,12,11.471341133117676
678,4,12,12.450249671936035
678,5,12,12.64846420288086
678,6,12,12.133254051208496
678,7,12,12.776869773864746
678,8,12,12.554109573364258
678,9,12,11.917497634887695
678,10,12,11.030426979064941
678,11,12,10.717619895935059
678,12,12,10.77735424041748
679,1,2,11.73843002319336
679,2,2,12.055648803710938
679,3,2,12.152962684631348
679,4,2,12.158056259155273
679,5,2,11.965481758117676
679,6,2,12.674208641052246
679,7,2,13.024020195007324
679,8,2,13.572364807128906
679,9,2,13.514827728271484
679,10,2,13.352437973022461
679,11,2,13.670249938964844
679,12,2,13.609472274780273
680,1,4,9.519645690917969
680,2,4,9.155232429504395
680,3,4,7.842865467071533
680,4,4,9.13638687133789
680,5,4,8.845547676086426
680,6,4,9.341485023498535
680,7,4,10.307404518127441
680,8,4,10.638204574584961
680,9,4,10.45173168182373
680,10,4,11.626046180725098
680,11,4,11.659477233886719
680,12,4,11.582752227783203
681,1,2,12.033049583435059
681,2,2,12.656253814697266
681,3,2,12.188142776489258
681,4,2,12.31507396697998
681,5,2,12.514595985412598
681,6,2,12.517867088317871
681,7,2,12.46479606628418
681,8,2,12.425149917602539
681,9,2,9.80707836151123
681,10,2,10.345394134521484
681,11,2,12.82797622680664
681,12,2,13.13115119934082
682,1,10,10.028446197509766
682,2,10,9.9837064743042
682,3,10,9.840645790100098
682,4,10,8.579549789428711
682,5,10,11.591251373291016
682,6,10,9.726699829101562
682,7,10,9.949883460998535
682,8,10,10.187613487243652
682,9,10,10.340943336486816
682,10,10,8.158478736877441
682,11,10,10.624564170837402
682,12,10,8.311585426330566
683,1,2,11.33863353729248
683,2,2,11.247804641723633
683,3,2,11.253236770629883
683,4,2,11.549779891967773
683,5,2,11.252137184143066
683,6,2,11.607637405395508
683,7,2,11.569479942321777
683,8,2,11.560864448547363
683,9,2,11.52600383758545
683,10,2,12.17094898223877
683,11,2,11.857464790344238
683,12,2,12.154814720153809
684,1,7,11.724933624267578
684,2,7,11.884332656860352
684,3,7,11.412254333496094
684,4,7,11.241565704345703
684,5,7,12.144885063171387
684,6,7,11.484309196472168
684,7,7,11.418111801147461
684,8,7,11.467025756835938
684,9,7,11.320101737976074
684,10,7,9.754751205444336
684,11,7,11.384624481201172
684,12,7,11.607869148254395
685,1,11,9.009562492370605
685,2,11,9.256169319152832
685,3,11,9.340843200683594
685,4,11,8.948606491088867
685,5,11,8.625432014465332
685,6,11,7.394464492797852
685,7,11,11.706561088562012
685,8,11,9.87553882598877
685,9,11,9.854339599609375
685,10,11,10.103949546813965
685,11,11,9.992165565490723
685,12,11,10.34109115600586
686,1,10,11.958778381347656
686,2,10,11.45457935333252
686,3,10,12.217018127441406
686,4,10,12.205225944519043
686,5,10,12.349981307983398
686,6,10,12.466716766357422
686,7,10,12.157129287719727
686,8,10,12.075661659240723
686,9,10,11.802523612976074
686,10,10,12.140893936157227
686,11,10,11.556802749633789
686,12,10,11.92518138885498
687,1,9,14.931057929992676
687,2,9,14.942749977111816
687,3,9,15.193995475769043
687,4,9,15.42353343963623
687,5,9,16.266613006591797
687,6,9,15.84228229522705
687,7,9,15.952305793762207
687,8,9,16.43375015258789
687,9,9,16.427154541015625
687,10,9,16.53036117553711
687,11,9,16.678001403808594
687,12,9,16.53514862060547
688,1,4,10.699094772338867
688,2,4,11.232644081115723
688,3,4,11.078484535217285
688,4,4,11.267154693603516
688,5,4,10.376593589782715
688,6,4,10.755353927612305
688,7,4,11.402132987976074
688,8,4,11.579302787780762
688,9,4,11.523484230041504
688,10,4,11.81683349609375
688,11,4,11.637733459472656
688,12,4,12.307832717895508
689,1,12,7.88793420791626
689,2,12,8.156595230102539
689,3,12,7.980337619781494
689,4,12,9.430261611938477
689,5,12,5.2397966384887695
689,6,12,8.505764961242676
689,7,12,8.006048202514648
689,8,12,8.088133811950684
689,9,12,8.328593254089355
689,10,12,3.8078973293304443
689,11,12,4.561512470245361
689,12,12,8.854765892028809
690,1,10,9.535554885864258
690,2,10,11.460630416870117
690,3,10,11.24660587310791
690,4,10,10.799463272094727
690,5,10,11.357035636901855
690,6,10,11.652975082397461
690,7,10,11.288885116577148
690,8,10,11.471163749694824
690,9,10,12.515664100646973
690,10,10,13.051713943481445
690,11,10,12.86555004119873
690,12,10,12.247901916503906
691,1,6,9.058639526367188
691,2,6,9.639877319335938
691,3,6,9.226399421691895
691,4,6,8.887784004211426
691,5,6,8.498597145080566
691,6,6,8.258241653442383
691,7,6,8.955782890319824
691,8,6,8.524460792541504
691,9,6,6.709702968597412
691,10,6,9.654412269592285
691,11,6,9.387474060058594
691,12,6,8.732501029968262
692,1,10,8.304487228393555
692,2,10,8.231873512268066
692,3,10,8.293380737304688
692,4,10,8.523326873779297
692,5,10,8.53206729888916
692,6,10,9.104479789733887
692,7,10,8.631136894226074
692,8,10,9.236490249633789
692,9,10,8.796951293945312
692,10,10,10.266969680786133
692,11,10,9.855586051940918
692,12,10,9.031940460205078
693,1,9,12.580545425415039
693,2,9,13.318233489990234
693,3,9,12.873045921325684
693,4,9,12.709749221801758
693,5,9,12.9157075881958
693,6,9,13.64857006072998
693,7,9,13.685673713684082
693,8,9,13.721052169799805
693,9,9,13.60300350189209
693,10,9,13.199873924255371
693,11,9,13.318337440490723
693,12,9,13.225321769714355
694,1,2,10.527441024780273
694,2,2,11.287480354309082
694,3,2,11.251558303833008
694,4,2,11.424625396728516
694,5,2,10.94355297088623
694,6,2,10.875448226928711
694,7,2,11.188234329223633
694,8,2,11.287381172180176
694,9,2,11.278903007507324
694,10,2,11.49532413482666
694,11,2,11.458394050598145
694,12,2,11.950871467590332
695,1,10,9.892023086547852
695,2,10,9.632891654968262
695,3,10,10.321393013000488
695,4,10,9.652509689331055
695,5,10,10.33699893951416
695,6,10,10.267879486083984
695,7,10,9.991720199584961
695,8,10,10.195976257324219
695,9,10,9.920389175415039
695,10,10,11.130471229553223
695,11,10,11.547159194946289
695,12,10,11.322349548339844
696,1,5,10.2822904586792
696,2,5,10.209896087646484
696,3,5,10.88555908203125
696,4,5,10.579169273376465
696,5,5,10.383973121643066
696,6,5,10.75532341003418
696,7,5,10.542030334472656
696,8,5,10.551429748535156
696,9,5,10.492765426635742
696,10,5,10.270018577575684
696,11,5,9.747383117675781
696,12,5,9.727023124694824
697,1,10,8.773323059082031
697,2,10,8.682598114013672
697,3,10,8.364253044128418
697,4,10,9.027470588684082
697,5,10,8.827366828918457
697,6,10,9.188288688659668
697,7,10,9.266010284423828
697,8,10,9.32749080657959
697,9,10,9.763590812683105
697,10,10,9.357091903686523
697,11,10,10.374739646911621
697,12,10,10.114720344543457
698,1,11,12.033615112304688
698,2,11,11.294275283813477
698,3,11,10.94446086883545
698,4,11,10.765451431274414
698,5,11,10.609038352966309
698,6,11,12.258269309997559
698,7,11,12.171680450439453
698,8,11,11.516230583190918
698,9,11,11.509034156799316
698,10,11,11.768519401550293
698,11,11,11.860654830932617
698,12,11,11.811623573303223
699,1,12,8.010889053344727
699,2,12,7.069770336151123
699,3,12,0.0
699,4,12,7.184120178222656
699,5,12,10.22597599029541
699,6,12,10.235678672790527
699,7,12,11.113180160522461
699,8,12,9.79509162902832
699,9,12,10.460274696350098
699,10,12,10.708702087402344
699,11,12,10.902108192443848
699,12,12,10.717703819274902
700,1,11,10.187687873840332
700,2,11,10.315394401550293
700,3,11,10.624604225158691
700,4,11,11.5211181640625
700,5,11,11.20477294921875
700,6,11,11.527036666870117
700,7,11,11.917016983032227
700,8,11,11.408442497253418
700,9,11,11.57205867767334
700,10,11,11.742076873779297
700,11,11,7.1485276222229
700,12,11,12.277003288269043
701,1,11,11.205208778381348
701,2,11,11.48157787322998
701,3,11,11.466089248657227
701,4,11,11.41434383392334
701,5,11,11.304464340209961
701,6,11,11.372086524963379
701,7,11,11.328958511352539
701,8,11,11.424023628234863
701,9,11,11.359468460083008
701,10,11,11.527117729187012
701,11,11,13.707826614379883
701,12,11,11.432907104492188
702,1,4,9.811540603637695
702,2,4,5.000685214996338
702,3,4,0.0
702,4,4,10.247798919677734
702,5,4,10.20880126953125
702,6,4,10.209826469421387
702,7,4,10.396208763122559
702,8,4,10.401640892028809
702,9,4,10.245224952697754
702,10,4,10.276333808898926
702,11,4,10.467889785766602
702,12,4,8.615524291992188
703,1,9,14.00390625
703,2,9,14.056410789489746
703,3,9,14.379304885864258
703,4,9,13.680705070495605
703,5,9,13.818732261657715
703,6,9,14.065055847167969
703,7,9,14.301422119140625
703,8,9,13.990839958190918
703,9,9,14.418834686279297
703,10,9,14.10595989227295
703,11,9,14.398225784301758
703,12,9,14.299683570861816
704,1,10,11.236406326293945
704,2,10,13.166919708251953
704,3,10,11.584329605102539
704,4,10,11.063872337341309
704,5,10,10.79789924621582
704,6,10,11.33896541595459
704,7,10,11.473325729370117
704,8,10,11.410977363586426
704,9,10,11.330572128295898
704,10,10,11.154796600341797
704,11,10,12.097010612487793
704,12,10,9.32788372039795
705,1,12,13.239843368530273
705,2,12,13.47620964050293
705,3,12,13.347259521484375
705,4,12,14.23095417022705
705,5,12,13.362584114074707
705,6,12,13.432917594909668
705,7,12,13.69009780883789
705,8,12,13.520125389099121
705,9,12,14.179390907287598
705,10,12,14.066904067993164
705,11,12,13.968283653259277
705,12,12,13.925609588623047
706,1,10,7.8012895584106445
706,2,10,8.640816688537598
706,3,10,8.462947845458984
706,4,10,9.190292358398438
706,5,10,8.334468841552734
706,6,10,9.902998924255371
706,7,10,8.34050464630127
706,8,10,8.187475204467773
706,9,10,9.316206932067871
706,10,10,8.285383224487305
706,11,10,9.642248153686523
706,12,10,9.146991729736328
707,1,10,8.562530517578125
707,2,10,10.15185832977295
707,3,10,10.06458568572998
707,4,10,10.69422435760498
707,5,10,9.755094528198242
707,6,10,11.368266105651855
707,7,10,10.898672103881836
707,8,10,10.980833053588867
707,9,10,10.311368942260742
707,10,10,11.167132377624512
707,11,10,11.425896644592285
707,12,10,11.258302688598633
708,1,12,8.046472549438477
708,2,12,8.550664901733398
708,3,12,8.397536277770996
708,4,12,8.935356140136719
708,5,12,8.813131332397461
708,6,12,8.754191398620605
708,7,12,9.418876647949219
708,8,12,9.746681213378906
708,9,12,9.770530700683594
708,10,12,10.34711742401123
708,11,12,9.348042488098145
708,12,12,9.248876571655273
709,1,12,10.565287590026855
709,2,12,10.785870552062988
709,3,12,9.932146072387695
709,4,12,11.088249206542969
709,5,12,11.122955322265625
709,6,12,10.907849311828613
709,7,12,11.047429084777832
709,8,12,10.851545333862305
709,9,12,10.929610252380371
709,10,12,11.191662788391113
709,11,12,10.754319190979004
709,12,12,10.880318641662598
710,1,12,8.559186935424805
710,2,12,9.196406364440918
710,3,12,9.053106307983398
710,4,12,9.319121360778809
710,5,12,9.05826187133789
710,6,12,9.499805450439453
710,7,12,7.581638813018799
710,8,12,10.067279815673828
710,9,12,9.974393844604492
710,10,12,9.87757682800293
710,11,12,9.94269847869873
710,12,12,9.72807788848877
711,1,12,0.0
711,2,12,8.594071388244629
711,3,12,9.00544261932373
711,4,12,8.874543190002441
711,5,12,8.373251914978027
711,6,12,8.854589462280273
711,7,12,8.504633903503418
711,8,12,8.94780445098877
711,9,12,8.684772491455078
711,10,12,8.552706718444824
711,11,12,8.821742057800293
711,12,12,9.258265495300293
712,1,12,10.55256175994873
712,2,12,9.347190856933594
712,3,12,7.834056854248047
712,4,12,9.334076881408691
712,5,12,7.165664196014404
712,6,12,7.108180522918701
712,7,12,11.355563163757324
712,8,12,11.1153564453125
712,9,12,11.103874206542969
712,10,12,11.164190292358398
712,11,12,11.257667541503906
712,12,12,11.203051567077637
713,1,10,13.793511390686035
713,2,10,13.787100791931152
713,3,10,13.357142448425293
713,4,10,13.61044692993164
713,5,10,14.038127899169922
713,6,10,10.434347152709961
713,7,10,13.721335411071777
713,8,10,13.637259483337402
713,9,10,13.707857131958008
713,10,10,13.96143913269043
713,11,10,14.289527893066406
713,12,10,13.840656280517578
714,1,10,10.170119285583496
714,2,10,10.778817176818848
714,3,10,10.581050872802734
714,4,10,10.553505897521973
714,5,10,10.356411933898926
714,6,10,10.509576797485352
714,7,10,10.75684642791748
714,8,10,10.66589641571045
714,9,10,10.939456939697266
714,10,10,10.884636878967285
714,11,10,10.807236671447754
714,12,10,10.513823509216309
715,1,3,12.701700210571289
715,2,3,12.784143447875977
715,3,3,12.824902534484863
715,4,3,12.576539993286133
715,5,3,12.613741874694824
715,6,3,13.157610893249512
715,7,3,13.474295616149902
715,8,3,14.09397029876709
715,9,3,14.142499923706055
715,10,3,14.878416061401367
715,11,3,15.114535331726074
715,12,3,15.186787605285645
716,1,6,8.871661186218262
716,2,6,9.061585426330566
716,3,6,9.138413429260254
716,4,6,8.927504539489746
716,5,6,8.877291679382324
716,6,6,8.52760124206543
716,7,6,8.56634521484375
716,8,6,8.865391731262207
716,9,6,8.610834121704102
716,10,6,12.901896476745605
716,11,6,8.948176383972168
716,12,6,8.985588073730469
717,1,9,8.947001457214355
717,2,9,9.007124900817871
717,3,9,9.031661033630371
717,4,9,9.063397407531738
717,5,9,9.456683158874512
717,6,9,9.145756721496582
717,7,9,7.3692402839660645
717,8,9,9.599151611328125
717,9,9,10.229238510131836
717,10,9,10.409343719482422
717,11,9,9.982010841369629
717,12,9,9.121654510498047
718,1,10,9.58592414855957
718,2,10,9.490838050842285
718,3,10,9.91186237335205
718,4,10,9.952332496643066
718,5,10,10.18238353729248
718,6,10,11.373096466064453
718,7,10,9.031025886535645
718,8,10,7.343509197235107
718,9,10,6.3379621505737305
718,10,10,10.869728088378906
718,11,10,10.776089668273926
718,12,10,10.789483070373535
719,1,11,0.0
719,2,11,6.129025459289551
719,3,11,6.225980281829834
719,4,11,8.334519386291504
719,5,11,5.421572685241699
719,6,11,0.0
719,7,11,9.750232696533203
719,8,11,9.396478652954102
719,9,11,9.036794662475586
719,10,11,9.221732139587402
719,11,11,9.598221778869629
719,12,11,9.958527565002441
720,1,6,0.0
720,2,6,8.951953887939453
720,3,6,9.643814086914062
720,4,6,9.630558013916016
720,5,6,9.609946250915527
720,6,6,8.620572090148926
720,7,6,9.848684310913086
720,8,6,10.009553909301758
720,9,6,7.721646308898926
720,10,6,8.689664840698242
720,11,6,7.405036449432373
720,12,6,6.484681129455566
721,1,10,11.382878303527832
721,2,10,10.51776123046875
721,3,10,10.607051849365234
721,4,10,10.140948295593262
721,5,10,9.759004592895508
721,6,10,9.714460372924805
721,7,10,8.531919479370117
721,8,10,9.429171562194824
721,9,10,9.684321403503418
721,10,10,10.052447319030762
721,11,10,11.476844787597656
721,12,10,10.299126625061035
722,1,10,8.872995376586914
722,2,10,9.372514724731445
722,3,10,9.497486114501953
722,4,10,9.563822746276855
722,5,10,8.451715469360352
722,6,10,9.470873832702637
722,7,10,9.269122123718262
722,8,10,7.703986644744873
722,9,10,8.796107292175293
722,10,10,9.664703369140625
722,11,10,6.935485363006592
722,12,10,8.110000610351562
723,1,6,10.689614295959473
723,2,6,11.287761688232422
723,3,6,11.331149101257324
723,4,6,11.682235717773438
723,5,6,11.751869201660156
723,6,6,12.084232330322266
723,7,6,12.762293815612793
723,8,6,11.903939247131348
723,9,6,11.142415046691895
723,10,6,11.294349670410156
723,11,6,10.994827270507812
723,12,6,11.167102813720703
724,1,12,11.450003623962402
724,2,12,11.59387493133545
724,3,12,12.131701469421387
724,4,12,12.262116432189941
724,5,12,12.169548034667969
724,6,12,12.143147468566895
724,7,12,12.127700805664062
724,8,12,12.343076705932617
724,9,12,11.834504127502441
724,10,12,12.068550109863281
724,11,12,12.295879364013672
724,12,12,11.862451553344727
725,1,2,11.982675552368164
725,2,2,13.37315845489502
725,3,2,12.61217975616455
725,4,2,12.479854583740234
725,5,2,12.285684585571289
725,6,2,12.563920021057129
725,7,2,12.46672248840332
725,8,2,12.370059967041016
725,9,2,12.397271156311035
725,10,2,12.405027389526367
725,11,2,12.637024879455566
725,12,2,12.83322525024414
726,1,3,8.7566499710083
726,2,3,10.451506614685059
726,3,3,11.228079795837402
726,4,3,11.517192840576172
726,5,3,11.521943092346191
726,6,3,11.643108367919922
726,7,3,11.485220909118652
726,8,3,11.056984901428223
726,9,3,10.63597583770752
726,10,3,11.320528984069824
726,11,3,11.268051147460938
726,12,3,11.052541732788086
727,1,11,9.705212593078613
727,2,11,9.91781997680664
727,3,11,9.95602035522461
727,4,11,9.715303421020508
727,5,11,9.260374069213867
727,6,11,10.007418632507324
727,7,11,9.912708282470703
727,8,11,9.749855041503906
727,9,11,9.833731651306152
727,10,11,9.53164291381836
727,11,11,9.501463890075684
727,12,11,9.37067699432373
728,1,11,16.720346450805664
728,2,11,16.562477111816406
728,3,11,16.422739028930664
728,4,11,16.384904861450195
728,5,11,16.438962936401367
728,6,11,16.773765563964844
728,7,11,16.85773468017578
728,8,11,16.70256996154785
728,9,11,16.67615509033203
728,10,11,16.538000106811523
728,11,11,16.672067642211914
728,12,11,16.698253631591797
729,1,2,9.482950210571289
729,2,2,10.059953689575195
729,3,2,8.31242847442627
729,4,2,0.0
729,5,2,0.0
729,6,2,12.769387245178223
729,7,2,12.461604118347168
729,8,2,13.393195152282715
729,9,2,12.731440544128418
729,10,2,12.330867767333984
729,11,2,13.010565757751465
729,12,2,13.552263259887695
730,1,10,12.081167221069336
730,2,10,13.973193168640137
730,3,10,12.890093803405762
730,4,10,12.804765701293945
730,5,10,13.340753555297852
730,6,10,12.735685348510742
730,7,10,10.599710464477539
730,8,10,12.694225311279297
730,9,10,12.350412368774414
730,10,10,12.581972122192383
730,11,10,12.621489524841309
730,12,10,12.571273803710938
731,1,3,6.4120917320251465
731,2,3,7.584749221801758
731,3,3,9.307251930236816
731,4,3,7.317253589630127
731,5,3,6.1030731201171875
731,6,3,9.45826530456543
731,7,3,6.61610746383667
731,8,3,8.619730949401855
731,9,3,7.944520473480225
731,10,3,7.934481620788574
731,11,3,5.032709121704102
731,12,3,10.30196762084961
732,1,12,9.667366981506348
732,2,12,9.53736400604248
732,3,12,9.6918306350708
732,4,12,8.510677337646484
732,5,12,10.266456604003906
732,6,12,10.763635635375977
732,7,12,9.174320220947266
732,8,12,11.413856506347656
732,9,12,10.627253532409668
732,10,12,10.239419937133789
732,11,12,11.391623497009277
732,12,12,12.090811729431152
733,1,10,11.32578182220459
733,2,10,11.474273681640625
733,3,10,11.328391075134277
733,4,10,11.380953788757324
733,5,10,11.185981750488281
733,6,10,11.498045921325684
733,7,10,11.60628890991211
733,8,10,11.434637069702148
733,9,10,11.506386756896973
733,10,10,11.439103126525879
733,11,10,11.694120407104492
733,12,10,11.704204559326172
734,1,2,10.82742977142334
734,2,2,9.37149715423584
734,3,2,9.565522193908691
734,4,2,10.112045288085938
734,5,2,9.966387748718262
734,6,2,10.552380561828613
734,7,2,10.030872344970703
734,8,2,8.998968124389648
734,9,2,10.444181442260742
734,10,2,9.780508995056152
734,11,2,10.328641891479492
734,12,2,9.826574325561523
735,1,11,9.03074836730957
735,2,11,7.790500640869141
735,3,11,8.829506874084473
735,4,11,6.175459861755371
735,5,11,6.311306476593018
735,6,11,7.639165878295898
735,7,11,5.975161075592041
735,8,11,10.00510025024414
735,9,11,6.782933235168457
735,10,11,5.121509552001953
735,11,11,10.844017028808594
735,12,11,10.647353172302246
736,1,6,10.581215858459473
736,2,6,10.948895454406738
736,3,6,10.953721046447754
736,4,6,10.874650955200195
736,5,6,10.64089584350586
736,6,6,11.014191627502441
736,7,6,11.035550117492676
736,8,6,11.148721694946289
736,9,6,10.896163940429688
736,10,6,12.559517860412598
736,11,6,12.077832221984863
736,12,6,12.109148979187012
737,1,11,11.918516159057617
737,2,11,11.778156280517578
737,3,11,11.792545318603516
737,4,11,12.169770240783691
737,5,11,10.51817512512207
737,6,11,12.263754844665527
737,7,11,11.522275924682617
737,8,11,11.528188705444336
737,9,11,11.770552635192871
737,10,11,12.78238296508789
737,11,11,12.031065940856934
737,12,11,12.0105619430542
738,1,12,10.909470558166504
738,2,12,10.91165828704834
738,3,12,11.073028564453125
738,4,12,11.510130882263184
738,5,12,11.524391174316406
738,6,12,11.431764602661133
738,7,12,5.793812274932861
738,8,12,0.0
738,9,12,6.083888053894043
738,10,12,11.93378734588623
738,11,12,13.310253143310547
738,12,12,12.977234840393066
739,1,11,9.230657577514648
739,2,11,8.383668899536133
739,3,11,9.82466983795166
739,4,11,9.749810218811035
739,5,11,8.898520469665527
739,6,11,9.585295677185059
739,7,11,9.27193546295166
739,8,11,9.086484909057617
739,9,11,9.092743873596191
739,10,11,9.257463455200195
739,11,11,8.84543514251709
739,12,11,8.538248062133789
740,1,11,9.877829551696777
740,2,11,0.0
740,3,11,10.715494155883789
740,4,11,9.754182815551758
740,5,11,10.297155380249023
740,6,11,9.990293502807617
740,7,11,10.295402526855469
740,8,11,10.476557731628418
740,9,11,9.595084190368652
740,10,11,10.266189575195312
740,11,11,8.871546745300293
740,12,11,6.151327610015869
741,1,11,10.49820327758789
741,2,11,10.227298736572266
741,3,11,11.02785587310791
741,4,11,11.153484344482422
741,5,11,11.106287002563477
741,6,11,11.105549812316895
741,7,11,11.175909996032715
741,8,11,11.491823196411133
741,9,11,11.281225204467773
741,10,11,11.448689460754395
741,11,11,11.339302062988281
741,12,11,11.453780174255371
742,1,2,10.513932228088379
742,2,2,10.379389762878418
742,3,2,10.272244453430176
742,4,2,8.174442291259766
742,5,2,10.14622688293457
742,6,2,10.908675193786621
742,7,2,11.03513240814209
742,8,2,11.07380199432373
742,9,2,10.892951011657715
742,10,2,11.089784622192383
742,11,2,11.24109935760498
742,12,2,11.180137634277344
743,1,10,13.288946151733398
743,2,10,13.229761123657227
743,3,10,13.496196746826172
743,4,10,13.717131614685059
743,5,10,13.634968757629395
743,6,10,13.515786170959473
743,7,10,13.060846328735352
743,8,10,14.110906600952148
743,9,10,14.482192993164062
743,10,10,14.80183219909668
743,11,10,14.494424819946289
743,12,10,14.768956184387207
744,1,,7.244391441345215
744,2,,7.241869926452637
744,3,,9.317814826965332
744,4,,8.468100547790527
744,5,,8.042007446289062
744,6,,7.739703178405762
744,7,,8.162094116210938
744,8,,7.021965980529785
744,9,,7.202479839324951
744,10,,6.181773662567139
744,11,,6.645821571350098
744,12,,6.303040027618408
745,1,4,0.0
745,2,4,0.0
745,3,4,0.0
745,4,4,9.164258003234863
745,5,4,9.382821083068848
745,6,4,9.552976608276367
745,7,4,9.685388565063477
745,8,4,9.538146018981934
745,9,4,9.237710952758789
745,10,4,9.526354789733887
745,11,4,9.412363052368164
745,12,4,9.480964660644531
746,1,9,9.452414512634277
746,2,9,11.024216651916504
746,3,9,10.4716215133667
746,4,9,10.238465309143066
746,5,9,9.977639198303223
746,6,9,10.321489334106445
746,7,9,10.691703796386719
746,8,9,11.197040557861328
746,9,9,11.555229187011719
746,10,9,11.287788391113281
746,11,9,11.703652381896973
746,12,9,11.544204711914062
747,1,11,13.592780113220215
747,2,11,13.314348220825195
747,3,11,13.041829109191895
747,4,11,13.17801570892334
747,5,11,13.156622886657715
747,6,11,13.27507495880127
747,7,11,13.392644882202148
747,8,11,13.35952091217041
747,9,11,13.371612548828125
747,10,11,13.435367584228516
747,11,11,13.813112258911133
747,12,11,13.596810340881348
748,1,11,12.5823974609375
748,2,11,13.316614151000977
748,3,11,13.068926811218262
748,4,11,13.197223663330078
748,5,11,13.142953872680664
748,6,11,13.32139778137207
748,7,11,13.332036018371582
748,8,11,13.869597434997559
748,9,11,13.892489433288574
748,10,11,14.301246643066406
748,11,11,14.419610977172852
748,12,11,14.342240333557129
749,1,2,9.948274612426758
749,2,2,9.836071968078613
749,3,2,10.24465560913086
749,4,2,10.237428665161133
749,5,2,10.228452682495117
749,6,2,11.214795112609863
749,7,2,8.219352722167969
749,8,2,10.571823120117188
749,9,2,9.237168312072754
749,10,2,10.262557983398438
749,11,2,9.642423629760742
749,12,2,9.838005065917969
750,1,12,11.777222633361816
750,2,12,11.818169593811035
750,3,12,11.667304992675781
750,4,12,12.061758995056152
750,5,12,11.935078620910645
750,6,12,12.108471870422363
750,7,12,11.943711280822754
750,8,12,12.099064826965332
750,9,12,13.4720458984375
750,10,12,10.27346134185791
750,11,12,12.137070655822754
750,12,12,11.77481746673584
751,1,11,12.863338470458984
751,2,11,13.040008544921875
751,3,11,13.025335311889648
751,4,11,13.127503395080566
751,5,11,13.305353164672852
751,6,11,13.912101745605469
751,7,11,13.959728240966797
751,8,11,12.606040000915527
751,9,11,12.990466117858887
751,10,11,12.915445327758789
751,11,11,13.543172836303711
751,12,11,13.565669059753418
752,1,4,6.708539009094238
752,2,4,7.851178169250488
752,3,4,9.213367462158203
752,4,4,9.739649772644043
752,5,4,8.634852409362793
752,6,4,9.463879585266113
752,7,4,10.049973487854004
752,8,4,9.475703239440918
752,9,4,8.728437423706055
752,10,4,10.622286796569824
752,11,4,10.242685317993164
752,12,4,9.313572883605957
753,1,6,11.067516326904297
753,2,6,11.474783897399902
753,3,6,10.960003852844238
753,4,6,10.618240356445312
753,5,6,10.349302291870117
753,6,6,11.60544204711914
753,7,6,12.308318138122559
753,8,6,11.41259479522705
753,9,6,11.347617149353027
753,10,6,9.583253860473633
753,11,6,12.754026412963867
753,12,6,12.261160850524902
754,1,10,8.296492576599121
754,2,10,9.010161399841309
754,3,10,7.823030948638916
754,4,10,8.032447814941406
754,5,10,8.091407775878906
754,6,10,5.312875747680664
754,7,10,9.444652557373047
754,8,10,9.595175743103027
754,9,10,9.592375755310059
754,10,10,9.482091903686523
754,11,10,9.499741554260254
754,12,10,10.989429473876953
755,1,8,11.993125915527344
755,2,8,12.28803825378418
755,3,8,12.100410461425781
755,4,8,13.959025382995605
755,5,8,13.924614906311035
755,6,8,13.939818382263184
755,7,8,13.62808895111084
755,8,8,13.242286682128906
755,9,8,14.6900634765625
755,10,8,13.62236499786377
755,11,8,13.15580940246582
755,12,8,13.173645973205566
756,1,7,11.425569534301758
756,2,7,12.621362686157227
756,3,7,12.72245979309082
756,4,7,12.691930770874023
756,5,7,12.611862182617188
756,6,7,12.422780990600586
756,7,7,12.342909812927246
756,8,7,12.627473831176758
756,9,7,11.172391891479492
756,10,7,13.4351167678833
756,11,7,12.99255084991455
756,12,7,13.271217346191406
757,1,11,10.930159568786621
757,2,11,10.827733039855957
757,3,11,11.137022018432617
757,4,11,11.447054862976074
757,5,11,11.689417839050293
757,6,11,11.224135398864746
757,7,11,11.343718528747559
757,8,11,12.181112289428711
757,9,11,11.524521827697754
757,10,11,11.722304344177246
757,11,11,11.770343780517578
757,12,11,11.81350326538086
758,1,10,7.720286846160889
758,2,10,8.276260375976562
758,3,10,8.058122634887695
758,4,10,8.25928020477295
758,5,10,8.580242156982422
758,6,10,8.553630828857422
758,7,10,8.376066207885742
758,8,10,8.798344612121582
758,9,10,8.554207801818848
758,10,10,8.695699691772461
758,11,10,10.258167266845703
758,12,10,11.1842622756958
759,1,11,9.372729301452637
759,2,11,9.665817260742188
759,3,11,10.450095176696777
759,4,11,10.26395034790039
759,5,11,10.323610305786133
759,6,11,10.229005813598633
759,7,11,9.668096542358398
759,8,11,9.654620170593262
759,9,11,9.93088150024414
759,10,11,9.217825889587402
759,11,11,9.987125396728516
759,12,11,9.173134803771973
760,1,11,9.988269805908203
760,2,11,9.991788864135742
760,3,11,10.08651351928711
760,4,11,9.8101806640625
760,5,11,9.41763973236084
760,6,11,9.45885181427002
760,7,11,9.337367057800293
760,8,11,9.510553359985352
760,9,11,9.626225471496582
760,10,11,4.220008850097656
760,11,11,9.606854438781738
760,12,11,9.544005393981934
761,1,6,8.09619140625
761,2,6,8.72978687286377
761,3,6,8.627664566040039
761,4,6,8.763279914855957
761,5,6,9.19439697265625
761,6,6,9.205839157104492
761,7,6,9.478248596191406
761,8,6,9.215184211730957
761,9,6,9.101785659790039
761,10,6,9.311453819274902
761,11,6,9.580224990844727
761,12,6,9.316363334655762
762,1,6,10.105231285095215
762,2,6,10.428979873657227
762,3,6,10.40938949584961
762,4,6,10.65243911743164
762,5,6,10.554447174072266
762,6,6,10.550885200500488
762,7,6,10.557906150817871
762,8,6,10.585065841674805
762,9,6,10.59354305267334
762,10,6,10.628151893615723
762,11,6,10.58072566986084
762,12,6,10.340066909790039
763,1,2,8.444528579711914
763,2,2,9.333548545837402
763,3,2,9.744977951049805
763,4,2,9.509448051452637
763,5,2,7.358112812042236
763,6,2,9.97687816619873
763,7,2,10.050734519958496
763,8,2,9.628742218017578
763,9,2,9.508217811584473
763,10,2,10.231117248535156
763,11,2,10.070595741271973
763,12,2,9.73808479309082
764,1,8,9.656994819641113
764,2,8,10.046195030212402
764,3,8,10.076583862304688
764,4,8,10.226158142089844
764,5,8,10.298601150512695
764,6,8,10.32324504852295
764,7,8,10.18903636932373
764,8,8,9.958272933959961
764,9,8,10.306413650512695
764,10,8,9.194494247436523
764,11,8,9.062752723693848
764,12,8,9.761866569519043
765,1,9,13.873380661010742
765,2,9,13.871573448181152
765,3,9,13.404438018798828
765,4,9,13.363568305969238
765,5,9,13.551025390625
765,6,9,14.035998344421387
765,7,9,14.288880348205566
765,8,9,14.684473037719727
765,9,9,14.753423690795898
765,10,9,15.238883018493652
765,11,9,15.130659103393555
765,12,9,15.3032808303833
766,1,12,13.316093444824219
766,2,12,13.472180366516113
766,3,12,13.197998046875
766,4,12,14.23779582977295
766,5,12,14.271171569824219
766,6,12,14.23061466217041
766,7,12,14.413651466369629
766,8,12,14.41501522064209
766,9,12,14.542291641235352
766,10,12,14.746931076049805
766,11,12,15.432454109191895
766,12,12,15.378385543823242
767,1,11,8.189115524291992
767,2,11,8.15241813659668
767,3,11,7.051438808441162
767,4,11,6.553988933563232
767,5,11,7.683377265930176
767,6,11,6.651682376861572
767,7,11,8.16574478149414
767,8,11,6.291524410247803
767,9,11,1.1182444095611572
767,10,11,8.04271125793457
767,11,11,7.472259998321533
767,12,11,7.4093546867370605
768,1,10,10.74915599822998
768,2,10,8.722929000854492
768,3,10,8.839487075805664
768,4,10,8.559188842773438
768,5,10,8.121377944946289
768,6,10,8.66096019744873
768,7,10,7.040307998657227
768,8,10,7.674624919891357
768,9,10,6.135436534881592
768,10,10,6.26643180847168
768,11,10,8.128917694091797
768,12,10,8.25472354888916
769,1,12,6.812849044799805
769,2,12,8.073711395263672
769,3,12,6.036982536315918
769,4,12,7.812795162200928
769,5,12,7.490871906280518
769,6,12,7.91839075088501
769,7,12,4.856063365936279
769,8,12,5.2683000564575195
769,9,12,7.887279987335205
769,10,12,7.238037109375
769,11,12,9.39991569519043
769,12,12,7.6221795082092285
770,1,,8.62112045288086
770,2,,0.0
770,3,,7.5846662521362305
770,4,,6.753785610198975
770,5,,7.565732955932617
770,6,,0.0
770,7,,6.5721659660339355
770,8,,6.458523273468018
770,9,,6.4056878089904785
770,10,,6.1033477783203125
770,11,,6.044865608215332
770,12,,6.042633056640625
771,1,6,9.41812801361084
771,2,6,9.2597074508667
771,3,6,9.550386428833008
771,4,6,9.37465763092041
771,5,6,9.62841510772705
771,6,6,9.933891296386719
771,7,6,10.760274887084961
771,8,6,10.955933570861816
771,9,6,10.70320987701416
771,10,6,9.442112922668457
771,11,6,9.006294250488281
771,12,6,8.808475494384766
772,1,2,11.982508659362793
772,2,2,12.065799713134766
772,3,2,12.632246017456055
772,4,2,12.50573444366455
772,5,2,12.291006088256836
772,6,2,12.584773063659668
772,7,2,13.412035942077637
772,8,2,12.961491584777832
772,9,2,12.587362289428711
772,10,2,12.82546329498291
772,11,2,12.833354949951172
772,12,2,12.88525390625
773,1,7,8.355630874633789
773,2,7,7.8081955909729
773,3,7,7.7444987297058105
773,4,7,4.957230567932129
773,5,7,5.262814998626709
773,6,7,6.880746364593506
773,7,7,9.330004692077637
773,8,7,10.878743171691895
773,9,7,9.722380638122559
773,10,7,8.757844924926758
773,11,7,9.194331169128418
773,12,7,9.802249908447266
774,1,11,7.4065961837768555
774,2,11,7.807910442352295
774,3,11,4.526340961456299
774,4,11,9.338164329528809
774,5,11,0.0
774,6,11,9.515070915222168
774,7,11,10.079690933227539
774,8,11,8.608187675476074
774,9,11,7.454435348510742
774,10,11,8.432110786437988
774,11,11,9.551636695861816
774,12,11,8.517393112182617
775,1,,7.868198394775391
775,2,,8.57161808013916
775,3,,7.983851432800293
775,4,,8.084684371948242
775,5,,7.372725963592529
775,6,,6.761346340179443
775,7,,7.499671459197998
775,8,,7.7163543701171875
775,9,,8.317261695861816
775,10,,6.616934776306152
775,11,,7.717594146728516
775,12,,5.973300457000732
776,1,12,7.433969020843506
776,2,12,8.434694290161133
776,3,12,8.546533584594727
776,4,12,8.373368263244629
776,5,12,7.267857074737549
776,6,12,6.780904769897461
776,7,12,8.657881736755371
776,8,12,9.391355514526367
776,9,12,9.612197875976562
776,10,12,8.605927467346191
776,11,12,9.594189643859863
776,12,12,11.784929275512695
777,1,11,9.68503475189209
777,2,11,9.667400360107422
777,3,11,10.467781066894531
777,4,11,8.377784729003906
777,5,11,9.432408332824707
777,6,11,0.0
777,7,11,9.449851036071777
777,8,11,11.062143325805664
777,9,11,10.206561088562012
777,10,11,10.688176155090332
777,11,11,10.78689956665039
777,12,11,10.721681594848633
778,1,4,8.130233764648438
778,2,4,7.160764217376709
778,3,4,7.676196098327637
778,4,4,6.975553035736084
778,5,4,6.785203456878662
778,6,4,7.599410533905029
778,7,4,5.886073112487793
778,8,4,7.222203731536865
778,9,4,6.331707000732422
778,10,4,6.625903606414795
778,11,4,6.341932773590088
778,12,4,8.065180778503418
779,1,12,8.769129753112793
779,2,12,8.914432525634766
779,3,12,9.376569747924805
779,4,12,10.615923881530762
779,5,12,10.734020233154297
779,6,12,10.61018180847168
779,7,12,8.185676574707031
779,8,12,10.969306945800781
779,9,12,10.826712608337402
779,10,12,9.022396087646484
779,11,12,10.901535987854004
779,12,12,9.766034126281738
780,1,7,14.680484771728516
780,2,7,14.528971672058105
780,3,7,14.468174934387207
780,4,7,14.363987922668457
780,5,7,14.511175155639648
780,6,7,14.451488494873047
780,7,7,14.868814468383789
780,8,7,14.883374214172363
780,9,7,14.841231346130371
780,10,7,15.062284469604492
780,11,7,15.141733169555664
780,12,7,15.31076431274414
781,1,11,10.018855094909668
781,2,11,11.285984992980957
781,3,11,10.887312889099121
781,4,11,11.142236709594727
781,5,11,11.312946319580078
781,6,11,11.172696113586426
781,7,11,10.973175048828125
781,8,11,11.123946189880371
781,9,11,11.13774585723877
781,10,11,10.918497085571289
781,11,11,10.775618553161621
781,12,11,10.398560523986816
782,1,12,8.268682479858398
782,2,12,8.818931579589844
782,3,12,9.169387817382812
782,4,12,9.096858024597168
782,5,12,8.872186660766602
782,6,12,9.133739471435547
782,7,12,8.354086875915527
782,8,12,8.202969551086426
782,9,12,7.181898593902588
782,10,12,8.496260643005371
782,11,12,8.650891304016113
782,12,12,8.665806770324707
783,1,8,10.236379623413086
783,2,8,10.551249504089355
783,3,8,11.401694297790527
783,4,8,10.340446472167969
783,5,8,10.52495002746582
783,6,8,10.772870063781738
783,7,8,10.77464771270752
783,8,8,10.246026039123535
783,9,8,10.815614700317383
783,10,8,11.169116973876953
783,11,8,9.857542037963867
783,12,8,10.674560546875
784,1,7,9.754828453063965
784,2,7,9.4588041305542
784,3,7,6.362867832183838
784,4,7,9.95579719543457
784,5,7,6.364813327789307
784,6,7,8.341812133789062
784,7,7,10.751747131347656
784,8,7,11.817098617553711
784,9,7,11.910353660583496
784,10,7,11.663315773010254
784,11,7,11.465270042419434
784,12,7,11.343751907348633
785,1,10,8.475025177001953
785,2,10,9.02779483795166
785,3,10,9.262029647827148
785,4,10,9.566693305969238
785,5,10,9.663670539855957
785,6,10,8.365458488464355
785,7,10,8.950797080993652
785,8,10,8.74780559539795
785,9,10,8.672201156616211
785,10,10,11.03575325012207
785,11,10,8.592806816101074
785,12,10,8.43188762664795
786,1,10,10.344181060791016
786,2,10,10.400544166564941
786,3,10,10.081600189208984
786,4,10,10.473791122436523
786,5,10,10.368928909301758
786,6,10,10.273932456970215
786,7,10,10.405133247375488
786,8,10,10.618224143981934
786,9,10,10.411417961120605
786,10,10,10.894661903381348
786,11,10,10.55599308013916
786,12,10,10.27855396270752
787,1,12,6.145856857299805
787,2,12,5.343476295471191
787,3,12,7.077605724334717
787,4,12,5.862705707550049
787,5,12,7.312753200531006
787,6,12,4.0822367668151855
787,7,12,3.292327404022217
787,8,12,7.9845051765441895
787,9,12,9.999312400817871
787,10,12,9.597553253173828
787,11,12,9.790081024169922
787,12,12,8.959388732910156
788,1,6,8.110894203186035
788,2,6,7.196907997131348
788,3,6,7.880057334899902
788,4,6,8.417670249938965
788,5,6,8.149237632751465
788,6,6,8.932077407836914
788,7,6,9.209768295288086
788,8,6,8.760331153869629
788,9,6,8.191703796386719
788,10,6,8.439927101135254
788,11,6,9.442784309387207
788,12,6,8.374564170837402
789,1,12,9.409521102905273
789,2,12,10.15287971496582
789,3,12,9.833892822265625
789,4,12,10.525801658630371
789,5,12,10.173750877380371
789,6,12,10.8008451461792
789,7,12,11.344206809997559
789,8,12,11.118850708007812
789,9,12,9.909577369689941
789,10,12,10.846373558044434
789,11,12,10.710489273071289
789,12,12,10.976088523864746
790,1,12,7.670271396636963
790,2,12,6.613912582397461
790,3,12,7.188398361206055
790,4,12,7.254965782165527
790,5,12,7.3685736656188965
790,6,12,4.766913414001465
790,7,12,4.805179595947266
790,8,12,5.564704895019531
790,9,12,0.0
790,10,12,5.022624969482422
790,11,12,6.0679192543029785
790,12,12,8.27163028717041
791,1,10,10.349249839782715
791,2,10,9.605947494506836
791,3,10,9.360997200012207
791,4,10,8.928078651428223
791,5,10,9.708440780639648
791,6,10,9.365011215209961
791,7,10,9.16833782196045
791,8,10,8.130053520202637
791,9,10,5.519681930541992
791,10,10,8.278411865234375
791,11,10,6.906373977661133
791,12,10,8.913288116455078
792,1,11,11.622031211853027
792,2,11,12.369668006896973
792,3,11,11.737905502319336
792,4,11,12.295478820800781
792,5,11,12.06633186340332
792,6,11,13.03472900390625
792,7,11,12.688405990600586
792,8,11,12.35324764251709
792,9,11,12.670866966247559
792,10,11,11.082289695739746
792,11,11,12.006800651550293
792,12,11,11.986498832702637
793,1,6,10.637836456298828
793,2,6,11.172168731689453
793,3,6,10.932159423828125
793,4,6,10.93541431427002
793,5,6,10.05875301361084
793,6,6,10.416326522827148
793,7,6,10.424189567565918
793,8,6,10.640864372253418
793,9,6,9.855335235595703
793,10,6,10.964571952819824
793,11,6,10.713995933532715
793,12,6,10.373697280883789
794,1,2,8.70154857635498
794,2,2,9.124818801879883
794,3,2,10.666709899902344
794,4,2,9.829126358032227
794,5,2,9.530375480651855
794,6,2,10.164176940917969
794,7,2,8.863994598388672
794,8,2,10.036413192749023
794,9,2,9.113317489624023
794,10,2,9.265478134155273
794,11,2,10.31656265258789
794,12,2,10.044576644897461
795,1,11,7.1682658195495605
795,2,11,9.40190315246582
795,3,11,9.169050216674805
795,4,11,9.640199661254883
795,5,11,9.541389465332031
795,6,11,10.643668174743652
795,7,11,9.919803619384766
795,8,11,9.811772346496582
795,9,11,8.800533294677734
795,10,11,10.855175971984863
795,11,11,11.799700736999512
795,12,11,11.170771598815918
796,1,12,12.145997047424316
796,2,12,12.563029289245605
796,3,12,11.870135307312012
796,4,12,12.032389640808105
796,5,12,12.551753997802734
796,6,12,12.591930389404297
796,7,12,12.612022399902344
796,8,12,12.407936096191406
796,9,12,12.926804542541504
796,10,12,13.782990455627441
796,11,12,14.175750732421875
796,12,12,14.068323135375977
797,1,11,7.646908760070801
797,2,11,9.687261581420898
797,3,11,8.558883666992188
797,4,11,0.0
797,5,11,9.257102966308594
797,6,11,9.22664737701416
797,7,11,9.505661964416504
797,8,11,8.717334747314453
797,9,11,9.61559009552002
797,10,11,9.236148834228516
797,11,11,6.015894412994385
797,12,11,8.855159759521484
798,1,12,11.888237953186035
798,2,12,11.844680786132812
798,3,12,13.644941329956055
798,4,12,11.74405574798584
798,5,12,11.150016784667969
798,6,12,11.863973617553711
798,7,12,11.200251579284668
798,8,12,11.474205017089844
798,9,12,11.48439884185791
798,10,12,12.067160606384277
798,11,12,12.114282608032227
798,12,12,11.943305015563965
799,1,10,0.0
799,2,10,8.41573715209961
799,3,10,8.1444730758667
799,4,10,0.0
799,5,10,8.891221046447754
799,6,10,10.932401657104492
799,7,10,9.14500904083252
799,8,10,5.7598371505737305
799,9,10,8.653584480285645
799,10,10,11.391855239868164
799,11,10,10.891507148742676
799,12,10,10.461398124694824
800,1,9,8.15980052947998
800,2,9,7.713284492492676
800,3,9,9.752079963684082
800,4,9,8.531312942504883
800,5,9,8.925887107849121
800,6,9,10.344054222106934
800,7,9,11.868465423583984
800,8,9,10.300992012023926
800,9,9,7.342861652374268
800,10,9,13.733969688415527
800,11,9,8.688165664672852
800,12,9,5.185316562652588
801,1,11,8.864851951599121
801,2,11,9.276841163635254
801,3,11,9.593222618103027
801,4,11,9.42769718170166
801,5,11,9.480786323547363
801,6,11,9.402056694030762
801,7,11,9.354390144348145
801,8,11,9.490262031555176
801,9,11,9.812214851379395
801,10,11,9.698391914367676
801,11,11,9.657960891723633
801,12,11,9.47948932647705
802,1,8,9.860658645629883
802,2,8,10.340245246887207
802,3,8,9.397007942199707
802,4,8,0.0
802,5,8,0.0
802,6,8,8.743287086486816
802,7,8,0.0
802,8,8,11.604805946350098
802,9,8,0.0
802,10,8,12.388884544372559
802,11,8,12.295327186584473
802,12,8,12.174773216247559
803,1,7,0.0
803,2,7,9.297588348388672
803,3,7,10.594568252563477
803,4,7,9.863946914672852
803,5,7,9.4506196975708
803,6,7,9.68288516998291
803,7,7,10.63126277923584
803,8,7,10.237845420837402
803,9,7,9.68054485321045
803,10,7,10.82471752166748
803,11,7,10.8121919631958
803,12,7,10.13553524017334
804,1,7,8.274881362915039
804,2,7,7.604986190795898
804,3,7,7.882077693939209
804,4,7,8.491894721984863
804,5,7,7.073065757751465
804,6,7,6.3473920822143555
804,7,7,7.571206092834473
804,8,7,6.909938335418701
804,9,7,0.0
804,10,7,4.983056545257568
804,11,7,7.355318546295166
804,12,7,5.017279624938965
805,1,11,8.746825218200684
805,2,11,10.13718318939209
805,3,11,9.952737808227539
805,4,11,9.953033447265625
805,5,11,9.598830223083496
805,6,11,10.351993560791016
805,7,11,10.182938575744629
805,8,11,9.842734336853027
805,9,11,9.874069213867188
805,10,11,10.476046562194824
805,11,11,11.252878189086914
805,12,11,10.502998352050781
806,1,7,10.528536796569824
806,2,7,10.640510559082031
806,3,7,10.677045822143555
806,4,7,10.732585906982422
806,5,7,8.074615478515625
806,6,7,11.472382545471191
806,7,7,12.067882537841797
806,8,7,12.075089454650879
806,9,7,13.241305351257324
806,10,7,11.764937400817871
806,11,7,11.899206161499023
806,12,7,11.528557777404785
807,1,6,10.502155303955078
807,2,6,10.98436164855957
807,3,6,10.59118366241455
807,4,6,10.881096839904785
807,5,6,10.494638442993164
807,6,6,11.167808532714844
807,7,6,11.93203067779541
807,8,6,11.811646461486816
807,9,6,11.341165542602539
807,10,6,11.855851173400879
807,11,6,11.454273223876953
807,12,6,11.388894081115723
808,1,10,9.630880355834961
808,2,10,10.647940635681152
808,3,10,10.803750991821289
808,4,10,10.457159996032715
808,5,10,10.406838417053223
808,6,10,10.559375762939453
808,7,10,10.596198081970215
808,8,10,10.600650787353516
808,9,10,10.712966918945312
808,10,10,11.201210021972656
808,11,10,10.69097900390625
808,12,10,10.79440689086914
809,1,11,17.68751335144043
809,2,11,17.71993064880371
809,3,11,17.780624389648438
809,4,11,17.850961685180664
809,5,11,17.870464324951172
809,6,11,17.91022300720215
809,7,11,17.99557876586914
809,8,11,18.074542999267578
809,9,11,18.131763458251953
809,10,11,18.17443084716797
809,11,11,18.299211502075195
809,12,11,18.443111419677734
810,1,7,8.66684341430664
810,2,7,8.983579635620117
810,3,7,8.780505180358887
810,4,7,9.290179252624512
810,5,7,9.695148468017578
810,6,7,9.02698802947998
810,7,7,9.300954818725586
810,8,7,9.513842582702637
810,9,7,9.325543403625488
810,10,7,8.278565406799316
810,11,7,10.07586669921875
810,12,7,8.545171737670898
811,1,12,11.129707336425781
811,2,12,12.39022159576416
811,3,12,12.898822784423828
811,4,12,11.710639953613281
811,5,12,12.884053230285645
811,6,12,13.14046573638916
811,7,12,13.488748550415039
811,8,12,14.426608085632324
811,9,12,13.621528625488281
811,10,12,14.542922019958496
811,11,12,15.392416954040527
811,12,12,15.580459594726562
812,1,7,11.615837097167969
812,2,7,11.742660522460938
812,3,7,11.422086715698242
812,4,7,11.449738502502441
812,5,7,11.425721168518066
812,6,7,11.460806846618652
812,7,7,11.681417465209961
812,8,7,11.885449409484863
812,9,7,12.041450500488281
812,10,7,11.9746675491333
812,11,7,12.153068542480469
812,12,7,12.02641773223877
813,1,4,8.188116073608398
813,2,4,6.786026477813721
813,3,4,4.712667942047119
813,4,4,5.523657321929932
813,5,4,7.706012725830078
813,6,4,5.661050796508789
813,7,4,7.75297737121582
813,8,4,8.278441429138184
813,9,4,9.686713218688965
813,10,4,8.08709716796875
813,11,4,8.863433837890625
813,12,4,10.748419761657715
814,1,12,10.430654525756836
814,2,12,11.129916191101074
814,3,12,10.650123596191406
814,4,12,10.772625923156738
814,5,12,11.285651206970215
814,6,12,10.601483345031738
814,7,12,11.053264617919922
814,8,12,10.791289329528809
814,9,12,10.145990371704102
814,10,12,11.111418724060059
814,11,12,11.324067115783691
814,12,12,10.94569206237793
815,1,12,11.267988204956055
815,2,12,11.297774314880371
815,3,12,11.24056339263916
815,4,12,11.297243118286133
815,5,12,11.182994842529297
815,6,12,11.693013191223145
815,7,12,12.643775939941406
815,8,12,10.641437530517578
815,9,12,9.091019630432129
815,10,12,12.836644172668457
815,11,12,12.775090217590332
815,12,12,12.505026817321777
816,1,12,8.20132827758789
816,2,12,8.091041564941406
816,3,12,8.698196411132812
816,4,12,9.137198448181152
816,5,12,8.037225723266602
816,6,12,8.963528633117676
816,7,12,8.68685531616211
816,8,12,8.618841171264648
816,9,12,8.648270606994629
816,10,12,9.074980735778809
816,11,12,9.822688102722168
816,12,12,10.014389991760254
817,1,11,4.974556922912598
817,2,11,5.562387466430664
817,3,11,7.713076114654541
817,4,11,7.1992716789245605
817,5,11,5.982588768005371
817,6,11,3.9511125087738037
817,7,11,5.086253643035889
817,8,11,0.0
817,9,11,7.118195056915283
817,10,11,6.859403133392334
817,11,11,7.204063415527344
817,12,11,7.723128795623779
818,1,9,9.509591102600098
818,2,9,5.867814540863037
818,3,9,8.676602363586426
818,4,9,9.491937637329102
818,5,9,9.996153831481934
818,6,9,10.909286499023438
818,7,9,9.552969932556152
818,8,9,10.644909858703613
818,9,9,10.98725414276123
818,10,9,10.707844734191895
818,11,9,10.343935012817383
818,12,9,10.904614448547363
819,1,12,8.247052192687988
819,2,12,6.681517124176025
819,3,12,7.220050811767578
819,4,12,8.341022491455078
819,5,12,5.25517463684082
819,6,12,8.750898361206055
819,7,12,6.972245216369629
819,8,12,9.285006523132324
819,9,12,7.209471702575684
819,10,12,9.440657615661621
819,11,12,9.117854118347168
819,12,12,9.212926864624023
820,1,11,8.533001899719238
820,2,11,8.670701026916504
820,3,11,8.50798511505127
820,4,11,7.644111156463623
820,5,11,8.717533111572266
820,6,11,7.678709506988525
820,7,11,11.625900268554688
820,8,11,8.593427658081055
820,9,11,8.500877380371094
820,10,11,8.048633575439453
820,11,11,7.667847633361816
820,12,11,9.816658973693848
821,1,11,14.071016311645508
821,2,11,14.003406524658203
821,3,11,13.909662246704102
821,4,11,13.995245933532715
821,5,11,13.955141067504883
821,6,11,14.158674240112305
821,7,11,14.673826217651367
821,8,11,14.916240692138672
821,9,11,15.264106750488281
821,10,11,15.51347827911377
821,11,11,15.358551025390625
821,12,11,14.740256309509277
822,1,11,9.277820587158203
822,2,11,10.07546329498291
822,3,11,9.816985130310059
822,4,11,9.8128080368042
822,5,11,9.89670467376709
822,6,11,10.79427433013916
822,7,11,10.193869590759277
822,8,11,9.181852340698242
822,9,11,10.130982398986816
822,10,11,10.15476131439209
822,11,11,9.041341781616211
822,12,11,10.282122611999512
823,1,,4.840951442718506
823,2,,3.2586851119995117
823,3,,9.292863845825195
823,4,,9.309288024902344
823,5,,8.792908668518066
823,6,,8.996123313903809
823,7,,9.052159309387207
823,8,,9.179213523864746
823,9,,8.668203353881836
823,10,,8.875100135803223
823,11,,9.618782043457031
823,12,,8.601162910461426
824,1,11,13.325692176818848
824,2,11,13.619945526123047
824,3,11,13.914254188537598
824,4,11,13.969200134277344
824,5,11,13.940512657165527
824,6,11,13.896710395812988
824,7,11,14.074973106384277
824,8,11,13.915658950805664
824,9,11,14.411625862121582
824,10,11,14.206900596618652
824,11,11,14.49691390991211
824,12,11,14.716042518615723
825,1,,7.6219162940979
825,2,,6.6718430519104
825,3,,7.76674222946167
825,4,,6.551802635192871
825,5,,6.6996636390686035
825,6,,4.482062816619873
825,7,,3.0814905166625977
825,8,,3.9704737663269043
825,9,,0.0
825,10,,7.447611331939697
825,11,,4.652499675750732
825,12,,6.174598217010498
826,1,11,9.143518447875977
826,2,11,8.958063125610352
826,3,11,9.421676635742188
826,4,11,9.79018783569336
826,5,11,9.598260879516602
826,6,11,8.847423553466797
826,7,11,9.514286041259766
826,8,11,9.459186553955078
826,9,11,9.864154815673828
826,10,11,9.917683601379395
826,11,11,9.83692455291748
826,12,11,10.472588539123535
827,1,10,7.484838485717773
827,2,10,7.813077926635742
827,3,10,7.6526007652282715
827,4,10,7.579807758331299
827,5,10,7.968516826629639
827,6,10,8.680622100830078
827,7,10,8.295724868774414
827,8,10,8.552776336669922
827,9,10,8.576188087463379
827,10,10,11.446828842163086
827,11,10,11.397025108337402
827,12,10,11.208658218383789
828,1,4,7.8789825439453125
828,2,4,8.288233757019043
828,3,4,8.901701927185059
828,4,4,8.807960510253906
828,5,4,8.246264457702637
828,6,4,6.883601188659668
828,7,4,7.763340473175049
828,8,4,8.54382038116455
828,9,4,6.9586591720581055
828,10,4,3.9787344932556152
828,11,4,9.076560974121094
828,12,4,5.303304672241211
829,1,7,10.978277206420898
829,2,7,10.51053237915039
829,3,7,9.207303047180176
829,4,7,10.920867919921875
829,5,7,10.205638885498047
829,6,7,10.874747276306152
829,7,7,10.61515998840332
829,8,7,10.651209831237793
829,9,7,10.504939079284668
829,10,7,10.783416748046875
829,11,7,11.677326202392578
829,12,7,11.598746299743652
830,1,8,13.367667198181152
830,2,8,13.43868637084961
830,3,8,12.911158561706543
830,4,8,13.446061134338379
830,5,8,13.471954345703125
830,6,8,13.881702423095703
830,7,8,14.35399341583252
830,8,8,14.620423316955566
830,9,8,14.867772102355957
830,10,8,14.91775131225586
830,11,8,15.168052673339844
830,12,8,14.764684677124023
831,1,11,7.848659038543701
831,2,11,8.079251289367676
831,3,11,7.870852470397949
831,4,11,9.716499328613281
831,5,11,9.348541259765625
831,6,11,8.846956253051758
831,7,11,9.396632194519043
831,8,11,8.88428783416748
831,9,11,8.841598510742188
831,10,11,8.902571678161621
831,11,11,8.087529182434082
831,12,11,7.995670795440674
832,1,11,9.034738540649414
832,2,11,6.358693599700928
832,3,11,9.385110855102539
832,4,11,7.954081058502197
832,5,11,6.083967685699463
832,6,11,8.151378631591797
832,7,11,7.428552150726318
832,8,11,8.619860649108887
832,9,11,7.795321941375732
832,10,11,7.875944137573242
832,11,11,8.139143943786621
832,12,11,7.601412296295166
833,1,6,9.29581356048584
833,2,6,9.788188934326172
833,3,6,9.45853042602539
833,4,6,10.175339698791504
833,5,6,10.274860382080078
833,6,6,10.356813430786133
833,7,6,10.472859382629395
833,8,6,10.424834251403809
833,9,6,9.589437484741211
833,10,6,6.930979251861572
833,11,6,11.130791664123535
833,12,6,10.53785228729248
834,1,7,8.439334869384766
834,2,7,8.759200096130371
834,3,7,10.14222240447998
834,4,7,7.650968551635742
834,5,7,7.568084239959717
834,6,7,8.658636093139648
834,7,7,10.259086608886719
834,8,7,10.531021118164062
834,9,7,10.202179908752441
834,10,7,9.913714408874512
834,11,7,9.500161170959473
834,12,7,9.595739364624023
835,1,11,7.374995708465576
835,2,11,5.955276012420654
835,3,11,8.957642555236816
835,4,11,8.590795516967773
835,5,11,8.6499605178833
835,6,11,8.664196014404297
835,7,11,8.610119819641113
835,8,11,11.004227638244629
835,9,11,12.09678840637207
835,10,11,11.012828826904297
835,11,11,9.529419898986816
835,12,11,9.39041805267334
836,1,2,10.743118286132812
836,2,2,10.880922317504883
836,3,2,11.196200370788574
836,4,2,11.281428337097168
836,5,2,11.013239860534668
836,6,2,10.975473403930664
836,7,2,12.124448776245117
836,8,2,11.691020965576172
836,9,2,12.224918365478516
836,10,2,12.608257293701172
836,11,2,12.361391067504883
836,12,2,12.681428909301758
837,1,12,7.861899375915527
837,2,12,7.9598517417907715
837,3,12,8.05737018585205
837,4,12,8.622987747192383
837,5,12,7.706012725830078
837,6,12,7.935452938079834
837,7,12,9.155614852905273
837,8,12,8.203791618347168
837,9,12,7.908583641052246
837,10,12,8.004778861999512
837,11,12,12.400229454040527
837,12,12,8.141634941101074
838,1,8,8.949300765991211
838,2,8,9.437003135681152
838,3,8,6.190791606903076
838,4,8,8.081204414367676
838,5,8,8.581965446472168
838,6,8,8.547628402709961
838,7,8,8.320640563964844
838,8,8,8.976715087890625
838,9,8,8.597792625427246
838,10,8,10.010547637939453
838,11,8,10.069764137268066
838,12,8,10.952600479125977
839,1,10,7.089503288269043
839,2,10,9.024601936340332
839,3,10,7.857459545135498
839,4,10,8.638646125793457
839,5,10,8.425589561462402
839,6,10,8.876227378845215
839,7,10,9.074506759643555
839,8,10,9.010557174682617
839,9,10,7.880640983581543
839,10,10,7.352218151092529
839,11,10,7.473819255828857
839,12,10,7.454760551452637
840,1,7,7.707444667816162
840,2,7,7.987639427185059
840,3,7,7.583992958068848
840,4,7,7.893896579742432
840,5,7,7.925604820251465
840,6,7,8.13118839263916
840,7,7,7.86391544342041
840,8,7,7.580776691436768
840,9,7,7.524049282073975
840,10,7,7.601933479309082
840,11,7,8.019598007202148
840,12,7,8.568684577941895
841,1,11,10.6795654296875
841,2,11,10.599857330322266
841,3,11,9.72567081451416
841,4,11,11.228755950927734
841,5,11,11.205934524536133
841,6,11,11.045872688293457
841,7,11,11.678534507751465
841,8,11,11.746504783630371
841,9,11,11.79489803314209
841,10,11,12.37399959564209
841,11,11,12.454965591430664
841,12,11,12.825274467468262
842,1,12,12.486343383789062
842,2,12,12.099532127380371
842,3,12,12.240509033203125
842,4,12,13.375100135803223
842,5,12,12.3212890625
842,6,12,12.786408424377441
842,7,12,12.529460906982422
842,8,12,12.84969711303711
842,9,12,12.913548469543457
842,10,12,12.940228462219238
842,11,12,12.978487014770508
842,12,12,12.572378158569336
843,1,11,8.012579917907715
843,2,11,6.25815486907959
843,3,11,8.810073852539062
843,4,11,10.006171226501465
843,5,11,7.891692161560059
843,6,11,8.412220001220703
843,7,11,10.08159065246582
843,8,11,9.143272399902344
843,9,11,8.859160423278809
843,10,11,10.287124633789062
843,11,11,9.816967010498047
843,12,11,9.700996398925781
844,1,8,9.214192390441895
844,2,8,9.805270195007324
844,3,8,9.72633171081543
844,4,8,10.27480697631836
844,5,8,8.126362800598145
844,6,8,13.012747764587402
844,7,8,12.243637084960938
844,8,8,11.174883842468262
844,9,8,11.373680114746094
844,10,8,10.77372932434082
844,11,8,10.195096015930176
844,12,8,9.931453704833984
845,1,6,10.334811210632324
845,2,6,10.397965431213379
845,3,6,10.372916221618652
845,4,6,10.471037864685059
845,5,6,10.290452003479004
845,6,6,10.260018348693848
845,7,6,9.798318862915039
845,8,6,10.402626991271973
845,9,6,10.439684867858887
845,10,6,10.362771987915039
845,11,6,0.0
845,12,6,10.363114356994629
846,1,12,9.835786819458008
846,2,12,9.8196382522583
846,3,12,9.858673095703125
846,4,12,9.237139701843262
846,5,12,10.026106834411621
846,6,12,9.851991653442383
846,7,12,9.770963668823242
846,8,12,11.35061264038086
846,9,12,10.205368995666504
846,10,12,9.7645263671875
846,11,12,9.920442581176758
846,12,12,9.902427673339844
847,1,12,9.564815521240234
847,2,12,9.088248252868652
847,3,12,8.888082504272461
847,4,12,9.14954948425293
847,5,12,8.862683296203613
847,6,12,8.891471862792969
847,7,12,8.453460693359375
847,8,12,8.589375495910645
847,9,12,8.464974403381348
847,10,12,11.677008628845215
847,11,12,8.39515209197998
847,12,12,8.57776927947998
848,1,10,10.335891723632812
848,2,10,11.110177993774414
848,3,10,11.259194374084473
848,4,10,11.69759464263916
848,5,10,11.448342323303223
848,6,10,11.174493789672852
848,7,10,11.268210411071777
848,8,10,11.243659973144531
848,9,10,11.28054141998291
848,10,10,11.374945640563965
848,11,10,11.461377143859863
848,12,10,11.512935638427734
849,1,12,8.736983299255371
849,2,12,9.992838859558105
849,3,12,9.887276649475098
849,4,12,10.161649703979492
849,5,12,10.641231536865234
849,6,12,10.468735694885254
849,7,12,11.000019073486328
849,8,12,11.083292007446289
849,9,12,10.79741382598877
849,10,12,11.798003196716309
849,11,12,11.426392555236816
849,12,12,11.38432502746582
850,1,11,8.632472038269043
850,2,11,9.624234199523926
850,3,11,9.466609001159668
850,4,11,9.230005264282227
850,5,11,9.968291282653809
850,6,11,10.05317497253418
850,7,11,8.783699035644531
850,8,11,5.496803283691406
850,9,11,8.814430236816406
850,10,11,11.366738319396973
850,11,11,9.62895679473877
850,12,11,9.525811195373535
851,1,11,5.227892875671387
851,2,11,6.703517436981201
851,3,11,7.660229206085205
851,4,11,5.790598392486572
851,5,11,3.1762430667877197
851,6,11,9.893545150756836
851,7,11,9.608541488647461
851,8,11,9.617814064025879
851,9,11,9.795638084411621
851,10,11,9.832690238952637
851,11,11,9.687334060668945
851,12,11,9.897714614868164
852,1,5,7.10280179977417
852,2,5,8.72489070892334
852,3,5,8.980117797851562
852,4,5,9.572072982788086
852,5,5,10.823881149291992
852,6,5,10.594301223754883
852,7,5,10.61567497253418
852,8,5,11.023045539855957
852,9,5,10.883115768432617
852,10,5,10.502888679504395
852,11,5,10.514431953430176
852,12,5,10.315346717834473
853,1,11,8.102093696594238
853,2,11,9.185131072998047
853,3,11,8.823881149291992
853,4,11,9.811903953552246
853,5,11,8.743487358093262
853,6,11,9.688055992126465
853,7,11,9.015885353088379
853,8,11,6.404584884643555
853,9,11,7.846101760864258
853,10,11,7.861772537231445
853,11,11,9.02700424194336
853,12,11,8.347272872924805
854,1,6,7.493132591247559
854,2,6,9.875524520874023
854,3,6,9.546392440795898
854,4,6,9.72098445892334
854,5,6,9.654939651489258
854,6,6,10.254014015197754
854,7,6,10.193044662475586
854,8,6,10.334199905395508
854,9,6,10.199222564697266
854,10,6,9.556640625
854,11,6,9.952221870422363
854,12,6,9.734933853149414
855,1,12,11.39486312866211
855,2,12,11.383501052856445
855,3,12,11.309096336364746
855,4,12,11.407254219055176
855,5,12,11.274375915527344
855,6,12,12.106400489807129
855,7,12,12.108962059020996
855,8,12,12.33272647857666
855,9,12,12.093708992004395
855,10,12,12.241859436035156
855,11,12,12.264622688293457
855,12,12,12.935050010681152
856,1,11,11.027204513549805
856,2,11,11.11410140991211
856,3,11,11.147164344787598
856,4,11,10.830456733703613
856,5,11,10.712015151977539
856,6,11,11.224153518676758
856,7,11,11.5355806350708
856,8,11,11.661849975585938
856,9,11,11.965259552001953
856,10,11,12.117671966552734
856,11,11,0.0
856,12,11,12.268990516662598
857,1,11,9.949074745178223
857,2,11,10.43571949005127
857,3,11,10.982147216796875
857,4,11,11.009669303894043
857,5,11,10.986410140991211
857,6,11,11.080042839050293
857,7,11,10.887584686279297
857,8,11,10.692179679870605
857,9,11,12.560201644897461
857,10,11,10.959288597106934
857,11,11,11.434615135192871
857,12,11,11.82719612121582
858,1,11,7.174887657165527
858,2,11,9.514490127563477
858,3,11,9.018478393554688
858,4,11,8.674612998962402
858,5,11,8.153672218322754
858,6,11,9.141350746154785
858,7,11,7.998029708862305
858,8,11,8.481959342956543
858,9,11,7.776695728302002
858,10,11,8.595354080200195
858,11,11,9.026909828186035
858,12,11,9.117905616760254
859,1,12,9.47645092010498
859,2,12,8.487324714660645
859,3,12,9.561141014099121
859,4,12,5.793485164642334
859,5,12,8.065539360046387
859,6,12,6.74709415435791
859,7,12,7.600208759307861
859,8,12,8.573365211486816
859,9,12,6.52227258682251
859,10,12,8.688399314880371
859,11,12,13.386540412902832
859,12,12,9.604107856750488
860,1,12,8.48211669921875
860,2,12,8.408262252807617
860,3,12,8.073463439941406
860,4,12,8.017477989196777
860,5,12,8.166358947753906
860,6,12,8.402676582336426
860,7,12,8.466085433959961
860,8,12,8.467677116394043
860,9,12,8.500531196594238
860,10,12,8.664668083190918
860,11,12,8.363730430603027
860,12,12,9.27447509765625
861,1,6,9.656401634216309
861,2,6,9.19365406036377
861,3,6,9.712288856506348
861,4,6,9.732062339782715
861,5,6,9.448485374450684
861,6,6,9.760316848754883
861,7,6,10.324295043945312
861,8,6,10.48868179321289
861,9,6,10.595970153808594
861,10,6,9.70877456665039
861,11,6,10.676177024841309
861,12,6,10.48906421661377
862,1,11,0.0
862,2,11,9.033023834228516
862,3,11,9.985199928283691
862,4,11,10.478239059448242
862,5,11,10.048449516296387
862,6,11,9.206999778747559
862,7,11,9.463531494140625
862,8,11,9.66343879699707
862,9,11,9.494247436523438
862,10,11,10.611482620239258
862,11,11,9.717181205749512
862,12,11,9.337510108947754
863,1,3,13.128289222717285
863,2,3,14.008034706115723
863,3,3,12.853128433227539
863,4,3,13.49349594116211
863,5,3,13.39686107635498
863,6,3,13.553470611572266
863,7,3,13.607026100158691
863,8,3,13.643645286560059
863,9,3,13.641536712646484
863,10,3,13.75816822052002
863,11,3,13.938521385192871
863,12,3,13.966886520385742
864,1,7,10.031566619873047
864,2,7,10.0881986618042
864,3,7,9.312746047973633
864,4,7,11.263762474060059
864,5,7,8.40904712677002
864,6,7,8.018439292907715
864,7,7,0.0
864,8,7,5.3425188064575195
864,9,7,13.305924415588379
864,10,7,9.075958251953125
864,11,7,9.258342742919922
864,12,7,8.822616577148438
865,1,12,10.558967590332031
865,2,12,11.394062042236328
865,3,12,11.700708389282227
865,4,12,11.512138366699219
865,5,12,11.14987850189209
865,6,12,11.394925117492676
865,7,12,11.114391326904297
865,8,12,11.399089813232422
865,9,12,11.347493171691895
865,10,12,14.646212577819824
865,11,12,11.398344039916992
865,12,12,12.822674751281738
866,1,2,10.759472846984863
866,2,2,11.206761360168457
866,3,2,11.007084846496582
866,4,2,11.693826675415039
866,5,2,11.736327171325684
866,6,2,11.830646514892578
866,7,2,12.041468620300293
866,8,2,12.12668228149414
866,9,2,12.045158386230469
866,10,2,12.196348190307617
866,11,2,12.112969398498535
866,12,2,12.126814842224121
867,1,12,8.560373306274414
867,2,12,9.370537757873535
867,3,12,9.432372093200684
867,4,12,9.782914161682129
867,5,12,8.892056465148926
867,6,12,9.966245651245117
867,7,12,10.480189323425293
867,8,12,8.85781192779541
867,9,12,10.451048851013184
867,10,12,10.837437629699707
867,11,12,9.636079788208008
867,12,12,9.828490257263184
868,1,12,9.098785400390625
868,2,12,9.502939224243164
868,3,12,10.03570556640625
868,4,12,11.092537879943848
868,5,12,10.240416526794434
868,6,12,10.263772010803223
868,7,12,9.524985313415527
868,8,12,10.420226097106934
868,9,12,10.362014770507812
868,10,12,10.157416343688965
868,11,12,10.076640129089355
868,12,12,10.78963565826416
869,1,11,10.657259941101074
869,2,11,11.017654418945312
869,3,11,10.9130859375
869,4,11,10.921034812927246
869,5,11,11.1366548538208
869,6,11,11.408872604370117
869,7,11,11.50586223602295
869,8,11,11.569930076599121
869,9,11,11.71382999420166
869,10,11,11.790346145629883
869,11,11,11.155244827270508
869,12,11,13.366721153259277
870,1,9,10.69996166229248
870,2,9,10.878545761108398
870,3,9,9.73949146270752
870,4,9,11.415735244750977
870,5,9,10.938204765319824
870,6,9,11.380776405334473
870,7,9,11.567625999450684
870,8,9,11.791781425476074
870,9,9,11.039531707763672
870,10,9,12.093086242675781
870,11,9,12.056991577148438
870,12,9,12.002711296081543
871,1,,0.0
871,2,,0.0
871,3,,0.0
871,4,,8.41436767578125
871,5,,8.097676277160645
871,6,,8.273330688476562
871,7,,8.33736801147461
871,8,,8.488039016723633
871,9,,8.856158256530762
871,10,,8.553435325622559
871,11,,8.099674224853516
871,12,,7.826443195343018
872,1,7,12.005874633789062
872,2,7,12.029128074645996
872,3,7,11.583539962768555
872,4,7,11.790011405944824
872,5,7,11.38719367980957
872,6,7,11.584158897399902
872,7,7,12.003162384033203
872,8,7,12.785191535949707
872,9,7,12.826316833496094
872,10,7,12.970956802368164
872,11,7,12.847477912902832
872,12,7,12.907357215881348
873,1,9,8.796728134155273
873,2,9,8.827425956726074
873,3,9,9.418648719787598
873,4,9,8.846162796020508
873,5,9,8.825115203857422
873,6,9,10.084236145019531
873,7,9,9.553900718688965
873,8,9,9.366104125976562
873,9,9,8.912758827209473
873,10,9,9.835521697998047
873,11,9,9.648155212402344
873,12,9,9.481731414794922
874,1,7,12.942654609680176
874,2,7,11.8870849609375
874,3,7,8.771878242492676
874,4,7,11.639477729797363
874,5,7,0.0
874,6,7,12.441915512084961
874,7,7,12.212723731994629
874,8,7,12.197842597961426
874,9,7,12.059720039367676
874,10,7,11.375356674194336
874,11,7,12.275394439697266
874,12,7,12.457147598266602
875,1,7,6.362713813781738
875,2,7,4.461894989013672
875,3,7,5.020689964294434
875,4,7,5.933467864990234
875,5,7,6.314968109130859
875,6,7,7.802860736846924
875,7,7,7.054782390594482
875,8,7,6.865434646606445
875,9,7,6.681822299957275
875,10,7,6.118777275085449
875,11,7,6.399648666381836
875,12,7,8.030653953552246
876,1,4,9.54777717590332
876,2,4,9.705751419067383
876,3,4,10.463815689086914
876,4,4,10.535582542419434
876,5,4,10.947638511657715
876,6,4,10.362875938415527
876,7,4,10.37559986114502
876,8,4,10.34813404083252
876,9,4,10.297146797180176
876,10,4,11.075270652770996
876,11,4,10.681631088256836
876,12,4,10.434410095214844
877,1,11,8.39616584777832
877,2,11,8.6555757522583
877,3,11,8.362918853759766
877,4,11,8.001708030700684
877,5,11,7.395197868347168
877,6,11,9.025782585144043
877,7,11,9.5118408203125
877,8,11,6.2456769943237305
877,9,11,5.102012634277344
877,10,11,9.037416458129883
877,11,11,9.13403034210205
877,12,11,9.366729736328125
878,1,6,8.69228458404541
878,2,6,7.907964706420898
878,3,6,8.105812072753906
878,4,6,10.53573989868164
878,5,6,9.752800941467285
878,6,6,11.571770668029785
878,7,6,11.682719230651855
878,8,6,11.450766563415527
878,9,6,11.345108032226562
878,10,6,11.692524909973145
878,11,6,11.763660430908203
878,12,6,11.737358093261719
879,1,7,10.476855278015137
879,2,7,10.6008882522583
879,3,7,10.703089714050293
879,4,7,10.804279327392578
879,5,7,10.726703643798828
879,6,7,10.562315940856934
879,7,7,10.840890884399414
879,8,7,10.141996383666992
879,9,7,10.634676933288574
879,10,7,10.867690086364746
879,11,7,10.874146461486816
879,12,7,10.945294380187988
880,1,6,12.293325424194336
880,2,6,12.440431594848633
880,3,6,12.511454582214355
880,4,6,12.346902847290039
880,5,6,12.067522048950195
880,6,6,12.673816680908203
880,7,6,12.586453437805176
880,8,6,12.907034873962402
880,9,6,13.015162467956543
880,10,6,13.066731452941895
880,11,6,13.257261276245117
880,12,6,13.276402473449707
881,1,12,10.157463073730469
881,2,12,11.846613883972168
881,3,12,12.074615478515625
881,4,12,10.640210151672363
881,5,12,10.352665901184082
881,6,12,11.238125801086426
881,7,12,10.638162612915039
881,8,12,10.72547435760498
881,9,12,11.946078300476074
881,10,12,11.612120628356934
881,11,12,11.908798217773438
881,12,12,11.940625190734863
882,1,11,8.423343658447266
882,2,11,9.481766700744629
882,3,11,9.134241104125977
882,4,11,8.983928680419922
882,5,11,9.057390213012695
882,6,11,10.186755180358887
882,7,11,9.568882942199707
882,8,11,11.462324142456055
882,9,11,10.307120323181152
882,10,11,10.986278533935547
882,11,11,11.335598945617676
882,12,11,11.210076332092285
883,1,11,11.175971031188965
883,2,11,11.20073413848877
883,3,11,11.213468551635742
883,4,11,11.332681655883789
883,5,11,11.355284690856934
883,6,11,11.630043029785156
883,7,11,11.710952758789062
883,8,11,11.87055492401123
883,9,11,11.642643928527832
883,10,11,12.055791854858398
883,11,11,12.12648868560791
883,12,11,11.827990531921387
884,1,4,11.400786399841309
884,2,4,11.536394119262695
884,3,4,11.17359733581543
884,4,4,11.477675437927246
884,5,4,12.869145393371582
884,6,4,11.65295696258545
884,7,4,11.872030258178711
884,8,4,11.996895790100098
884,9,4,12.589051246643066
884,10,4,14.930838584899902
884,11,4,0.0
884,12,4,12.18073558807373
885,1,3,5.575136184692383
885,2,3,10.281942367553711
885,3,3,8.215232849121094
885,4,3,8.105687141418457
885,5,3,7.770779609680176
885,6,3,8.539626121520996
885,7,3,8.59154224395752
885,8,3,8.467432022094727
885,9,3,8.54287052154541
885,10,3,8.666656494140625
885,11,3,8.642988204956055
885,12,3,8.646256446838379
886,1,2,10.095705032348633
886,2,2,10.202204704284668
886,3,2,9.560281753540039
886,4,2,9.320328712463379
886,5,2,8.009495735168457
886,6,2,9.310275077819824
886,7,2,8.216623306274414
886,8,2,7.883062839508057
886,9,2,8.744996070861816
886,10,2,9.348421096801758
886,11,2,9.154915809631348
886,12,2,9.368496894836426
887,1,11,7.194563865661621
887,2,11,8.964447975158691
887,3,11,9.164325714111328
887,4,11,9.163605690002441
887,5,11,8.166502952575684
887,6,11,6.434733867645264
887,7,11,9.571757316589355
887,8,11,9.59899616241455
887,9,11,9.914897918701172
887,10,11,10.71812629699707
887,11,11,0.0
887,12,11,9.352174758911133
888,1,10,9.442265510559082
888,2,10,8.3792724609375
888,3,10,10.468544006347656
888,4,10,10.805992126464844
888,5,10,10.746609687805176
888,6,10,10.724346160888672
888,7,10,10.733094215393066
888,8,10,10.982927322387695
888,9,10,10.991989135742188
888,10,10,11.095193862915039
888,11,10,12.0306978225708
888,12,10,11.156939506530762
889,1,12,9.500642776489258
889,2,12,9.494011878967285
889,3,12,9.477011680603027
889,4,12,7.708878993988037
889,5,12,7.611436367034912
889,6,12,9.163668632507324
889,7,12,7.276723861694336
889,8,12,9.276602745056152
889,9,12,8.564494132995605
889,10,12,7.707427024841309
889,11,12,0.0
889,12,12,9.085456848144531
890,1,12,10.568461418151855
890,2,12,10.106400489807129
890,3,12,10.253500938415527
890,4,12,9.433658599853516
890,5,12,10.555686950683594
890,6,12,11.329559326171875
890,7,12,11.413021087646484
890,8,12,11.35936164855957
890,9,12,10.863977432250977
890,10,12,12.011125564575195
890,11,12,12.209615707397461
890,12,12,12.246491432189941
891,1,7,13.020509719848633
891,2,7,13.259939193725586
891,3,7,13.304462432861328
891,4,7,13.681071281433105
891,5,7,13.502503395080566
891,6,7,13.603719711303711
891,7,7,13.776700019836426
891,8,7,14.011528968811035
891,9,7,13.99601936340332
891,10,7,14.071718215942383
891,11,7,14.156436920166016
891,12,7,0.0
892,1,10,0.0
892,2,10,7.798150062561035
892,3,10,8.920614242553711
892,4,10,5.7917938232421875
892,5,10,0.0
892,6,10,0.0
892,7,10,9.152925491333008
892,8,10,8.872954368591309
892,9,10,7.484684467315674
892,10,10,8.588569641113281
892,11,10,8.800860404968262
892,12,10,9.292757034301758
893,1,11,16.376455307006836
893,2,11,16.412710189819336
893,3,11,16.480436325073242
893,4,11,16.6512451171875
893,5,11,16.515535354614258
893,6,11,16.494218826293945
893,7,11,16.65043830871582
893,8,11,16.678190231323242
893,9,11,16.741498947143555
893,10,11,17.0203800201416
893,11,11,17.715803146362305
893,12,11,17.70530128479004
894,1,5,6.160719871520996
894,2,5,8.526506423950195
894,3,5,7.5790252685546875
894,4,5,6.751881122589111
894,5,5,7.164385795593262
894,6,5,7.679975986480713
894,7,5,7.8582305908203125
894,8,5,8.167427062988281
894,9,5,7.859431743621826
894,10,5,7.610002517700195
894,11,5,7.180088520050049
894,12,5,7.764614582061768
895,1,12,10.567709922790527
895,2,12,9.888779640197754
895,3,12,10.35943603515625
895,4,12,10.649466514587402
895,5,12,8.391267776489258
895,6,12,9.963452339172363
895,7,12,10.494064331054688
895,8,12,10.41175651550293
895,9,12,10.931953430175781
895,10,12,11.328968048095703
895,11,12,11.231382369995117
895,12,12,11.276671409606934
896,1,11,8.907628059387207
896,2,11,9.526071548461914
896,3,11,0.0
896,4,11,0.0
896,5,11,0.0
896,6,11,0.0
896,7,11,10.013333320617676
896,8,11,10.462140083312988
896,9,11,10.816068649291992
896,10,11,10.939862251281738
896,11,11,9.351776123046875
896,12,11,11.070676803588867
897,1,12,10.238702774047852
897,2,12,10.626850128173828
897,3,12,10.924471855163574
897,4,12,11.418499946594238
897,5,12,11.574816703796387
897,6,12,6.943334579467773
897,7,12,11.689967155456543
897,8,12,11.44321060180664
897,9,12,11.235064506530762
897,10,12,11.554215431213379
897,11,12,11.444393157958984
897,12,12,11.789918899536133
898,1,10,5.034729957580566
898,2,10,9.050650596618652
898,3,10,7.220137596130371
898,4,10,5.61504602432251
898,5,10,0.0
898,6,10,8.660665512084961
898,7,10,8.819229125976562
898,8,10,8.624032974243164
898,9,10,7.921581268310547
898,10,10,8.400485038757324
898,11,10,9.578590393066406
898,12,10,9.129964828491211
899,1,12,10.680291175842285
899,2,12,10.994455337524414
899,3,12,11.132516860961914
899,4,12,11.014901161193848
899,5,12,10.436403274536133
899,6,12,10.674466133117676
899,7,12,10.629924774169922
899,8,12,10.503798484802246
899,9,12,10.46787166595459
899,10,12,12.194160461425781
899,11,12,11.451949119567871
899,12,12,11.444798469543457
900,1,12,10.410097122192383
900,2,12,11.047415733337402
900,3,12,9.504207611083984
900,4,12,10.57712459564209
900,5,12,8.963777542114258
900,6,12,9.92886734008789
900,7,12,10.226533889770508
900,8,12,7.62535285949707
900,9,12,8.156791687011719
900,10,12,10.455689430236816
900,11,12,11.170618057250977
900,12,12,11.824241638183594
901,1,,8.458033561706543
901,2,,9.149110794067383
901,3,,8.868382453918457
901,4,,8.595413208007812
901,5,,8.789007186889648
901,6,,8.416622161865234
901,7,,8.778388023376465
901,8,,8.893539428710938
901,9,,8.928858757019043
901,10,,8.9985933303833
901,11,,9.137773513793945
901,12,,9.097867012023926
902,1,11,7.247775554656982
902,2,11,7.243650436401367
902,3,11,6.710391521453857
902,4,11,7.454208850860596
902,5,11,7.93993616104126
902,6,11,9.009635925292969
902,7,11,9.093424797058105
902,8,11,9.719670295715332
902,9,11,9.474977493286133
902,10,11,9.718280792236328
902,11,11,9.60377025604248
902,12,11,10.268519401550293
903,1,9,8.328238487243652
903,2,9,8.223123550415039
903,3,9,8.280987739562988
903,4,9,7.926787376403809
903,5,9,6.116398334503174
903,6,9,8.303089141845703
903,7,9,6.537086486816406
903,8,9,7.930119037628174
903,9,9,10.966330528259277
903,10,9,8.389667510986328
903,11,9,6.820535659790039
903,12,9,8.3196439743042
904,1,7,13.210225105285645
904,2,7,13.444962501525879
904,3,7,13.102686882019043
904,4,7,12.810225486755371
904,5,7,12.187646865844727
904,6,7,12.689884185791016
904,7,7,13.050239562988281
904,8,7,12.674394607543945
904,9,7,12.618645668029785
904,10,7,13.32834529876709
904,11,7,13.449804306030273
904,12,7,13.605796813964844
905,1,11,12.503398895263672
905,2,11,11.3985595703125
905,3,11,11.179229736328125
905,4,11,12.271353721618652
905,5,11,12.271711349487305
905,6,11,12.491323471069336
905,7,11,12.686030387878418
905,8,11,12.983672142028809
905,9,11,13.019600868225098
905,10,11,13.165457725524902
905,11,11,13.285543441772461
905,12,11,13.566920280456543
906,1,11,8.116982460021973
906,2,11,7.711386680603027
906,3,11,8.341904640197754
906,4,11,7.749927520751953
906,5,11,7.725806713104248
906,6,11,8.01054859161377
906,7,11,7.458434581756592
906,8,11,7.020585060119629
906,9,11,6.960977077484131
906,10,11,8.035380363464355
906,11,11,6.917739391326904
906,12,11,10.11959457397461
907,1,11,8.839545249938965
907,2,11,8.774466514587402
907,3,11,9.342053413391113
907,4,11,8.436383247375488
907,5,11,9.346153259277344
907,6,11,8.865484237670898
907,7,11,9.801133155822754
907,8,11,9.161626815795898
907,9,11,0.0
907,10,11,10.209303855895996
907,11,11,10.034881591796875
907,12,11,10.022758483886719
908,1,9,10.391093254089355
908,2,9,11.755842208862305
908,3,9,11.723773002624512
908,4,9,11.009147644042969
908,5,9,10.925142288208008
908,6,9,10.776531219482422
908,7,9,10.550371170043945
908,8,9,10.800840377807617
908,9,9,10.596209526062012
908,10,9,10.784635543823242
908,11,9,10.900383949279785
908,12,9,10.904826164245605
909,1,9,13.388782501220703
909,2,9,13.393649101257324
909,3,9,13.643545150756836
909,4,9,13.358919143676758
909,5,9,13.3823881149292
909,6,9,13.4306001663208
909,7,9,13.580704689025879
909,8,9,13.516791343688965
909,9,9,13.710328102111816
909,10,9,13.715835571289062
909,11,9,14.377294540405273
909,12,9,14.322532653808594
910,1,11,10.445894241333008
910,2,11,8.949589729309082
910,3,11,8.507772445678711
910,4,11,8.967155456542969
910,5,11,9.645383834838867
910,6,11,9.716986656188965
910,7,11,9.264963150024414
910,8,11,9.443655014038086
910,9,11,9.404593467712402
910,10,11,9.63229751586914
910,11,11,10.180564880371094
910,12,11,9.991659164428711
911,1,11,9.060575485229492
911,2,11,9.215063095092773
911,3,11,9.067091941833496
911,4,11,10.628181457519531
911,5,11,8.574792861938477
911,6,11,9.742165565490723
911,7,11,9.872920989990234
911,8,11,9.708578109741211
911,9,11,9.913033485412598
911,10,11,10.057750701904297
911,11,11,10.956511497497559
911,12,11,11.147380828857422
912,1,7,9.379511833190918
912,2,7,9.847588539123535
912,3,7,9.726325035095215
912,4,7,10.044622421264648
912,5,7,9.558549880981445
912,6,7,10.2191801071167
912,7,7,10.127754211425781
912,8,7,10.096808433532715
912,9,7,10.058731079101562
912,10,7,10.096013069152832
912,11,7,10.082619667053223
912,12,7,10.263336181640625
913,1,12,9.596891403198242
913,2,12,11.082895278930664
913,3,12,10.294730186462402
913,4,12,10.312021255493164
913,5,12,10.372485160827637
913,6,12,10.44362735748291
913,7,12,10.55253791809082
913,8,12,10.697603225708008
913,9,12,10.954736709594727
913,10,12,10.473761558532715
913,11,12,11.20340347290039
913,12,12,11.493509292602539
914,1,8,9.949684143066406
914,2,8,10.131478309631348
914,3,8,10.391955375671387
914,4,8,10.639810562133789
914,5,8,10.251277923583984
914,6,8,10.643386840820312
914,7,8,10.98237419128418
914,8,8,12.681536674499512
914,9,8,11.452149391174316
914,10,8,11.09571647644043
914,11,8,11.354655265808105
914,12,8,10.923320770263672
915,1,9,10.305365562438965
915,2,9,10.266129493713379
915,3,9,10.313637733459473
915,4,9,10.802055358886719
915,5,9,10.952939987182617
915,6,9,11.34169864654541
915,7,9,11.83776569366455
915,8,9,12.17096996307373
915,9,9,12.217751502990723
915,10,9,12.046385765075684
915,11,9,10.787837028503418
915,12,9,11.968385696411133
916,1,10,9.991416931152344
916,2,10,9.949039459228516
916,3,10,11.099653244018555
916,4,10,10.508460998535156
916,5,10,10.444796562194824
916,6,10,10.395587921142578
916,7,10,10.026917457580566
916,8,10,10.028203010559082
916,9,10,9.87175464630127
916,10,10,10.671370506286621
916,11,10,10.006143569946289
916,12,10,9.792830467224121
917,1,12,10.452173233032227
917,2,12,10.18044662475586
917,3,12,11.236491203308105
917,4,12,11.665613174438477
917,5,12,11.525434494018555
917,6,12,12.130348205566406
917,7,12,11.614014625549316
917,8,12,11.811153411865234
917,9,12,11.332332611083984
917,10,12,11.246072769165039
917,11,12,11.181818962097168
917,12,12,11.306288719177246
918,1,11,12.622861862182617
918,2,11,12.739542007446289
918,3,11,12.997983932495117
918,4,11,13.281079292297363
918,5,11,13.253625869750977
918,6,11,13.271757125854492
918,7,11,13.025650024414062
918,8,11,13.256689071655273
918,9,11,13.154980659484863
918,10,11,12.623811721801758
918,11,11,13.772735595703125
918,12,11,13.900771141052246
919,1,11,9.42127799987793
919,2,11,10.171222686767578
919,3,11,9.92773151397705
919,4,11,10.16832160949707
919,5,11,9.929594993591309
919,6,11,9.952571868896484
919,7,11,11.099783897399902
919,8,11,10.016939163208008
919,9,11,5.713459014892578
919,10,11,11.426513671875
919,11,11,13.305571556091309
919,12,11,12.654847145080566
920,1,10,10.246862411499023
920,2,10,9.223369598388672
920,3,10,10.317397117614746
920,4,10,9.818021774291992
920,5,10,10.221808433532715
920,6,10,10.607781410217285
920,7,10,9.951613426208496
920,8,10,10.72563362121582
920,9,10,9.923083305358887
920,10,10,10.488839149475098
920,11,10,12.610586166381836
920,12,10,11.163106918334961
921,1,10,10.49407958984375
921,2,10,10.587209701538086
921,3,10,10.483015060424805
921,4,10,10.39526653289795
921,5,10,10.276041984558105
921,6,10,10.759537696838379
921,7,10,10.525859832763672
921,8,10,11.233342170715332
921,9,10,11.151670455932617
921,10,10,11.099756240844727
921,11,10,11.116695404052734
921,12,10,10.621825218200684
922,1,5,7.711420059204102
922,2,5,8.689471244812012
922,3,5,8.227255821228027
922,4,5,7.8892927169799805
922,5,5,7.707719802856445
922,6,5,7.407984733581543
922,7,5,7.61018705368042
922,8,5,8.394773483276367
922,9,5,7.805805683135986
922,10,5,8.315754890441895
922,11,5,7.129150390625
922,12,5,6.602859020233154
923,1,8,8.988697052001953
923,2,8,10.235432624816895
923,3,8,10.636693000793457
923,4,8,10.279650688171387
923,5,8,10.205942153930664
923,6,8,9.818487167358398
923,7,8,10.786086082458496
923,8,8,10.46177864074707
923,9,8,6.041513919830322
923,10,8,10.432090759277344
923,11,8,9.982120513916016
923,12,8,9.880820274353027
924,1,12,9.133644104003906
924,2,12,14.099397659301758
924,3,12,10.446786880493164
924,4,12,10.526564598083496
924,5,12,10.50083065032959
924,6,12,10.487038612365723
924,7,12,10.333701133728027
924,8,12,10.45783805847168
924,9,12,11.162879943847656
924,10,12,10.574922561645508
924,11,12,10.596827507019043
924,12,12,10.725544929504395
925,1,11,10.18528938293457
925,2,11,11.463529586791992
925,3,11,10.058210372924805
925,4,11,10.256969451904297
925,5,11,10.339215278625488
925,6,11,9.782923698425293
925,7,11,9.935641288757324
925,8,11,9.57905101776123
925,9,11,10.917341232299805
925,10,11,9.76479434967041
925,11,11,10.813908576965332
925,12,11,10.411581993103027
926,1,10,4.31961727142334
926,2,10,6.825812816619873
926,3,10,5.830517768859863
926,4,10,7.303338050842285
926,5,10,5.371853351593018
926,6,10,7.305152416229248
926,7,10,6.0749688148498535
926,8,10,5.496696949005127
926,9,10,6.043886661529541
926,10,10,5.746297836303711
926,11,10,4.509951114654541
926,12,10,5.828710556030273
927,1,3,16.08156394958496
927,2,3,16.134307861328125
927,3,3,16.110361099243164
927,4,3,16.184219360351562
927,5,3,16.326940536499023
927,6,3,16.409711837768555
927,7,3,16.412546157836914
927,8,3,16.48751449584961
927,9,3,16.605852127075195
927,10,3,16.652944564819336
927,11,3,16.97449493408203
927,12,3,16.985427856445312
928,1,9,10.966524124145508
928,2,9,11.238500595092773
928,3,9,11.037567138671875
928,4,9,11.181084632873535
928,5,9,11.106756210327148
928,6,9,10.872149467468262
928,7,9,11.29321575164795
928,8,9,11.393585205078125
928,9,9,11.371670722961426
928,10,9,11.451866149902344
928,11,9,11.510215759277344
928,12,9,11.344634056091309
929,1,12,13.603096008300781
929,2,12,14.216513633728027
929,3,12,14.462044715881348
929,4,12,14.798319816589355
929,5,12,14.851715087890625
929,6,12,15.121598243713379
929,7,12,14.900567054748535
929,8,12,15.372648239135742
929,9,12,15.549641609191895
929,10,12,15.587419509887695
929,11,12,16.16276741027832
929,12,12,16.09160041809082
930,1,11,10.581720352172852
930,2,11,10.55793571472168
930,3,11,10.4459867477417
930,4,11,10.216937065124512
930,5,11,9.802297592163086
930,6,11,10.118120193481445
930,7,11,10.154800415039062
930,8,11,10.18432903289795
930,9,11,10.570971488952637
930,10,11,10.615764617919922
930,11,11,10.49163818359375
930,12,11,10.563916206359863
931,1,5,12.138093948364258
931,2,5,11.927047729492188
931,3,5,11.659998893737793
931,4,5,10.252606391906738
931,5,5,11.648566246032715
931,6,5,10.57422924041748
931,7,5,11.356790542602539
931,8,5,11.89366626739502
931,9,5,11.653470993041992
931,10,5,11.8026762008667
931,11,5,11.881631851196289
931,12,5,11.834907531738281
932,1,4,14.372126579284668
932,2,4,14.32289981842041
932,3,4,14.378911018371582
932,4,4,14.388263702392578
932,5,4,14.369637489318848
932,6,4,14.454388618469238
932,7,4,14.451276779174805
932,8,4,14.453088760375977
932,9,4,14.454546928405762
932,10,4,14.713926315307617
932,11,4,14.711593627929688
932,12,4,14.684706687927246
933,1,6,5.40873908996582
933,2,6,8.551163673400879
933,3,6,9.130096435546875
933,4,6,8.668059349060059
933,5,6,8.173623085021973
933,6,6,9.878150939941406
933,7,6,10.170435905456543
933,8,6,10.073633193969727
933,9,6,13.03051471710205
933,10,6,9.594401359558105
933,11,6,9.671525955200195
933,12,6,9.385364532470703
934,1,4,7.971526145935059
934,2,4,9.121736526489258
934,3,4,8.4945650100708
934,4,4,9.215723991394043
934,5,4,9.68448543548584
934,6,4,11.195178031921387
934,7,4,12.771584510803223
934,8,4,10.36216926574707
934,9,4,10.759377479553223
934,10,4,10.047589302062988
934,11,4,10.367996215820312
934,12,4,10.383707046508789
935,1,7,7.258289813995361
935,2,7,8.463390350341797
935,3,7,8.696321487426758
935,4,7,8.118988037109375
935,5,7,8.476813316345215
935,6,7,8.772233963012695
935,7,7,8.653634071350098
935,8,7,9.231890678405762
935,9,7,7.48085355758667
935,10,7,9.869531631469727
935,11,7,9.28896713256836
935,12,7,7.490719318389893
936,1,10,13.531834602355957
936,2,10,15.145195007324219
936,3,10,16.05233383178711
936,4,10,16.44021224975586
936,5,10,16.381498336791992
936,6,10,16.51255989074707
936,7,10,16.348857879638672
936,8,10,16.27845573425293
936,9,10,16.681438446044922
936,10,10,16.449947357177734
936,11,10,16.718101501464844
936,12,10,16.792522430419922
937,1,12,11.986287117004395
937,2,12,11.119503021240234
937,3,12,10.750411987304688
937,4,12,10.64425277709961
937,5,12,10.370017051696777
937,6,12,10.418458938598633
937,7,12,11.5070219039917
937,8,12,11.583951950073242
937,9,12,10.70054817199707
937,10,12,10.80109691619873
937,11,12,11.557433128356934
937,12,12,10.365474700927734
938,1,12,9.923450469970703
938,2,12,9.353775978088379
938,3,12,9.952329635620117
938,4,12,9.679222106933594
938,5,12,9.218557357788086
938,6,12,10.43919849395752
938,7,12,9.589493751525879
938,8,12,10.342965126037598
938,9,12,10.342050552368164
938,10,12,10.589337348937988
938,11,12,10.17716121673584
938,12,12,10.026630401611328
939,1,11,9.194681167602539
939,2,11,8.966915130615234
939,3,11,9.52393627166748
939,4,11,8.534886360168457
939,5,11,9.305821418762207
939,6,11,9.883453369140625
939,7,11,9.234504699707031
939,8,11,9.908015251159668
939,9,11,8.299939155578613
939,10,11,9.644532203674316
939,11,11,10.108903884887695
939,12,11,10.106369972229004
940,1,6,10.021621704101562
940,2,6,10.396753311157227
940,3,6,9.96304988861084
940,4,6,10.634893417358398
940,5,6,9.589022636413574
940,6,6,10.029317855834961
940,7,6,8.856785774230957
940,8,6,5.96268892288208
940,9,6,13.555916786193848
940,10,6,9.056623458862305
940,11,6,9.797514915466309
940,12,6,9.433388710021973
941,1,11,8.673002243041992
941,2,11,10.160825729370117
941,3,11,10.421348571777344
941,4,11,10.90799331665039
941,5,11,11.187657356262207
941,6,11,11.213452339172363
941,7,11,10.247329711914062
941,8,11,10.858925819396973
941,9,11,10.689971923828125
941,10,11,10.179594993591309
941,11,11,6.343683242797852
941,12,11,4.844187259674072
942,1,12,8.249303817749023
942,2,12,8.795389175415039
942,3,12,8.182777404785156
942,4,12,7.0616607666015625
942,5,12,5.041995048522949
942,6,12,7.238051414489746
942,7,12,8.427471160888672
942,8,12,8.85346508026123
942,9,12,7.3437395095825195
942,10,12,10.864123344421387
942,11,12,9.03427505493164
942,12,12,9.506875991821289
943,1,12,8.076416969299316
943,2,12,0.0
943,3,12,9.154509544372559
943,4,12,9.26310920715332
943,5,12,8.477951049804688
943,6,12,8.881994247436523
943,7,12,8.635116577148438
943,8,12,9.164132118225098
943,9,12,7.627762317657471
943,10,12,10.481797218322754
943,11,12,9.421388626098633
943,12,12,8.742767333984375
944,1,11,10.521295547485352
944,2,11,10.437958717346191
944,3,11,10.928232192993164
944,4,11,10.98139762878418
944,5,11,10.92840576171875
944,6,11,11.206559181213379
944,7,11,11.320175170898438
944,8,11,11.289687156677246
944,9,11,11.039810180664062
944,10,11,11.25910758972168
944,11,11,11.26237678527832
944,12,11,11.47464656829834
945,1,3,6.049445629119873
945,2,3,5.601978302001953
945,3,3,0.0
945,4,3,7.543992042541504
945,5,3,0.0
945,6,3,0.0
945,7,3,0.0
945,8,3,9.874384880065918
945,9,3,9.238068580627441
945,10,3,9.957489967346191
945,11,3,6.827798366546631
945,12,3,9.65653133392334
946,1,2,10.630815505981445
946,2,2,10.262685775756836
946,3,2,10.238324165344238
946,4,2,10.29150676727295
946,5,2,9.774209022521973
946,6,2,10.860700607299805
946,7,2,12.006712913513184
946,8,2,11.162652969360352
946,9,2,10.750871658325195
946,10,2,10.884584426879883
946,11,2,11.199974060058594
946,12,2,11.343515396118164
947,1,4,10.101875305175781
947,2,4,5.957409381866455
947,3,4,0.0
947,4,4,7.8167724609375
947,5,4,6.911552429199219
947,6,4,0.0
947,7,4,0.0
947,8,4,0.0
947,9,4,0.0
947,10,4,6.581148147583008
947,11,4,7.666107654571533
947,12,4,7.409947872161865
948,1,5,8.743858337402344
948,2,5,10.036023139953613
948,3,5,10.019403457641602
948,4,5,10.418632507324219
948,5,5,10.303406715393066
948,6,5,11.083810806274414
948,7,5,11.120783805847168
948,8,5,11.109569549560547
948,9,5,10.942039489746094
948,10,5,11.554085731506348
948,11,5,11.035140991210938
948,12,5,11.46418571472168
949,1,7,12.764886856079102
949,2,7,12.642301559448242
949,3,7,13.227884292602539
949,4,7,13.221323013305664
949,5,7,13.727241516113281
949,6,7,12.433330535888672
949,7,7,13.774812698364258
949,8,7,14.119963645935059
949,9,7,14.179473876953125
949,10,7,13.337890625
949,11,7,14.02364444732666
949,12,7,13.64185905456543
950,1,11,5.734614849090576
950,2,11,9.340108871459961
950,3,11,9.232665061950684
950,4,11,9.067025184631348
950,5,11,9.208223342895508
950,6,11,9.313117027282715
950,7,11,9.310009956359863
950,8,11,9.504337310791016
950,9,11,9.476974487304688
950,10,11,9.471808433532715
950,11,11,10.177297592163086
950,12,11,10.166851997375488
951,1,4,9.847538948059082
951,2,4,10.123421669006348
951,3,4,9.703619956970215
951,4,4,9.143284797668457
951,5,4,9.562766075134277
951,6,4,9.636239051818848
951,7,4,9.869070053100586
951,8,4,10.216092109680176
951,9,4,10.109700202941895
951,10,4,10.223509788513184
951,11,4,10.878401756286621
951,12,4,10.950140953063965
952,1,2,9.48386001586914
952,2,2,8.923700332641602
952,3,2,10.40578842163086
952,4,2,10.479118347167969
952,5,2,10.365020751953125
952,6,2,10.362536430358887
952,7,2,9.770487785339355
952,8,2,10.453017234802246
952,9,2,9.874441146850586
952,10,2,11.768243789672852
952,11,2,10.570525169372559
952,12,2,10.41539192199707
953,1,12,10.217924118041992
953,2,12,10.655816078186035
953,3,12,10.856864929199219
953,4,12,10.967565536499023
953,5,12,10.786286354064941
953,6,12,10.570040702819824
953,7,12,10.976844787597656
953,8,12,10.873129844665527
953,9,12,10.786141395568848
953,10,12,10.838517189025879
953,11,12,10.797465324401855
953,12,12,10.675989151000977
954,1,10,6.77609920501709
954,2,10,0.0
954,3,10,10.200796127319336
954,4,10,9.829353332519531
954,5,10,9.434782981872559
954,6,10,10.455763816833496
954,7,10,10.959412574768066
954,8,10,11.393973350524902
954,9,10,10.857562065124512
954,10,10,10.26974868774414
954,11,10,10.810938835144043
954,12,10,11.2835054397583
955,1,10,10.453509330749512
955,2,10,10.497583389282227
955,3,10,10.36757755279541
955,4,10,10.019258499145508
955,5,10,10.175569534301758
955,6,10,10.239920616149902
955,7,10,6.857474327087402
955,8,10,8.782937049865723
955,9,10,7.940335750579834
955,10,10,10.847311973571777
955,11,10,10.038997650146484
955,12,10,11.694019317626953
956,1,3,0.0
956,2,3,9.764341354370117
956,3,3,8.804526329040527
956,4,3,9.457857131958008
956,5,3,8.215150833129883
956,6,3,9.466686248779297
956,7,3,8.2614107131958
956,8,3,9.516007423400879
956,9,3,8.971013069152832
956,10,3,8.702115058898926
956,11,3,8.832625389099121
956,12,3,10.159516334533691
957,1,3,7.612926006317139
957,2,3,8.549481391906738
957,3,3,6.475383758544922
957,4,3,8.486534118652344
957,5,3,13.493317604064941
957,6,3,9.955915451049805
957,7,3,9.805352210998535
957,8,3,9.936189651489258
957,9,3,9.273924827575684
957,10,3,9.946635246276855
957,11,3,9.964104652404785
957,12,3,9.727949142456055
958,1,12,9.092140197753906
958,2,12,0.0
958,3,12,0.0
958,4,12,5.1055588722229
958,5,12,0.0
958,6,12,11.703574180603027
958,7,12,13.0316801071167
958,8,12,11.56933307647705
958,9,12,7.655829429626465
958,10,12,7.890048027038574
958,11,12,9.59533977508545
958,12,12,13.231303215026855
959,1,3,0.0
959,2,3,8.701180458068848
959,3,3,9.991721153259277
959,4,3,9.429824829101562
959,5,3,9.081467628479004
959,6,3,8.786474227905273
959,7,3,10.473058700561523
959,8,3,8.077138900756836
959,9,3,0.0
959,10,3,10.124631881713867
959,11,3,10.00703239440918
959,12,3,9.62687873840332
960,1,10,8.600363731384277
960,2,10,9.734824180603027
960,3,10,10.32747745513916
960,4,10,10.55533504486084
960,5,10,10.624643325805664
960,6,10,10.543601036071777
960,7,10,10.680585861206055
960,8,10,10.704728126525879
960,9,10,10.738988876342773
960,10,10,10.763718605041504
960,11,10,10.857341766357422
960,12,10,10.777661323547363
961,1,7,11.872190475463867
961,2,7,11.907391548156738
961,3,7,11.772843360900879
961,4,7,12.017051696777344
961,5,7,11.950872421264648
961,6,7,11.671818733215332
961,7,7,11.250941276550293
961,8,7,11.817511558532715
961,9,7,12.852685928344727
961,10,7,12.745312690734863
961,11,7,12.668763160705566
961,12,7,6.020124912261963
962,1,8,8.967290878295898
962,2,8,10.308115005493164
962,3,8,9.53211498260498
962,4,8,10.521851539611816
962,5,8,10.079925537109375
962,6,8,9.979219436645508
962,7,8,9.653054237365723
962,8,8,10.800511360168457
962,9,8,9.90177059173584
962,10,8,9.46501636505127
962,11,8,10.977585792541504
962,12,8,10.654728889465332
963,1,11,15.249473571777344
963,2,11,15.27340316772461
963,3,11,15.35495376586914
963,4,11,15.469083786010742
963,5,11,15.429675102233887
963,6,11,15.43941593170166
963,7,11,15.451570510864258
963,8,11,15.586983680725098
963,9,11,16.015125274658203
963,10,11,15.708900451660156
963,11,11,15.974019050598145
963,12,11,16.128597259521484
964,1,10,10.263921737670898
964,2,10,9.546721458435059
964,3,10,10.179665565490723
964,4,10,9.817567825317383
964,5,10,8.771839141845703
964,6,10,8.710681915283203
964,7,10,10.09649658203125
964,8,10,10.381206512451172
964,9,10,10.155309677124023
964,10,10,11.777692794799805
964,11,10,10.267796516418457
964,12,10,10.429869651794434
965,1,6,9.002204895019531
965,2,6,10.781601905822754
965,3,6,11.034104347229004
965,4,6,10.10855770111084
965,5,6,9.886703491210938
965,6,6,11.10006046295166
965,7,6,10.518482208251953
965,8,6,10.288360595703125
965,9,6,10.2139310836792
965,10,6,10.342066764831543
965,11,6,10.41697883605957
965,12,6,10.510261535644531
966,1,7,9.220069885253906
966,2,7,9.817258834838867
966,3,7,9.514017105102539
966,4,7,9.313190460205078
966,5,7,9.7153902053833
966,6,7,10.614747047424316
966,7,7,10.582965850830078
966,8,7,10.391950607299805
966,9,7,9.50325870513916
966,10,7,10.673683166503906
966,11,7,11.164671897888184
966,12,7,11.241015434265137
967,1,7,5.37899923324585
967,2,7,6.001884937286377
967,3,7,5.593050003051758
967,4,7,5.9613356590271
967,5,7,4.815715312957764
967,6,7,0.0
967,7,7,7.889129638671875
967,8,7,8.205309867858887
967,9,7,8.122978210449219
967,10,7,10.788835525512695
967,11,7,8.540180206298828
967,12,7,8.10644817352295
968,1,12,0.0
968,2,12,10.655861854553223
968,3,12,12.570509910583496
968,4,12,11.971569061279297
968,5,12,12.000534057617188
968,6,12,10.849872589111328
968,7,12,9.897553443908691
968,8,12,11.214726448059082
968,9,12,9.926605224609375
968,10,12,10.956210136413574
968,11,12,11.509074211120605
968,12,12,11.723223686218262
969,1,7,9.111210823059082
969,2,7,10.659415245056152
969,3,7,9.725507736206055
969,4,7,9.69344425201416
969,5,7,11.612763404846191
969,6,7,6.654276371002197
969,7,7,7.026888847351074
969,8,7,4.237905979156494
969,9,7,0.0
969,10,7,10.637492179870605
969,11,7,10.608155250549316
969,12,7,9.346996307373047
970,1,7,10.681431770324707
970,2,7,10.661717414855957
970,3,7,9.04948616027832
970,4,7,10.354400634765625
970,5,7,10.630802154541016
970,6,7,10.91818904876709
970,7,7,10.788354873657227
970,8,7,11.019250869750977
970,9,7,10.99415397644043
970,10,7,10.960375785827637
970,11,7,10.968920707702637
970,12,7,6.224241733551025
971,1,8,0.0
971,2,8,7.340147972106934
971,3,8,0.0
971,4,8,4.394482135772705
971,5,8,4.891961097717285
971,6,8,7.747868537902832
971,7,8,4.262426853179932
971,8,8,6.463644981384277
971,9,8,8.440720558166504
971,10,8,9.280078887939453
971,11,8,9.115527153015137
971,12,8,9.20368766784668
972,1,5,7.3608598709106445
972,2,5,9.138971328735352
972,3,5,9.202530860900879
972,4,5,8.159001350402832
972,5,5,8.641278266906738
972,6,5,7.848097324371338
972,7,5,8.179218292236328
972,8,5,7.981985569000244
972,9,5,4.262124538421631
972,10,5,10.80343246459961
972,11,5,9.034335136413574
972,12,5,8.741371154785156
973,1,12,11.137988090515137
973,2,12,12.25742244720459
973,3,12,12.418495178222656
973,4,12,11.973904609680176
973,5,12,12.035099029541016
973,6,12,11.737128257751465
973,7,12,11.224038124084473
973,8,12,10.550156593322754
973,9,12,10.547821998596191
973,10,12,11.0333833694458
973,11,12,11.108566284179688
973,12,12,11.021501541137695
974,1,7,7.265731334686279
974,2,7,5.7132344245910645
974,3,7,9.338768005371094
974,4,7,8.311710357666016
974,5,7,9.475252151489258
974,6,7,9.346835136413574
974,7,7,11.583206176757812
974,8,7,10.650764465332031
974,9,7,9.87830924987793
974,10,7,7.795958995819092
974,11,7,8.012762069702148
974,12,7,6.6589860916137695
975,1,2,9.219619750976562
975,2,2,9.754343032836914
975,3,2,10.665315628051758
975,4,2,10.259378433227539
975,5,2,10.018285751342773
975,6,2,10.248555183410645
975,7,2,10.263652801513672
975,8,2,10.3496675491333
975,9,2,10.227705001831055
975,10,2,10.248958587646484
975,11,2,10.245765686035156
975,12,2,10.298434257507324
976,1,11,10.194991111755371
976,2,11,6.5608367919921875
976,3,11,11.514752388000488
976,4,11,11.954136848449707
976,5,11,11.538758277893066
976,6,11,11.457759857177734
976,7,11,11.661541938781738
976,8,11,11.488286972045898
976,9,11,11.52451229095459
976,10,11,11.592297554016113
976,11,11,11.589850425720215
976,12,11,11.678441047668457
977,1,7,8.508636474609375
977,2,7,8.454874038696289
977,3,7,8.492353439331055
977,4,7,9.295342445373535
977,5,7,9.251169204711914
977,6,7,9.051836967468262
977,7,7,9.117844581604004
977,8,7,9.396564483642578
977,9,7,9.053703308105469
977,10,7,9.345136642456055
977,11,7,9.51392650604248
977,12,7,10.263788223266602
978,1,10,19.14938735961914
978,2,10,19.12177276611328
978,3,10,19.168968200683594
978,4,10,19.257165908813477
978,5,10,19.24201774597168
978,6,10,19.359262466430664
978,7,10,19.434925079345703
978,8,10,19.57793617248535
978,9,10,19.60803985595703
978,10,10,19.61844253540039
978,11,10,20.067466735839844
978,12,10,19.973493576049805
979,1,10,8.922582626342773
979,2,10,9.762816429138184
979,3,10,10.538705825805664
979,4,10,10.089755058288574
979,5,10,10.776321411132812
979,6,10,10.086153984069824
979,7,10,9.837350845336914
979,8,10,8.766324996948242
979,9,10,9.779492378234863
979,10,10,9.497842788696289
979,11,10,9.831978797912598
979,12,10,9.468564987182617
980,1,2,5.7169013023376465
980,2,2,0.0
980,3,2,7.958340167999268
980,4,2,7.326287746429443
980,5,2,8.297167778015137
980,6,2,8.40987777709961
980,7,2,8.50747013092041
980,8,2,8.99560260772705
980,9,2,8.764284133911133
980,10,2,9.00781536102295
980,11,2,9.389514923095703
980,12,2,9.15463638305664
981,1,7,11.061964988708496
981,2,7,11.798955917358398
981,3,7,11.011595726013184
981,4,7,11.266683578491211
981,5,7,11.22886848449707
981,6,7,11.628480911254883
981,7,7,11.86138916015625
981,8,7,11.823179244995117
981,9,7,12.016051292419434
981,10,7,11.9966459274292
981,11,7,12.063117027282715
981,12,7,12.080089569091797
982,1,12,9.826075553894043
982,2,12,10.91917896270752
982,3,12,11.37083625793457
982,4,12,9.81528377532959
982,5,12,9.326473236083984
982,6,12,10.118363380432129
982,7,12,9.509754180908203
982,8,12,9.883378028869629
982,9,12,10.293848037719727
982,10,12,10.325095176696777
982,11,12,10.616318702697754
982,12,12,10.448390007019043
983,1,12,12.393411636352539
983,2,12,12.600244522094727
983,3,12,12.495903968811035
983,4,12,12.693632125854492
983,5,12,12.8761625289917
983,6,12,12.704761505126953
983,7,12,12.891393661499023
983,8,12,13.277193069458008
983,9,12,13.558517456054688
983,10,12,13.821420669555664
983,11,12,13.888026237487793
983,12,12,13.81583309173584
984,1,11,11.224136352539062
984,2,11,11.249466896057129
984,3,11,10.568432807922363
984,4,11,10.438257217407227
984,5,11,10.885557174682617
984,6,11,12.352258682250977
984,7,11,12.296451568603516
984,8,11,0.0
984,9,11,12.784743309020996
984,10,11,13.601789474487305
984,11,11,13.892844200134277
984,12,11,13.899518013000488
985,1,11,8.928481101989746
985,2,11,9.025030136108398
985,3,11,8.861003875732422
985,4,11,8.095698356628418
985,5,11,9.074549674987793
985,6,11,9.174738883972168
985,7,11,9.75390338897705
985,8,11,9.592659950256348
985,9,11,9.422648429870605
985,10,11,9.683728218078613
985,11,11,9.676618576049805
985,12,11,9.49696159362793
986,1,10,10.652897834777832
986,2,10,10.805503845214844
986,3,10,11.026591300964355
986,4,10,10.858312606811523
986,5,10,10.832260131835938
986,6,10,11.204988479614258
986,7,10,11.16615104675293
986,8,10,11.21329402923584
986,9,10,11.25436019897461
986,10,10,11.481206893920898
986,11,10,11.740865707397461
986,12,10,11.839218139648438
987,1,12,9.835569381713867
987,2,12,9.847854614257812
987,3,12,10.437466621398926
987,4,12,10.478726387023926
987,5,12,11.068183898925781
987,6,12,10.892012596130371
987,7,12,10.542181015014648
987,8,12,11.510948181152344
987,9,12,11.477349281311035
987,10,12,11.700597763061523
987,11,12,11.009618759155273
987,12,12,11.558032035827637
988,1,2,8.145906448364258
988,2,2,9.292540550231934
988,3,2,9.102994918823242
988,4,2,8.688292503356934
988,5,2,8.34583854675293
988,6,2,9.06860637664795
988,7,2,9.192033767700195
988,8,2,9.66830825805664
988,9,2,9.024317741394043
988,10,2,9.62454605102539
988,11,2,9.564042091369629
988,12,2,9.632078170776367
989,1,6,10.68720531463623
989,2,6,10.602452278137207
989,3,6,10.675886154174805
989,4,6,10.380594253540039
989,5,6,10.300675392150879
989,6,6,10.347990989685059
989,7,6,10.316357612609863
989,8,6,10.522937774658203
989,9,6,10.569009780883789
989,10,6,10.479962348937988
989,11,6,10.787837028503418
989,12,6,10.621360778808594
990,1,11,12.565088272094727
990,2,11,12.626190185546875
990,3,11,12.623854637145996
990,4,11,12.61272144317627
990,5,11,12.572206497192383
990,6,11,12.774818420410156
990,7,11,12.714849472045898
990,8,11,12.792886734008789
990,9,11,12.708436012268066
990,10,11,12.765084266662598
990,11,11,12.672515869140625
990,12,11,12.948749542236328
991,1,7,7.355104446411133
991,2,7,9.284753799438477
991,3,7,9.243595123291016
991,4,7,9.385513305664062
991,5,7,9.38778018951416
991,6,7,9.868480682373047
991,7,7,11.11523151397705
991,8,7,11.510018348693848
991,9,7,11.486470222473145
991,10,7,11.806109428405762
991,11,7,11.694441795349121
991,12,7,11.721375465393066
992,1,7,9.571890830993652
992,2,7,9.72821044921875
992,3,7,10.124621391296387
992,4,7,10.96019458770752
992,5,7,9.651871681213379
992,6,7,10.68326473236084
992,7,7,11.555475234985352
992,8,7,11.39814567565918
992,9,7,11.443367004394531
992,10,7,8.911746978759766
992,11,7,9.784319877624512
992,12,7,10.09292221069336
993,1,11,0.0
993,2,11,0.0
993,3,11,0.0
993,4,11,8.612067222595215
993,5,11,8.305350303649902
993,6,11,8.033808708190918
993,7,11,10.287468910217285
993,8,11,10.528352737426758
993,9,11,9.553412437438965
993,10,11,9.521989822387695
993,11,11,7.441398620605469
993,12,11,9.039642333984375
994,1,7,7.803956508636475
994,2,7,9.548133850097656
994,3,7,9.71653938293457
994,4,7,9.579989433288574
994,5,7,9.314202308654785
994,6,7,9.553333282470703
994,7,7,9.685445785522461
994,8,7,9.722503662109375
994,9,7,9.208390235900879
994,10,7,9.618057250976562
994,11,7,10.20526123046875
994,12,7,10.966181755065918
995,1,12,9.947490692138672
995,2,12,9.261937141418457
995,3,12,10.08149528503418
995,4,12,10.0166654586792
995,5,12,10.165669441223145
995,6,12,7.996463298797607
995,7,12,9.914410591125488
995,8,12,10.236127853393555
995,9,12,9.189085006713867
995,10,12,9.500138282775879
995,11,12,9.797621726989746
995,12,12,10.672379493713379
996,1,10,6.2611613273620605
996,2,10,6.570191860198975
996,3,10,4.929605007171631
996,4,10,8.138447761535645
996,5,10,6.794398784637451
996,6,10,5.237754821777344
996,7,10,6.464150428771973
996,8,10,0.0
996,9,10,7.412848949432373
996,10,10,7.878946781158447
996,11,10,7.630091190338135
996,12,10,8.192086219787598
997,1,11,11.429068565368652
997,2,11,11.068867683410645
997,3,11,10.719355583190918
997,4,11,10.77086353302002
997,5,11,10.806077003479004
997,6,11,11.045088768005371
997,7,11,10.869706153869629
997,8,11,11.368671417236328
997,9,11,11.579105377197266
997,10,11,11.254450798034668
997,11,11,11.465087890625
997,12,11,11.393928527832031
998,1,12,10.59149169921875
998,2,12,11.986026763916016
998,3,12,11.471768379211426
998,4,12,11.421551704406738
998,5,12,11.203980445861816
998,6,12,11.499606132507324
998,7,12,11.52603816986084
998,8,12,11.174591064453125
998,9,12,11.366116523742676
998,10,12,12.623099327087402
998,11,12,11.557088851928711
998,12,12,11.845104217529297
999,1,7,9.072044372558594
999,2,7,10.253912925720215
999,3,7,10.89826488494873
999,4,7,9.267772674560547
999,5,7,8.662251472473145
999,6,7,7.723048210144043
999,7,7,8.731083869934082
999,8,7,9.458306312561035
999,9,7,9.526280403137207
999,10,7,10.34763240814209
999,11,7,9.775386810302734
999,12,7,10.1485013961792
1000,1,12,9.729220390319824
1000,2,12,10.17345905303955
1000,3,12,10.080985069274902
1000,4,12,10.265608787536621
1000,5,12,10.106472969055176
1000,6,12,10.345497131347656
1000,7,12,10.300642013549805
1000,8,12,10.43262004852295
1000,9,12,10.772732734680176
1000,10,12,10.626386642456055
1000,11,12,10.890318870544434
1000,12,12,11.046072959899902
1001,1,6,7.850978851318359
1001,2,6,9.27192497253418
1001,3,6,9.143798828125
1001,4,6,9.993851661682129
1001,5,6,8.54074478149414
1001,6,6,9.76034927368164
1001,7,6,10.532448768615723
1001,8,6,10.537277221679688
1001,9,6,10.471465110778809
1001,10,6,13.18106460571289
1001,11,6,10.585415840148926
1001,12,6,10.728474617004395
1002,1,10,8.741654396057129
1002,2,10,0.0
1002,3,10,6.840048313140869
1002,4,10,7.396058082580566
1002,5,10,0.0
1002,6,10,1.4670469760894775
1002,7,10,0.0
1002,8,10,5.304677486419678
1002,9,10,9.603757858276367
1002,10,10,9.505179405212402
1002,11,10,9.611384391784668
1002,12,10,9.746798515319824
1003,1,8,11.334503173828125
1003,2,8,11.33340072631836
1003,3,8,10.765714645385742
1003,4,8,11.604780197143555
1003,5,8,10.933843612670898
1003,6,8,11.329619407653809
1003,7,8,11.68862247467041
1003,8,8,11.658285140991211
1003,9,8,11.80886459350586
1003,10,8,11.730096817016602
1003,11,8,11.613709449768066
1003,12,8,11.477920532226562
1004,1,7,9.35330867767334
1004,2,7,6.297062873840332
1004,3,7,10.952128410339355
1004,4,7,10.456891059875488
1004,5,7,9.242527961730957
1004,6,7,8.400782585144043
1004,7,7,6.997624397277832
1004,8,7,11.231629371643066
1004,9,7,9.710996627807617
1004,10,7,11.670555114746094
1004,11,7,11.853659629821777
1004,12,7,11.931808471679688
1005,1,6,10.734362602233887
1005,2,6,10.349000930786133
1005,3,6,10.809006690979004
1005,4,6,10.585165977478027
1005,5,6,10.751513481140137
1005,6,6,10.933835983276367
1005,7,6,11.070496559143066
1005,8,6,11.188459396362305
1005,9,6,11.047388076782227
1005,10,6,11.048595428466797
1005,11,6,11.052680969238281
1005,12,6,10.963189125061035
1006,1,12,9.738452911376953
1006,2,12,10.005316734313965
1006,3,12,10.13882064819336
1006,4,12,10.299532890319824
1006,5,12,10.087959289550781
1006,6,12,10.670869827270508
1006,7,12,12.409013748168945
1006,8,12,11.386260986328125
1006,9,12,12.007681846618652
1006,10,12,12.19750690460205
1006,11,12,11.460007667541504
1006,12,12,11.762018203735352
1007,1,11,9.920207023620605
1007,2,11,10.031576156616211
1007,3,11,10.04544448852539
1007,4,11,9.967782974243164
1007,5,11,9.117040634155273
1007,6,11,9.240986824035645
1007,7,11,10.007192611694336
1007,8,11,9.15258502960205
1007,9,11,10.044150352478027
1007,10,11,10.1222505569458
1007,11,11,10.38414478302002
1007,12,11,10.513069152832031
1008,1,12,8.527390480041504
1008,2,12,8.73643684387207
1008,3,12,8.526646614074707
1008,4,12,8.401782989501953
1008,5,12,8.368738174438477
1008,6,12,8.271819114685059
1008,7,12,8.444151878356934
1008,8,12,8.11002254486084
1008,9,12,8.055597305297852
1008,10,12,8.792468070983887
1008,11,12,7.885897636413574
1008,12,12,8.211029052734375
1009,1,4,15.52207088470459
1009,2,4,15.505997657775879
1009,3,4,15.717123985290527
1009,4,4,15.95071029663086
1009,5,4,16.035051345825195
1009,6,4,16.10348892211914
1009,7,4,16.185667037963867
1009,8,4,16.22933578491211
1009,9,4,16.316633224487305
1009,10,4,16.353673934936523
1009,11,4,16.441438674926758
1009,12,4,16.517118453979492
1010,1,6,9.381173133850098
1010,2,6,9.8612699508667
1010,3,6,9.97164535522461
1010,4,6,9.941771507263184
1010,5,6,9.883563041687012
1010,6,6,9.67343521118164
1010,7,6,10.954597473144531
1010,8,6,11.312362670898438
1010,9,6,10.723306655883789
1010,10,6,10.086231231689453
1010,11,6,9.958067893981934
1010,12,6,10.131186485290527
1011,1,7,9.711673736572266
1011,2,7,11.841682434082031
1011,3,7,11.669692039489746
1011,4,7,11.6813325881958
1011,5,7,11.5277099609375
1011,6,7,11.936646461486816
1011,7,7,12.425418853759766
1011,8,7,12.479598999023438
1011,9,7,12.026617050170898
1011,10,7,12.90888786315918
1011,11,7,12.764139175415039
1011,12,7,12.716591835021973
1012,1,12,11.084142684936523
1012,2,12,11.781466484069824
1012,3,12,11.016709327697754
1012,4,12,10.96435546875
1012,5,12,11.136222839355469
1012,6,12,10.983617782592773
1012,7,12,10.996343612670898
1012,8,12,10.694287300109863
1012,9,12,10.825942039489746
1012,10,12,11.098515510559082
1012,11,12,11.113743782043457
1012,12,12,11.319831848144531
1013,1,12,9.92122745513916
1013,2,12,10.213492393493652
1013,3,12,10.054451942443848
1013,4,12,10.121310234069824
1013,5,12,10.103059768676758
1013,6,12,10.171587944030762
1013,7,12,10.097997665405273
1013,8,12,10.003690719604492
1013,9,12,10.051000595092773
1013,10,12,10.03674602508545
1013,11,12,9.996565818786621
1013,12,12,10.279440879821777
1014,1,11,6.123444557189941
1014,2,11,6.796856880187988
1014,3,11,9.066679954528809
1014,4,11,7.67127799987793
1014,5,11,8.901248931884766
1014,6,11,0.0
1014,7,11,9.784634590148926
1014,8,11,10.072653770446777
1014,9,11,9.228192329406738
1014,10,11,9.722787857055664
1014,11,11,9.32373046875
1014,12,11,9.909996032714844
1015,1,3,9.387057304382324
1015,2,3,10.448281288146973
1015,3,3,9.984513282775879
1015,4,3,11.0842866897583
1015,5,3,10.541824340820312
1015,6,3,10.431788444519043
1015,7,3,10.823153495788574
1015,8,3,10.694893836975098
1015,9,3,10.697144508361816
1015,10,3,10.574381828308105
1015,11,3,0.0
1015,12,3,10.95643424987793
1016,1,10,9.957530975341797
1016,2,10,10.037992477416992
1016,3,10,9.915029525756836
1016,4,10,10.028404235839844
1016,5,10,10.086055755615234
1016,6,10,10.049391746520996
1016,7,10,9.850777626037598
1016,8,10,10.747899055480957
1016,9,10,10.245582580566406
1016,10,10,10.528475761413574
1016,11,10,10.288232803344727
1016,12,10,10.673152923583984
1017,1,8,9.942445755004883
1017,2,8,9.877559661865234
1017,3,8,10.02299976348877
1017,4,8,10.029902458190918
1017,5,8,10.400952339172363
1017,6,8,8.696876525878906
1017,7,8,10.400301933288574
1017,8,8,10.04987621307373
1017,9,8,9.116959571838379
1017,10,8,9.962533950805664
1017,11,8,9.950186729431152
1017,12,8,9.755316734313965
1018,1,3,10.381863594055176
1018,2,3,10.307512283325195
1018,3,3,10.817955017089844
1018,4,3,12.421082496643066
1018,5,3,12.368951797485352
1018,6,3,10.885655403137207
1018,7,3,10.834775924682617
1018,8,3,10.960991859436035
1018,9,3,11.20629596710205
1018,10,3,11.446432113647461
1018,11,3,11.51107406616211
1018,12,3,11.600258827209473
1019,1,12,10.241350173950195
1019,2,12,9.857708930969238
1019,3,12,10.203169822692871
1019,4,12,9.749227523803711
1019,5,12,9.642472267150879
1019,6,12,10.011585235595703
1019,7,12,10.199224472045898
1019,8,12,10.254836082458496
1019,9,12,10.11557388305664
1019,10,12,12.071221351623535
1019,11,12,9.626225471496582
1019,12,12,9.676183700561523
1020,1,12,11.587285995483398
1020,2,12,11.672967910766602
1020,3,12,11.716252326965332
1020,4,12,11.670092582702637
1020,5,12,11.670817375183105
1020,6,12,11.835089683532715
1020,7,12,11.82091236114502
1020,8,12,12.081336975097656
1020,9,12,12.097352981567383
1020,10,12,12.127673149108887
1020,11,12,12.137836456298828
1020,12,12,12.095514297485352
1021,1,12,13.419340133666992
1021,2,12,13.468154907226562
1021,3,12,13.47674560546875
1021,4,12,13.47077465057373
1021,5,12,13.468796730041504
1021,6,12,13.531656265258789
1021,7,12,13.526382446289062
1021,8,12,13.524954795837402
1021,9,12,13.322745323181152
1021,10,12,13.978446960449219
1021,11,12,14.043767929077148
1021,12,12,13.874013900756836
1022,1,2,11.308417320251465
1022,2,2,11.624798774719238
1022,3,2,12.529319763183594
1022,4,2,12.319794654846191
1022,5,2,11.24765396118164
1022,6,2,11.457716941833496
1022,7,2,11.32699966430664
1022,8,2,11.332626342773438
1022,9,2,11.347248077392578
1022,10,2,11.506178855895996
1022,11,2,11.523880004882812
1022,12,2,11.498185157775879
1023,1,7,9.000259399414062
1023,2,7,8.456984519958496
1023,3,7,8.731472969055176
1023,4,7,9.329092979431152
1023,5,7,8.885223388671875
1023,6,7,9.217936515808105
1023,7,7,9.391594886779785
1023,8,7,9.409286499023438
1023,9,7,9.672501564025879
1023,10,7,9.631301879882812
1023,11,7,8.774943351745605
1023,12,7,9.462677955627441
1024,1,12,11.523420333862305
1024,2,12,11.537720680236816
1024,3,12,12.170734405517578
1024,4,12,12.291080474853516
1024,5,12,11.97191047668457
1024,6,12,12.032673835754395
1024,7,12,12.06418228149414
1024,8,12,11.927486419677734
1024,9,12,11.88094711303711
1024,10,12,11.879064559936523
1024,11,12,12.201981544494629
1024,12,12,12.191092491149902
1025,1,11,8.711355209350586
1025,2,11,8.736540794372559
1025,3,11,8.511825561523438
1025,4,11,7.97451114654541
1025,5,11,8.606781005859375
1025,6,11,7.986556053161621
1025,7,11,8.551321029663086
1025,8,11,0.0
1025,9,11,7.325829029083252
1025,10,11,8.19456672668457
1025,11,11,8.47504997253418
1025,12,11,8.844703674316406
1026,1,11,9.48996353149414
1026,2,11,9.372983932495117
1026,3,11,9.530436515808105
1026,4,11,10.100136756896973
1026,5,11,9.705172538757324
1026,6,11,10.081040382385254
1026,7,11,10.041845321655273
1026,8,11,9.845541000366211
1026,9,11,9.493404388427734
1026,10,11,9.491890907287598
1026,11,11,9.787239074707031
1026,12,11,9.789111137390137
1027,1,10,12.57610034942627
1027,2,10,12.816747665405273
1027,3,10,12.826973915100098
1027,4,10,12.844464302062988
1027,5,10,12.864766120910645
1027,6,10,12.866883277893066
1027,7,10,12.958200454711914
1027,8,10,12.972886085510254
1027,9,10,12.933155059814453
1027,10,10,12.968108177185059
1027,11,10,12.887958526611328
1027,12,10,13.033488273620605
1028,1,7,8.131336212158203
1028,2,7,11.571486473083496
1028,3,7,9.989816665649414
1028,4,7,10.564935684204102
1028,5,7,10.285012245178223
1028,6,7,9.668253898620605
1028,7,7,9.183050155639648
1028,8,7,9.339363098144531
1028,9,7,8.964895248413086
1028,10,7,10.267157554626465
1028,11,7,10.097552299499512
1028,12,7,9.089548110961914
1029,1,7,9.032395362854004
1029,2,7,9.886953353881836
1029,3,7,9.52807903289795
1029,4,7,9.466375350952148
1029,5,7,9.400155067443848
1029,6,7,9.462545394897461
1029,7,7,9.502311706542969
1029,8,7,9.539624214172363
1029,9,7,9.513815879821777
1029,10,7,9.723068237304688
1029,11,7,9.752349853515625
1029,12,7,9.701706886291504
1030,1,7,15.017473220825195
1030,2,7,14.906914710998535
1030,3,7,14.975631713867188
1030,4,7,14.935592651367188
1030,5,7,14.739962577819824
1030,6,7,14.674729347229004
1030,7,7,14.61367130279541
1030,8,7,15.324112892150879
1030,9,7,15.210655212402344
1030,10,7,15.629533767700195
1030,11,7,15.899811744689941
1030,12,7,16.34218978881836
1031,1,12,8.932211875915527
1031,2,12,9.716818809509277
1031,3,12,9.696440696716309
1031,4,12,9.11690616607666
1031,5,12,12.11110782623291
1031,6,12,10.462181091308594
1031,7,12,8.995996475219727
1031,8,12,10.08763599395752
1031,9,12,7.28183126449585
1031,10,12,9.927643775939941
1031,11,12,8.40759563446045
1031,12,12,10.278076171875
1032,1,9,10.865493774414062
1032,2,9,10.727126121520996
1032,3,9,11.606139183044434
1032,4,9,11.680976867675781
1032,5,9,11.562723159790039
1032,6,9,12.140756607055664
1032,7,9,12.39619255065918
1032,8,9,12.357409477233887
1032,9,9,11.148469924926758
1032,10,9,13.126431465148926
1032,11,9,13.114006996154785
1032,12,9,12.798500061035156
1033,1,7,7.08947229385376
1033,2,7,9.671868324279785
1033,3,7,9.992835998535156
1033,4,7,9.416659355163574
1033,5,7,9.809809684753418
1033,6,7,10.517707824707031
1033,7,7,11.46200942993164
1033,8,7,10.547256469726562
1033,9,7,11.068578720092773
1033,10,7,9.3587646484375
1033,11,7,11.119831085205078
1033,12,7,11.103028297424316
1034,1,10,11.913583755493164
1034,2,10,11.96233081817627
1034,3,10,12.075787544250488
1034,4,10,12.106468200683594
1034,5,10,12.071962356567383
1034,6,10,12.420136451721191
1034,7,10,12.254141807556152
1034,8,10,12.191203117370605
1034,9,10,12.214444160461426
1034,10,10,12.301331520080566
1034,11,10,12.333502769470215
1034,12,10,12.371519088745117
1035,1,10,15.248381614685059
1035,2,10,15.342514991760254
1035,3,10,15.408467292785645
1035,4,10,15.442586898803711
1035,5,10,15.45120906829834
1035,6,10,15.497147560119629
1035,7,10,15.563648223876953
1035,8,10,15.618208885192871
1035,9,10,15.706449508666992
1035,10,10,15.8971529006958
1035,11,10,15.769596099853516
1035,12,10,15.791218757629395
1036,1,6,9.168752670288086
1036,2,6,9.248698234558105
1036,3,6,9.568180084228516
1036,4,6,9.196460723876953
1036,5,6,9.132672309875488
1036,6,6,8.651459693908691
1036,7,6,9.111720085144043
1036,8,6,9.308982849121094
1036,9,6,8.955499649047852
1036,10,6,9.594032287597656
1036,11,6,9.25245189666748
1036,12,6,9.372808456420898
1037,1,12,10.90722942352295
1037,2,12,10.923559188842773
1037,3,12,10.949226379394531
1037,4,12,11.085687637329102
1037,5,12,10.86052131652832
1037,6,12,10.787137985229492
1037,7,12,10.797830581665039
1037,8,12,10.81313705444336
1037,9,12,10.834494590759277
1037,10,12,10.865331649780273
1037,11,12,10.895692825317383
1037,12,12,10.85303783416748
1038,1,4,10.189913749694824
1038,2,4,10.332612037658691
1038,3,4,10.27365493774414
1038,4,4,10.274718284606934
1038,5,4,10.78433895111084
1038,6,4,10.984779357910156
1038,7,4,10.899735450744629
1038,8,4,10.814184188842773
1038,9,4,10.536425590515137
1038,10,4,10.513059616088867
1038,11,4,10.553446769714355
1038,12,4,10.618346214294434
1039,1,3,13.356568336486816
1039,2,3,12.607792854309082
1039,3,3,12.72622013092041
1039,4,3,12.679670333862305
1039,5,3,12.698780059814453
1039,6,3,12.624267578125
1039,7,3,12.6593599319458
1039,8,3,12.572988510131836
1039,9,3,12.616296768188477
1039,10,3,12.571614265441895
1039,11,3,12.594244956970215
1039,12,3,13.073553085327148
1040,1,12,10.439507484436035
1040,2,12,10.483548164367676
1040,3,12,10.051911354064941
1040,4,12,10.38647747039795
1040,5,12,10.077943801879883
1040,6,12,10.85754108428955
1040,7,12,10.989686965942383
1040,8,12,10.8881196975708
1040,9,12,10.83152961730957
1040,10,12,11.096662521362305
1040,11,12,11.079339027404785
1040,12,12,11.204994201660156
1041,1,9,13.069062232971191
1041,2,9,13.134590148925781
1041,3,9,13.213979721069336
1041,4,9,13.058599472045898
1041,5,9,13.10643196105957
1041,6,9,13.346184730529785
1041,7,9,13.395649909973145
1041,8,9,13.380050659179688
1041,9,9,13.33402156829834
1041,10,9,13.72026252746582
1041,11,9,13.694873809814453
1041,12,9,13.357131004333496
1042,1,12,11.97719955444336
1042,2,12,12.084507942199707
1042,3,12,11.977598190307617
1042,4,12,12.164446830749512
1042,5,12,12.1992769241333
1042,6,12,12.232922554016113
1042,7,12,12.28672981262207
1042,8,12,12.295292854309082
1042,9,12,12.363776206970215
1042,10,12,12.408113479614258
1042,11,12,12.400840759277344
1042,12,12,12.404642105102539
1043,1,2,12.716190338134766
1043,2,2,12.66804027557373
1043,3,2,12.891153335571289
1043,4,2,13.066327095031738
1043,5,2,13.539711952209473
1043,6,2,13.62629222869873
1043,7,2,13.680706977844238
1043,8,2,13.822067260742188
1043,9,2,13.817252159118652
1043,10,2,13.890027046203613
1043,11,2,13.973061561584473
1043,12,2,13.995015144348145
1044,1,4,12.023938179016113
1044,2,4,11.995499610900879
1044,3,4,12.501863479614258
1044,4,4,12.43832015991211
1044,5,4,12.490891456604004
1044,6,4,12.751380920410156
1044,7,4,12.849361419677734
1044,8,4,12.855477333068848
1044,9,4,12.918676376342773
1044,10,4,12.951066970825195
1044,11,4,12.980303764343262
1044,12,4,13.062432289123535
1045,1,4,20.075912475585938
1045,2,4,20.12240982055664
1045,3,4,20.18534278869629
1045,4,4,20.22186279296875
1045,5,4,20.230791091918945
1045,6,4,20.259761810302734
1045,7,4,20.41097068786621
1045,8,4,20.526477813720703
1045,9,4,20.570810317993164
1045,10,4,20.58818244934082
1045,11,4,20.60907554626465
1045,12,4,20.607152938842773
1046,1,11,6.8349456787109375
1046,2,11,8.888866424560547
1046,3,11,8.298468589782715
1046,4,11,8.387903213500977
1046,5,11,8.295947074890137
1046,6,11,7.954380035400391
1046,7,11,8.724949836730957
1046,8,11,8.29400634765625
1046,9,11,8.85098648071289
1046,10,11,6.913358211517334
1046,11,11,8.441130638122559
1046,12,11,7.036491394042969
1047,1,7,16.58160972595215
1047,2,7,16.728187561035156
1047,3,7,16.90035057067871
1047,4,7,16.910564422607422
1047,5,7,17.00449562072754
1047,6,7,17.039295196533203
1047,7,7,17.128204345703125
1047,8,7,17.19013786315918
1047,9,7,17.30121612548828
1047,10,7,17.33393669128418
1047,11,7,17.454814910888672
1047,12,7,17.36919403076172
1048,1,12,8.914363861083984
1048,2,12,9.592721939086914
1048,3,12,9.762320518493652
1048,4,12,8.479496955871582
1048,5,12,9.246498107910156
1048,6,12,9.239632606506348
1048,7,12,9.454540252685547
1048,8,12,9.245835304260254
1048,9,12,9.442330360412598
1048,10,12,9.543636322021484
1048,11,12,9.595693588256836
1048,12,12,9.60605239868164
1049,1,12,10.016714096069336
1049,2,12,10.030826568603516
1049,3,12,10.34301471710205
1049,4,12,10.220732688903809
1049,5,12,10.18532943725586
1049,6,12,10.269978523254395
1049,7,12,10.192007064819336
1049,8,12,10.250299453735352
1049,9,12,10.714790344238281
1049,10,12,10.522788047790527
1049,11,12,10.661799430847168
1049,12,12,10.909184455871582
1050,1,3,13.66303825378418
1050,2,3,13.734758377075195
1050,3,3,13.786108016967773
1050,4,3,13.842287063598633
1050,5,3,13.805980682373047
1050,6,3,14.012845039367676
1050,7,3,14.212661743164062
1050,8,3,14.15890121459961
1050,9,3,14.4467191696167
1050,10,3,14.271930694580078
1050,11,3,14.263388633728027
1050,12,3,14.340559959411621
1051,1,5,9.512096405029297
1051,2,5,9.1815767288208
1051,3,5,9.310212135314941
1051,4,5,9.545347213745117
1051,5,5,9.507025718688965
1051,6,5,10.17828369140625
1051,7,5,0.0
1051,8,5,9.566706657409668
1051,9,5,8.547739028930664
1051,10,5,9.37832260131836
1051,11,5,9.699173927307129
1051,12,5,9.733793258666992
1052,1,9,12.409258842468262
1052,2,9,12.34607219696045
1052,3,9,12.554011344909668
1052,4,9,12.66032600402832
1052,5,9,11.984305381774902
1052,6,9,12.14278507232666
1052,7,9,12.102251052856445
1052,8,9,12.152297973632812
1052,9,9,12.136014938354492
1052,10,9,12.185572624206543
1052,11,9,11.676987648010254
1052,12,9,12.078495025634766
1053,1,4,13.730201721191406
1053,2,4,13.835644721984863
1053,3,4,14.078685760498047
1053,4,4,14.18048095703125
1053,5,4,14.178202629089355
1053,6,4,14.514078140258789
1053,7,4,14.694238662719727
1053,8,4,14.755912780761719
1053,9,4,14.83036994934082
1053,10,4,15.074899673461914
1053,11,4,15.346467018127441
1053,12,4,15.448600769042969
1054,1,12,11.289432525634766
1054,2,12,10.802372932434082
1054,3,12,10.857460021972656
1054,4,12,11.185209274291992
1054,5,12,11.121460914611816
1054,6,12,11.252833366394043
1054,7,12,11.267425537109375
1054,8,12,11.27089786529541
1054,9,12,10.917349815368652
1054,10,12,10.932559967041016
1054,11,12,10.912066459655762
1054,12,12,10.903592109680176
1055,1,5,10.820666313171387
1055,2,5,10.877209663391113
1055,3,5,10.857183456420898
1055,4,5,10.858659744262695
1055,5,5,10.898870468139648
1055,6,5,10.927490234375
1055,7,5,10.903300285339355
1055,8,5,10.887712478637695
1055,9,5,10.828925132751465
1055,10,5,11.090978622436523
1055,11,5,11.052359580993652
1055,12,5,11.083523750305176
1056,1,8,11.511333465576172
1056,2,8,11.343807220458984
1056,3,8,11.963598251342773
1056,4,8,11.770980834960938
1056,5,8,10.985916137695312
1056,6,8,10.624848365783691
1056,7,8,10.3717679977417
1056,8,8,10.884919166564941
1056,9,8,10.732932090759277
1056,10,8,10.91186809539795
1056,11,8,10.754915237426758
1056,12,8,10.925114631652832
1057,1,12,13.051912307739258
1057,2,12,13.122617721557617
1057,3,12,13.045792579650879
1057,4,12,13.106681823730469
1057,5,12,13.05750560760498
1057,6,12,12.928650856018066
1057,7,12,13.686210632324219
1057,8,12,13.76603889465332
1057,9,12,13.711703300476074
1057,10,12,13.70652961730957
1057,11,12,13.592917442321777
1057,12,12,13.497292518615723
1058,1,11,0.0
1058,2,11,8.38809871673584
1058,3,11,0.0
1058,4,11,8.133872985839844
1058,5,11,8.30911922454834
1058,6,11,8.413491249084473
1058,7,11,8.231485366821289
1058,8,11,10.303557395935059
1058,9,11,9.163046836853027
1058,10,11,10.008007049560547
1058,11,11,8.814833641052246
1058,12,11,9.774163246154785
1059,1,2,13.290250778198242
1059,2,2,13.281946182250977
1059,3,2,13.313276290893555
1059,4,2,13.318151473999023
1059,5,2,13.307777404785156
1059,6,2,13.456561088562012
1059,7,2,13.529012680053711
1059,8,2,13.582287788391113
1059,9,2,13.64418888092041
1059,10,2,13.720718383789062
1059,11,2,13.758149147033691
1059,12,2,13.743532180786133
1060,1,2,10.763813972473145
1060,2,2,11.143447875976562
1060,3,2,11.189214706420898
1060,4,2,11.478317260742188
1060,5,2,11.7779541015625
1060,6,2,11.95024585723877
1060,7,2,11.947284698486328
1060,8,2,12.572517395019531
1060,9,2,12.44444465637207
1060,10,2,12.39448356628418
1060,11,2,12.310403823852539
1060,12,2,12.192105293273926
1061,1,9,9.49677848815918
1061,2,9,9.600810050964355
1061,3,9,9.446855545043945
1061,4,9,9.825722694396973
1061,5,9,9.838678359985352
1061,6,9,8.916244506835938
1061,7,9,8.965583801269531
1061,8,9,8.94947338104248
1061,9,9,8.750324249267578
1061,10,9,9.271618843078613
1061,11,9,9.349117279052734
1061,12,9,9.40673828125
1062,1,11,0.0
1062,2,11,0.0
1062,3,11,7.313013553619385
1062,4,11,10.130953788757324
1062,5,11,9.946161270141602
1062,6,11,9.404800415039062
1062,7,11,9.572312355041504
1062,8,11,9.36191177368164
1062,9,11,9.072830200195312
1062,10,11,9.866673469543457
1062,11,11,9.907604217529297
1062,12,11,10.179252624511719
1063,1,11,11.589421272277832
1063,2,11,11.18511962890625
1063,3,11,11.201308250427246
1063,4,11,11.45370101928711
1063,5,11,11.338147163391113
1063,6,11,11.640961647033691
1063,7,11,11.857853889465332
1063,8,11,11.685896873474121
1063,9,11,11.886053085327148
1063,10,11,11.96136474609375
1063,11,11,11.942432403564453
1063,12,11,11.994431495666504
1064,1,7,11.200836181640625
1064,2,7,10.883397102355957
1064,3,7,10.761783599853516
1064,4,7,10.924138069152832
1064,5,7,11.231104850769043
1064,6,7,11.962355613708496
1064,7,7,11.974652290344238
1064,8,7,11.732325553894043
1064,9,7,11.787307739257812
1064,10,7,11.810606956481934
1064,11,7,11.73026180267334
1064,12,7,11.940201759338379
1065,1,2,10.019379615783691
1065,2,2,10.135546684265137
1065,3,2,10.255760192871094
1065,4,2,10.233259201049805
1065,5,2,8.524760246276855
1065,6,2,10.137702941894531
1065,7,2,10.396186828613281
1065,8,2,10.725130081176758
1065,9,2,10.480413436889648
1065,10,2,10.85794448852539
1065,11,2,11.002259254455566
1065,12,2,11.048147201538086
1066,1,4,13.743718147277832
1066,2,4,13.770334243774414
1066,3,4,13.852971076965332
1066,4,4,13.978710174560547
1066,5,4,13.827190399169922
1066,6,4,14.093151092529297
1066,7,4,14.075489044189453
1066,8,4,14.252463340759277
1066,9,4,14.141255378723145
1066,10,4,14.149170875549316
1066,11,4,14.16606616973877
1066,12,4,14.129861831665039
1067,1,10,9.138419151306152
1067,2,10,10.027963638305664
1067,3,10,10.30400276184082
1067,4,10,10.277334213256836
1067,5,10,10.239791870117188
1067,6,10,10.097819328308105
1067,7,10,10.325108528137207
1067,8,10,10.581097602844238
1067,9,10,10.225577354431152
1067,10,10,9.913556098937988
1067,11,10,10.448678970336914
1067,12,10,10.498723030090332
1068,1,10,12.850438117980957
1068,2,10,12.881102561950684
1068,3,10,12.957460403442383
1068,4,10,13.025477409362793
1068,5,10,12.98879337310791
1068,6,10,13.09162425994873
1068,7,10,13.345442771911621
1068,8,10,13.370393753051758
1068,9,10,13.398295402526855
1068,10,10,13.41009521484375
1068,11,10,13.461669921875
1068,12,10,13.457715034484863
1069,1,6,9.30254077911377
1069,2,6,9.382111549377441
1069,3,6,9.423599243164062
1069,4,6,9.629739761352539
1069,5,6,9.496478080749512
1069,6,6,9.499688148498535
1069,7,6,9.77973461151123
1069,8,6,9.680587768554688
1069,9,6,9.79300308227539
1069,10,6,10.138169288635254
1069,11,6,9.890007019042969
1069,12,6,10.297977447509766
1070,1,11,14.387887954711914
1070,2,11,14.543636322021484
1070,3,11,14.453746795654297
1070,4,11,14.359532356262207
1070,5,11,14.459065437316895
1070,6,11,14.441692352294922
1070,7,11,14.476634979248047
1070,8,11,14.491973876953125
1070,9,11,14.50667953491211
1070,10,11,14.555477142333984
1070,11,11,14.565423011779785
1070,12,11,14.50211238861084
1071,1,12,13.802899360656738
1071,2,12,13.853716850280762
1071,3,12,13.89282512664795
1071,4,12,13.942447662353516
1071,5,12,13.963554382324219
1071,6,12,13.999372482299805
1071,7,12,14.015368461608887
1071,8,12,14.0449857711792
1071,9,12,14.115266799926758
1071,10,12,14.257484436035156
1071,11,12,14.288511276245117
1071,12,12,14.422100067138672
1072,1,6,9.800169944763184
1072,2,6,9.162280082702637
1072,3,6,9.662625312805176
1072,4,6,10.560320854187012
1072,5,6,9.937994956970215
1072,6,6,9.631097793579102
1072,7,6,8.543724060058594
1072,8,6,9.353545188903809
1072,9,6,9.280316352844238
1072,10,6,8.142195701599121
1072,11,6,8.521733283996582
1072,12,6,8.039483070373535
1073,1,11,12.5133056640625
1073,2,11,12.10944938659668
1073,3,11,12.128698348999023
1073,4,11,12.152104377746582
1073,5,11,12.209157943725586
1073,6,11,12.568717956542969
1073,7,11,12.833291053771973
1073,8,11,12.974242210388184
1073,9,11,13.021993637084961
1073,10,11,12.833656311035156
1073,11,11,13.169336318969727
1073,12,11,13.243252754211426
1074,1,12,13.021056175231934
1074,2,12,13.005481719970703
1074,3,12,13.078583717346191
1074,4,12,13.158561706542969
1074,5,12,13.159292221069336
1074,6,12,13.29345989227295
1074,7,12,13.201955795288086
1074,8,12,13.27961540222168
1074,9,12,13.508426666259766
1074,10,12,13.370233535766602
1074,11,12,14.041686058044434
1074,12,12,13.534871101379395
1075,1,10,8.00670337677002
1075,2,10,8.408000946044922
1075,3,10,8.288681030273438
1075,4,10,8.334946632385254
1075,5,10,7.40081262588501
1075,6,10,5.021276473999023
1075,7,10,8.064912796020508
1075,8,10,7.006784439086914
1075,9,10,3.1440646648406982
1075,10,10,7.7506184577941895
1075,11,10,7.629873752593994
1075,12,10,7.565047264099121
1076,1,3,11.897650718688965
1076,2,3,12.449599266052246
1076,3,3,12.70288372039795
1076,4,3,12.751474380493164
1076,5,3,12.750775337219238
1076,6,3,12.788479804992676
1076,7,3,12.764177322387695
1076,8,3,12.78981876373291
1076,9,3,12.787358283996582
1076,10,3,12.784358978271484
1076,11,3,12.804043769836426
1076,12,3,12.805351257324219
1077,1,11,12.293157577514648
1077,2,11,12.378499031066895
1077,3,11,12.468194961547852
1077,4,11,12.39072322845459
1077,5,11,12.436686515808105
1077,6,11,12.534613609313965
1077,7,11,12.511602401733398
1077,8,11,12.515985488891602
1077,9,11,12.624570846557617
1077,10,11,12.954024314880371
1077,11,11,13.011922836303711
1077,12,11,13.026132583618164
1078,1,11,12.32577896118164
1078,2,11,13.01361083984375
1078,3,11,12.335746765136719
1078,4,11,12.249712944030762
1078,5,11,12.035103797912598
1078,6,11,12.367431640625
1078,7,11,12.616609573364258
1078,8,11,12.589886665344238
1078,9,11,12.441309928894043
1078,10,11,12.369902610778809
1078,11,11,12.432536125183105
1078,12,11,12.475223541259766
1079,1,11,8.19115161895752
1079,2,11,8.169489860534668
1079,3,11,9.080811500549316
1079,4,11,9.167703628540039
1079,5,11,9.042304039001465
1079,6,11,9.026102066040039
1079,7,11,8.223841667175293
1079,8,11,8.57919692993164
1079,9,11,7.923110485076904
1079,10,11,8.961400032043457
1079,11,11,8.828935623168945
1079,12,11,9.144733428955078
1080,1,11,9.4175386428833
1080,2,11,9.739927291870117
1080,3,11,10.671355247497559
1080,4,11,10.028166770935059
1080,5,11,10.25599479675293
1080,6,11,10.322952270507812
1080,7,11,10.341146469116211
1080,8,11,10.480853080749512
1080,9,11,10.000088691711426
1080,10,11,10.53140926361084
1080,11,11,10.414767265319824
1080,12,11,10.361001014709473
1081,1,11,11.788870811462402
1081,2,11,13.494903564453125
1081,3,11,12.083269119262695
1081,4,11,12.086982727050781
1081,5,11,12.481423377990723
1081,6,11,12.188819885253906
1081,7,11,12.478642463684082
1081,8,11,12.376962661743164
1081,9,11,12.511913299560547
1081,10,11,12.437005043029785
1081,11,11,12.426766395568848
1081,12,11,12.326985359191895
1082,1,11,11.439486503601074
1082,2,11,12.243021965026855
1082,3,11,12.168342590332031
1082,4,11,12.504684448242188
1082,5,11,12.40628433227539
1082,6,11,12.738255500793457
1082,7,11,12.749753952026367
1082,8,11,12.646029472351074
1082,9,11,12.711219787597656
1082,10,11,13.5870943069458
1082,11,11,13.505252838134766
1082,12,11,13.546746253967285
1083,1,3,13.768512725830078
1083,2,3,13.78028392791748
1083,3,3,13.864428520202637
1083,4,3,13.85155200958252
1083,5,3,13.814901351928711
1083,6,3,13.903804779052734
1083,7,3,14.66206169128418
1083,8,3,14.750212669372559
1083,9,3,14.984728813171387
1083,10,3,15.128255844116211
1083,11,3,15.19301986694336
1083,12,3,15.21727180480957
1084,1,3,9.759360313415527
1084,2,3,10.707074165344238
1084,3,3,10.537582397460938
1084,4,3,10.724664688110352
1084,5,3,10.357813835144043
1084,6,3,10.399319648742676
1084,7,3,10.109794616699219
1084,8,3,10.254535675048828
1084,9,3,9.261285781860352
1084,10,3,10.804944038391113
1084,11,3,10.987319946289062
1084,12,3,10.34092903137207
1085,1,4,13.329946517944336
1085,2,4,13.413105964660645
1085,3,4,13.79924488067627
1085,4,4,13.050063133239746
1085,5,4,13.692280769348145
1085,6,4,13.595866203308105
1085,7,4,13.647668838500977
1085,8,4,13.650136947631836
1085,9,4,13.696104049682617
1085,10,4,13.71528434753418
1085,11,4,13.849006652832031
1085,12,4,13.684877395629883
1086,1,6,14.361701965332031
1086,2,6,14.617769241333008
1086,3,6,14.585515022277832
1086,4,6,14.72323989868164
1086,5,6,14.986597061157227
1086,6,6,15.00544548034668
1086,7,6,15.215927124023438
1086,8,6,15.372090339660645
1086,9,6,15.386645317077637
1086,10,6,15.27397632598877
1086,11,6,15.327869415283203
1086,12,6,15.378321647644043
1087,1,12,0.0
1087,2,12,0.0
1087,3,12,6.2846503257751465
1087,4,12,8.984746932983398
1087,5,12,9.017779350280762
1087,6,12,9.042075157165527
1087,7,12,8.802985191345215
1087,8,12,8.578059196472168
1087,9,12,8.667838096618652
1087,10,12,9.403765678405762
1087,11,12,9.878262519836426
1087,12,12,9.770920753479004
1088,1,9,11.608391761779785
1088,2,9,11.458283424377441
1088,3,9,11.058892250061035
1088,4,9,11.040871620178223
1088,5,9,10.843185424804688
1088,6,9,11.227456092834473
1088,7,9,11.087337493896484
1088,8,9,11.100447654724121
1088,9,9,11.218615531921387
1088,10,9,11.50704288482666
1088,11,9,12.388127326965332
1088,12,9,12.519071578979492
1089,1,4,8.794448852539062
1089,2,4,9.087235450744629
1089,3,4,9.919967651367188
1089,4,4,9.848341941833496
1089,5,4,9.852680206298828
1089,6,4,9.853269577026367
1089,7,4,9.81705379486084
1089,8,4,9.737613677978516
1089,9,4,9.691657066345215
1089,10,4,9.73448371887207
1089,11,4,9.627687454223633
1089,12,4,9.691509246826172
1090,1,7,11.301785469055176
1090,2,7,11.354601860046387
1090,3,7,11.39601993560791
1090,4,7,11.455245971679688
1090,5,7,11.497213363647461
1090,6,7,11.529109954833984
1090,7,7,11.63790512084961
1090,8,7,11.864158630371094
1090,9,7,12.08777141571045
1090,10,7,12.099213600158691
1090,11,7,12.226482391357422
1090,12,7,12.221549034118652
1091,1,7,11.624369621276855
1091,2,7,11.807211875915527
1091,3,7,11.58989143371582
1091,4,7,11.7067232131958
1091,5,7,11.698966026306152
1091,6,7,11.787983894348145
1091,7,7,11.892016410827637
1091,8,7,12.008947372436523
1091,9,7,11.812566757202148
1091,10,7,11.896177291870117
1091,11,7,11.907942771911621
1091,12,7,11.551443099975586
1092,1,7,13.46316909790039
1092,2,7,13.491891860961914
1092,3,7,13.479074478149414
1092,4,7,13.541625022888184
1092,5,7,13.491471290588379
1092,6,7,13.689850807189941
1092,7,7,13.643355369567871
1092,8,7,13.501700401306152
1092,9,7,13.728536605834961
1092,10,7,13.786715507507324
1092,11,7,13.830033302307129
1092,12,7,13.837711334228516
1093,1,12,11.1312894821167
1093,2,12,11.118341445922852
1093,3,12,11.243524551391602
1093,4,12,11.374170303344727
1093,5,12,11.460770606994629
1093,6,12,11.641308784484863
1093,7,12,11.653022766113281
1093,8,12,11.757948875427246
1093,9,12,11.775507926940918
1093,10,12,11.604843139648438
1093,11,12,12.117117881774902
1093,12,12,12.15636920928955
1094,1,2,12.099005699157715
1094,2,2,12.160204887390137
1094,3,2,12.45877456665039
1094,4,2,12.454846382141113
1094,5,2,12.406410217285156
1094,6,2,12.38125991821289
1094,7,2,12.709650039672852
1094,8,2,12.637067794799805
1094,9,2,12.546896934509277
1094,10,2,12.811941146850586
1094,11,2,12.88351821899414
1094,12,2,12.95131778717041
1095,1,12,9.213973999023438
1095,2,12,9.115543365478516
1095,3,12,11.537617683410645
1095,4,12,9.266091346740723
1095,5,12,6.834418296813965
1095,6,12,9.276299476623535
1095,7,12,9.92154312133789
1095,8,12,10.067362785339355
1095,9,12,10.195526123046875
1095,10,12,10.29164981842041
1095,11,12,10.599156379699707
1095,12,12,12.112946510314941
1096,1,6,10.32580852508545
1096,2,6,10.236601829528809
1096,3,6,10.206927299499512
1096,4,6,9.967031478881836
1096,5,6,10.575309753417969
1096,6,6,10.131060600280762
1096,7,6,10.13861083984375
1096,8,6,9.723204612731934
1096,9,6,9.695018768310547
1096,10,6,9.958282470703125
1096,11,6,9.925955772399902
1096,12,6,9.88786792755127
1097,1,3,13.52409839630127
1097,2,3,13.502106666564941
1097,3,3,13.722299575805664
1097,4,3,13.75444221496582
1097,5,3,13.785470962524414
1097,6,3,13.77552318572998
1097,7,3,13.77682113647461
1097,8,3,13.820402145385742
1097,9,3,13.896550178527832
1097,10,3,13.951579093933105
1097,11,3,13.931753158569336
1097,12,3,13.961787223815918
1098,1,12,11.01693058013916
1098,2,12,11.132284164428711
1098,3,12,11.149812698364258
1098,4,12,11.144720077514648
1098,5,12,10.574668884277344
1098,6,12,10.544587135314941
1098,7,12,10.462332725524902
1098,8,12,10.507211685180664
1098,9,12,10.478018760681152
1098,10,12,10.53920841217041
1098,11,12,10.566104888916016
1098,12,12,10.552613258361816
1099,1,6,10.626598358154297
1099,2,6,11.199483871459961
1099,3,6,11.078286170959473
1099,4,6,11.29299545288086
1099,5,6,11.154040336608887
1099,6,6,11.346381187438965
1099,7,6,11.194721221923828
1099,8,6,11.287046432495117
1099,9,6,11.295770645141602
1099,10,6,11.349445343017578
1099,11,6,11.394201278686523
1099,12,6,11.386237144470215
1100,1,12,8.015694618225098
1100,2,12,4.170906066894531
1100,3,12,0.0
1100,4,12,9.796431541442871
1100,5,12,9.349051475524902
1100,6,12,9.130123138427734
1100,7,12,7.369073867797852
1100,8,12,7.333578586578369
1100,9,12,7.437865734100342
1100,10,12,9.669066429138184
1100,11,12,4.961806774139404
1100,12,12,9.488336563110352
1101,1,12,8.208291053771973
1101,2,12,7.002945423126221
1101,3,12,7.462973594665527
1101,4,12,7.211697101593018
1101,5,12,7.58725643157959
1101,6,12,7.7529683113098145
1101,7,12,6.131994247436523
1101,8,12,8.563676834106445
1101,9,12,5.632333755493164
1101,10,12,6.891586780548096
1101,11,12,6.868244647979736
1101,12,12,7.823441982269287
1102,1,4,14.333492279052734
1102,2,4,14.345202445983887
1102,3,4,14.41898250579834
1102,4,4,14.538264274597168
1102,5,4,14.500083923339844
1102,6,4,14.569671630859375
1102,7,4,14.538994789123535
1102,8,4,14.543756484985352
1102,9,4,14.563616752624512
1102,10,4,14.55939769744873
1102,11,4,14.601662635803223
1102,12,4,14.544295310974121
1103,1,7,9.752684593200684
1103,2,7,11.926423072814941
1103,3,7,11.782458305358887
1103,4,7,11.839510917663574
1103,5,7,9.956490516662598
1103,6,7,9.995677947998047
1103,7,7,10.274520874023438
1103,8,7,10.253033638000488
1103,9,7,10.054449081420898
1103,10,7,10.342580795288086
1103,11,7,10.264473915100098
1103,12,7,10.294347763061523
1104,1,3,9.54306411743164
1104,2,3,10.40131664276123
1104,3,3,10.008106231689453
1104,4,3,10.028594970703125
1104,5,3,9.414740562438965
1104,6,3,11.018071174621582
1104,7,3,10.884607315063477
1104,8,3,11.199444770812988
1104,9,3,11.168421745300293
1104,10,3,11.14741325378418
1104,11,3,11.1829833984375
1104,12,3,11.265132904052734
1105,1,3,10.66014289855957
1105,2,3,10.580398559570312
1105,3,3,10.558164596557617
1105,4,3,10.680146217346191
1105,5,3,10.72496509552002
1105,6,3,10.705860137939453
1105,7,3,10.697449684143066
1105,8,3,11.050190925598145
1105,9,3,10.455939292907715
1105,10,3,11.0773344039917
1105,11,3,10.977228164672852
1105,12,3,10.975990295410156
1106,1,2,9.73891830444336
1106,2,2,9.422141075134277
1106,3,2,9.94605827331543
1106,4,2,9.862292289733887
1106,5,2,10.024993896484375
1106,6,2,10.213533401489258
1106,7,2,10.73469352722168
1106,8,2,10.791984558105469
1106,9,2,10.283435821533203
1106,10,2,11.354479789733887
1106,11,2,11.108830451965332
1106,12,2,11.679274559020996
1107,1,12,7.917660713195801
1107,2,12,8.732213020324707
1107,3,12,8.328651428222656
1107,4,12,5.946091651916504
1107,5,12,6.807460784912109
1107,6,12,8.643221855163574
1107,7,12,7.803938388824463
1107,8,12,8.133322715759277
1107,9,12,6.175290584564209
1107,10,12,7.948091983795166
1107,11,12,7.493659496307373
1107,12,12,8.176948547363281
1108,1,2,13.820942878723145
1108,2,2,13.908957481384277
1108,3,2,13.893903732299805
1108,4,2,13.931346893310547
1108,5,2,13.901123046875
1108,6,2,14.020888328552246
1108,7,2,14.053534507751465
1108,8,2,14.076064109802246
1108,9,2,14.119789123535156
1108,10,2,14.200440406799316
1108,11,2,14.316594123840332
1108,12,2,14.313399314880371
1109,1,10,8.226139068603516
1109,2,10,8.62466812133789
1109,3,10,8.833464622497559
1109,4,10,8.814562797546387
1109,5,10,8.795097351074219
1109,6,10,8.74704360961914
1109,7,10,9.936802864074707
1109,8,10,10.290664672851562
1109,9,10,10.42325496673584
1109,10,10,10.936247825622559
1109,11,10,11.051344871520996
1109,12,10,10.922162055969238
1110,1,2,5.384117126464844
1110,2,2,0.0
1110,3,2,6.364330291748047
1110,4,2,5.101694583892822
1110,5,2,7.957210540771484
1110,6,2,9.865228652954102
1110,7,2,10.032812118530273
1110,8,2,10.191920280456543
1110,9,2,10.475896835327148
1110,10,2,10.776603698730469
1110,11,2,9.996850967407227
1110,12,2,10.305719375610352
1111,1,3,11.399950981140137
1111,2,3,11.518285751342773
1111,3,3,11.463205337524414
1111,4,3,11.591171264648438
1111,5,3,11.55807876586914
1111,6,3,11.508868217468262
1111,7,3,11.587390899658203
1111,8,3,11.525022506713867
1111,9,3,12.110761642456055
1111,10,3,12.114450454711914
1111,11,3,11.703826904296875
1111,12,3,11.718621253967285
1112,1,11,10.2886381149292
1112,2,11,10.24893569946289
1112,3,11,10.276774406433105
1112,4,11,10.275127410888672
1112,5,11,10.21851921081543
1112,6,11,10.226014137268066
1112,7,11,10.174173355102539
1112,8,11,10.163902282714844
1112,9,11,10.079837799072266
1112,10,11,10.465620994567871
1112,11,11,10.524133682250977
1112,12,11,10.499717712402344
1113,1,7,9.294203758239746
1113,2,7,9.23276424407959
1113,3,7,8.698904037475586
1113,4,7,8.541074752807617
1113,5,7,5.775768756866455
1113,6,7,6.883421897888184
1113,7,7,0.0
1113,8,7,8.718413352966309
1113,9,7,9.160691261291504
1113,10,7,9.065979957580566
1113,11,7,8.69089126586914
1113,12,7,7.1316986083984375
1114,1,12,11.280332565307617
1114,2,12,11.039273262023926
1114,3,12,11.202858924865723
1114,4,12,11.415644645690918
1114,5,12,11.541769027709961
1114,6,12,11.25894832611084
1114,7,12,11.481987953186035
1114,8,12,11.392824172973633
1114,9,12,11.338162422180176
1114,10,12,11.507670402526855
1114,11,12,11.656153678894043
1114,12,12,11.767777442932129
1115,1,11,8.388916015625
1115,2,11,8.550322532653809
1115,3,11,8.960772514343262
1115,4,11,8.363104820251465
1115,5,11,8.368169784545898
1115,6,11,9.67781925201416
1115,7,11,7.837955951690674
1115,8,11,8.716988563537598
1115,9,11,8.432344436645508
1115,10,11,8.508593559265137
1115,11,11,10.328906059265137
1115,12,11,6.29686975479126
1116,1,11,12.03991985321045
1116,2,11,12.209037780761719
1116,3,11,12.19273853302002
1116,4,11,12.314350128173828
1116,5,11,12.270441055297852
1116,6,11,12.453803062438965
1116,7,11,12.55412769317627
1116,8,11,12.582683563232422
1116,9,11,12.630035400390625
1116,10,11,12.675074577331543
1116,11,11,12.686593055725098
1116,12,11,12.700041770935059
1117,1,9,12.920050621032715
1117,2,9,13.280625343322754
1117,3,9,13.067289352416992
1117,4,9,13.256102561950684
1117,5,9,15.07490062713623
1117,6,9,16.09177589416504
1117,7,9,16.491010665893555
1117,8,9,15.510688781738281
1117,9,9,15.729405403137207
1117,10,9,15.626977920532227
1117,11,9,15.657196044921875
1117,12,9,15.63825511932373
1118,1,11,7.703378200531006
1118,2,11,10.080229759216309
1118,3,11,9.204729080200195
1118,4,11,9.191916465759277
1118,5,11,9.86483383178711
1118,6,11,9.366276741027832
1118,7,11,8.057942390441895
1118,8,11,10.897655487060547
1118,9,11,11.758749961853027
1118,10,11,10.881136894226074
1118,11,11,10.770545959472656
1118,12,11,10.865376472473145
1119,1,11,11.629910469055176
1119,2,11,11.537649154663086
1119,3,11,11.608527183532715
1119,4,11,11.601214408874512
1119,5,11,11.616857528686523
1119,6,11,11.598922729492188
1119,7,11,11.586153030395508
1119,8,11,11.901504516601562
1119,9,11,11.882903099060059
1119,10,11,11.853883743286133
1119,11,11,11.822488784790039
1119,12,11,12.545625686645508
1120,1,3,14.22442626953125
1120,2,3,14.28971004486084
1120,3,3,14.4423189163208
1120,4,3,14.112910270690918
1120,5,3,14.175804138183594
1120,6,3,14.416116714477539
1120,7,3,15.134156227111816
1120,8,3,15.352629661560059
1120,9,3,15.47087287902832
1120,10,3,15.371783256530762
1120,11,3,15.563279151916504
1120,12,3,15.60799789428711
1121,1,11,8.046187400817871
1121,2,11,8.522897720336914
1121,3,11,8.47581958770752
1121,4,11,8.544978141784668
1121,5,11,8.583318710327148
1121,6,11,8.667309761047363
1121,7,11,8.576861381530762
1121,8,11,8.472561836242676
1121,9,11,8.723554611206055
1121,10,11,8.646647453308105
1121,11,11,8.636221885681152
1121,12,11,8.758999824523926
1122,1,5,17.017044067382812
1122,2,5,17.03365707397461
1122,3,5,17.116065979003906
1122,4,5,13.659586906433105
1122,5,5,17.247600555419922
1122,6,5,17.348796844482422
1122,7,5,17.44976043701172
1122,8,5,17.846412658691406
1122,9,5,18.015737533569336
1122,10,5,18.148181915283203
1122,11,5,18.271968841552734
1122,12,5,18.26148223876953
1123,1,8,11.094090461730957
1123,2,8,11.01168155670166
1123,3,8,10.979409217834473
1123,4,8,10.96190357208252
1123,5,8,10.937657356262207
1123,6,8,10.877142906188965
1123,7,8,10.868572235107422
1123,8,8,11.094404220581055
1123,9,8,11.18852424621582
1123,10,8,11.236950874328613
1123,11,8,12.392463684082031
1123,12,8,12.028362274169922
1124,1,11,10.471391677856445
1124,2,11,10.958072662353516
1124,3,11,10.820649147033691
1124,4,11,10.790426254272461
1124,5,11,10.607297897338867
1124,6,11,10.483728408813477
1124,7,11,10.387738227844238
1124,8,11,10.359390258789062
1124,9,11,10.530034065246582
1124,10,11,10.515264511108398
1124,11,11,10.388323783874512
1124,12,11,10.586228370666504
1125,1,12,10.073280334472656
1125,2,12,11.07723617553711
1125,3,12,10.921056747436523
1125,4,12,11.195416450500488
1125,5,12,11.068264961242676
1125,6,12,11.04924488067627
1125,7,12,11.105262756347656
1125,8,12,11.566656112670898
1125,9,12,11.521088600158691
1125,10,12,11.61707878112793
1125,11,12,11.671043395996094
1125,12,12,11.868338584899902
1126,1,11,8.973923683166504
1126,2,11,10.55637264251709
1126,3,11,10.596048355102539
1126,4,11,9.657389640808105
1126,5,11,10.364099502563477
1126,6,11,9.104253768920898
1126,7,11,8.959599494934082
1126,8,11,9.25989055633545
1126,9,11,9.083351135253906
1126,10,11,9.405974388122559
1126,11,11,9.398663520812988
1126,12,11,9.333330154418945
1127,1,11,10.564261436462402
1127,2,11,11.567784309387207
1127,3,11,11.291827201843262
1127,4,11,11.273360252380371
1127,5,11,11.175711631774902
1127,6,11,10.753637313842773
1127,7,11,11.413922309875488
1127,8,11,10.57297420501709
1127,9,11,10.443659782409668
1127,10,11,10.691911697387695
1127,11,11,10.995414733886719
1127,12,11,10.864389419555664
1128,1,11,13.264975547790527
1128,2,11,13.173849105834961
1128,3,11,13.231517791748047
1128,4,11,13.3131685256958
1128,5,11,13.324974060058594
1128,6,11,13.432692527770996
1128,7,11,13.496954917907715
1128,8,11,13.601167678833008
1128,9,11,13.661535263061523
1128,10,11,13.758391380310059
1128,11,11,14.026971817016602
1128,12,11,14.015400886535645
1129,1,11,10.78519058227539
1129,2,11,10.823333740234375
1129,3,11,10.84536361694336
1129,4,11,10.820261001586914
1129,5,11,10.832353591918945
1129,6,11,10.899723052978516
1129,7,11,10.900863647460938
1129,8,11,10.94774055480957
1129,9,11,10.963913917541504
1129,10,11,10.992924690246582
1129,11,11,10.983062744140625
1129,12,11,10.969162940979004
1130,1,2,9.376999855041504
1130,2,2,9.534832000732422
1130,3,2,9.654759407043457
1130,4,2,9.717852592468262
1130,5,2,9.769258499145508
1130,6,2,9.951994895935059
1130,7,2,10.566632270812988
1130,8,2,9.90208625793457
1130,9,2,11.351523399353027
1130,10,2,11.322011947631836
1130,11,2,10.820978164672852
1130,12,2,10.132673263549805
1131,1,12,8.922491073608398
1131,2,12,10.23880672454834
1131,3,12,10.355056762695312
1131,4,12,10.430401802062988
1131,5,12,10.41701889038086
1131,6,12,10.525359153747559
1131,7,12,10.581738471984863
1131,8,12,10.539637565612793
1131,9,12,10.510499000549316
1131,10,12,10.60834789276123
1131,11,12,10.622917175292969
1131,12,12,10.670658111572266
1132,1,12,10.020120620727539
1132,2,12,10.901464462280273
1132,3,12,10.89842414855957
1132,4,12,11.099371910095215
1132,5,12,10.99828052520752
1132,6,12,11.492972373962402
1132,7,12,11.517291069030762
1132,8,12,11.525522232055664
1132,9,12,11.552535057067871
1132,10,12,11.46810531616211
1132,11,12,11.481115341186523
1132,12,12,11.702159881591797
1133,1,10,7.747873783111572
1133,2,10,9.404108047485352
1133,3,10,9.070051193237305
1133,4,10,9.518163681030273
1133,5,10,9.224104881286621
1133,6,10,9.702292442321777
1133,7,10,9.732173919677734
1133,8,10,9.691116333007812
1133,9,10,9.582884788513184
1133,10,10,9.072816848754883
1133,11,10,9.311273574829102
1133,12,10,9.197891235351562
1134,1,3,10.55035400390625
1134,2,3,10.579660415649414
1134,3,3,10.526061058044434
1134,4,3,10.299593925476074
1134,5,3,10.433218002319336
1134,6,3,10.528985023498535
1134,7,3,10.609928131103516
1134,8,3,10.946366310119629
1134,9,3,10.537981033325195
1134,10,3,10.821127891540527
1134,11,3,10.391727447509766
1134,12,3,10.389842987060547
1135,1,4,11.58303165435791
1135,2,4,11.957554817199707
1135,3,4,11.883495330810547
1135,4,4,12.222101211547852
1135,5,4,12.213207244873047
1135,6,4,12.327282905578613
1135,7,4,12.412477493286133
1135,8,4,12.683512687683105
1135,9,4,12.682353019714355
1135,10,4,12.767709732055664
1135,11,4,13.101326942443848
1135,12,4,13.370125770568848
1136,1,11,8.830911636352539
1136,2,11,7.738309383392334
1136,3,11,9.20841121673584
1136,4,11,8.769072532653809
1136,5,11,8.543190002441406
1136,6,11,7.954911708831787
1136,7,11,7.841895580291748
1136,8,11,7.43718147277832
1136,9,11,8.277054786682129
1136,10,11,10.75035572052002
1136,11,11,8.24850845336914
1136,12,11,7.200283050537109
1137,1,10,10.161616325378418
1137,2,10,9.964226722717285
1137,3,10,8.76628303527832
1137,4,10,10.265276908874512
1137,5,10,10.302013397216797
1137,6,10,10.444602966308594
1137,7,10,10.327367782592773
1137,8,10,10.082979202270508
1137,9,10,10.701762199401855
1137,10,10,10.935623168945312
1137,11,10,11.008461952209473
1137,12,10,11.112030029296875
1138,1,4,11.32143497467041
1138,2,4,11.32701587677002
1138,3,4,11.256240844726562
1138,4,4,11.39296817779541
1138,5,4,11.734807968139648
1138,6,4,11.619424819946289
1138,7,4,11.59653377532959
1138,8,4,11.68960189819336
1138,9,4,11.682632446289062
1138,10,4,11.74494743347168
1138,11,4,11.77734375
1138,12,4,11.899596214294434
1139,1,5,10.513890266418457
1139,2,5,10.68662166595459
1139,3,5,10.547317504882812
1139,4,5,10.567625045776367
1139,5,5,10.580029487609863
1139,6,5,10.671557426452637
1139,7,5,10.646623611450195
1139,8,5,10.82806396484375
1139,9,5,10.83027458190918
1139,10,5,11.081432342529297
1139,11,5,11.17790412902832
1139,12,5,11.234305381774902
1140,1,12,9.028302192687988
1140,2,12,9.41814136505127
1140,3,12,9.410477638244629
1140,4,12,9.243936538696289
1140,5,12,8.518516540527344
1140,6,12,9.556442260742188
1140,7,12,9.1845064163208
1140,8,12,10.96013069152832
1140,9,12,10.930313110351562
1140,10,12,11.02046012878418
1140,11,12,10.936603546142578
1140,12,12,10.863330841064453
1141,1,12,5.4791646003723145
1141,2,12,9.004366874694824
1141,3,12,8.51848030090332
1141,4,12,8.876059532165527
1141,5,12,9.10168170928955
1141,6,12,8.994926452636719
1141,7,12,9.266983985900879
1141,8,12,9.955316543579102
1141,9,12,8.616775512695312
1141,10,12,9.754766464233398
1141,11,12,9.46892261505127
1141,12,12,9.090677261352539
1142,1,6,11.355932235717773
1142,2,6,11.307343482971191
1142,3,6,11.276189804077148
1142,4,6,11.349361419677734
1142,5,6,11.305303573608398
1142,6,6,11.45345401763916
1142,7,6,11.517243385314941
1142,8,6,11.533609390258789
1142,9,6,11.551265716552734
1142,10,6,11.614498138427734
1142,11,6,11.654184341430664
1142,12,6,11.857653617858887
1143,1,6,10.17950439453125
1143,2,6,10.128403663635254
1143,3,6,10.10010814666748
1143,4,6,10.193526268005371
1143,5,6,9.786863327026367
1143,6,6,10.848188400268555
1143,7,6,11.00258731842041
1143,8,6,10.716605186462402
1143,9,6,10.653304100036621
1143,10,6,11.209665298461914
1143,11,6,11.62767505645752
1143,12,6,11.416304588317871
1144,1,5,11.888627052307129
1144,2,5,11.967264175415039
1144,3,5,12.13101577758789
1144,4,5,12.375332832336426
1144,5,5,12.17953872680664
1144,6,5,9.73291301727295
1144,7,5,12.121243476867676
1144,8,5,11.897043228149414
1144,9,5,11.799551010131836
1144,10,5,13.622688293457031
1144,11,5,12.887063026428223
1144,12,5,12.26943588256836
1145,1,11,15.76694393157959
1145,2,11,16.385026931762695
1145,3,11,16.452980041503906
1145,4,11,16.54047393798828
1145,5,11,16.62705421447754
1145,6,11,16.67848014831543
1145,7,11,16.675670623779297
1145,8,11,16.729494094848633
1145,9,11,16.769813537597656
1145,10,11,16.835874557495117
1145,11,11,16.856937408447266
1145,12,11,16.876392364501953
1146,1,12,10.13371753692627
1146,2,12,10.29822063446045
1146,3,12,10.271699905395508
1146,4,12,10.305943489074707
1146,5,12,10.255297660827637
1146,6,12,10.367762565612793
1146,7,12,10.475894927978516
1146,8,12,10.48167610168457
1146,9,12,10.457721710205078
1146,10,12,10.611639976501465
1146,11,12,10.725323677062988
1146,12,12,10.810819625854492
1147,1,9,10.413054466247559
1147,2,9,9.239302635192871
1147,3,9,9.890043258666992
1147,4,9,9.790865898132324
1147,5,9,9.65329360961914
1147,6,9,7.922132968902588
1147,7,9,7.850334167480469
1147,8,9,9.837560653686523
1147,9,9,9.92287540435791
1147,10,9,9.642565727233887
1147,11,9,9.850688934326172
1147,12,9,9.317748069763184
1148,1,8,8.337898254394531
1148,2,8,8.349225044250488
1148,3,8,8.339628219604492
1148,4,8,8.984272956848145
1148,5,8,8.73684024810791
1148,6,8,8.832636833190918
1148,7,8,8.752486228942871
1148,8,8,8.672555923461914
1148,9,8,9.792174339294434
1148,10,8,9.860051155090332
1148,11,8,10.356497764587402
1148,12,8,10.385106086730957
1149,1,10,10.788330078125
1149,2,10,10.474506378173828
1149,3,10,10.649591445922852
1149,4,10,9.035001754760742
1149,5,10,9.024632453918457
1149,6,10,10.218133926391602
1149,7,10,10.232211112976074
1149,8,10,10.220349311828613
1149,9,10,10.336458206176758
1149,10,10,10.052251815795898
1149,11,10,10.016534805297852
1149,12,10,10.027752876281738
1150,1,12,8.851255416870117
1150,2,12,8.747394561767578
1150,3,12,8.816307067871094
1150,4,12,8.925661087036133
1150,5,12,8.99299430847168
1150,6,12,9.165956497192383
1150,7,12,9.755836486816406
1150,8,12,9.684953689575195
1150,9,12,10.23510456085205
1150,10,12,11.834856033325195
1150,11,12,11.595437049865723
1150,12,12,11.392963409423828
1151,1,11,8.574716567993164
1151,2,11,8.639793395996094
1151,3,11,7.841718673706055
1151,4,11,8.482215881347656
1151,5,11,8.881173133850098
1151,6,11,8.874312400817871
1151,7,11,8.850075721740723
1151,8,11,8.947999000549316
1151,9,11,8.766825675964355
1151,10,11,9.224386215209961
1151,11,11,9.474552154541016
1151,12,11,9.49915885925293
1152,1,6,7.244775295257568
1152,2,6,9.528865814208984
1152,3,6,9.328068733215332
1152,4,6,9.42856502532959
1152,5,6,9.06938648223877
1152,6,6,9.170968055725098
1152,7,6,10.154150009155273
1152,8,6,10.195905685424805
1152,9,6,9.124886512756348
1152,10,6,10.203150749206543
1152,11,6,10.330781936645508
1152,12,6,10.342307090759277
1153,1,11,9.960491180419922
1153,2,11,10.068216323852539
1153,3,11,7.817352771759033
1153,4,11,7.740928649902344
1153,5,11,7.385088920593262
1153,6,11,8.128440856933594
1153,7,11,8.514357566833496
1153,8,11,8.405837059020996
1153,9,11,8.829974174499512
1153,10,11,8.999133110046387
1153,11,11,8.622931480407715
1153,12,11,8.912718772888184
1154,1,11,9.151820182800293
1154,2,11,8.71030044555664
1154,3,11,9.455056190490723
1154,4,11,9.700172424316406
1154,5,11,8.958243370056152
1154,6,11,9.715916633605957
1154,7,11,9.43732738494873
1154,8,11,9.538500785827637
1154,9,11,9.462485313415527
1154,10,11,9.523825645446777
1154,11,11,9.827475547790527
1154,12,11,9.285715103149414
1155,1,9,11.296360969543457
1155,2,9,11.165002822875977
1155,3,9,11.281648635864258
1155,4,9,11.291010856628418
1155,5,9,11.198018074035645
1155,6,9,11.165696144104004
1155,7,9,11.266219139099121
1155,8,9,11.374862670898438
1155,9,9,11.339189529418945
1155,10,9,11.424351692199707
1155,11,9,11.180269241333008
1155,12,9,11.115921974182129
1156,1,7,9.775284767150879
1156,2,7,10.631406784057617
1156,3,7,10.757493019104004
1156,4,7,10.748910903930664
1156,5,7,10.646445274353027
1156,6,7,0.0
1156,7,7,10.885114669799805
1156,8,7,10.924325942993164
1156,9,7,10.920750617980957
1156,10,7,11.174107551574707
1156,11,7,10.804924011230469
1156,12,7,10.448519706726074
1157,1,11,12.527241706848145
1157,2,11,12.92432689666748
1157,3,11,12.947025299072266
1157,4,11,12.497777938842773
1157,5,11,12.2952299118042
1157,6,11,12.40456771850586
1157,7,11,12.078465461730957
1157,8,11,12.200302124023438
1157,9,11,12.24468994140625
1157,10,11,12.366600036621094
1157,11,11,12.445228576660156
1157,12,11,12.339330673217773
1158,1,6,14.21887493133545
1158,2,6,14.242181777954102
1158,3,6,14.512127876281738
1158,4,6,14.541536331176758
1158,5,6,14.636667251586914
1158,6,6,14.705108642578125
1158,7,6,14.989255905151367
1158,8,6,15.1641263961792
1158,9,6,15.207114219665527
1158,10,6,15.171483039855957
1158,11,6,15.311511993408203
1158,12,6,15.226677894592285
1159,1,4,10.620353698730469
1159,2,4,11.902368545532227
1159,3,4,11.228812217712402
1159,4,4,10.946508407592773
1159,5,4,11.665436744689941
1159,6,4,11.554967880249023
1159,7,4,11.588190078735352
1159,8,4,11.894787788391113
1159,9,4,11.538890838623047
1159,10,4,12.060978889465332
1159,11,4,11.876733779907227
1159,12,4,12.03959846496582
1160,1,4,10.484822273254395
1160,2,4,10.244966506958008
1160,3,4,10.34796142578125
1160,4,4,11.385683059692383
1160,5,4,11.085707664489746
1160,6,4,11.29854679107666
1160,7,4,11.211336135864258
1160,8,4,11.197662353515625
1160,9,4,11.166966438293457
1160,10,4,11.130990028381348
1160,11,4,10.98660945892334
1160,12,4,10.964935302734375
1161,1,12,9.566316604614258
1161,2,12,9.797430992126465
1161,3,12,9.799825668334961
1161,4,12,9.792301177978516
1161,5,12,9.703697204589844
1161,6,12,9.741460800170898
1161,7,12,9.688876152038574
1161,8,12,9.75483512878418
1161,9,12,9.54741382598877
1161,10,12,9.574177742004395
1161,11,12,9.78127384185791
1161,12,12,9.746920585632324
1162,1,11,10.646373748779297
1162,2,11,10.763313293457031
1162,3,11,10.649415969848633
1162,4,11,9.58067798614502
1162,5,11,9.667710304260254
1162,6,11,9.854290008544922
1162,7,11,10.73320198059082
1162,8,11,11.335763931274414
1162,9,11,11.100499153137207
1162,10,11,10.80463695526123
1162,11,11,13.63222599029541
1162,12,11,11.378995895385742
1163,1,11,13.241666793823242
1163,2,11,13.163243293762207
1163,3,11,13.433034896850586
1163,4,11,13.666059494018555
1163,5,11,13.524028778076172
1163,6,11,13.715407371520996
1163,7,11,13.823466300964355
1163,8,11,13.983675956726074
1163,9,11,14.067996978759766
1163,10,11,14.093320846557617
1163,11,11,14.286370277404785
1163,12,11,14.34838581085205
1164,1,7,9.874811172485352
1164,2,7,9.847543716430664
1164,3,7,10.28970718383789
1164,4,7,10.26973819732666
1164,5,7,10.207643508911133
1164,6,7,10.490739822387695
1164,7,7,10.253273010253906
1164,8,7,10.290203094482422
1164,9,7,10.494067192077637
1164,10,7,10.651570320129395
1164,11,7,10.71528434753418
1164,12,7,10.726082801818848
1165,1,3,9.143338203430176
1165,2,3,9.416013717651367
1165,3,3,9.92977237701416
1165,4,3,9.886090278625488
1165,5,3,9.759346008300781
1165,6,3,9.122175216674805
1165,7,3,8.85365104675293
1165,8,3,9.06248664855957
1165,9,3,8.864537239074707
1165,10,3,9.019959449768066
1165,11,3,9.199881553649902
1165,12,3,10.57399845123291
1166,1,4,9.81092357635498
1166,2,4,8.803389549255371
1166,3,4,10.729660034179688
1166,4,4,10.316631317138672
1166,5,4,10.557088851928711
1166,6,4,10.525068283081055
1166,7,4,10.231284141540527
1166,8,4,10.281978607177734
1166,9,4,9.84373950958252
1166,10,4,9.976082801818848
1166,11,4,9.803021430969238
1166,12,4,9.795069694519043
1167,1,10,9.700519561767578
1167,2,10,9.998929023742676
1167,3,10,9.858323097229004
1167,4,10,10.022941589355469
1167,5,10,10.180421829223633
1167,6,10,9.942551612854004
1167,7,10,10.157747268676758
1167,8,10,10.254022598266602
1167,9,10,10.316556930541992
1167,10,10,10.34044075012207
1167,11,10,10.28712272644043
1167,12,10,10.333806037902832
1168,1,2,9.734806060791016
1168,2,2,10.010554313659668
1168,3,2,10.156733512878418
1168,4,2,10.184576034545898
1168,5,2,10.347512245178223
1168,6,2,10.716999053955078
1168,7,2,10.686126708984375
1168,8,2,10.586928367614746
1168,9,2,10.034462928771973
1168,10,2,10.473111152648926
1168,11,2,9.979031562805176
1168,12,2,10.938831329345703
1169,1,4,12.247846603393555
1169,2,4,12.328323364257812
1169,3,4,11.953181266784668
1169,4,4,11.68606185913086
1169,5,4,12.408487319946289
1169,6,4,11.852132797241211
1169,7,4,11.850586891174316
1169,8,4,11.818026542663574
1169,9,4,12.15555191040039
1169,10,4,12.085104942321777
1169,11,4,12.6571683883667
1169,12,4,8.452322006225586
1170,1,11,14.382135391235352
1170,2,11,14.353080749511719
1170,3,11,14.453227996826172
1170,4,11,14.57339096069336
1170,5,11,14.564789772033691
1170,6,11,14.645953178405762
1170,7,11,14.69330883026123
1170,8,11,14.773697853088379
1170,9,11,14.820096015930176
1170,10,11,14.882909774780273
1170,11,11,15.016332626342773
1170,12,11,15.125011444091797
1171,1,11,9.700592994689941
1171,2,11,9.867303848266602
1171,3,11,9.937673568725586
1171,4,11,9.98760986328125
1171,5,11,9.940625190734863
1171,6,11,9.910061836242676
1171,7,11,9.934478759765625
1171,8,11,9.898275375366211
1171,9,11,9.9075927734375
1171,10,11,9.969918251037598
1171,11,11,10.06834602355957
1171,12,11,10.034745216369629
1172,1,11,9.773589134216309
1172,2,11,9.910294532775879
1172,3,11,10.262275695800781
1172,4,11,10.244635581970215
1172,5,11,10.771828651428223
1172,6,11,10.839722633361816
1172,7,11,10.730512619018555
1172,8,11,11.290350914001465
1172,9,11,11.054195404052734
1172,10,11,11.239509582519531
1172,11,11,11.562870979309082
1172,12,11,10.757597923278809
1173,1,10,9.695218086242676
1173,2,10,9.670093536376953
1173,3,10,9.591170310974121
1173,4,10,10.045600891113281
1173,5,10,9.656816482543945
1173,6,10,9.761109352111816
1173,7,10,9.48526668548584
1173,8,10,9.66628360748291
1173,9,10,9.009687423706055
1173,10,10,9.355757713317871
1173,11,10,9.589323043823242
1173,12,10,9.510095596313477
1174,1,9,0.0
1174,2,9,7.449462890625
1174,3,9,7.692864418029785
1174,4,9,8.910346031188965
1174,5,9,8.848873138427734
1174,6,9,8.262555122375488
1174,7,9,7.983293056488037
1174,8,9,8.3004732131958
1174,9,9,8.195147514343262
1174,10,9,7.529357433319092
1174,11,9,7.331750392913818
1174,12,9,7.786186218261719
1175,1,11,12.927322387695312
1175,2,11,13.21487045288086
1175,3,11,13.352190971374512
1175,4,11,13.370635986328125
1175,5,11,13.356274604797363
1175,6,11,13.410730361938477
1175,7,11,13.443514823913574
1175,8,11,13.486177444458008
1175,9,11,13.484589576721191
1175,10,11,13.555257797241211
1175,11,11,13.708209037780762
1175,12,11,13.685164451599121
1176,1,10,8.424788475036621
1176,2,10,8.830411911010742
1176,3,10,7.704434394836426
1176,4,10,8.819990158081055
1176,5,10,8.597620964050293
1176,6,10,9.462331771850586
1176,7,10,8.799186706542969
1176,8,10,9.241076469421387
1176,9,10,10.119447708129883
1176,10,10,10.262869834899902
1176,11,10,9.07723331451416
1176,12,10,9.797417640686035
1177,1,10,13.359601020812988
1177,2,10,13.435580253601074
1177,3,10,13.420491218566895
1177,4,10,13.479780197143555
1177,5,10,13.5331392288208
1177,6,10,13.575366973876953
1177,7,10,13.73099136352539
1177,8,10,16.10312271118164
1177,9,10,13.970870971679688
1177,10,10,14.358063697814941
1177,11,10,14.794110298156738
1177,12,10,14.97862720489502
1178,1,10,9.575116157531738
1178,2,10,10.620561599731445
1178,3,10,11.326395034790039
1178,4,10,10.601300239562988
1178,5,10,10.53640079498291
1178,6,10,10.33396053314209
1178,7,10,10.514524459838867
1178,8,10,10.399980545043945
1178,9,10,10.224514961242676
1178,10,10,9.409229278564453
1178,11,10,10.633832931518555
1178,12,10,10.824630737304688
1179,1,10,11.135557174682617
1179,2,10,11.268037796020508
1179,3,10,11.257524490356445
1179,4,10,11.256200790405273
1179,5,10,11.2479829788208
1179,6,10,11.143718719482422
1179,7,10,10.953418731689453
1179,8,10,11.207762718200684
1179,9,10,11.275473594665527
1179,10,10,11.42800235748291
1179,11,10,11.385778427124023
1179,12,10,11.56371784210205
1180,1,11,11.113785743713379
1180,2,11,11.131145477294922
1180,3,11,11.204526901245117
1180,4,11,11.230259895324707
1180,5,11,11.243910789489746
1180,6,11,11.261372566223145
1180,7,11,11.246476173400879
1180,8,11,10.858302116394043
1180,9,11,11.325357437133789
1180,10,11,11.460124969482422
1180,11,11,11.564509391784668
1180,12,11,11.595052719116211
1181,1,10,9.628408432006836
1181,2,10,9.663155555725098
1181,3,10,9.703048706054688
1181,4,10,9.726773262023926
1181,5,10,9.663311004638672
1181,6,10,9.737105369567871
1181,7,10,9.733492851257324
1181,8,10,9.808915138244629
1181,9,10,10.203703880310059
1181,10,10,11.196244239807129
1181,11,10,11.26596450805664
1181,12,10,11.135651588439941
1182,1,12,8.139434814453125
1182,2,12,7.845991611480713
1182,3,12,9.25236701965332
1182,4,12,9.916109085083008
1182,5,12,10.029424667358398
1182,6,12,10.136455535888672
1182,7,12,8.50270938873291
1182,8,12,7.171073913574219
1182,9,12,6.650369644165039
1182,10,12,4.630784511566162
1182,11,12,6.283174514770508
1182,12,12,7.340329647064209
1183,1,3,8.527030944824219
1183,2,3,8.328965187072754
1183,3,3,8.426759719848633
1183,4,3,9.199825286865234
1183,5,3,8.531572341918945
1183,6,3,8.517910957336426
1183,7,3,8.647306442260742
1183,8,3,9.168362617492676
1183,9,3,9.073763847351074
1183,10,3,9.256048202514648
1183,11,3,9.785822868347168
1183,12,3,9.271621704101562
1184,1,4,9.533058166503906
1184,2,4,0.0
1184,3,4,8.666789054870605
1184,4,4,9.593415260314941
1184,5,4,9.043197631835938
1184,6,4,9.780779838562012
1184,7,4,9.137124061584473
1184,8,4,8.984725952148438
1184,9,4,7.4766106605529785
1184,10,4,8.0337495803833
1184,11,4,9.986157417297363
1184,12,4,9.387821197509766
1185,1,7,14.89340877532959
1185,2,7,14.881550788879395
1185,3,7,14.917336463928223
1185,4,7,14.913394927978516
1185,5,7,14.899293899536133
1185,6,7,14.943026542663574
1185,7,7,14.909639358520508
1185,8,7,15.09164047241211
1185,9,7,15.214484214782715
1185,10,7,15.292762756347656
1185,11,7,15.385266304016113
1185,12,7,15.452384948730469
1186,1,7,0.0
1186,2,7,0.0
1186,3,7,11.50210189819336
1186,4,7,11.311731338500977
1186,5,7,11.50537395477295
1186,6,7,11.452425003051758
1186,7,7,11.590553283691406
1186,8,7,11.64339828491211
1186,9,7,11.611373901367188
1186,10,7,11.317946434020996
1186,11,7,9.304513931274414
1186,12,7,11.710592269897461
1187,1,11,9.233426094055176
1187,2,11,8.95101547241211
1187,3,11,8.869046211242676
1187,4,11,8.82243824005127
1187,5,11,8.867142677307129
1187,6,11,9.16382122039795
1187,7,11,9.071630477905273
1187,8,11,9.438908576965332
1187,9,11,8.406658172607422
1187,10,11,9.89461612701416
1187,11,11,10.741546630859375
1187,12,11,10.946496963500977
1188,1,12,14.850200653076172
1188,2,12,15.226219177246094
1188,3,12,15.474007606506348
1188,4,12,15.479700088500977
1188,5,12,15.558819770812988
1188,6,12,15.572126388549805
1188,7,12,15.443220138549805
1188,8,12,15.527240753173828
1188,9,12,16.140216827392578
1188,10,12,16.427846908569336
1188,11,12,16.38941192626953
1188,12,12,16.32706642150879
1189,1,9,9.417928695678711
1189,2,9,9.604291915893555
1189,3,9,9.629134178161621
1189,4,9,9.61706829071045
1189,5,9,9.693540573120117
1189,6,9,9.677457809448242
1189,7,9,9.641850471496582
1189,8,9,9.728828430175781
1189,9,9,9.799488067626953
1189,10,9,9.884875297546387
1189,11,9,10.551920890808105
1189,12,9,10.685029983520508
1190,1,,6.2224812507629395
1190,2,,0.0
1190,3,,0.0
1190,4,,8.145256042480469
1190,5,,6.804546356201172
1190,6,,0.0
1190,7,,0.0
1190,8,,8.365817070007324
1190,9,,7.361883163452148
1190,10,,8.077130317687988
1190,11,,7.965240478515625
1190,12,,7.730165958404541
1191,1,3,13.717462539672852
1191,2,3,14.052412033081055
1191,3,3,14.428351402282715
1191,4,3,14.362251281738281
1191,5,3,14.402134895324707
1191,6,3,14.32342529296875
1191,7,3,14.34028434753418
1191,8,3,14.361570358276367
1191,9,3,14.379402160644531
1191,10,3,14.739334106445312
1191,11,3,14.761242866516113
1191,12,3,14.782712936401367
1192,1,8,10.794775009155273
1192,2,8,10.76968002319336
1192,3,8,10.770217895507812
1192,4,8,11.103063583374023
1192,5,8,11.052912712097168
1192,6,8,11.151328086853027
1192,7,8,11.319467544555664
1192,8,8,11.484794616699219
1192,9,8,11.51783275604248
1192,10,8,11.512457847595215
1192,11,8,11.510257720947266
1192,12,8,11.587164878845215
1193,1,5,8.062398910522461
1193,2,5,7.507814407348633
1193,3,5,6.5807576179504395
1193,4,5,7.368897914886475
1193,5,5,6.7839741706848145
1193,6,5,5.831392765045166
1193,7,5,7.777008533477783
1193,8,5,4.297305107116699
1193,9,5,3.5029027462005615
1193,10,5,6.891044616699219
1193,11,5,6.389805316925049
1193,12,5,6.806176662445068
1194,1,10,10.363373756408691
1194,2,10,10.404080390930176
1194,3,10,10.566603660583496
1194,4,10,10.672415733337402
1194,5,10,10.623006820678711
1194,6,10,11.201421737670898
1194,7,10,10.469478607177734
1194,8,10,10.513856887817383
1194,9,10,10.560844421386719
1194,10,10,9.10611629486084
1194,11,10,11.004813194274902
1194,12,10,9.436942100524902
1195,1,12,10.440378189086914
1195,2,12,10.452351570129395
1195,3,12,10.452959060668945
1195,4,12,10.43165111541748
1195,5,12,10.261507034301758
1195,6,12,10.246087074279785
1195,7,12,10.080588340759277
1195,8,12,10.053532600402832
1195,9,12,9.981947898864746
1195,10,12,10.061101913452148
1195,11,12,10.098299980163574
1195,12,12,10.156311988830566
1196,1,7,11.778128623962402
1196,2,7,11.803098678588867
1196,3,7,11.718234062194824
1196,4,7,12.04294490814209
1196,5,7,11.858311653137207
1196,6,7,11.872227668762207
1196,7,7,12.079273223876953
1196,8,7,11.911406517028809
1196,9,7,11.400343894958496
1196,10,7,12.431381225585938
1196,11,7,12.486625671386719
1196,12,7,12.358489036560059
1197,1,3,10.048467636108398
1197,2,3,10.02029037475586
1197,3,3,10.02376937866211
1197,4,3,9.945296287536621
1197,5,3,9.61922836303711
1197,6,3,10.060011863708496
1197,7,3,10.401909828186035
1197,8,3,10.051547050476074
1197,9,3,11.097494125366211
1197,10,3,11.445039749145508
1197,11,3,11.141891479492188
1197,12,3,10.273452758789062
1198,1,8,11.867806434631348
1198,2,8,12.434391021728516
1198,3,8,12.533916473388672
1198,4,8,12.928067207336426
1198,5,8,12.791671752929688
1198,6,8,12.945653915405273
1198,7,8,12.906301498413086
1198,8,8,12.73188304901123
1198,9,8,12.671483039855957
1198,10,8,12.635274887084961
1198,11,8,12.828387260437012
1198,12,8,12.942349433898926
1199,1,11,12.173078536987305
1199,2,11,12.124448776245117
1199,3,11,12.313821792602539
1199,4,11,12.224175453186035
1199,5,11,12.192695617675781
1199,6,11,12.300270080566406
1199,7,11,12.372361183166504
1199,8,11,12.322547912597656
1199,9,11,12.321569442749023
1199,10,11,12.645546913146973
1199,11,11,12.602680206298828
1199,12,11,12.665386199951172
1200,1,7,11.553352355957031
1200,2,7,12.010122299194336
1200,3,7,11.918951988220215
1200,4,7,12.00886344909668
1200,5,7,11.854077339172363
1200,6,7,11.927445411682129
1200,7,7,11.682929992675781
1200,8,7,11.909253120422363
1200,9,7,11.879505157470703
1200,10,7,11.999495506286621
1200,11,7,10.81268310546875
1200,12,7,11.868355751037598
1201,1,12,13.737298011779785
1201,2,12,13.962188720703125
1201,3,12,14.160770416259766
1201,4,12,14.265809059143066
1201,5,12,14.267679214477539
1201,6,12,14.334633827209473
1201,7,12,14.266936302185059
1201,8,12,14.68929672241211
1201,9,12,14.171576499938965
1201,10,12,14.324974060058594
1201,11,12,14.316702842712402
1201,12,12,14.316960334777832
1202,1,2,10.968766212463379
1202,2,2,10.853628158569336
1202,3,2,11.071416854858398
1202,4,2,10.998732566833496
1202,5,2,10.923577308654785
1202,6,2,10.99793815612793
1202,7,2,10.713515281677246
1202,8,2,10.563698768615723
1202,9,2,10.514665603637695
1202,10,2,11.240723609924316
1202,11,2,11.25416088104248
1202,12,2,11.118610382080078
1203,1,12,9.331313133239746
1203,2,12,9.617695808410645
1203,3,12,9.753097534179688
1203,4,12,9.79110050201416
1203,5,12,9.685602188110352
1203,6,12,9.898849487304688
1203,7,12,9.832510948181152
1203,8,12,9.622976303100586
1203,9,12,9.475208282470703
1203,10,12,10.199525833129883
1203,11,12,9.982638359069824
1203,12,12,9.9246826171875
1204,1,12,12.066088676452637
1204,2,12,12.081835746765137
1204,3,12,12.077279090881348
1204,4,12,16.43056297302246
1204,5,12,12.120659828186035
1204,6,12,12.197875022888184
1204,7,12,12.150364875793457
1204,8,12,12.210576057434082
1204,9,12,12.046669006347656
1204,10,12,12.173102378845215
1204,11,12,12.287168502807617
1204,12,12,12.186907768249512
1205,1,12,12.074949264526367
1205,2,12,12.742595672607422
1205,3,12,12.245071411132812
1205,4,12,11.685118675231934
1205,5,12,11.441990852355957
1205,6,12,12.197060585021973
1205,7,12,11.959493637084961
1205,8,12,11.478952407836914
1205,9,12,11.922597885131836
1205,10,12,11.958815574645996
1205,11,12,11.551837921142578
1205,12,12,12.203633308410645
1206,1,6,11.826116561889648
1206,2,6,12.02398681640625
1206,3,6,11.913997650146484
1206,4,6,12.173295021057129
1206,5,6,12.172054290771484
1206,6,6,12.331348419189453
1206,7,6,12.119916915893555
1206,8,6,12.078145980834961
1206,9,6,11.993741989135742
1206,10,6,12.002979278564453
1206,11,6,11.885746002197266
1206,12,6,11.976608276367188
1207,1,2,12.668813705444336
1207,2,2,12.778172492980957
1207,3,2,13.214225769042969
1207,4,2,13.275257110595703
1207,5,2,13.228742599487305
1207,6,2,13.29306411743164
1207,7,2,13.330143928527832
1207,8,2,13.344832420349121
1207,9,2,13.326004981994629
1207,10,2,13.375460624694824
1207,11,2,13.328082084655762
1207,12,2,13.286953926086426
1208,1,3,10.845695495605469
1208,2,3,9.286884307861328
1208,3,3,12.303260803222656
1208,4,3,11.642524719238281
1208,5,3,11.51414680480957
1208,6,3,11.503011703491211
1208,7,3,10.858057022094727
1208,8,3,10.762639999389648
1208,9,3,10.586421012878418
1208,10,3,10.564929962158203
1208,11,3,10.553448677062988
1208,12,3,10.534191131591797
1209,1,12,15.268264770507812
1209,2,12,15.248871803283691
1209,3,12,15.366032600402832
1209,4,12,15.3573637008667
1209,5,12,15.39886474609375
1209,6,12,15.368561744689941
1209,7,12,15.442126274108887
1209,8,12,15.487788200378418
1209,9,12,15.539361000061035
1209,10,12,15.576372146606445
1209,11,12,15.63349437713623
1209,12,12,16.253114700317383
1210,1,12,12.652946472167969
1210,2,12,12.669437408447266
1210,3,12,13.443828582763672
1210,4,12,13.580153465270996
1210,5,12,13.448519706726074
1210,6,12,13.59269905090332
1210,7,12,13.669914245605469
1210,8,12,14.40488338470459
1210,9,12,14.420172691345215
1210,10,12,14.61679458618164
1210,11,12,14.666900634765625
1210,12,12,14.712809562683105
1211,1,7,14.430800437927246
1211,2,7,14.475547790527344
1211,3,7,14.378032684326172
1211,4,7,14.408415794372559
1211,5,7,14.379283905029297
1211,6,7,14.462779998779297
1211,7,7,14.958725929260254
1211,8,7,15.07226276397705
1211,9,7,15.108121871948242
1211,10,7,15.133729934692383
1211,11,7,15.161163330078125
1211,12,7,15.200448036193848
1212,1,8,9.555486679077148
1212,2,8,9.46481704711914
1212,3,8,9.506965637207031
1212,4,8,9.492115020751953
1212,5,8,9.609793663024902
1212,6,8,9.849193572998047
1212,7,8,10.363418579101562
1212,8,8,10.998481750488281
1212,9,8,10.155105590820312
1212,10,8,10.061203002929688
1212,11,8,10.199477195739746
1212,12,8,10.19601058959961
1213,1,9,11.657373428344727
1213,2,9,11.721988677978516
1213,3,9,11.165037155151367
1213,4,9,11.56398868560791
1213,5,9,12.105769157409668
1213,6,9,11.255337715148926
1213,7,9,11.188849449157715
1213,8,9,11.47525405883789
1213,9,9,11.30118179321289
1213,10,9,11.544553756713867
1213,11,9,11.835638999938965
1213,12,9,12.131495475769043
1214,1,11,5.689634323120117
1214,2,11,7.62539529800415
1214,3,11,8.85043716430664
1214,4,11,8.891048431396484
1214,5,11,5.440536022186279
1214,6,11,9.048622131347656
1214,7,11,8.885299682617188
1214,8,11,9.288458824157715
1214,9,11,9.113652229309082
1214,10,11,9.192845344543457
1214,11,11,9.134349822998047
1214,12,11,8.645292282104492
1215,1,2,6.6712646484375
1215,2,2,0.0
1215,3,2,10.02584457397461
1215,4,2,10.01625919342041
1215,5,2,10.687413215637207
1215,6,2,10.58780574798584
1215,7,2,10.453789710998535
1215,8,2,10.585908889770508
1215,9,2,10.961213111877441
1215,10,2,11.044723510742188
1215,11,2,11.153070449829102
1215,12,2,11.28899097442627
1216,1,9,10.152450561523438
1216,2,9,9.92829418182373
1216,3,9,9.89627456665039
1216,4,9,10.481633186340332
1216,5,9,10.573335647583008
1216,6,9,10.30649185180664
1216,7,9,9.92112922668457
1216,8,9,9.046070098876953
1216,9,9,4.192126750946045
1216,10,9,8.887043952941895
1216,11,9,10.950074195861816
1216,12,9,9.096111297607422
1217,1,11,8.196117401123047
1217,2,11,10.165019989013672
1217,3,11,10.567192077636719
1217,4,11,11.330875396728516
1217,5,11,11.645256042480469
1217,6,11,11.293675422668457
1217,7,11,11.380976676940918
1217,8,11,11.23452091217041
1217,9,11,11.340982437133789
1217,10,11,11.040910720825195
1217,11,11,11.210260391235352
1217,12,11,11.319343566894531
1218,1,11,10.057060241699219
1218,2,11,10.595273971557617
1218,3,11,9.87053108215332
1218,4,11,10.346450805664062
1218,5,11,10.373335838317871
1218,6,11,10.707757949829102
1218,7,11,10.772146224975586
1218,8,11,11.232542037963867
1218,9,11,10.438990592956543
1218,10,11,10.295756340026855
1218,11,11,10.593658447265625
1218,12,11,10.641314506530762
1219,1,9,11.4240083694458
1219,2,9,11.198786735534668
1219,3,9,11.49349308013916
1219,4,9,11.68673324584961
1219,5,9,11.65280532836914
1219,6,9,11.947843551635742
1219,7,9,11.765016555786133
1219,8,9,12.357141494750977
1219,9,9,11.233077049255371
1219,10,9,11.902569770812988
1219,11,9,11.382179260253906
1219,12,9,11.368383407592773
1220,1,10,10.748674392700195
1220,2,10,11.043475151062012
1220,3,10,11.518569946289062
1220,4,10,11.815701484680176
1220,5,10,10.859478950500488
1220,6,10,10.80207633972168
1220,7,10,10.749136924743652
1220,8,10,10.740571975708008
1220,9,10,10.904661178588867
1220,10,10,10.96069622039795
1220,11,10,7.340236186981201
1220,12,10,5.086669921875
1221,1,7,14.832622528076172
1221,2,7,14.882420539855957
1221,3,7,14.919841766357422
1221,4,7,14.942169189453125
1221,5,7,14.968687057495117
1221,6,7,15.000741958618164
1221,7,7,15.012493133544922
1221,8,7,15.464570999145508
1221,9,7,15.503498077392578
1221,10,7,15.551589012145996
1221,11,7,15.543343544006348
1221,12,7,15.49472713470459
1222,1,4,9.109772682189941
1222,2,4,9.983980178833008
1222,3,4,9.643506050109863
1222,4,4,9.2611083984375
1222,5,4,9.218388557434082
1222,6,4,7.229068756103516
1222,7,4,8.336541175842285
1222,8,4,11.469168663024902
1222,9,4,8.65577507019043
1222,10,4,9.04548454284668
1222,11,4,9.618833541870117
1222,12,4,8.989118576049805
1223,1,11,8.532468795776367
1223,2,11,8.758715629577637
1223,3,11,8.589770317077637
1223,4,11,8.623369216918945
1223,5,11,8.375832557678223
1223,6,11,8.714215278625488
1223,7,11,8.51557445526123
1223,8,11,8.33703327178955
1223,9,11,8.29549789428711
1223,10,11,8.883769989013672
1223,11,11,8.302925109863281
1223,12,11,8.564661979675293
1224,1,2,8.602330207824707
1224,2,2,9.325581550598145
1224,3,2,8.205078125
1224,4,2,9.002034187316895
1224,5,2,8.986973762512207
1224,6,2,8.95522403717041
1224,7,2,8.949559211730957
1224,8,2,8.88000202178955
1224,9,2,8.828620910644531
1224,10,2,8.529714584350586
1224,11,2,8.47822380065918
1224,12,2,8.430154800415039
1225,1,11,18.014070510864258
1225,2,11,17.94758415222168
1225,3,11,17.929475784301758
1225,4,11,18.105911254882812
1225,5,11,18.117141723632812
1225,6,11,18.194339752197266
1225,7,11,18.44269561767578
1225,8,11,18.467937469482422
1225,9,11,18.513513565063477
1225,10,11,18.524202346801758
1225,11,11,18.574440002441406
1225,12,11,18.56035614013672
1226,1,7,10.794658660888672
1226,2,7,11.055828094482422
1226,3,7,11.58864974975586
1226,4,7,11.498658180236816
1226,5,7,11.364191055297852
1226,6,7,11.447589874267578
1226,7,7,11.88653564453125
1226,8,7,11.853948593139648
1226,9,7,12.512177467346191
1226,10,7,12.1638822555542
1226,11,7,12.826546669006348
1226,12,7,12.76547908782959
1227,1,8,0.0
1227,2,8,5.695127487182617
1227,3,8,4.918622016906738
1227,4,8,6.195044040679932
1227,5,8,7.921459197998047
1227,6,8,7.061812877655029
1227,7,8,0.0
1227,8,8,9.392630577087402
1227,9,8,8.270424842834473
1227,10,8,7.481452941894531
1227,11,8,10.600329399108887
1227,12,8,9.027618408203125
1228,1,8,6.711273193359375
1228,2,8,10.835180282592773
1228,3,8,10.008502006530762
1228,4,8,10.066512107849121
1228,5,8,9.622382164001465
1228,6,8,9.922924995422363
1228,7,8,10.322555541992188
1228,8,8,10.167351722717285
1228,9,8,10.908333778381348
1228,10,8,10.297256469726562
1228,11,8,10.057835578918457
1228,12,8,9.730290412902832
1229,1,3,11.553829193115234
1229,2,3,11.713163375854492
1229,3,3,11.664819717407227
1229,4,3,11.596199035644531
1229,5,3,11.5022611618042
1229,6,3,11.579991340637207
1229,7,3,11.330373764038086
1229,8,3,11.52939224243164
1229,9,3,11.586801528930664
1229,10,3,11.573031425476074
1229,11,3,11.76268482208252
1229,12,3,11.739160537719727
1230,1,10,9.112955093383789
1230,2,10,9.88730239868164
1230,3,10,10.224398612976074
1230,4,10,9.85011100769043
1230,5,10,9.120959281921387
1230,6,10,7.477291584014893
1230,7,10,8.78453254699707
1230,8,10,4.566061496734619
1230,9,10,9.369038581848145
1230,10,10,9.11214828491211
1230,11,10,8.85989761352539
1230,12,10,9.33409309387207
1231,1,5,15.205674171447754
1231,2,5,15.206439971923828
1231,3,5,15.321944236755371
1231,4,5,15.420097351074219
1231,5,5,15.515059471130371
1231,6,5,15.804915428161621
1231,7,5,15.926609992980957
1231,8,5,16.20941162109375
1231,9,5,16.23166275024414
1231,10,5,16.484825134277344
1231,11,5,16.544456481933594
1231,12,5,16.489439010620117
1232,1,12,11.2500581741333
1232,2,12,10.95212459564209
1232,3,12,10.996399879455566
1232,4,12,10.910527229309082
1232,5,12,10.86639404296875
1232,6,12,10.833127975463867
1232,7,12,10.833663940429688
1232,8,12,10.348206520080566
1232,9,12,10.817351341247559
1232,10,12,11.19451904296875
1232,11,12,11.26496696472168
1232,12,12,11.137910842895508
1233,1,4,13.897697448730469
1233,2,4,14.003912925720215
1233,3,4,14.060309410095215
1233,4,4,14.132818222045898
1233,5,4,14.181578636169434
1233,6,4,14.164823532104492
1233,7,4,14.147383689880371
1233,8,4,14.189552307128906
1233,9,4,13.711919784545898
1233,10,4,14.267117500305176
1233,11,4,14.291586875915527
1233,12,4,14.257709503173828
1234,1,12,9.044180870056152
1234,2,12,9.127300262451172
1234,3,12,9.297599792480469
1234,4,12,8.589391708374023
1234,5,12,9.288888931274414
1234,6,12,8.550775527954102
1234,7,12,9.894718170166016
1234,8,12,10.417374610900879
1234,9,12,10.491097450256348
1234,10,12,10.82639217376709
1234,11,12,9.661125183105469
1234,12,12,10.114432334899902
1235,1,11,15.384883880615234
1235,2,11,15.333669662475586
1235,3,11,15.436846733093262
1235,4,11,15.58500862121582
1235,5,11,15.666894912719727
1235,6,11,15.777647972106934
1235,7,11,15.825262069702148
1235,8,11,15.997962951660156
1235,9,11,16.100738525390625
1235,10,11,16.144298553466797
1235,11,11,16.102502822875977
1235,12,11,16.169889450073242
1236,1,2,9.841053009033203
1236,2,2,9.82546329498291
1236,3,2,10.044794082641602
1236,4,2,10.053899765014648
1236,5,2,9.772015571594238
1236,6,2,9.881860733032227
1236,7,2,9.631387710571289
1236,8,2,9.695652961730957
1236,9,2,9.253172874450684
1236,10,2,9.486973762512207
1236,11,2,9.422280311584473
1236,12,2,9.317008972167969
1237,1,3,13.784042358398438
1237,2,3,13.88321590423584
1237,3,3,13.929247856140137
1237,4,3,13.971003532409668
1237,5,3,13.926291465759277
1237,6,3,13.948339462280273
1237,7,3,14.194459915161133
1237,8,3,14.148285865783691
1237,9,3,14.075394630432129
1237,10,3,14.162029266357422
1237,11,3,14.162530899047852
1237,12,3,14.071595191955566
1238,1,12,10.982664108276367
1238,2,12,10.916211128234863
1238,3,12,10.848054885864258
1238,4,12,10.726277351379395
1238,5,12,10.84144115447998
1238,6,12,10.77371883392334
1238,7,12,10.641857147216797
1238,8,12,10.598127365112305
1238,9,12,10.482405662536621
1238,10,12,10.523157119750977
1238,11,12,10.490316390991211
1238,12,12,10.712586402893066
1239,1,11,5.103723049163818
1239,2,11,9.348764419555664
1239,3,11,8.655671119689941
1239,4,11,8.504290580749512
1239,5,11,7.434017658233643
1239,6,11,8.40092658996582
1239,7,11,8.815884590148926
1239,8,11,8.862977981567383
1239,9,11,7.819486618041992
1239,10,11,8.629752159118652
1239,11,11,8.4246826171875
1239,12,11,8.205789566040039
1240,1,12,13.72808837890625
1240,2,12,13.796432495117188
1240,3,12,13.858831405639648
1240,4,12,13.919731140136719
1240,5,12,13.850927352905273
1240,6,12,13.914912223815918
1240,7,12,13.93091106414795
1240,8,12,13.981977462768555
1240,9,12,14.019757270812988
1240,10,12,13.803855895996094
1240,11,12,14.139699935913086
1240,12,12,14.118229866027832
1241,1,11,12.544672012329102
1241,2,11,12.7821626663208
1241,3,11,12.806785583496094
1241,4,11,12.770755767822266
1241,5,11,12.87584400177002
1241,6,11,13.287055015563965
1241,7,11,13.280012130737305
1241,8,11,13.36599063873291
1241,9,11,13.389004707336426
1241,10,11,13.41537857055664
1241,11,11,13.409684181213379
1241,12,11,13.666784286499023
1242,1,3,12.737536430358887
1242,2,3,13.058514595031738
1242,3,3,13.090597152709961
1242,4,3,13.235527992248535
1242,5,3,12.666901588439941
1242,6,3,12.979445457458496
1242,7,3,13.275805473327637
1242,8,3,13.431285858154297
1242,9,3,13.4119873046875
1242,10,3,12.992974281311035
1242,11,3,13.2883939743042
1242,12,3,13.205195426940918
1243,1,10,12.170015335083008
1243,2,10,11.921133995056152
1243,3,10,12.065939903259277
1243,4,10,12.070536613464355
1243,5,10,12.153794288635254
1243,6,10,12.205116271972656
1243,7,10,12.338242530822754
1243,8,10,12.278861999511719
1243,9,10,12.267502784729004
1243,10,10,12.317490577697754
1243,11,10,12.693809509277344
1243,12,10,12.789045333862305
1244,1,8,10.467129707336426
1244,2,8,10.392388343811035
1244,3,8,10.441197395324707
1244,4,8,10.461993217468262
1244,5,8,10.47224235534668
1244,6,8,10.45791244506836
1244,7,8,10.609663009643555
1244,8,8,10.698994636535645
1244,9,8,10.64179515838623
1244,10,8,10.955920219421387
1244,11,8,10.886312484741211
1244,12,8,10.92923355102539
1245,1,8,9.870894432067871
1245,2,8,10.243202209472656
1245,3,8,10.584818840026855
1245,4,8,10.745755195617676
1245,5,8,10.386240005493164
1245,6,8,10.76696491241455
1245,7,8,10.946407318115234
1245,8,8,10.674942970275879
1245,9,8,10.765899658203125
1245,10,8,10.958499908447266
1245,11,8,10.919227600097656
1245,12,8,10.962920188903809
1246,1,9,9.545411109924316
1246,2,9,9.610206604003906
1246,3,9,9.744441032409668
1246,4,9,9.836108207702637
1246,5,9,9.723470687866211
1246,6,9,9.808943748474121
1246,7,9,9.872414588928223
1246,8,9,9.939740180969238
1246,9,9,9.951778411865234
1246,10,9,10.036067008972168
1246,11,9,10.0369291305542
1246,12,9,10.093863487243652
1247,1,4,11.276737213134766
1247,2,4,11.556022644042969
1247,3,4,11.65977668762207
1247,4,4,11.745478630065918
1247,5,4,11.775647163391113
1247,6,4,11.897062301635742
1247,7,4,12.185151100158691
1247,8,4,12.026527404785156
1247,9,4,11.910856246948242
1247,10,4,11.752796173095703
1247,11,4,12.050339698791504
1247,12,4,12.03977108001709
1248,1,12,12.903543472290039
1248,2,12,12.892738342285156
1248,3,12,12.847121238708496
1248,4,12,12.841043472290039
1248,5,12,13.037687301635742
1248,6,12,12.77861213684082
1248,7,12,13.57085132598877
1248,8,12,13.510320663452148
1248,9,12,13.648369789123535
1248,10,12,13.663873672485352
1248,11,12,13.725049018859863
1248,12,12,14.34085750579834
1249,1,3,12.162476539611816
1249,2,3,12.06137466430664
1249,3,3,12.006089210510254
1249,4,3,12.345602035522461
1249,5,3,12.408327102661133
1249,6,3,12.507962226867676
1249,7,3,12.506180763244629
1249,8,3,12.584346771240234
1249,9,3,12.519243240356445
1249,10,3,12.597801208496094
1249,11,3,12.807499885559082
1249,12,3,12.736031532287598
1250,1,6,9.634855270385742
1250,2,6,10.031911849975586
1250,3,6,10.3909273147583
1250,4,6,10.236384391784668
1250,5,6,9.993796348571777
1250,6,6,11.086736679077148
1250,7,6,11.120404243469238
1250,8,6,10.293617248535156
1250,9,6,11.792725563049316
1250,10,6,8.967580795288086
1250,11,6,9.779247283935547
1250,12,6,8.418601036071777
1251,1,11,9.815908432006836
1251,2,11,10.01846694946289
1251,3,11,9.935050010681152
1251,4,11,10.06854248046875
1251,5,11,10.042202949523926
1251,6,11,10.125378608703613
1251,7,11,9.723342895507812
1251,8,11,9.700882911682129
1251,9,11,9.908721923828125
1251,10,11,9.583621978759766
1251,11,11,9.832033157348633
1251,12,11,9.622299194335938
1252,1,11,11.21783447265625
1252,2,11,11.194072723388672
1252,3,11,11.672091484069824
1252,4,11,11.632349967956543
1252,5,11,11.52662467956543
1252,6,11,11.712143898010254
1252,7,11,11.700586318969727
1252,8,11,11.666041374206543
1252,9,11,11.588560104370117
1252,10,11,11.628303527832031
1252,11,11,11.673008918762207
1252,12,11,11.66606616973877
1253,1,,3.985307216644287
1253,2,,0.0
1253,3,,0.0
1253,4,,5.839242935180664
1253,5,,6.805089473724365
1253,6,,8.405348777770996
1253,7,,7.374607563018799
1253,8,,7.640601634979248
1253,9,,7.552285671234131
1253,10,,7.890425682067871
1253,11,,7.9010186195373535
1253,12,,7.823093414306641
1254,1,12,4.998611927032471
1254,2,12,7.646049499511719
1254,3,12,0.0
1254,4,12,9.184653282165527
1254,5,12,9.209223747253418
1254,6,12,9.899971961975098
1254,7,12,9.30066204071045
1254,8,12,9.260668754577637
1254,9,12,9.05052375793457
1254,10,12,9.166496276855469
1254,11,12,9.613171577453613
1254,12,12,9.709817886352539
1255,1,3,12.806089401245117
1255,2,3,12.84434986114502
1255,3,3,12.919346809387207
1255,4,3,13.003554344177246
1255,5,3,13.058402061462402
1255,6,3,13.099469184875488
1255,7,3,13.11616325378418
1255,8,3,13.215872764587402
1255,9,3,13.240290641784668
1255,10,3,13.253364562988281
1255,11,3,13.309944152832031
1255,12,3,13.340705871582031
1256,1,12,16.27128791809082
1256,2,12,16.179414749145508
1256,3,12,16.33883285522461
1256,4,12,16.292470932006836
1256,5,12,16.3696346282959
1256,6,12,16.460573196411133
1256,7,12,16.659042358398438
1256,8,12,16.657058715820312
1256,9,12,16.598777770996094
1256,10,12,16.854280471801758
1256,11,12,16.837480545043945
1256,12,12,16.790607452392578
1257,1,12,14.950626373291016
1257,2,12,14.902976989746094
1257,3,12,14.954115867614746
1257,4,12,14.976737022399902
1257,5,12,14.97620964050293
1257,6,12,15.07091236114502
1257,7,12,15.131681442260742
1257,8,12,15.140279769897461
1257,9,12,15.122713088989258
1257,10,12,15.257290840148926
1257,11,12,15.234582901000977
1257,12,12,15.23061752319336
1258,1,,8.085965156555176
1258,2,,8.048177719116211
1258,3,,7.8888092041015625
1258,4,,6.881962776184082
1258,5,,7.3714752197265625
1258,6,,8.501148223876953
1258,7,,8.385897636413574
1258,8,,7.632149696350098
1258,9,,7.418355941772461
1258,10,,6.881283283233643
1258,11,,7.273654937744141
1258,12,,7.028112888336182
1259,1,2,11.935383796691895
1259,2,2,12.39366626739502
1259,3,2,12.145702362060547
1259,4,2,12.11364459991455
1259,5,2,12.095988273620605
1259,6,2,12.200407981872559
1259,7,2,12.236120223999023
1259,8,2,12.137819290161133
1259,9,2,12.10517692565918
1259,10,2,12.093832969665527
1259,11,2,12.972055435180664
1259,12,2,13.2879638671875
1260,1,11,9.218046188354492
1260,2,11,9.586251258850098
1260,3,11,9.627578735351562
1260,4,11,9.658032417297363
1260,5,11,9.646162986755371
1260,6,11,9.850793838500977
1260,7,11,9.889233589172363
1260,8,11,9.788616180419922
1260,9,11,9.666008949279785
1260,10,11,9.708379745483398
1260,11,11,10.012873649597168
1260,12,11,9.99466323852539
1261,1,8,10.755271911621094
1261,2,8,11.75401782989502
1261,3,8,11.985651016235352
1261,4,8,11.95346450805664
1261,5,8,11.990779876708984
1261,6,8,12.229425430297852
1261,7,8,12.452216148376465
1261,8,8,11.793673515319824
1261,9,8,11.88038158416748
1261,10,8,12.027294158935547
1261,11,8,12.141670227050781
1261,12,8,12.123515129089355
1262,1,11,14.610663414001465
1262,2,11,14.631694793701172
1262,3,11,14.812529563903809
1262,4,11,14.878877639770508
1262,5,11,15.236905097961426
1262,6,11,15.218252182006836
1262,7,11,15.214295387268066
1262,8,11,15.32393741607666
1262,9,11,15.339768409729004
1262,10,11,15.41421890258789
1262,11,11,15.468188285827637
1262,12,11,15.587651252746582
1263,1,12,13.352771759033203
1263,2,12,13.328201293945312
1263,3,12,13.322872161865234
1263,4,12,13.573979377746582
1263,5,12,13.530963897705078
1263,6,12,13.520438194274902
1263,7,12,13.605036735534668
1263,8,12,13.652040481567383
1263,9,12,13.706518173217773
1263,10,12,13.789711952209473
1263,11,12,12.43860912322998
1263,12,12,13.858138084411621
1264,1,8,8.970359802246094
1264,2,8,8.410730361938477
1264,3,8,8.304388046264648
1264,4,8,7.537383079528809
1264,5,8,8.83495807647705
1264,6,8,8.329076766967773
1264,7,8,9.30440902709961
1264,8,8,8.75225830078125
1264,9,8,8.354691505432129
1264,10,8,10.325034141540527
1264,11,8,9.796711921691895
1264,12,8,8.933979034423828
1265,1,6,0.0
1265,2,6,6.639842987060547
1265,3,6,6.479482650756836
1265,4,6,0.0
1265,5,6,7.152894496917725
1265,6,6,7.9622321128845215
1265,7,6,8.52627944946289
1265,8,6,6.670054912567139
1265,9,6,6.584246635437012
1265,10,6,8.462464332580566
1265,11,6,8.32452392578125
1265,12,6,7.169911861419678
1266,1,7,16.653076171875
1266,2,7,16.688806533813477
1266,3,7,16.75238609313965
1266,4,7,17.074209213256836
1266,5,7,17.115863800048828
1266,6,7,17.129220962524414
1266,7,7,17.30259132385254
1266,8,7,17.43938446044922
1266,9,7,17.407026290893555
1266,10,7,17.520416259765625
1266,11,7,17.430583953857422
1266,12,7,17.337787628173828
1267,1,7,9.624049186706543
1267,2,7,9.79129409790039
1267,3,7,9.924397468566895
1267,4,7,9.970547676086426
1267,5,7,10.04941463470459
1267,6,7,9.60852336883545
1267,7,7,9.839266777038574
1267,8,7,9.944754600524902
1267,9,7,10.167421340942383
1267,10,7,9.664031028747559
1267,11,7,9.824965476989746
1267,12,7,9.843053817749023
1268,1,6,11.908462524414062
1268,2,6,12.061013221740723
1268,3,6,11.850361824035645
1268,4,6,11.80864429473877
1268,5,6,11.793978691101074
1268,6,6,11.980788230895996
1268,7,6,12.159509658813477
1268,8,6,12.074368476867676
1268,9,6,12.04026985168457
1268,10,6,12.12110424041748
1268,11,6,12.066563606262207
1268,12,6,12.050674438476562
1269,1,11,9.015822410583496
1269,2,11,8.266716957092285
1269,3,11,8.923477172851562
1269,4,11,9.08975601196289
1269,5,11,4.4987335205078125
1269,6,11,9.498066902160645
1269,7,11,9.704914093017578
1269,8,11,9.227237701416016
1269,9,11,8.982421875
1269,10,11,9.178962707519531
1269,11,11,9.997810363769531
1269,12,11,9.91671371459961
1270,1,8,11.93192195892334
1270,2,8,12.236562728881836
1270,3,8,12.25146198272705
1270,4,8,12.241653442382812
1270,5,8,12.228970527648926
1270,6,8,12.205967903137207
1270,7,8,12.198065757751465
1270,8,8,12.697967529296875
1270,9,8,12.682951927185059
1270,10,8,12.71727466583252
1270,11,8,12.731841087341309
1270,12,8,12.600240707397461
1271,1,11,11.251544952392578
1271,2,11,11.257166862487793
1271,3,11,11.493593215942383
1271,4,11,11.337911605834961
1271,5,11,11.218326568603516
1271,6,11,11.462972640991211
1271,7,11,11.484330177307129
1271,8,11,11.46229362487793
1271,9,11,11.419258117675781
1271,10,11,11.737407684326172
1271,11,11,11.43853759765625
1271,12,11,11.336792945861816
1272,1,7,9.746047019958496
1272,2,7,10.102201461791992
1272,3,7,9.819528579711914
1272,4,7,9.703036308288574
1272,5,7,10.646227836608887
1272,6,7,10.605576515197754
1272,7,7,10.572639465332031
1272,8,7,10.988471031188965
1272,9,7,11.143766403198242
1272,10,7,10.988302230834961
1272,11,7,11.094184875488281
1272,12,7,10.980158805847168
1273,1,7,7.268152236938477
1273,2,7,8.434698104858398
1273,3,7,8.299604415893555
1273,4,7,7.877865314483643
1273,5,7,8.566655158996582
1273,6,7,8.765070915222168
1273,7,7,8.290970802307129
1273,8,7,8.609850883483887
1273,9,7,8.768400192260742
1273,10,7,8.7778902053833
1273,11,7,8.39425277709961
1273,12,7,9.418293952941895
1274,1,3,9.732303619384766
1274,2,3,9.905774116516113
1274,3,3,10.12861442565918
1274,4,3,9.45466136932373
1274,5,3,9.97068977355957
1274,6,3,10.030658721923828
1274,7,3,9.427254676818848
1274,8,3,9.431334495544434
1274,9,3,9.498228073120117
1274,10,3,8.836451530456543
1274,11,3,8.33973503112793
1274,12,3,8.603174209594727
1275,1,11,10.356070518493652
1275,2,11,10.377251625061035
1275,3,11,10.322290420532227
1275,4,11,10.3372802734375
1275,5,11,10.315032958984375
1275,6,11,10.348489761352539
1275,7,11,10.285432815551758
1275,8,11,10.28486156463623
1275,9,11,10.382085800170898
1275,10,11,10.462637901306152
1275,11,11,10.254902839660645
1275,12,11,10.270503997802734
1276,1,4,13.08796501159668
1276,2,4,13.20659351348877
1276,3,4,13.204866409301758
1276,4,4,13.444893836975098
1276,5,4,13.388748168945312
1276,6,4,13.426325798034668
1276,7,4,14.116823196411133
1276,8,4,14.307178497314453
1276,9,4,14.011842727661133
1276,10,4,14.023036003112793
1276,11,4,14.558974266052246
1276,12,4,14.543691635131836
1277,1,3,13.591583251953125
1277,2,3,13.461796760559082
1277,3,3,13.510112762451172
1277,4,3,13.564983367919922
1277,5,3,13.570076942443848
1277,6,3,13.81559944152832
1277,7,3,14.205658912658691
1277,8,3,14.71285343170166
1277,9,3,14.655810356140137
1277,10,3,14.696416854858398
1277,11,3,14.757323265075684
1277,12,3,14.740530014038086
1278,1,12,8.905719757080078
1278,2,12,8.484278678894043
1278,3,12,8.183128356933594
1278,4,12,7.72116756439209
1278,5,12,8.035502433776855
1278,6,12,4.7176313400268555
1278,7,12,5.272321701049805
1278,8,12,6.447521209716797
1278,9,12,5.562959671020508
1278,10,12,5.426044940948486
1278,11,12,7.244290351867676
1278,12,12,7.237663269042969
1279,1,12,10.585332870483398
1279,2,12,10.814188957214355
1279,3,12,11.199623107910156
1279,4,12,11.402444839477539
1279,5,12,11.353983879089355
1279,6,12,11.419404983520508
1279,7,12,11.47121524810791
1279,8,12,11.509016036987305
1279,9,12,11.596818923950195
1279,10,12,11.745330810546875
1279,11,12,11.650274276733398
1279,12,12,11.694750785827637
1280,1,5,11.064162254333496
1280,2,5,10.802964210510254
1280,3,5,10.784504890441895
1280,4,5,10.784049034118652
1280,5,5,10.71812915802002
1280,6,5,11.192204475402832
1280,7,5,11.20849323272705
1280,8,5,11.331681251525879
1280,9,5,11.283731460571289
1280,10,5,11.406279563903809
1280,11,5,11.560503005981445
1280,12,5,11.591574668884277
1281,1,3,7.485358715057373
1281,2,3,9.11490535736084
1281,3,3,9.082839965820312
1281,4,3,9.717333793640137
1281,5,3,9.552925109863281
1281,6,3,9.533645629882812
1281,7,3,9.839923858642578
1281,8,3,10.083067893981934
1281,9,3,9.61388874053955
1281,10,3,9.534123420715332
1281,11,3,9.609886169433594
1281,12,3,9.137786865234375
1282,1,4,10.913904190063477
1282,2,4,11.483128547668457
1282,3,4,11.481925964355469
1282,4,4,11.687230110168457
1282,5,4,11.521489143371582
1282,6,4,12.19974136352539
1282,7,4,12.21411418914795
1282,8,4,12.264790534973145
1282,9,4,12.204167366027832
1282,10,4,12.12054443359375
1282,11,4,11.972588539123535
1282,12,4,12.272854804992676
1283,1,12,14.562114715576172
1283,2,12,14.725666999816895
1283,3,12,14.676228523254395
1283,4,12,14.722000122070312
1283,5,12,14.8003511428833
1283,6,12,14.866802215576172
1283,7,12,15.138762474060059
1283,8,12,15.206665992736816
1283,9,12,15.209023475646973
1283,10,12,15.311673164367676
1283,11,12,15.511837005615234
1283,12,12,15.54906940460205
1284,1,12,12.920149803161621
1284,2,12,12.836243629455566
1284,3,12,12.809385299682617
1284,4,12,12.803394317626953
1284,5,12,12.727578163146973
1284,6,12,12.829437255859375
1284,7,12,12.748029708862305
1284,8,12,12.713608741760254
1284,9,12,12.658822059631348
1284,10,12,12.68781852722168
1284,11,12,12.754985809326172
1284,12,12,13.086223602294922
1285,1,9,13.010973930358887
1285,2,9,13.108573913574219
1285,3,9,13.156113624572754
1285,4,9,13.202202796936035
1285,5,9,13.159109115600586
1285,6,9,13.166635513305664
1285,7,9,13.105960845947266
1285,8,9,13.103042602539062
1285,9,9,13.056326866149902
1285,10,9,13.159537315368652
1285,11,9,13.312356948852539
1285,12,9,13.361344337463379
1286,1,8,7.600706577301025
1286,2,8,7.959239482879639
1286,3,8,7.588523864746094
1286,4,8,7.234001159667969
1286,5,8,7.777132034301758
1286,6,8,7.150860786437988
1286,7,8,6.815244674682617
1286,8,8,7.752682209014893
1286,9,8,7.24031925201416
1286,10,8,7.559617519378662
1286,11,8,7.044760704040527
1286,12,8,7.363913536071777
1287,1,11,13.747095108032227
1287,2,11,13.747299194335938
1287,3,11,13.704628944396973
1287,4,11,13.815908432006836
1287,5,11,13.75878620147705
1287,6,11,13.69686222076416
1287,7,11,13.672286987304688
1287,8,11,13.682936668395996
1287,9,11,13.693050384521484
1287,10,11,13.722908973693848
1287,11,11,13.713603019714355
1287,12,11,13.732975959777832
1288,1,10,11.643363952636719
1288,2,10,11.598097801208496
1288,3,10,11.632647514343262
1288,4,10,11.754283905029297
1288,5,10,11.708268165588379
1288,6,10,11.755497932434082
1288,7,10,11.639067649841309
1288,8,10,11.93696117401123
1288,9,10,11.759148597717285
1288,10,10,11.86765193939209
1288,11,10,11.83565616607666
1288,12,10,11.877891540527344
1289,1,11,15.54114055633545
1289,2,11,15.582090377807617
1289,3,11,15.571666717529297
1289,4,11,15.67638874053955
1289,5,11,15.672972679138184
1289,6,11,15.689446449279785
1289,7,11,15.725824356079102
1289,8,11,15.755425453186035
1289,9,11,15.791248321533203
1289,10,11,15.802876472473145
1289,11,11,16.164264678955078
1289,12,11,16.391130447387695
1290,1,6,16.028738021850586
1290,2,6,15.927557945251465
1290,3,6,15.892244338989258
1290,4,6,15.940704345703125
1290,5,6,16.004623413085938
1290,6,6,16.14188575744629
1290,7,6,16.132673263549805
1290,8,6,16.20780372619629
1290,9,6,16.243867874145508
1290,10,6,16.27455711364746
1290,11,6,16.305971145629883
1290,12,6,16.290042877197266
1291,1,11,14.81054401397705
1291,2,11,14.836140632629395
1291,3,11,15.00136947631836
1291,4,11,15.273825645446777
1291,5,11,15.242243766784668
1291,6,11,15.315032005310059
1291,7,11,15.384233474731445
1291,8,11,15.44422721862793
1291,9,11,15.481152534484863
1291,10,11,15.564301490783691
1291,11,11,15.641362190246582
1291,12,11,15.651899337768555
1292,1,11,10.18387508392334
1292,2,11,11.007074356079102
1292,3,11,11.078112602233887
1292,4,11,11.077315330505371
1292,5,11,11.309520721435547
1292,6,11,11.339146614074707
1292,7,11,11.543563842773438
1292,8,11,11.064178466796875
1292,9,11,11.24605941772461
1292,10,11,11.189045906066895
1292,11,11,11.54610824584961
1292,12,11,11.004096031188965
1293,1,2,9.842428207397461
1293,2,2,10.021615982055664
1293,3,2,10.130589485168457
1293,4,2,10.090476036071777
1293,5,2,9.991342544555664
1293,6,2,10.14883041381836
1293,7,2,10.15964412689209
1293,8,2,10.161079406738281
1293,9,2,10.156237602233887
1293,10,2,10.234559059143066
1293,11,2,10.228693962097168
1293,12,2,10.088053703308105
1294,1,11,8.783613204956055
1294,2,11,8.750204086303711
1294,3,11,8.620723724365234
1294,4,11,8.962275505065918
1294,5,11,8.870773315429688
1294,6,11,9.57777214050293
1294,7,11,9.509881973266602
1294,8,11,9.485176086425781
1294,9,11,9.588987350463867
1294,10,11,9.140400886535645
1294,11,11,10.432477951049805
1294,12,11,9.843376159667969
1295,1,11,9.208561897277832
1295,2,11,8.55738639831543
1295,3,11,6.214365482330322
1295,4,11,7.426983833312988
1295,5,11,8.749462127685547
1295,6,11,7.65639066696167
1295,7,11,8.605016708374023
1295,8,11,7.938057899475098
1295,9,11,7.529991149902344
1295,10,11,8.679572105407715
1295,11,11,9.959038734436035
1295,12,11,10.219313621520996
1296,1,8,14.958343505859375
1296,2,8,15.085040092468262
1296,3,8,15.012849807739258
1296,4,8,15.044224739074707
1296,5,8,15.01544189453125
1296,6,8,15.06583023071289
1296,7,8,15.800264358520508
1296,8,8,15.83938217163086
1296,9,8,15.737343788146973
1296,10,8,15.824005126953125
1296,11,8,15.832559585571289
1296,12,8,15.860323905944824
1297,1,7,9.24769401550293
1297,2,7,9.125418663024902
1297,3,7,9.289020538330078
1297,4,7,9.205446243286133
1297,5,7,11.382083892822266
1297,6,7,9.070877075195312
1297,7,7,8.90795612335205
1297,8,7,8.925273895263672
1297,9,7,8.440821647644043
1297,10,7,9.536036491394043
1297,11,7,9.530004501342773
1297,12,7,9.638768196105957
1298,1,7,11.345680236816406
1298,2,7,11.334264755249023
1298,3,7,11.723060607910156
1298,4,7,11.763038635253906
1298,5,7,11.972837448120117
1298,6,7,11.390604019165039
1298,7,7,11.479750633239746
1298,8,7,11.440077781677246
1298,9,7,11.402195930480957
1298,10,7,11.27306079864502
1298,11,7,11.245583534240723
1298,12,7,11.178820610046387
1299,1,12,11.953351020812988
1299,2,12,11.967167854309082
1299,3,12,11.997770309448242
1299,4,12,12.106111526489258
1299,5,12,12.283141136169434
1299,6,12,12.175836563110352
1299,7,12,12.475238800048828
1299,8,12,12.547356605529785
1299,9,12,12.57528018951416
1299,10,12,12.578851699829102
1299,11,12,12.770588874816895
1299,12,12,12.872879028320312
1300,1,11,10.823724746704102
1300,2,11,11.01749038696289
1300,3,11,11.088783264160156
1300,4,11,11.246599197387695
1300,5,11,11.181131362915039
1300,6,11,11.405599594116211
1300,7,11,11.591529846191406
1300,8,11,11.800409317016602
1300,9,11,11.838478088378906
1300,10,11,11.996803283691406
1300,11,11,12.110901832580566
1300,12,11,12.217785835266113
1301,1,3,8.467329978942871
1301,2,3,8.752843856811523
1301,3,3,9.76787281036377
1301,4,3,10.125520706176758
1301,5,3,10.301694869995117
1301,6,3,10.190290451049805
1301,7,3,9.032365798950195
1301,8,3,9.192562103271484
1301,9,3,9.283930778503418
1301,10,3,10.365861892700195
1301,11,3,10.820287704467773
1301,12,3,10.566377639770508
1302,1,10,10.330968856811523
1302,2,10,10.605687141418457
1302,3,10,10.599753379821777
1302,4,10,10.586362838745117
1302,5,10,10.295478820800781
1302,6,10,10.347844123840332
1302,7,10,10.390024185180664
1302,8,10,11.049602508544922
1302,9,10,10.471769332885742
1302,10,10,10.893333435058594
1302,11,10,11.661184310913086
1302,12,10,10.702326774597168
1303,1,10,11.271379470825195
1303,2,10,11.521675109863281
1303,3,10,11.318060874938965
1303,4,10,11.26309585571289
1303,5,10,11.255508422851562
1303,6,10,12.246566772460938
1303,7,10,10.677223205566406
1303,8,10,10.820013999938965
1303,9,10,10.643729209899902
1303,10,10,10.866446495056152
1303,11,10,10.544179916381836
1303,12,10,10.693058967590332
1304,1,11,10.677541732788086
1304,2,11,10.73867416381836
1304,3,11,10.78779411315918
1304,4,11,10.801478385925293
1304,5,11,10.672921180725098
1304,6,11,10.731348037719727
1304,7,11,10.685750007629395
1304,8,11,11.120433807373047
1304,9,11,11.073598861694336
1304,10,11,11.054200172424316
1304,11,11,11.063846588134766
1304,12,11,11.100484848022461
1305,1,12,11.72181224822998
1305,2,12,12.186291694641113
1305,3,12,12.252264022827148
1305,4,12,12.250946044921875
1305,5,12,12.248458862304688
1305,6,12,12.34190845489502
1305,7,12,12.434568405151367
1305,8,12,12.58627986907959
1305,9,12,12.613301277160645
1305,10,12,12.690296173095703
1305,11,12,12.703696250915527
1305,12,12,12.855144500732422
1306,1,12,10.322717666625977
1306,2,12,10.221899032592773
1306,3,12,10.299702644348145
1306,4,12,10.204608917236328
1306,5,12,10.188623428344727
1306,6,12,10.373849868774414
1306,7,12,10.160592079162598
1306,8,12,10.14660358428955
1306,9,12,10.023926734924316
1306,10,12,11.177263259887695
1306,11,12,10.882452964782715
1306,12,12,9.741251945495605
1307,1,7,9.497427940368652
1307,2,7,9.792623519897461
1307,3,7,9.912388801574707
1307,4,7,9.867257118225098
1307,5,7,9.703489303588867
1307,6,7,9.76856517791748
1307,7,7,9.73322868347168
1307,8,7,9.910893440246582
1307,9,7,9.975374221801758
1307,10,7,10.128997802734375
1307,11,7,10.237325668334961
1307,12,7,10.72486400604248
1308,1,10,11.41608715057373
1308,2,10,11.430737495422363
1308,3,10,11.495549201965332
1308,4,10,11.557808876037598
1308,5,10,11.470376014709473
1308,6,10,11.6140775680542
1308,7,10,11.740535736083984
1308,8,10,11.821992874145508
1308,9,10,11.869071960449219
1308,10,10,12.008820533752441
1308,11,10,12.02009105682373
1308,12,10,12.298518180847168
1309,1,10,12.109573364257812
1309,2,10,11.875085830688477
1309,3,10,12.001341819763184
1309,4,10,12.192547798156738
1309,5,10,12.08521556854248
1309,6,10,12.61258602142334
1309,7,10,12.754820823669434
1309,8,10,12.786482810974121
1309,9,10,12.80579948425293
1309,10,10,12.761977195739746
1309,11,10,13.230326652526855
1309,12,10,12.917452812194824
1310,1,11,11.829747200012207
1310,2,11,12.751008987426758
1310,3,11,13.262606620788574
1310,4,11,13.077980995178223
1310,5,11,12.422300338745117
1310,6,11,12.70756721496582
1310,7,11,13.178268432617188
1310,8,11,13.363078117370605
1310,9,11,13.453645706176758
1310,10,11,13.633493423461914
1310,11,11,13.649505615234375
1310,12,11,13.879363059997559
1311,1,10,13.53586196899414
1311,2,10,13.578559875488281
1311,3,10,13.824433326721191
1311,4,10,13.909714698791504
1311,5,10,13.888620376586914
1311,6,10,14.034010887145996
1311,7,10,14.132524490356445
1311,8,10,14.288202285766602
1311,9,10,14.472696304321289
1311,10,10,14.578625679016113
1311,11,10,14.703184127807617
1311,12,10,14.870624542236328
1312,1,12,12.614126205444336
1312,2,12,12.660909652709961
1312,3,12,12.641251564025879
1312,4,12,12.71061897277832
1312,5,12,12.744072914123535
1312,6,12,12.777128219604492
1312,7,12,12.773659706115723
1312,8,12,12.821327209472656
1312,9,12,12.923961639404297
1312,10,12,13.091402053833008
1312,11,12,13.570806503295898
1312,12,12,13.80344295501709
1313,1,7,16.828044891357422
1313,2,7,16.86005973815918
1313,3,7,16.87428855895996
1313,4,7,16.872770309448242
1313,5,7,16.816455841064453
1313,6,7,16.99076271057129
1313,7,7,16.971567153930664
1313,8,7,17.050317764282227
1313,9,7,17.168415069580078
1313,10,7,17.201595306396484
1313,11,7,17.22165298461914
1313,12,7,17.18610954284668
1314,1,7,12.734784126281738
1314,2,7,13.004364967346191
1314,3,7,12.830086708068848
1314,4,7,13.029062271118164
1314,5,7,12.983203887939453
1314,6,7,13.198745727539062
1314,7,7,13.40648078918457
1314,8,7,14.55459976196289
1314,9,7,14.505215644836426
1314,10,7,14.606441497802734
1314,11,7,14.56904411315918
1314,12,7,14.572725296020508
1315,1,5,14.810302734375
1315,2,5,14.877923965454102
1315,3,5,14.979418754577637
1315,4,5,14.962773323059082
1315,5,5,14.993515968322754
1315,6,5,15.039487838745117
1315,7,5,15.08706283569336
1315,8,5,15.202627182006836
1315,9,5,15.266105651855469
1315,10,5,15.374674797058105
1315,11,5,15.43613052368164
1315,12,5,15.493233680725098
1316,1,11,8.850240707397461
1316,2,11,8.444405555725098
1316,3,11,8.162686347961426
1316,4,11,8.090044021606445
1316,5,11,7.073363780975342
1316,6,11,6.756188869476318
1316,7,11,7.688976287841797
1316,8,11,6.898035526275635
1316,9,11,8.139957427978516
1316,10,11,7.808674335479736
1316,11,11,7.534097194671631
1316,12,11,7.784493923187256
1317,1,,10.083365440368652
1317,2,,9.960379600524902
1317,3,,10.237262725830078
1317,4,,9.764198303222656
1317,5,,8.174650192260742
1317,6,,8.249045372009277
1317,7,,9.88825511932373
1317,8,,10.47791862487793
1317,9,,10.012726783752441
1317,10,,9.806239128112793
1317,11,,10.844167709350586
1317,12,,10.559889793395996
1318,1,10,7.737100124359131
1318,2,10,10.620648384094238
1318,3,10,10.98790454864502
1318,4,10,12.012322425842285
1318,5,10,11.755786895751953
1318,6,10,11.943214416503906
1318,7,10,11.924283027648926
1318,8,10,11.848514556884766
1318,9,10,11.72136402130127
1318,10,10,11.809471130371094
1318,11,10,11.875702857971191
1318,12,10,12.165400505065918
1319,1,11,10.55929946899414
1319,2,11,10.594042778015137
1319,3,11,10.497441291809082
1319,4,11,10.485058784484863
1319,5,11,10.598273277282715
1319,6,11,10.686017990112305
1319,7,11,10.80452823638916
1319,8,11,10.960875511169434
1319,9,11,10.94666576385498
1319,10,11,11.170355796813965
1319,11,11,11.03714370727539
1319,12,11,11.211080551147461
1320,1,11,10.663125038146973
1320,2,11,10.901866912841797
1320,3,11,10.807049751281738
1320,4,11,10.879902839660645
1320,5,11,10.78245735168457
1320,6,11,10.624960899353027
1320,7,11,10.740306854248047
1320,8,11,11.013668060302734
1320,9,11,10.980664253234863
1320,10,11,10.818531036376953
1320,11,11,10.649066925048828
1320,12,11,10.949462890625
1321,1,12,11.698646545410156
1321,2,12,11.637517929077148
1321,3,12,11.652627944946289
1321,4,12,11.873907089233398
1321,5,12,11.595232963562012
1321,6,12,11.68720817565918
1321,7,12,11.625268936157227
1321,8,12,11.562284469604492
1321,9,12,11.571829795837402
1321,10,12,11.728039741516113
1321,11,12,11.581247329711914
1321,12,12,11.58664608001709
1322,1,8,11.484108924865723
1322,2,8,11.724345207214355
1322,3,8,12.608963012695312
1322,4,8,12.714652061462402
1322,5,8,12.743563652038574
1322,6,8,12.892241477966309
1322,7,8,12.86656379699707
1322,8,8,12.897599220275879
1322,9,8,13.019445419311523
1322,10,8,13.163891792297363
1322,11,8,13.170343399047852
1322,12,8,13.104442596435547
1323,1,6,11.884437561035156
1323,2,6,11.980575561523438
1323,3,6,12.008724212646484
1323,4,6,9.087960243225098
1323,5,6,11.953022956848145
1323,6,6,12.277071952819824
1323,7,6,12.868030548095703
1323,8,6,12.873907089233398
1323,9,6,12.88456916809082
1323,10,6,12.834132194519043
1323,11,6,12.861119270324707
1323,12,6,12.790984153747559
1324,1,2,11.189007759094238
1324,2,2,11.592141151428223
1324,3,2,11.56987190246582
1324,4,2,11.516840934753418
1324,5,2,11.455653190612793
1324,6,2,11.64431095123291
1324,7,2,11.584220886230469
1324,8,2,11.674238204956055
1324,9,2,11.760560989379883
1324,10,2,11.834420204162598
1324,11,2,11.826620101928711
1324,12,2,11.975227355957031
1325,1,7,7.737690448760986
1325,2,7,9.663453102111816
1325,3,7,8.973057746887207
1325,4,7,9.164048194885254
1325,5,7,8.999711036682129
1325,6,7,10.589993476867676
1325,7,7,10.841622352600098
1325,8,7,10.905803680419922
1325,9,7,10.918147087097168
1325,10,7,11.734458923339844
1325,11,7,11.45605182647705
1325,12,7,11.443780899047852
1326,1,12,12.911347389221191
1326,2,12,13.025032997131348
1326,3,12,12.67664909362793
1326,4,12,12.713812828063965
1326,5,12,12.675460815429688
1326,6,12,12.808721542358398
1326,7,12,12.853853225708008
1326,8,12,12.84316349029541
1326,9,12,12.884603500366211
1326,10,12,12.955240249633789
1326,11,12,12.90999698638916
1326,12,12,12.941020965576172
1327,1,3,12.88101577758789
1327,2,3,13.123863220214844
1327,3,3,12.787535667419434
1327,4,3,12.085427284240723
1327,5,3,11.421549797058105
1327,6,3,11.869544982910156
1327,7,3,12.027246475219727
1327,8,3,11.703786849975586
1327,9,3,12.31576156616211
1327,10,3,11.943294525146484
1327,11,3,10.095475196838379
1327,12,3,11.445425033569336
1328,1,10,9.856409072875977
1328,2,10,10.305049896240234
1328,3,10,10.40035629272461
1328,4,10,10.629794120788574
1328,5,10,10.792167663574219
1328,6,10,10.19534969329834
1328,7,10,9.21792984008789
1328,8,10,8.705605506896973
1328,9,10,0.0
1328,10,10,9.360974311828613
1328,11,10,9.670674324035645
1328,12,10,9.75748348236084
1329,1,4,12.650912284851074
1329,2,4,12.883983612060547
1329,3,4,12.48429012298584
1329,4,4,12.369522094726562
1329,5,4,12.533541679382324
1329,6,4,12.479772567749023
1329,7,4,12.753741264343262
1329,8,4,12.698212623596191
1329,9,4,12.674585342407227
1329,10,4,12.583955764770508
1329,11,4,12.436984062194824
1329,12,4,13.173385620117188
1330,1,12,10.280716896057129
1330,2,12,10.22365951538086
1330,3,12,10.26307201385498
1330,4,12,10.331642150878906
1330,5,12,10.054506301879883
1330,6,12,10.287744522094727
1330,7,12,10.348854064941406
1330,8,12,10.190670013427734
1330,9,12,10.204830169677734
1330,10,12,11.32083511352539
1330,11,12,12.015701293945312
1330,12,12,10.858870506286621
1331,1,5,14.88253402709961
1331,2,5,14.95401668548584
1331,3,5,14.981085777282715
1331,4,5,15.236265182495117
1331,5,5,15.240601539611816
1331,6,5,15.37392520904541
1331,7,5,15.340775489807129
1331,8,5,15.456799507141113
1331,9,5,15.554661750793457
1331,10,5,15.544054985046387
1331,11,5,15.742426872253418
1331,12,5,15.905074119567871
1332,1,12,10.380022048950195
1332,2,12,10.292562484741211
1332,3,12,10.161430358886719
1332,4,12,10.307404518127441
1332,5,12,10.226573944091797
1332,6,12,10.252907752990723
1332,7,12,10.486043930053711
1332,8,12,8.82723331451416
1332,9,12,5.283620357513428
1332,10,12,10.258406639099121
1332,11,12,12.358015060424805
1332,12,12,10.95289134979248
1333,1,9,10.376587867736816
1333,2,9,10.716958045959473
1333,3,9,10.222617149353027
1333,4,9,10.70512866973877
1333,5,9,9.986034393310547
1333,6,9,10.613789558410645
1333,7,9,11.1777925491333
1333,8,9,10.738901138305664
1333,9,9,11.644709587097168
1333,10,9,11.882648468017578
1333,11,9,11.308780670166016
1333,12,9,11.243600845336914
1334,1,12,9.976297378540039
1334,2,12,9.314532279968262
1334,3,12,9.282465934753418
1334,4,12,9.735307693481445
1334,5,12,9.333768844604492
1334,6,12,10.199600219726562
1334,7,12,10.301612854003906
1334,8,12,8.578059196472168
1334,9,12,10.227218627929688
1334,10,12,11.235325813293457
1334,11,12,11.256943702697754
1334,12,12,10.916128158569336
1335,1,8,10.24927806854248
1335,2,8,10.521658897399902
1335,3,8,10.566879272460938
1335,4,8,10.882594108581543
1335,5,8,10.929571151733398
1335,6,8,10.91836929321289
1335,7,8,11.07943344116211
1335,8,8,11.238968849182129
1335,9,8,11.070756912231445
1335,10,8,11.230076789855957
1335,11,8,11.129754066467285
1335,12,8,11.18289566040039
1336,1,11,11.036842346191406
1336,2,11,11.376825332641602
1336,3,11,11.609243392944336
1336,4,11,11.967267036437988
1336,5,11,11.799153327941895
1336,6,11,11.909180641174316
1336,7,11,11.902373313903809
1336,8,11,12.039649963378906
1336,9,11,11.99164867401123
1336,10,11,12.097155570983887
1336,11,11,12.450037956237793
1336,12,11,12.646356582641602
1337,1,11,8.469844818115234
1337,2,11,8.987924575805664
1337,3,11,7.744880676269531
1337,4,11,7.391734600067139
1337,5,11,9.714325904846191
1337,6,11,9.680971145629883
1337,7,11,7.561406135559082
1337,8,11,8.85360050201416
1337,9,11,7.806649208068848
1337,10,11,10.581920623779297
1337,11,11,9.927103042602539
1337,12,11,7.466873645782471
1338,1,10,13.689403533935547
1338,2,10,13.70134449005127
1338,3,10,13.796019554138184
1338,4,10,13.787580490112305
1338,5,10,13.808158874511719
1338,6,10,13.860733985900879
1338,7,10,13.874106407165527
1338,8,10,13.938399314880371
1338,9,10,13.963976860046387
1338,10,10,14.129947662353516
1338,11,10,14.189030647277832
1338,12,10,14.207240104675293
1339,1,9,9.299481391906738
1339,2,9,8.49881362915039
1339,3,9,10.152179718017578
1339,4,9,10.010643005371094
1339,5,9,9.066917419433594
1339,6,9,9.729352951049805
1339,7,9,9.725265502929688
1339,8,9,9.984480857849121
1339,9,9,9.738932609558105
1339,10,9,9.553824424743652
1339,11,9,3.3620307445526123
1339,12,9,9.168295860290527
1340,1,7,12.211018562316895
1340,2,7,12.462969779968262
1340,3,7,12.472979545593262
1340,4,7,12.570987701416016
1340,5,7,12.5322265625
1340,6,7,12.603363990783691
1340,7,7,13.33812427520752
1340,8,7,13.528242111206055
1340,9,7,13.42046070098877
1340,10,7,13.496248245239258
1340,11,7,13.497316360473633
1340,12,7,13.471357345581055
1341,1,2,10.287189483642578
1341,2,2,9.222027778625488
1341,3,2,10.354493141174316
1341,4,2,10.314455032348633
1341,5,2,0.015188455581665039
1341,6,2,10.192828178405762
1341,7,2,10.481955528259277
1341,8,2,10.517121315002441
1341,9,2,10.766345977783203
1341,10,2,10.131959915161133
1341,11,2,10.477472305297852
1341,12,2,10.096108436584473
1342,1,12,9.589969635009766
1342,2,12,10.585883140563965
1342,3,12,9.071328163146973
1342,4,12,8.99087142944336
1342,5,12,9.154380798339844
1342,6,12,9.571342468261719
1342,7,12,10.225821495056152
1342,8,12,9.618616104125977
1342,9,12,9.301913261413574
1342,10,12,9.669805526733398
1342,11,12,9.821587562561035
1342,12,12,9.816167831420898
1343,1,11,0.0
1343,2,11,0.0
1343,3,11,0.0
1343,4,11,7.850222587585449
1343,5,11,3.989250659942627
1343,6,11,8.495699882507324
1343,7,11,8.541951179504395
1343,8,11,9.207252502441406
1343,9,11,8.790081024169922
1343,10,11,8.66667652130127
1343,11,11,9.024476051330566
1343,12,11,9.266945838928223
1344,1,6,9.550545692443848
1344,2,6,9.217368125915527
1344,3,6,9.179110527038574
1344,4,6,9.332443237304688
1344,5,6,9.134516716003418
1344,6,6,10.034137725830078
1344,7,6,9.757868766784668
1344,8,6,9.073060989379883
1344,9,6,9.139649391174316
1344,10,6,9.13525390625
1344,11,6,9.116974830627441
1344,12,6,9.140318870544434
1345,1,9,10.388072967529297
1345,2,9,10.497211456298828
1345,3,9,10.560944557189941
1345,4,9,10.516510963439941
1345,5,9,10.583175659179688
1345,6,9,10.714607238769531
1345,7,9,10.68242073059082
1345,8,9,10.982450485229492
1345,9,9,11.138208389282227
1345,10,9,11.099973678588867
1345,11,9,11.254966735839844
1345,12,9,11.11361026763916
1346,1,8,9.96350383758545
1346,2,8,10.033673286437988
1346,3,8,10.038180351257324
1346,4,8,10.063892364501953
1346,5,8,9.914284706115723
1346,6,8,10.347515106201172
1346,7,8,9.993125915527344
1346,8,8,10.15358829498291
1346,9,8,10.070245742797852
1346,10,8,10.091070175170898
1346,11,8,10.019059181213379
1346,12,8,9.95691204071045
1347,1,12,10.278970718383789
1347,2,12,9.475605964660645
1347,3,12,9.683660507202148
1347,4,12,9.653258323669434
1347,5,12,9.849855422973633
1347,6,12,9.946823120117188
1347,7,12,10.042285919189453
1347,8,12,10.33370304107666
1347,9,12,10.605202674865723
1347,10,12,10.594876289367676
1347,11,12,10.56418514251709
1347,12,12,11.123802185058594
1348,1,8,5.744513034820557
1348,2,8,6.860590934753418
1348,3,8,6.454287528991699
1348,4,8,9.081758499145508
1348,5,8,7.477871894836426
1348,6,8,7.362462997436523
1348,7,8,7.515360355377197
1348,8,8,6.928384780883789
1348,9,8,8.83096981048584
1348,10,8,9.528115272521973
1348,11,8,9.852848052978516
1348,12,8,8.945109367370605
1349,1,3,12.949753761291504
1349,2,3,13.032394409179688
1349,3,3,13.018199920654297
1349,4,3,13.296332359313965
1349,5,3,13.315738677978516
1349,6,3,13.362059593200684
1349,7,3,13.303168296813965
1349,8,3,13.256258010864258
1349,9,3,13.276589393615723
1349,10,3,13.315059661865234
1349,11,3,13.4293794631958
1349,12,3,13.83296012878418
1350,1,12,8.697589874267578
1350,2,12,8.44815444946289
1350,3,12,6.978495121002197
1350,4,12,7.190840244293213
1350,5,12,7.832382678985596
1350,6,12,8.50995922088623
1350,7,12,9.95918083190918
1350,8,12,9.853569030761719
1350,9,12,9.751370429992676
1350,10,12,10.040574073791504
1350,11,12,10.192462921142578
1350,12,12,9.659364700317383
1351,1,11,10.91258716583252
1351,2,11,11.033266067504883
1351,3,11,11.645261764526367
1351,4,11,11.340160369873047
1351,5,11,11.466569900512695
1351,6,11,10.892298698425293
1351,7,11,11.08599853515625
1351,8,11,10.971928596496582
1351,9,11,11.330524444580078
1351,10,11,10.96315860748291
1351,11,11,10.77234172821045
1351,12,11,10.665369033813477
1352,1,2,14.130374908447266
1352,2,2,14.51386547088623
1352,3,2,14.75169849395752
1352,4,2,14.846454620361328
1352,5,2,14.765997886657715
1352,6,2,14.767744064331055
1352,7,2,14.842535018920898
1352,8,2,14.835969924926758
1352,9,2,14.87482738494873
1352,10,2,14.934738159179688
1352,11,2,14.943134307861328
1352,12,2,14.962881088256836
1353,1,11,9.006866455078125
1353,2,11,10.105088233947754
1353,3,11,10.802018165588379
1353,4,11,9.212858200073242
1353,5,11,9.623656272888184
1353,6,11,9.940912246704102
1353,7,11,10.114948272705078
1353,8,11,10.080779075622559
1353,9,11,9.493570327758789
1353,10,11,10.322626113891602
1353,11,11,9.371145248413086
1353,12,11,6.511804580688477
1354,1,4,8.358555793762207
1354,2,4,9.16720962524414
1354,3,4,9.452242851257324
1354,4,4,9.333768844604492
1354,5,4,10.612975120544434
1354,6,4,10.808459281921387
1354,7,4,10.556730270385742
1354,8,4,10.820978164672852
1354,9,4,10.56027603149414
1354,10,4,10.719949722290039
1354,11,4,10.685932159423828
1354,12,4,10.6643648147583
1355,1,9,7.247220993041992
1355,2,9,8.418488502502441
1355,3,9,8.696307182312012
1355,4,9,9.402748107910156
1355,5,9,9.694844245910645
1355,6,9,9.440242767333984
1355,7,9,9.507283210754395
1355,8,9,8.802490234375
1355,9,9,10.769936561584473
1355,10,9,10.634050369262695
1355,11,9,10.38260555267334
1355,12,9,10.428750991821289
1356,1,12,13.600445747375488
1356,2,12,13.613457679748535
1356,3,12,13.582541465759277
1356,4,12,13.58621883392334
1356,5,12,13.598650932312012
1356,6,12,13.635510444641113
1356,7,12,13.6341552734375
1356,8,12,13.641816139221191
1356,9,12,13.7245512008667
1356,10,12,13.878544807434082
1356,11,12,13.913178443908691
1356,12,12,14.038371086120605
1357,1,4,0.0
1357,2,4,7.347560405731201
1357,3,4,7.284549713134766
1357,4,4,7.503686904907227
1357,5,4,7.733194828033447
1357,6,4,8.285438537597656
1357,7,4,8.01707935333252
1357,8,4,8.613869667053223
1357,9,4,8.557530403137207
1357,10,4,8.410524368286133
1357,11,4,8.281220436096191
1357,12,4,8.007853507995605
1358,1,11,9.686432838439941
1358,2,11,9.650339126586914
1358,3,11,9.764837265014648
1358,4,11,9.808350563049316
1358,5,11,10.07251262664795
1358,6,11,10.359540939331055
1358,7,11,9.907425880432129
1358,8,11,9.989240646362305
1358,9,11,9.84489631652832
1358,10,11,9.931468963623047
1358,11,11,9.98491382598877
1358,12,11,10.017948150634766
1359,1,11,9.742170333862305
1359,2,11,9.750162124633789
1359,3,11,9.554092407226562
1359,4,11,9.562044143676758
1359,5,11,9.233402252197266
1359,6,11,9.074544906616211
1359,7,11,8.500986099243164
1359,8,11,10.51111888885498
1359,9,11,9.765828132629395
1359,10,11,9.392647743225098
1359,11,11,9.930923461914062
1359,12,11,9.781975746154785
1360,1,11,11.980300903320312
1360,2,11,11.807035446166992
1360,3,11,12.503421783447266
1360,4,11,12.065690040588379
1360,5,11,12.243304252624512
1360,6,11,12.396546363830566
1360,7,11,12.289239883422852
1360,8,11,13.016026496887207
1360,9,11,13.341849327087402
1360,10,11,13.630377769470215
1360,11,11,13.113170623779297
1360,12,11,12.957951545715332
1361,1,11,11.520768165588379
1361,2,11,11.595039367675781
1361,3,11,11.616719245910645
1361,4,11,11.718050003051758
1361,5,11,11.701001167297363
1361,6,11,11.883544921875
1361,7,11,12.033819198608398
1361,8,11,11.897392272949219
1361,9,11,11.777069091796875
1361,10,11,11.859975814819336
1361,11,11,12.149324417114258
1361,12,11,12.120484352111816
1362,1,11,11.654472351074219
1362,2,11,11.268909454345703
1362,3,11,11.344764709472656
1362,4,11,11.47281551361084
1362,5,11,11.596668243408203
1362,6,11,11.716096878051758
1362,7,11,11.605667114257812
1362,8,11,11.676122665405273
1362,9,11,11.618756294250488
1362,10,11,11.799591064453125
1362,11,11,11.775094985961914
1362,12,11,11.936762809753418
1363,1,5,7.381319999694824
1363,2,5,10.571354866027832
1363,3,5,10.154396057128906
1363,4,5,10.091986656188965
1363,5,5,9.636018753051758
1363,6,5,10.114136695861816
1363,7,5,9.309731483459473
1363,8,5,8.801340103149414
1363,9,5,9.608474731445312
1363,10,5,9.392647743225098
1363,11,5,9.495209693908691
1363,12,5,8.7116060256958
1364,1,12,10.352622032165527
1364,2,12,10.402173042297363
1364,3,12,10.533703804016113
1364,4,12,10.720232963562012
1364,5,12,10.537342071533203
1364,6,12,10.101642608642578
1364,7,12,9.420735359191895
1364,8,12,9.344575881958008
1364,9,12,9.323877334594727
1364,10,12,9.013459205627441
1364,11,12,9.495209693908691
1364,12,12,8.213205337524414
1365,1,6,10.334044456481934
1365,2,6,11.492875099182129
1365,3,6,11.45461654663086
1365,4,6,11.276092529296875
1365,5,6,10.852378845214844
1365,6,6,9.939624786376953
1365,7,6,10.881720542907715
1365,8,6,11.749520301818848
1365,9,6,9.603870391845703
1365,10,6,11.242416381835938
1365,11,6,11.081136703491211
1365,12,6,11.039145469665527
1366,1,6,10.692022323608398
1366,2,6,10.726417541503906
1366,3,6,10.791138648986816
1366,4,6,11.024534225463867
1366,5,6,11.051153182983398
1366,6,6,11.20733642578125
1366,7,6,11.17127799987793
1366,8,6,11.208864212036133
1366,9,6,11.117615699768066
1366,10,6,10.746768951416016
1366,11,6,11.237448692321777
1366,12,6,11.242812156677246
1367,1,12,8.717732429504395
1367,2,12,9.228316307067871
1367,3,12,8.550606727600098
1367,4,12,9.513876914978027
1367,5,12,9.379173278808594
1367,6,12,8.77551555633545
1367,7,12,10.180198669433594
1367,8,12,10.482690811157227
1367,9,12,11.029423713684082
1367,10,12,10.739372253417969
1367,11,12,6.244987487792969
1367,12,12,10.155674934387207
1368,1,12,8.727241516113281
1368,2,12,8.261954307556152
1368,3,12,8.294196128845215
1368,4,12,8.449917793273926
1368,5,12,6.239515781402588
1368,6,12,9.352984428405762
1368,7,12,7.839108943939209
1368,8,12,6.890153408050537
1368,9,12,7.363822937011719
1368,10,12,7.998785018920898
1368,11,12,9.035842895507812
1368,12,12,8.555900573730469
1369,1,11,14.382264137268066
1369,2,11,14.747161865234375
1369,3,11,14.72265911102295
1369,4,11,14.736556053161621
1369,5,11,14.679115295410156
1369,6,11,14.981200218200684
1369,7,11,15.208887100219727
1369,8,11,15.547130584716797
1369,9,11,15.51097583770752
1369,10,11,15.570724487304688
1369,11,11,15.633462905883789
1369,12,11,15.651324272155762
1370,1,9,10.718350410461426
1370,2,9,10.681843757629395
1370,3,9,10.51163101196289
1370,4,9,10.407718658447266
1370,5,9,10.495874404907227
1370,6,9,10.624419212341309
1370,7,9,9.357708930969238
1370,8,9,9.408926010131836
1370,9,9,4.434576034545898
1370,10,9,10.77038860321045
1370,11,9,10.073596954345703
1370,12,9,10.169071197509766
1371,1,3,6.842435359954834
1371,2,3,8.073711395263672
1371,3,3,4.932791233062744
1371,4,3,7.62506103515625
1371,5,3,9.130270957946777
1371,6,3,8.07481575012207
1371,7,3,3.241065263748169
1371,8,3,7.275735855102539
1371,9,3,5.949585437774658
1371,10,3,7.059147834777832
1371,11,3,7.114320755004883
1371,12,3,7.273710250854492
1372,1,11,0.0
1372,2,11,9.15557861328125
1372,3,11,9.240412712097168
1372,4,11,9.689628601074219
1372,5,11,8.596162796020508
1372,6,11,8.730141639709473
1372,7,11,9.481801986694336
1372,8,11,8.64500617980957
1372,9,11,8.190333366394043
1372,10,11,7.463977336883545
1372,11,11,7.672804832458496
1372,12,11,8.270898818969727
1373,1,9,11.281513214111328
1373,2,9,11.431350708007812
1373,3,9,11.2653226852417
1373,4,9,11.074130058288574
1373,5,9,11.043615341186523
1373,6,9,11.090332984924316
1373,7,9,11.012350082397461
1373,8,9,11.012208938598633
1373,9,9,10.967405319213867
1373,10,9,10.973978042602539
1373,11,9,11.051910400390625
1373,12,9,11.056475639343262
1374,1,12,13.701420783996582
1374,2,12,13.788013458251953
1374,3,12,13.9380521774292
1374,4,12,13.910147666931152
1374,5,12,13.884634971618652
1374,6,12,13.93593978881836
1374,7,12,13.998903274536133
1374,8,12,14.016165733337402
1374,9,12,14.084616661071777
1374,10,12,14.069133758544922
1374,11,12,14.142008781433105
1374,12,12,14.109950065612793
1375,1,11,13.19633674621582
1375,2,11,12.996371269226074
1375,3,11,13.155228614807129
1375,4,11,12.857671737670898
1375,5,11,12.935880661010742
1375,6,11,13.123320579528809
1375,7,11,13.529644966125488
1375,8,11,13.617071151733398
1375,9,11,13.667165756225586
1375,10,11,13.667518615722656
1375,11,11,13.583870887756348
1375,12,11,13.631911277770996
1376,1,8,11.482307434082031
1376,2,8,11.650049209594727
1376,3,8,11.807711601257324
1376,4,8,11.750920295715332
1376,5,8,11.812501907348633
1376,6,8,11.984858512878418
1376,7,8,11.980671882629395
1376,8,8,12.220314025878906
1376,9,8,12.200979232788086
1376,10,8,13.648752212524414
1376,11,8,13.722922325134277
1376,12,8,13.649861335754395
1377,1,6,0.0
1377,2,6,6.772953033447266
1377,3,6,9.137598991394043
1377,4,6,8.829363822937012
1377,5,6,8.490811347961426
1377,6,6,8.995391845703125
1377,7,6,8.928791999816895
1377,8,6,9.288458824157715
1377,9,6,9.225622177124023
1377,10,6,10.108089447021484
1377,11,6,10.021023750305176
1377,12,6,8.551519393920898
1378,1,9,9.872343063354492
1378,2,9,10.038813591003418
1378,3,9,10.450149536132812
1378,4,9,10.539985656738281
1378,5,9,10.435264587402344
1378,6,9,10.502835273742676
1378,7,9,10.717586517333984
1378,8,9,10.75593090057373
1378,9,9,10.769624710083008
1378,10,9,10.823702812194824
1378,11,9,10.843844413757324
1378,12,9,10.818743705749512
1379,1,6,10.257357597351074
1379,2,6,10.461012840270996
1379,3,6,9.529679298400879
1379,4,6,9.682818412780762
1379,5,6,9.131414413452148
1379,6,6,10.479580879211426
1379,7,6,9.756143569946289
1379,8,6,9.84464168548584
1379,9,6,9.739347457885742
1379,10,6,10.28807544708252
1379,11,6,9.984870910644531
1379,12,6,4.530877590179443
1380,1,6,9.254097938537598
1380,2,6,8.690435409545898
1380,3,6,8.558916091918945
1380,4,6,8.431892395019531
1380,5,6,8.524091720581055
1380,6,6,8.167365074157715
1380,7,6,8.349770545959473
1380,8,6,8.569966316223145
1380,9,6,8.3770751953125
1380,10,6,8.779595375061035
1380,11,6,9.584342002868652
1380,12,6,8.448875427246094
1381,1,7,14.814911842346191
1381,2,7,14.979354858398438
1381,3,7,15.060059547424316
1381,4,7,15.246691703796387
1381,5,7,15.232658386230469
1381,6,7,15.248865127563477
1381,7,7,15.273274421691895
1381,8,7,15.616241455078125
1381,9,7,15.796714782714844
1381,10,7,15.741951942443848
1381,11,7,15.791725158691406
1381,12,7,15.732355117797852
1382,1,10,9.321852684020996
1382,2,10,9.509023666381836
1382,3,10,9.753366470336914
1382,4,10,9.723567962646484
1382,5,10,9.454116821289062
1382,6,10,9.53468132019043
1382,7,10,9.641484260559082
1382,8,10,10.436327934265137
1382,9,10,10.58195972442627
1382,10,10,11.002230644226074
1382,11,10,11.08858585357666
1382,12,10,11.073620796203613
1383,1,,11.370993614196777
1383,2,,11.596904754638672
1383,3,,11.426128387451172
1383,4,,11.499300003051758
1383,5,,11.429368019104004
1383,6,,11.675457000732422
1383,7,,11.686692237854004
1383,8,,11.716437339782715
1383,9,,11.79878044128418
1383,10,,11.741209030151367
1383,11,,11.788324356079102
1383,12,,11.707940101623535
1384,1,2,9.417835235595703
1384,2,2,9.947745323181152
1384,3,2,10.471128463745117
1384,4,2,9.414134979248047
1384,5,2,9.70247745513916
1384,6,2,9.81881046295166
1384,7,2,10.042298316955566
1384,8,2,10.392817497253418
1384,9,2,10.521324157714844
1384,10,2,10.196887969970703
1384,11,2,10.248302459716797
1384,12,2,10.240279197692871
1385,1,11,11.262670516967773
1385,2,11,11.33845329284668
1385,3,11,11.33714485168457
1385,4,11,11.19585132598877
1385,5,11,11.19653606414795
1385,6,11,11.119338989257812
1385,7,11,11.068290710449219
1385,8,11,10.94032096862793
1385,9,11,11.06404972076416
1385,10,11,10.946218490600586
1385,11,11,11.60908031463623
1385,12,11,11.155640602111816
1386,1,5,8.474970817565918
1386,2,5,9.884110450744629
1386,3,5,10.490105628967285
1386,4,5,10.675905227661133
1386,5,5,10.480574607849121
1386,6,5,10.657439231872559
1386,7,5,9.896239280700684
1386,8,5,9.816144943237305
1386,9,5,9.734606742858887
1386,10,5,9.613031387329102
1386,11,5,9.857231140136719
1386,12,5,9.787363052368164
1387,1,11,8.257899284362793
1387,2,11,8.066892623901367
1387,3,11,10.228639602661133
1387,4,11,9.85972785949707
1387,5,11,9.680736541748047
1387,6,11,9.288639068603516
1387,7,11,9.300239562988281
1387,8,11,9.93124008178711
1387,9,11,9.101738929748535
1387,10,11,9.560415267944336
1387,11,11,8.726547241210938
1387,12,11,8.258481979370117
1388,1,2,9.227283477783203
1388,2,2,9.428779602050781
1388,3,2,9.655856132507324
1388,4,2,9.604133605957031
1388,5,2,9.674453735351562
1388,6,2,10.040517807006836
1388,7,2,9.998035430908203
1388,8,2,10.051251411437988
1388,9,2,10.118767738342285
1388,10,2,9.94148063659668
1388,11,2,10.096840858459473
1388,12,2,10.742636680603027
1389,1,11,10.92659854888916
1389,2,11,11.001879692077637
1389,3,11,11.08763599395752
1389,4,11,11.10464859008789
1389,5,11,11.102113723754883
1389,6,11,11.134912490844727
1389,7,11,11.088231086730957
1389,8,11,11.094592094421387
1389,9,11,11.070789337158203
1389,10,11,11.089094161987305
1389,11,11,11.010198593139648
1389,12,11,11.068175315856934
1390,1,11,12.03398609161377
1390,2,11,12.105687141418457
1390,3,11,12.132298469543457
1390,4,11,12.12237548828125
1390,5,11,12.208312034606934
1390,6,11,12.200949668884277
1390,7,11,12.199958801269531
1390,8,11,12.200435638427734
1390,9,11,12.209755897521973
1390,10,11,12.30066967010498
1390,11,11,12.332906723022461
1390,12,11,12.354193687438965
1391,1,11,10.918658256530762
1391,2,11,11.748307228088379
1391,3,11,11.01328182220459
1391,4,11,11.028458595275879
1391,5,11,10.986355781555176
1391,6,11,11.036585807800293
1391,7,11,11.017424583435059
1391,8,11,10.898984909057617
1391,9,11,10.998762130737305
1391,10,11,10.970433235168457
1391,11,11,10.982089042663574
1391,12,11,11.964312553405762
1392,1,10,9.54885482788086
1392,2,10,9.895086288452148
1392,3,10,9.918539047241211
1392,4,10,10.003785133361816
1392,5,10,9.760306358337402
1392,6,10,9.904260635375977
1392,7,10,9.850165367126465
1392,8,10,8.721503257751465
1392,9,10,7.847085475921631
1392,10,10,9.587711334228516
1392,11,10,10.81268310546875
1392,12,10,10.19272518157959
1393,1,7,12.328022956848145
1393,2,7,12.750168800354004
1393,3,7,13.12387752532959
1393,4,7,12.774247169494629
1393,5,7,12.910792350769043
1393,6,7,13.544889450073242
1393,7,7,13.556184768676758
1393,8,7,13.711371421813965
1393,9,7,13.899826049804688
1393,10,7,13.80031681060791
1393,11,7,14.133289337158203
1393,12,7,14.071027755737305
1394,1,11,8.066282272338867
1394,2,11,8.54632568359375
1394,3,11,8.156116485595703
1394,4,11,8.102254867553711
1394,5,11,7.8213701248168945
1394,6,11,7.785895824432373
1394,7,11,8.095935821533203
1394,8,11,9.02161979675293
1394,9,11,8.364462852478027
1394,10,11,8.189920425415039
1394,11,11,8.359980583190918
1394,12,11,8.114764213562012
1395,1,12,9.780328750610352
1395,2,12,11.248420715332031
1395,3,12,10.767759323120117
1395,4,12,10.607847213745117
1395,5,12,10.908767700195312
1395,6,12,10.180869102478027
1395,7,12,10.113679885864258
1395,8,12,10.08650016784668
1395,9,12,9.7224702835083
1395,10,12,10.044391632080078
1395,11,12,9.696887016296387
1395,12,12,9.631872177124023
1396,1,11,9.379313468933105
1396,2,11,10.53035831451416
1396,3,11,9.929244041442871
1396,4,11,10.338915824890137
1396,5,11,7.301213264465332
1396,6,11,10.983901977539062
1396,7,11,8.891339302062988
1396,8,11,11.049602508544922
1396,9,11,11.2332181930542
1396,10,11,10.630865097045898
1396,11,11,10.67706298828125
1396,12,11,10.512502670288086
1397,1,6,0.0
1397,2,6,7.320038795471191
1397,3,6,7.283384323120117
1397,4,6,7.039747714996338
1397,5,6,9.986525535583496
1397,6,6,10.392576217651367
1397,7,6,0.0
1397,8,6,11.308350563049316
1397,9,6,10.31928825378418
1397,10,6,10.99274730682373
1397,11,6,10.843768119812012
1397,12,6,11.03647232055664
1398,1,12,7.986553192138672
1398,2,12,8.811531066894531
1398,3,12,8.488041877746582
1398,4,12,7.442142963409424
1398,5,12,7.6189799308776855
1398,6,12,8.128891944885254
1398,7,12,9.737299919128418
1398,8,12,9.152144432067871
1398,9,12,8.35759162902832
1398,10,12,10.441500663757324
1398,11,12,9.130109786987305
1398,12,12,10.028243064880371
1399,1,11,9.567178726196289
1399,2,11,9.432708740234375
1399,3,11,9.402186393737793
1399,4,11,9.356475830078125
1399,5,11,9.314813613891602
1399,6,11,9.466787338256836
1399,7,11,9.937522888183594
1399,8,11,9.56207275390625
1399,9,11,9.405795097351074
1399,10,11,9.549962997436523
1399,11,11,9.111334800720215
1399,12,11,9.683979034423828
1400,1,3,10.363730430603027
1400,2,3,10.508255958557129
1400,3,3,11.661727905273438
1400,4,3,11.85169792175293
1400,5,3,11.786031723022461
1400,6,3,11.973420143127441
1400,7,3,11.979936599731445
1400,8,3,11.970611572265625
1400,9,3,11.892328262329102
1400,10,3,12.33470344543457
1400,11,3,12.307598114013672
1400,12,3,12.2280912399292
1401,1,10,16.200149536132812
1401,2,10,16.098281860351562
1401,3,10,16.17778968811035
1401,4,10,16.301111221313477
1401,5,10,16.402790069580078
1401,6,10,16.387649536132812
1401,7,10,16.438703536987305
1401,8,10,16.483369827270508
1401,9,10,16.614505767822266
1401,10,10,16.726085662841797
1401,11,10,16.87456703186035
1401,12,10,16.932931900024414
1402,1,5,10.625472068786621
1402,2,5,10.51702880859375
1402,3,5,11.101968765258789
1402,4,5,10.918890953063965
1402,5,5,10.878002166748047
1402,6,5,11.764970779418945
1402,7,5,11.189322471618652
1402,8,5,11.157203674316406
1402,9,5,11.1058349609375
1402,10,5,10.889847755432129
1402,11,5,11.378862380981445
1402,12,5,11.335016250610352
1403,1,12,10.66079330444336
1403,2,12,10.650354385375977
1403,3,12,10.84570026397705
1403,4,12,11.287029266357422
1403,5,12,11.15689754486084
1403,6,12,11.681458473205566
1403,7,12,11.827545166015625
1403,8,12,11.920988082885742
1403,9,12,12.199206352233887
1403,10,12,12.13524055480957
1403,11,12,11.931074142456055
1403,12,12,12.069777488708496
1404,1,11,11.45700740814209
1404,2,11,12.174226760864258
1404,3,11,12.183370590209961
1404,4,11,12.324808120727539
1404,5,11,12.295230865478516
1404,6,11,12.298075675964355
1404,7,11,12.637236595153809
1404,8,11,12.713715553283691
1404,9,11,12.685641288757324
1404,10,11,12.755241394042969
1404,11,11,12.742667198181152
1404,12,11,13.146721839904785
1405,1,11,8.971202850341797
1405,2,11,8.690376281738281
1405,3,11,8.177326202392578
1405,4,11,9.692679405212402
1405,5,11,9.136884689331055
1405,6,11,9.116515159606934
1405,7,11,8.73563003540039
1405,8,11,8.163386344909668
1405,9,11,8.272516250610352
1405,10,11,8.417933464050293
1405,11,11,8.655938148498535
1405,12,11,8.943549156188965
1406,1,10,8.988689422607422
1406,2,10,9.350269317626953
1406,3,10,9.545689582824707
1406,4,10,9.39038372039795
1406,5,10,10.187507629394531
1406,6,10,9.60339069366455
1406,7,10,9.433259010314941
1406,8,10,9.749520301818848
1406,9,10,9.727301597595215
1406,10,10,9.463740348815918
1406,11,10,10.828631401062012
1406,12,10,10.940582275390625
1407,1,2,10.779440879821777
1407,2,2,11.48675537109375
1407,3,2,11.865907669067383
1407,4,2,11.801172256469727
1407,5,2,11.867799758911133
1407,6,2,11.823152542114258
1407,7,2,12.140389442443848
1407,8,2,12.212353706359863
1407,9,2,12.480652809143066
1407,10,2,12.172571182250977
1407,11,2,12.07866382598877
1407,12,2,12.279075622558594
1408,1,11,11.49133586883545
1408,2,11,11.898978233337402
1408,3,11,11.944478034973145
1408,4,11,11.675457954406738
1408,5,11,11.594343185424805
1408,6,11,11.712140083312988
1408,7,11,11.659762382507324
1408,8,11,11.706788063049316
1408,9,11,11.76673412322998
1408,10,11,12.594266891479492
1408,11,11,12.159889221191406
1408,12,11,12.219832420349121
1409,1,12,12.020730018615723
1409,2,12,11.907382011413574
1409,3,12,11.98822021484375
1409,4,12,12.539883613586426
1409,5,12,12.736454963684082
1409,6,12,12.428709983825684
1409,7,12,12.541545867919922
1409,8,12,12.607248306274414
1409,9,12,12.751980781555176
1409,10,12,13.102422714233398
1409,11,12,13.069116592407227
1409,12,12,13.412559509277344
1410,1,7,11.433767318725586
1410,2,7,11.001757621765137
1410,3,7,11.300140380859375
1410,4,7,11.254801750183105
1410,5,7,11.135594367980957
1410,6,7,11.321815490722656
1410,7,7,12.018427848815918
1410,8,7,11.987354278564453
1410,9,7,12.025176048278809
1410,10,7,11.069097518920898
1410,11,7,12.25152587890625
1410,12,7,11.98706340789795
1411,1,8,11.760600090026855
1411,2,8,12.833272933959961
1411,3,8,12.895552635192871
1411,4,8,12.959564208984375
1411,5,8,12.737861633300781
1411,6,8,12.789534568786621
1411,7,8,12.74637222290039
1411,8,8,12.905728340148926
1411,9,8,12.666973114013672
1411,10,8,13.135956764221191
1411,11,8,13.257181167602539
1411,12,8,13.344547271728516
1412,1,11,10.950193405151367
1412,2,11,10.982245445251465
1412,3,11,10.941527366638184
1412,4,11,11.205286979675293
1412,5,11,11.125232696533203
1412,6,11,10.29000473022461
1412,7,11,10.245443344116211
1412,8,11,10.315688133239746
1412,9,11,10.323216438293457
1412,10,11,10.26661205291748
1412,11,11,10.254693031311035
1412,12,11,10.221385955810547
1413,1,4,12.062342643737793
1413,2,4,12.172647476196289
1413,3,4,12.40378475189209
1413,4,4,12.34572982788086
1413,5,4,12.348854064941406
1413,6,4,12.498126983642578
1413,7,4,12.649201393127441
1413,8,4,12.630321502685547
1413,9,4,12.719138145446777
1413,10,4,12.676252365112305
1413,11,4,12.647950172424316
1413,12,4,12.856799125671387
1414,1,10,10.076004981994629
1414,2,10,9.756555557250977
1414,3,10,9.980727195739746
1414,4,10,10.424742698669434
1414,5,10,9.155735969543457
1414,6,10,8.306426048278809
1414,7,10,9.40569019317627
1414,8,10,9.872060775756836
1414,9,10,10.168893814086914
1414,10,10,9.623868942260742
1414,11,10,9.755270004272461
1414,12,10,10.588211059570312
1415,1,11,13.114870071411133
1415,2,11,13.374691009521484
1415,3,11,13.43589973449707
1415,4,11,13.326956748962402
1415,5,11,13.439802169799805
1415,6,11,13.58442211151123
1415,7,11,13.565561294555664
1415,8,11,13.927330017089844
1415,9,11,14.055567741394043
1415,10,11,13.978354454040527
1415,11,11,14.113504409790039
1415,12,11,14.013724327087402
1416,1,12,11.168766021728516
1416,2,12,12.141292572021484
1416,3,12,11.092545509338379
1416,4,12,11.328777313232422
1416,5,12,11.262406349182129
1416,6,12,10.876745223999023
1416,7,12,11.324951171875
1416,8,12,11.75273609161377
1416,9,12,11.637080192565918
1416,10,12,11.70128059387207
1416,11,12,11.761053085327148
1416,12,12,12.148431777954102
1417,1,12,10.15738582611084
1417,2,12,10.540973663330078
1417,3,12,10.914562225341797
1417,4,12,10.696870803833008
1417,5,12,10.585936546325684
1417,6,12,10.600567817687988
1417,7,12,10.568353652954102
1417,8,12,10.533297538757324
1417,9,12,10.632311820983887
1417,10,12,10.84514045715332
1417,11,12,10.797541618347168
1417,12,12,10.436907768249512
1418,1,6,15.25214672088623
1418,2,6,15.21168327331543
1418,3,6,15.165732383728027
1418,4,6,15.196861267089844
1418,5,6,14.916301727294922
1418,6,6,15.369035720825195
1418,7,6,15.569318771362305
1418,8,6,15.599164009094238
1418,9,6,15.784551620483398
1418,10,6,15.838970184326172
1418,11,6,15.900750160217285
1418,12,6,15.911893844604492
1419,1,11,8.762678146362305
1419,2,11,7.714106559753418
1419,3,11,8.282843589782715
1419,4,11,8.364287376403809
1419,5,11,8.15959358215332
1419,6,11,8.360535621643066
1419,7,11,8.20475959777832
1419,8,11,8.842867851257324
1419,9,11,8.5735502243042
1419,10,11,9.761383056640625
1419,11,11,9.575854301452637
1419,12,11,10.165849685668945
1420,1,10,9.998457908630371
1420,2,10,10.630867958068848
1420,3,10,10.504321098327637
1420,4,10,10.968878746032715
1420,5,10,10.201560020446777
1420,6,10,10.045571327209473
1420,7,10,10.077229499816895
1420,8,10,10.533933639526367
1420,9,10,10.872925758361816
1420,10,10,10.917448043823242
1420,11,10,10.862565994262695
1420,12,10,10.831220626831055
1421,1,8,16.380001068115234
1421,2,8,16.333221435546875
1421,3,8,16.416597366333008
1421,4,8,16.61852264404297
1421,5,8,16.592666625976562
1421,6,8,16.71711540222168
1421,7,8,16.957162857055664
1421,8,8,17.048885345458984
1421,9,8,17.102481842041016
1421,10,8,17.092504501342773
1421,11,8,17.206369400024414
1421,12,8,17.19211196899414
1422,1,7,8.356823921203613
1422,2,7,0.0
1422,3,7,8.444241523742676
1422,4,7,0.0
1422,5,7,0.0
1422,6,7,9.462931632995605
1422,7,7,9.732529640197754
1422,8,7,9.851259231567383
1422,9,7,9.829167366027832
1422,10,7,9.92700481414795
1422,11,7,10.014557838439941
1422,12,7,10.160097122192383
1423,1,3,9.082575798034668
1423,2,3,10.226692199707031
1423,3,3,10.21876049041748
1423,4,3,11.550237655639648
1423,5,3,11.844120979309082
1423,6,3,11.63637924194336
1423,7,3,11.87454891204834
1423,8,3,12.341554641723633
1423,9,3,10.824511528015137
1423,10,3,10.599634170532227
1423,11,3,11.119363784790039
1423,12,3,10.405747413635254
1424,1,6,7.754279613494873
1424,2,6,7.820768356323242
1424,3,6,7.977860450744629
1424,4,6,8.247123718261719
1424,5,6,8.288722038269043
1424,6,6,8.228520393371582
1424,7,6,7.7906413078308105
1424,8,6,8.114767074584961
1424,9,6,8.202584266662598
1424,10,6,8.135116577148438
1424,11,6,8.266100883483887
1424,12,6,8.416849136352539
1425,1,7,5.759237289428711
1425,2,7,2.919390916824341
1425,3,7,7.167433261871338
1425,4,7,8.674301147460938
1425,5,7,5.959392070770264
1425,6,7,8.620088577270508
1425,7,7,8.653950691223145
1425,8,7,9.289207458496094
1425,9,7,9.029909133911133
1425,10,7,8.302347183227539
1425,11,7,9.157669067382812
1425,12,7,8.754383087158203
1426,1,10,15.97303581237793
1426,2,10,16.100168228149414
1426,3,10,16.082496643066406
1426,4,10,16.09113883972168
1426,5,10,16.053043365478516
1426,6,10,16.075313568115234
1426,7,10,16.071826934814453
1426,8,10,16.059274673461914
1426,9,10,16.067670822143555
1426,10,10,16.27797508239746
1426,11,10,16.27413558959961
1426,12,10,16.758651733398438
1427,1,7,10.427206039428711
1427,2,7,10.424607276916504
1427,3,7,10.583687782287598
1427,4,7,10.709664344787598
1427,5,7,9.781028747558594
1427,6,7,10.198661804199219
1427,7,7,9.992234230041504
1427,8,7,10.119277000427246
1427,9,7,9.316828727722168
1427,10,7,9.919967651367188
1427,11,7,10.004547119140625
1427,12,7,10.16038990020752
1428,1,11,9.789311408996582
1428,2,11,10.335296630859375
1428,3,11,10.873957633972168
1428,4,11,10.918208122253418
1428,5,11,10.431502342224121
1428,6,11,10.890158653259277
1428,7,11,10.812040328979492
1428,8,11,10.774174690246582
1428,9,11,10.989640235900879
1428,10,11,11.344013214111328
1428,11,11,11.475318908691406
1428,12,11,11.838244438171387
1429,1,11,10.051830291748047
1429,2,11,9.744377136230469
1429,3,11,10.913987159729004
1429,4,11,10.579586029052734
1429,5,11,8.716763496398926
1429,6,11,8.923883438110352
1429,7,11,8.98295783996582
1429,8,11,9.077052116394043
1429,9,11,8.977524757385254
1429,10,11,9.684226036071777
1429,11,11,10.672368049621582
1429,12,11,10.351957321166992
1430,1,4,9.380638122558594
1430,2,4,10.66538143157959
1430,3,4,9.317625045776367
1430,4,4,9.482901573181152
1430,5,4,0.0
1430,6,4,8.496354103088379
1430,7,4,9.028782844543457
1430,8,4,8.802827835083008
1430,9,4,8.066893577575684
1430,10,4,9.815828323364258
1430,11,4,9.703341484069824
1430,12,4,9.627809524536133
1431,1,,8.345565795898438
1431,2,,9.031375885009766
1431,3,,10.987883567810059
1431,4,,10.329641342163086
1431,5,,10.5895414352417
1431,6,,10.581257820129395
1431,7,,10.746454238891602
1431,8,,10.68114185333252
1431,9,,10.677399635314941
1431,10,,10.839428901672363
1431,11,,10.678252220153809
1431,12,,10.923303604125977
1432,1,11,10.228757858276367
1432,2,11,11.251075744628906
1432,3,11,11.021830558776855
1432,4,11,10.961255073547363
1432,5,11,10.926361083984375
1432,6,11,11.08614730834961
1432,7,11,11.290099143981934
1432,8,11,11.318676948547363
1432,9,11,11.156848907470703
1432,10,11,11.166664123535156
1432,11,11,11.615440368652344
1432,12,11,11.6321382522583
1433,1,6,10.235474586486816
1433,2,6,11.069903373718262
1433,3,6,10.370973587036133
1433,4,6,9.922050476074219
1433,5,6,10.099773406982422
1433,6,6,10.484776496887207
1433,7,6,10.100945472717285
1433,8,6,9.796817779541016
1433,9,6,9.78788948059082
1433,10,6,10.16971206665039
1433,11,6,10.006608009338379
1433,12,6,10.67682933807373
1434,1,12,10.847140312194824
1434,2,12,10.72587776184082
1434,3,12,10.605530738830566
1434,4,12,10.820727348327637
1434,5,12,10.660540580749512
1434,6,12,11.658313751220703
1434,7,12,11.524938583374023
1434,8,12,11.705900192260742
1434,9,12,11.770014762878418
1434,10,12,11.815346717834473
1434,11,12,12.009357452392578
1434,12,12,11.589215278625488
1435,1,12,7.345696449279785
1435,2,12,7.7659687995910645
1435,3,12,7.858194828033447
1435,4,12,7.387423038482666
1435,5,12,8.022665977478027
1435,6,12,8.044290542602539
1435,7,12,8.125020027160645
1435,8,12,9.245340347290039
1435,9,12,9.39082145690918
1435,10,12,9.490323066711426
1435,11,12,9.812884330749512
1435,12,12,9.8464994430542
1436,1,12,12.710611343383789
1436,2,12,12.945422172546387
1436,3,12,12.821203231811523
1436,4,12,12.882987976074219
1436,5,12,12.804404258728027
1436,6,12,12.98694896697998
1436,7,12,12.955803871154785
1436,8,12,12.988151550292969
1436,9,12,13.06341552734375
1436,10,12,13.015563011169434
1436,11,12,13.120576858520508
1436,12,12,13.228767395019531
1437,1,11,12.521923065185547
1437,2,11,12.755454063415527
1437,3,11,12.7951021194458
1437,4,11,12.786234855651855
1437,5,11,12.836155891418457
1437,6,11,12.901222229003906
1437,7,11,12.93912124633789
1437,8,11,12.99711799621582
1437,9,11,13.16218376159668
1437,10,11,13.274422645568848
1437,11,11,13.346760749816895
1437,12,11,13.340130805969238
1438,1,5,11.359323501586914
1438,2,5,11.576631546020508
1438,3,5,11.852757453918457
1438,4,5,11.883631706237793
1438,5,5,11.992264747619629
1438,6,5,12.325169563293457
1438,7,5,12.328197479248047
1438,8,5,12.41342830657959
1438,9,5,12.530444145202637
1438,10,5,12.514198303222656
1438,11,5,12.52245807647705
1438,12,5,12.592232704162598
1439,1,3,11.036160469055176
1439,2,3,11.065923690795898
1439,3,3,11.06433391571045
1439,4,3,12.751115798950195
1439,5,3,10.892977714538574
1439,6,3,11.220136642456055
1439,7,3,11.09835147857666
1439,8,3,11.03817081451416
1439,9,3,11.04005241394043
1439,10,3,11.091798782348633
1439,11,3,11.167576789855957
1439,12,3,11.713208198547363
1440,1,12,11.093106269836426
1440,2,12,10.868995666503906
1440,3,12,10.936461448669434
1440,4,12,10.538152694702148
1440,5,12,9.498197555541992
1440,6,12,9.68270492553711
1440,7,12,11.300976753234863
1440,8,12,11.178474426269531
1440,9,12,10.958649635314941
1440,10,12,11.35142993927002
1440,11,12,11.011651992797852
1440,12,12,9.247320175170898
1441,1,6,15.278741836547852
1441,2,6,15.268245697021484
1441,3,6,15.412636756896973
1441,4,6,15.573468208312988
1441,5,6,15.555153846740723
1441,6,6,15.648649215698242
1441,7,6,15.964710235595703
1441,8,6,16.008989334106445
1441,9,6,16.086088180541992
1441,10,6,16.12116241455078
1441,11,6,16.171815872192383
1441,12,6,16.129241943359375
1442,1,6,14.59322738647461
1442,2,6,14.561076164245605
1442,3,6,14.76443099975586
1442,4,6,14.83812141418457
1442,5,6,14.75264835357666
1442,6,6,14.794042587280273
1442,7,6,14.86184024810791
1442,8,6,14.88561725616455
1442,9,6,14.945535659790039
1442,10,6,14.993672370910645
1442,11,6,15.060794830322266
1442,12,6,15.017821311950684
1443,1,7,10.304072380065918
1443,2,7,10.384765625
1443,3,7,10.230849266052246
1443,4,7,10.682267189025879
1443,5,7,10.591972351074219
1443,6,7,10.691166877746582
1443,7,7,10.706856727600098
1443,8,7,10.766619682312012
1443,9,7,11.0164213180542
1443,10,7,11.087019920349121
1443,11,7,11.156956672668457
1443,12,7,11.0035400390625
1444,1,6,12.894962310791016
1444,2,6,13.15990924835205
1444,3,6,12.909041404724121
1444,4,6,13.18387222290039
1444,5,6,12.902233123779297
1444,6,6,13.083553314208984
1444,7,6,12.847241401672363
1444,8,6,13.449844360351562
1444,9,6,14.15981388092041
1444,10,6,14.320658683776855
1444,11,6,14.18872356414795
1444,12,6,13.400111198425293
1445,1,11,13.091944694519043
1445,2,11,12.761963844299316
1445,3,11,12.8086519241333
1445,4,11,12.821821212768555
1445,5,11,13.037660598754883
1445,6,11,13.141075134277344
1445,7,11,13.613606452941895
1445,8,11,13.01714038848877
1445,9,11,13.075677871704102
1445,10,11,13.092164039611816
1445,11,11,13.157610893249512
1445,12,11,13.580368041992188
1446,1,3,10.876151084899902
1446,2,3,11.164477348327637
1446,3,3,9.790285110473633
1446,4,3,11.329784393310547
1446,5,3,10.961148262023926
1446,6,3,10.516945838928223
1446,7,3,10.719221115112305
1446,8,3,11.394448280334473
1446,9,3,11.446110725402832
1446,10,3,11.452348709106445
1446,11,3,11.414316177368164
1446,12,3,11.577136039733887
1447,1,7,8.074299812316895
1447,2,7,11.474929809570312
1447,3,7,11.54726505279541
1447,4,7,10.89533805847168
1447,5,7,10.649968147277832
1447,6,7,10.839810371398926
1447,7,7,10.885382652282715
1447,8,7,11.224428176879883
1447,9,7,11.161476135253906
1447,10,7,11.146368980407715
1447,11,7,11.108169555664062
1447,12,7,11.017014503479004
1448,1,12,12.23599910736084
1448,2,12,12.977739334106445
1448,3,12,11.905900955200195
1448,4,12,12.180488586425781
1448,5,12,12.68066120147705
1448,6,12,12.48874282836914
1448,7,12,12.619281768798828
1448,8,12,12.631049156188965
1448,9,12,12.756418228149414
1448,10,12,12.894051551818848
1448,11,12,13.036881446838379
1448,12,12,13.125502586364746
1449,1,12,10.339275360107422
1449,2,12,11.03143310546875
1449,3,12,11.168779373168945
1449,4,12,11.498798370361328
1449,5,12,11.292315483093262
1449,6,12,11.26254653930664
1449,7,12,11.034440994262695
1449,8,12,11.116267204284668
1449,9,12,10.703873634338379
1449,10,12,10.235823631286621
1449,11,12,10.72940731048584
1449,12,12,10.506302833557129
1450,1,7,13.06792163848877
1450,2,7,13.265292167663574
1450,3,7,13.26706600189209
1450,4,7,13.276528358459473
1450,5,7,13.275533676147461
1450,6,7,13.306997299194336
1450,7,7,13.379254341125488
1450,8,7,13.426874160766602
1450,9,7,13.571586608886719
1450,10,7,13.72995662689209
1450,11,7,13.773865699768066
1450,12,7,13.756952285766602
1451,1,11,11.613049507141113
1451,2,11,11.957571983337402
1451,3,11,11.856887817382812
1451,4,11,11.900521278381348
1451,5,11,11.931004524230957
1451,6,11,11.990952491760254
1451,7,11,12.074914932250977
1451,8,11,12.074071884155273
1451,9,11,12.135149002075195
1451,10,11,12.373724937438965
1451,11,11,12.183889389038086
1451,12,11,12.417284965515137
1452,1,3,11.383922576904297
1452,2,3,11.366848945617676
1452,3,3,11.513874053955078
1452,4,3,11.781044960021973
1452,5,3,11.809638023376465
1452,6,3,11.846892356872559
1452,7,3,11.844970703125
1452,8,3,11.803018569946289
1452,9,3,11.817091941833496
1452,10,3,11.953756332397461
1452,11,3,12.038987159729004
1452,12,3,12.026703834533691
1453,1,5,11.926309585571289
1453,2,5,11.874307632446289
1453,3,5,12.127057075500488
1453,4,5,12.212431907653809
1453,5,5,12.199387550354004
1453,6,5,12.170960426330566
1453,7,5,12.150513648986816
1453,8,5,12.107555389404297
1453,9,5,12.117266654968262
1453,10,5,12.216127395629883
1453,11,5,12.190834999084473
1453,12,5,12.262723922729492
1454,1,7,10.87724494934082
1454,2,7,11.638179779052734
1454,3,7,10.962586402893066
1454,4,7,11.231574058532715
1454,5,7,11.16236686706543
1454,6,7,11.189882278442383
1454,7,7,9.941641807556152
1454,8,7,12.712331771850586
1454,9,7,12.094205856323242
1454,10,7,12.093300819396973
1454,11,7,12.175922393798828
1454,12,7,12.155184745788574
1455,1,12,12.871525764465332
1455,2,12,12.63969898223877
1455,3,12,12.436741828918457
1455,4,12,12.5657320022583
1455,5,12,12.710050582885742
1455,6,12,12.706015586853027
1455,7,12,12.687565803527832
1455,8,12,12.672273635864258
1455,9,12,12.712526321411133
1455,10,12,12.73631763458252
1455,11,12,12.873708724975586
1455,12,12,12.995182037353516
1456,1,7,8.674423217773438
1456,2,7,8.422088623046875
1456,3,7,8.715709686279297
1456,4,7,7.150912284851074
1456,5,7,7.780884265899658
1456,6,7,10.13798713684082
1456,7,7,10.173446655273438
1456,8,7,11.05282211303711
1456,9,7,10.455950736999512
1456,10,7,10.722288131713867
1456,11,7,10.605618476867676
1456,12,7,10.778240203857422
1457,1,5,12.578007698059082
1457,2,5,12.581748008728027
1457,3,5,12.71423625946045
1457,4,5,12.633666038513184
1457,5,5,12.716649055480957
1457,6,5,12.933283805847168
1457,7,5,12.969940185546875
1457,8,5,12.984085083007812
1457,9,5,13.066755294799805
1457,10,5,13.068977355957031
1457,11,5,13.073707580566406
1457,12,5,13.05660629272461
1458,1,11,10.199702262878418
1458,2,11,10.498639106750488
1458,3,11,10.194875717163086
1458,4,11,10.806073188781738
1458,5,11,10.73313045501709
1458,6,11,10.229223251342773
1458,7,11,10.574028015136719
1458,8,11,9.934385299682617
1458,9,11,10.833661079406738
1458,10,11,11.18967056274414
1458,11,11,10.87230396270752
1458,12,11,11.39972972869873
1459,1,11,10.961919784545898
1459,2,11,10.912202835083008
1459,3,11,10.761180877685547
1459,4,11,11.673784255981445
1459,5,11,12.087746620178223
1459,6,11,10.755560874938965
1459,7,11,11.32827377319336
1459,8,11,11.311169624328613
1459,9,11,11.115802764892578
1459,10,11,11.08700942993164
1459,11,11,11.90368366241455
1459,12,11,10.970110893249512
1460,1,12,14.193489074707031
1460,2,12,14.258862495422363
1460,3,12,14.147303581237793
1460,4,12,14.133474349975586
1460,5,12,14.178227424621582
1460,6,12,14.204771041870117
1460,7,12,14.16383171081543
1460,8,12,14.294304847717285
1460,9,12,14.334816932678223
1460,10,12,14.32218074798584
1460,11,12,14.401212692260742
1460,12,12,14.377055168151855
1461,1,11,9.53586483001709
1461,2,11,10.17717170715332
1461,3,11,10.175826072692871
1461,4,11,10.235589027404785
1461,5,11,10.450530052185059
1461,6,11,10.243488311767578
1461,7,11,10.700608253479004
1461,8,11,10.8535795211792
1461,9,11,10.74905014038086
1461,10,11,10.318931579589844
1461,11,11,11.289140701293945
1461,12,11,10.898917198181152
1462,1,3,10.840511322021484
1462,2,3,10.792530059814453
1462,3,3,9.86507797241211
1462,4,3,10.870573997497559
1462,5,3,10.495380401611328
1462,6,3,10.29202651977539
1462,7,3,10.510634422302246
1462,8,3,10.387386322021484
1462,9,3,10.353551864624023
1462,10,3,10.304133415222168
1462,11,3,10.297560691833496
1462,12,3,10.44399356842041
1463,1,10,11.464201927185059
1463,2,10,11.827190399169922
1463,3,10,12.044726371765137
1463,4,10,11.956415176391602
1463,5,10,12.003814697265625
1463,6,10,12.218226432800293
1463,7,10,12.312080383300781
1463,8,10,12.344613075256348
1463,9,10,12.330928802490234
1463,10,10,12.548583030700684
1463,11,10,12.547447204589844
1463,12,10,12.446586608886719
1464,1,12,12.78105354309082
1464,2,12,12.621232032775879
1464,3,12,12.767102241516113
1464,4,12,13.03785514831543
1464,5,12,12.831934928894043
1464,6,12,13.16535758972168
1464,7,12,13.181035995483398
1464,8,12,13.210892677307129
1464,9,12,13.244925498962402
1464,10,12,13.330548286437988
1464,11,12,13.34686279296875
1464,12,12,13.284245491027832
1465,1,9,10.282889366149902
1465,2,9,10.303544044494629
1465,3,9,10.361603736877441
1465,4,9,10.375353813171387
1465,5,9,10.33423137664795
1465,6,9,10.445036888122559
1465,7,9,10.610590934753418
1465,8,9,10.45654296875
1465,9,9,10.485475540161133
1465,10,9,10.818432807922363
1465,11,9,11.363951683044434
1465,12,9,11.376581192016602
1466,1,11,12.34921646118164
1466,2,11,12.47510051727295
1466,3,11,12.451639175415039
1466,4,11,12.614592552185059
1466,5,11,12.50625991821289
1466,6,11,12.591948509216309
1466,7,11,12.655908584594727
1466,8,11,12.835630416870117
1466,9,11,12.866924285888672
1466,10,11,13.187448501586914
1466,11,11,13.201998710632324
1466,12,11,13.122294425964355
1467,1,11,13.928858757019043
1467,2,11,13.647083282470703
1467,3,11,13.59099292755127
1467,4,11,13.652975082397461
1467,5,11,13.605390548706055
1467,6,11,13.701127052307129
1467,7,11,13.727967262268066
1467,8,11,13.769732475280762
1467,9,11,13.84239673614502
1467,10,11,14.034103393554688
1467,11,11,14.055536270141602
1467,12,11,14.230072975158691
1468,1,3,10.900005340576172
1468,2,3,11.161519050598145
1468,3,3,11.327662467956543
1468,4,3,11.264233589172363
1468,5,3,11.190073013305664
1468,6,3,11.189592361450195
1468,7,3,11.131803512573242
1468,8,3,11.154703140258789
1468,9,3,11.137613296508789
1468,10,3,11.158950805664062
1468,11,3,11.088838577270508
1468,12,3,11.001602172851562
1469,1,2,16.249996185302734
1469,2,2,16.339523315429688
1469,3,2,16.460100173950195
1469,4,2,16.543638229370117
1469,5,2,16.668460845947266
1469,6,2,16.679704666137695
1469,7,2,16.718902587890625
1469,8,2,17.15184211730957
1469,9,2,17.153181076049805
1469,10,2,17.144010543823242
1469,11,2,17.215124130249023
1469,12,2,17.360206604003906
1470,1,3,11.774641990661621
1470,2,3,12.004129409790039
1470,3,3,12.063496589660645
1470,4,3,12.136273384094238
1470,5,3,12.07693862915039
1470,6,3,11.957947731018066
1470,7,3,12.010819435119629
1470,8,3,12.012168884277344
1470,9,3,12.018594741821289
1470,10,3,12.06693172454834
1470,11,3,12.149860382080078
1470,12,3,12.079974174499512
1471,1,11,12.717036247253418
1471,2,11,12.677858352661133
1471,3,11,12.717827796936035
1471,4,11,12.750944137573242
1471,5,11,12.659910202026367
1471,6,11,12.807064056396484
1471,7,11,12.894266128540039
1471,8,11,12.912330627441406
1471,9,11,12.944982528686523
1471,10,11,12.992587089538574
1471,11,11,13.131736755371094
1471,12,11,13.043577194213867
1472,1,3,13.087381362915039
1472,2,3,13.540196418762207
1472,3,3,13.598245620727539
1472,4,3,13.707222938537598
1472,5,3,13.825848579406738
1472,6,3,13.971273422241211
1472,7,3,13.987521171569824
1472,8,3,14.713605880737305
1472,9,3,14.824076652526855
1472,10,3,15.07879638671875
1472,11,3,15.0248384475708
1472,12,3,15.000693321228027
1473,1,7,17.302892684936523
1473,2,7,17.35103988647461
1473,3,7,17.522125244140625
1473,4,7,17.866209030151367
1473,5,7,17.81770133972168
1473,6,7,17.808046340942383
1473,7,7,17.832653045654297
1473,8,7,17.862340927124023
1473,9,7,17.926164627075195
1473,10,7,17.936582565307617
1473,11,7,17.944355010986328
1473,12,7,17.930437088012695
1474,1,8,13.33886432647705
1474,2,8,13.376202583312988
1474,3,8,13.517854690551758
1474,4,8,13.333179473876953
1474,5,8,13.326973915100098
1474,6,8,13.353754997253418
1474,7,8,13.451196670532227
1474,8,8,13.432832717895508
1474,9,8,13.615220069885254
1474,10,8,13.690308570861816
1474,11,8,13.72052001953125
1474,12,8,13.836816787719727
1475,1,3,15.875368118286133
1475,2,3,15.941325187683105
1475,3,3,15.977009773254395
1475,4,3,16.016389846801758
1475,5,3,15.978322982788086
1475,6,3,16.09604835510254
1475,7,3,16.068681716918945
1475,8,3,16.103267669677734
1475,9,3,16.134031295776367
1475,10,3,16.204479217529297
1475,11,3,16.23621940612793
1475,12,3,16.251256942749023
1476,1,12,14.8839111328125
1476,2,12,14.976971626281738
1476,3,12,15.061528205871582
1476,4,12,15.081554412841797
1476,5,12,15.1151762008667
1476,6,12,15.143271446228027
1476,7,12,15.314302444458008
1476,8,12,15.341540336608887
1476,9,12,15.362765312194824
1476,10,12,15.341460227966309
1476,11,12,15.204224586486816
1476,12,12,15.28496265411377
1477,1,12,15.937736511230469
1477,2,12,15.984962463378906
1477,3,12,16.051620483398438
1477,4,12,16.092226028442383
1477,5,12,16.07200050354004
1477,6,12,16.120866775512695
1477,7,12,16.138721466064453
1477,8,12,16.171152114868164
1477,9,12,16.178743362426758
1477,10,12,15.659890174865723
1477,11,12,16.20410919189453
1477,12,12,16.19278335571289
1478,1,9,15.96894359588623
1478,2,9,16.089906692504883
1478,3,9,15.926661491394043
1478,4,9,16.007848739624023
1478,5,9,15.911552429199219
1478,6,9,15.897991180419922
1478,7,9,15.985554695129395
1478,8,9,16.112693786621094
1478,9,9,16.157272338867188
1478,10,9,16.241952896118164
1478,11,9,16.249082565307617
1478,12,9,16.346891403198242
1479,1,10,12.588852882385254
1479,2,10,12.730409622192383
1479,3,10,12.80914306640625
1479,4,10,13.434616088867188
1479,5,10,12.704754829406738
1479,6,10,12.913952827453613
1479,7,10,13.003191947937012
1479,8,10,12.816617012023926
1479,9,10,12.926661491394043
1479,10,10,13.08009147644043
1479,11,10,13.8782320022583
1479,12,10,13.989299774169922
1480,1,4,14.275382041931152
1480,2,4,14.45248794555664
1480,3,4,14.442304611206055
1480,4,4,14.1677827835083
1480,5,4,14.158600807189941
1480,6,4,14.098535537719727
1480,7,4,14.1681547164917
1480,8,4,14.202363967895508
1480,9,4,14.198782920837402
1480,10,4,14.256218910217285
1480,11,4,14.323482513427734
1480,12,4,14.353501319885254
1481,1,11,16.663612365722656
1481,2,11,16.778703689575195
1481,3,11,16.807649612426758
1481,4,11,16.7866153717041
1481,5,11,16.738162994384766
1481,6,11,16.893918991088867
1481,7,11,17.03985595703125
1481,8,11,17.075931549072266
1481,9,11,17.199310302734375
1481,10,11,17.26372718811035
1481,11,11,17.34848976135254
1481,12,11,17.47633171081543
1482,1,11,12.784156799316406
1482,2,11,13.277905464172363
1482,3,11,13.819701194763184
1482,4,11,11.936247825622559
1482,5,11,12.682999610900879
1482,6,11,12.28370189666748
1482,7,11,12.287373542785645
1482,8,11,12.44134521484375
1482,9,11,12.41627311706543
1482,10,11,12.451871871948242
1482,11,11,12.564011573791504
1482,12,11,12.544737815856934
1483,1,11,11.700844764709473
1483,2,11,12.76978874206543
1483,3,11,11.959636688232422
1483,4,11,12.018441200256348
1483,5,11,11.986814498901367
1483,6,11,11.844595909118652
1483,7,11,11.850992202758789
1483,8,11,11.934682846069336
1483,9,11,11.948962211608887
1483,10,11,12.031033515930176
1483,11,11,12.109697341918945
1483,12,11,12.090120315551758
1484,1,8,11.949399948120117
1484,2,8,12.250901222229004
1484,3,8,12.374552726745605
1484,4,8,12.400556564331055
1484,5,8,12.351446151733398
1484,6,8,12.476635932922363
1484,7,8,12.431711196899414
1484,8,8,12.761693000793457
1484,9,8,12.765068054199219
1484,10,8,12.797574043273926
1484,11,8,12.808409690856934
1484,12,8,12.764693260192871
1485,1,3,14.443109512329102
1485,2,3,14.703800201416016
1485,3,3,14.673324584960938
1485,4,3,14.41142463684082
1485,5,3,14.459833145141602
1485,6,3,14.480989456176758
1485,7,3,14.503535270690918
1485,8,3,14.258420944213867
1485,9,3,14.437865257263184
1485,10,3,14.497823715209961
1485,11,3,14.470921516418457
1485,12,3,14.47956371307373
1486,1,11,13.002098083496094
1486,2,11,14.076767921447754
1486,3,11,14.271795272827148
1486,4,11,14.753143310546875
1486,5,11,15.007217407226562
1486,6,11,13.957977294921875
1486,7,11,13.784960746765137
1486,8,11,13.806346893310547
1486,9,11,13.962681770324707
1486,10,11,13.952925682067871
1486,11,11,13.959479331970215
1486,12,11,14.485981941223145
1487,1,10,15.115216255187988
1487,2,10,15.16317367553711
1487,3,10,15.145637512207031
1487,4,10,15.192036628723145
1487,5,10,15.23491096496582
1487,6,10,15.193012237548828
1487,7,10,15.273056030273438
1487,8,10,15.307389259338379
1487,9,10,16.113365173339844
1487,10,10,15.420817375183105
1487,11,10,15.409317016601562
1487,12,10,15.427490234375
1488,1,11,16.254039764404297
1488,2,11,16.226787567138672
1488,3,11,16.25096321105957
1488,4,11,16.4301700592041
1488,5,11,16.517343521118164
1488,6,11,16.633886337280273
1488,7,11,16.725181579589844
1488,8,11,16.793859481811523
1488,9,11,16.86345863342285
1488,10,11,16.837697982788086
1488,11,11,16.80074691772461
1488,12,11,16.82513427734375
1489,1,3,12.909454345703125
1489,2,3,13.069049835205078
1489,3,3,12.399636268615723
1489,4,3,12.436790466308594
1489,5,3,12.495369911193848
1489,6,3,12.581036567687988
1489,7,3,12.615537643432617
1489,8,3,12.738179206848145
1489,9,3,12.713309288024902
1489,10,3,12.916918754577637
1489,11,3,12.426825523376465
1489,12,3,12.383519172668457
1490,1,8,16.5711612701416
1490,2,8,16.63041114807129
1490,3,8,16.63588523864746
1490,4,8,16.757883071899414
1490,5,8,16.768632888793945
1490,6,8,16.85915184020996
1490,7,8,16.86978530883789
1490,8,8,16.897689819335938
1490,9,8,16.90217399597168
1490,10,8,17.06987762451172
1490,11,8,17.11475944519043
1490,12,8,17.044269561767578
1491,1,6,12.462371826171875
1491,2,6,12.324796676635742
1491,3,6,12.269763946533203
1491,4,6,12.453948974609375
1491,5,6,12.521648406982422
1491,6,6,12.576484680175781
1491,7,6,12.65640640258789
1491,8,6,12.685851097106934
1491,9,6,12.687376022338867
1491,10,6,12.775607109069824
1491,11,6,12.737608909606934
1491,12,6,12.709586143493652
1492,1,7,15.519424438476562
1492,2,7,15.460221290588379
1492,3,7,15.5890474319458
1492,4,7,15.445286750793457
1492,5,7,15.509683609008789
1492,6,7,15.568037033081055
1492,7,7,15.885993957519531
1492,8,7,15.989628791809082
1492,9,7,16.035490036010742
1492,10,7,16.19301414489746
1492,11,7,16.220129013061523
1492,12,7,16.084871292114258
1493,1,11,13.241400718688965
1493,2,11,12.786735534667969
1493,3,11,12.929398536682129
1493,4,11,12.97955322265625
1493,5,11,13.453325271606445
1493,6,11,13.627135276794434
1493,7,11,13.580894470214844
1493,8,11,13.643755912780762
1493,9,11,13.696294784545898
1493,10,11,13.678377151489258
1493,11,11,13.744330406188965
1493,12,11,13.557639122009277
1494,1,3,12.649640083312988
1494,2,3,12.679316520690918
1494,3,3,12.860944747924805
1494,4,3,12.938182830810547
1494,5,3,12.89424991607666
1494,6,3,12.957661628723145
1494,7,3,12.668975830078125
1494,8,3,12.604374885559082
1494,9,3,12.630562782287598
1494,10,3,12.737130165100098
1494,11,3,12.76490306854248
1494,12,3,12.777512550354004
1495,1,5,15.683905601501465
1495,2,5,15.72718620300293
1495,3,5,15.825441360473633
1495,4,5,15.833309173583984
1495,5,5,15.832122802734375
1495,6,5,15.860067367553711
1495,7,5,15.905486106872559
1495,8,5,15.940948486328125
1495,9,5,15.960526466369629
1495,10,5,16.48548698425293
1495,11,5,16.101083755493164
1495,12,5,16.089494705200195
1496,1,7,15.871743202209473
1496,2,7,15.896276473999023
1496,3,7,16.60848617553711
1496,4,7,16.65481948852539
1496,5,7,16.63687515258789
1496,6,7,16.685443878173828
1496,7,7,16.623117446899414
1496,8,7,16.606456756591797
1496,9,7,16.650104522705078
1496,10,7,16.646699905395508
1496,11,7,16.711687088012695
1496,12,7,16.757543563842773
1497,1,3,17.261852264404297
1497,2,3,17.375263214111328
1497,3,3,17.25864028930664
1497,4,3,17.39581298828125
1497,5,3,17.395315170288086
1497,6,3,17.50260353088379
1497,7,3,17.490997314453125
1497,8,3,17.51658821105957
1497,9,3,17.541818618774414
1497,10,3,17.57903289794922
1497,11,3,17.59345817565918
1497,12,3,17.701828002929688
1498,1,11,15.324807167053223
1498,2,11,15.279952049255371
1498,3,11,15.454268455505371
1498,4,11,15.187210083007812
1498,5,11,15.368950843811035
1498,6,11,15.363293647766113
1498,7,11,15.345297813415527
1498,8,11,15.402228355407715
1498,9,11,15.439486503601074
1498,10,11,15.551289558410645
1498,11,11,15.622148513793945
1498,12,11,15.723228454589844
1499,1,6,14.532076835632324
1499,2,6,14.64881420135498
1499,3,6,14.680733680725098
1499,4,6,14.69032096862793
1499,5,6,14.658388137817383
1499,6,6,14.741552352905273
1499,7,6,14.792394638061523
1499,8,6,14.860715866088867
1499,9,6,14.873866081237793
1499,10,6,14.909907341003418
1499,11,6,14.926569938659668
1499,12,6,14.89661693572998
1500,1,11,13.599739074707031
1500,2,11,13.641188621520996
1500,3,11,13.564485549926758
1500,4,11,13.69149398803711
1500,5,11,13.8169527053833
1500,6,11,13.67773723602295
1500,7,11,13.758979797363281
1500,8,11,13.15222454071045
1500,9,11,13.343979835510254
1500,10,11,13.455284118652344
1500,11,11,13.396903038024902
1500,12,11,13.38326644897461
1501,1,11,13.29427433013916
1501,2,11,13.577977180480957
1501,3,11,13.371159553527832
1501,4,11,13.442076683044434
1501,5,11,13.472513198852539
1501,6,11,13.009772300720215
1501,7,11,13.078774452209473
1501,8,11,13.032585144042969
1501,9,11,13.399333953857422
1501,10,11,13.53753662109375
1501,11,11,13.576883316040039
1501,12,11,13.435661315917969
1502,1,8,16.02718734741211
1502,2,8,16.045045852661133
1502,3,8,16.07417106628418
1502,4,8,16.283727645874023
1502,5,8,16.31421661376953
1502,6,8,16.360708236694336
1502,7,8,16.340639114379883
1502,8,8,16.412460327148438
1502,9,8,16.426185607910156
1502,10,8,16.433462142944336
1502,11,8,16.536277770996094
1502,12,8,16.534446716308594
1503,1,2,13.021660804748535
1503,2,2,13.04321002960205
1503,3,2,13.186201095581055
1503,4,2,13.04369831085205
1503,5,2,13.11709213256836
1503,6,2,13.335311889648438
1503,7,2,13.192130088806152
1503,8,2,13.428484916687012
1503,9,2,13.64794921875
1503,10,2,13.384678840637207
1503,11,2,13.627642631530762
1503,12,2,13.601584434509277
1504,1,3,15.805994033813477
1504,2,3,15.721285820007324
1504,3,3,15.8866548538208
1504,4,3,16.003189086914062
1504,5,3,16.028108596801758
1504,6,3,16.231441497802734
1504,7,3,16.321186065673828
1504,8,3,16.437257766723633
1504,9,3,16.485546112060547
1504,10,3,16.552345275878906
1504,11,3,16.562393188476562
1504,12,3,16.548274993896484
1505,1,12,21.27937126159668
1505,2,12,21.299457550048828
1505,3,12,21.298969268798828
1505,4,12,21.295175552368164
1505,5,12,21.32493019104004
1505,6,12,21.34437370300293
1505,7,12,21.408695220947266
1505,8,12,21.408967971801758
1505,9,12,21.41836166381836
1505,10,12,21.48076629638672
1505,11,12,21.508302688598633
1505,12,12,21.440200805664062
1506,1,3,11.610036849975586
1506,2,3,11.756309509277344
1506,3,3,11.716184616088867
1506,4,3,11.813651084899902
1506,5,3,11.936834335327148
1506,6,3,12.15735912322998
1506,7,3,12.247506141662598
1506,8,3,12.227437973022461
1506,9,3,12.24311351776123
1506,10,3,12.048422813415527
1506,11,3,12.236729621887207
1506,12,3,12.2999849319458
1507,1,6,14.013849258422852
1507,2,6,13.458847045898438
1507,3,6,13.412922859191895
1507,4,6,13.652568817138672
1507,5,6,13.516895294189453
1507,6,6,13.528291702270508
1507,7,6,13.560691833496094
1507,8,6,13.594815254211426
1507,9,6,13.642633438110352
1507,10,6,13.748424530029297
1507,11,6,13.747411727905273
1507,12,6,13.770130157470703
1508,1,10,16.515153884887695
1508,2,10,16.64335060119629
1508,3,10,16.59613037109375
1508,4,10,14.358577728271484
1508,5,10,16.69306755065918
1508,6,10,16.762065887451172
1508,7,10,16.792673110961914
1508,8,10,16.975210189819336
1508,9,10,17.014389038085938
1508,10,10,17.076690673828125
1508,11,10,17.12250328063965
1508,12,10,17.00923728942871
1509,1,2,11.530527114868164
1509,2,2,11.380887985229492
1509,3,2,11.612682342529297
1509,4,2,11.768858909606934
1509,5,2,11.25867748260498
1509,6,2,11.317679405212402
1509,7,2,11.323186874389648
1509,8,2,11.276723861694336
1509,9,2,11.330062866210938
1509,10,2,11.358194351196289
1509,11,2,11.386402130126953
1509,12,2,11.362699508666992
1510,1,8,10.923222541809082
1510,2,8,10.936506271362305
1510,3,8,10.734098434448242
1510,4,8,10.817667007446289
1510,5,8,10.84020709991455
1510,6,8,10.84779167175293
1510,7,8,10.924628257751465
1510,8,8,11.309600830078125
1510,9,8,11.364994049072266
1510,10,8,12.401062965393066
1510,11,8,12.488207817077637
1510,12,8,12.791011810302734
1511,1,8,12.402647018432617
1511,2,8,12.466408729553223
1511,3,8,12.439709663391113
1511,4,8,12.427887916564941
1511,5,8,12.443208694458008
1511,6,8,13.274079322814941
1511,7,8,13.46805477142334
1511,8,8,13.950617790222168
1511,9,8,13.898115158081055
1511,10,8,14.019874572753906
1511,11,8,14.037821769714355
1511,12,8,13.925337791442871
1512,1,7,11.113436698913574
1512,2,7,10.997422218322754
1512,3,7,11.047892570495605
1512,4,7,11.101311683654785
1512,5,7,11.07396411895752
1512,6,7,11.266341209411621
1512,7,7,11.68564510345459
1512,8,7,11.740015983581543
1512,9,7,11.928691864013672
1512,10,7,12.029053688049316
1512,11,7,12.041037559509277
1512,12,7,11.997037887573242
1513,1,11,10.63593578338623
1513,2,11,10.713716506958008
1513,3,11,11.069177627563477
1513,4,11,10.762389183044434
1513,5,11,10.532120704650879
1513,6,11,11.111749649047852
1513,7,11,11.14362907409668
1513,8,11,10.91075611114502
1513,9,11,10.905062675476074
1513,10,11,10.9854736328125
1513,11,11,11.33665943145752
1513,12,11,11.41148567199707
1514,1,11,17.789308547973633
1514,2,11,17.82657241821289
1514,3,11,17.19988250732422
1514,4,11,17.11870765686035
1514,5,11,18.24282455444336
1514,6,11,17.792757034301758
1514,7,11,17.799455642700195
1514,8,11,17.81008529663086
1514,9,11,17.84174156188965
1514,10,11,17.898231506347656
1514,11,11,17.92420768737793
1514,12,11,17.93128776550293
1515,1,6,14.836851119995117
1515,2,6,14.80996322631836
1515,3,6,14.798744201660156
1515,4,6,14.814838409423828
1515,5,6,14.872365951538086
1515,6,6,14.978041648864746
1515,7,6,15.08646297454834
1515,8,6,15.15018367767334
1515,9,6,15.167747497558594
1515,10,6,15.24893856048584
1515,11,6,15.357352256774902
1515,12,6,15.3363676071167
1516,1,2,15.930760383605957
1516,2,2,15.995038032531738
1516,3,2,16.071636199951172
1516,4,2,16.08892059326172
1516,5,2,16.088623046875
1516,6,2,16.068218231201172
1516,7,2,16.149105072021484
1516,8,2,16.170074462890625
1516,9,2,16.230403900146484
1516,10,2,16.245542526245117
1516,11,2,16.216732025146484
1516,12,2,16.260499954223633
1517,1,5,11.514426231384277
1517,2,5,11.471126556396484
1517,3,5,11.554890632629395
1517,4,5,11.590794563293457
1517,5,5,11.613094329833984
1517,6,5,11.558999061584473
1517,7,5,11.704344749450684
1517,8,5,11.807662010192871
1517,9,5,11.738473892211914
1517,10,5,11.736945152282715
1517,11,5,11.790313720703125
1517,12,5,11.78984260559082
1518,1,11,11.358461380004883
1518,2,11,11.342299461364746
1518,3,11,11.408185958862305
1518,4,11,11.39119815826416
1518,5,11,11.398189544677734
1518,6,11,11.528915405273438
1518,7,11,11.556848526000977
1518,8,11,11.651958465576172
1518,9,11,11.709800720214844
1518,10,11,11.727226257324219
1518,11,11,11.711668968200684
1518,12,11,11.744868278503418
1519,1,11,10.411046028137207
1519,2,11,10.546037673950195
1519,3,11,10.846989631652832
1519,4,11,10.74094295501709
1519,5,11,10.752098083496094
1519,6,11,10.947196006774902
1519,7,11,10.945066452026367
1519,8,11,11.080303192138672
1519,9,11,12.719785690307617
1519,10,11,10.983293533325195
1519,11,11,11.147542953491211
1519,12,11,11.19327163696289
1520,1,11,11.511956214904785
1520,2,11,11.647432327270508
1520,3,11,11.805235862731934
1520,4,11,12.018918991088867
1520,5,11,12.090377807617188
1520,6,11,12.202155113220215
1520,7,11,12.267579078674316
1520,8,11,12.317519187927246
1520,9,11,12.41112995147705
1520,10,11,10.781272888183594
1520,11,11,12.490954399108887
1520,12,11,12.61148452758789
1521,1,10,12.51840877532959
1521,2,10,12.533292770385742
1521,3,10,12.477170944213867
1521,4,10,12.484189987182617
1521,5,10,12.403656005859375
1521,6,10,12.41643238067627
1521,7,10,12.44845199584961
1521,8,10,12.381424903869629
1521,9,10,12.33344554901123
1521,10,10,12.427181243896484
1521,11,10,14.256284713745117
1521,12,10,14.1890287399292
1522,1,3,10.821470260620117
1522,2,3,11.375969886779785
1522,3,3,11.558586120605469
1522,4,3,11.856474876403809
1522,5,3,11.887575149536133
1522,6,3,11.941704750061035
1522,7,3,12.040864944458008
1522,8,3,12.105025291442871
1522,9,3,12.190445899963379
1522,10,3,12.26801586151123
1522,11,3,12.296753883361816
1522,12,3,12.399163246154785
1523,1,12,10.561605453491211
1523,2,12,10.435669898986816
1523,3,12,10.882131576538086
1523,4,12,11.00500202178955
1523,5,12,10.532010078430176
1523,6,12,10.82096004486084
1523,7,12,10.889626502990723
1523,8,12,10.794219970703125
1523,9,12,10.964550018310547
1523,10,12,11.172889709472656
1523,11,12,11.155679702758789
1523,12,12,11.112039566040039
1524,1,6,17.346132278442383
1524,2,6,17.308273315429688
1524,3,6,17.369022369384766
1524,4,6,17.384109497070312
1524,5,6,17.393625259399414
1524,6,6,17.431854248046875
1524,7,6,17.670635223388672
1524,8,6,17.75383758544922
1524,9,6,17.714975357055664
1524,10,6,17.667078018188477
1524,11,6,17.676233291625977
1524,12,6,17.609264373779297
1525,1,12,16.467557907104492
1525,2,12,16.471757888793945
1525,3,12,16.511144638061523
1525,4,12,16.511228561401367
1525,5,12,16.50180435180664
1525,6,12,16.559925079345703
1525,7,12,16.59173583984375
1525,8,12,16.6121826171875
1525,9,12,16.63428497314453
1525,10,12,16.657608032226562
1525,11,12,16.68839454650879
1525,12,12,16.679384231567383
1526,1,12,15.071943283081055
1526,2,12,15.31960391998291
1526,3,12,15.404154777526855
1526,4,12,15.668586730957031
1526,5,12,15.684772491455078
1526,6,12,15.683977127075195
1526,7,12,15.744443893432617
1526,8,12,15.719487190246582
1526,9,12,15.813980102539062
1526,10,12,15.847965240478516
1526,11,12,15.856925010681152
1526,12,12,15.854108810424805
1527,1,11,12.171253204345703
1527,2,11,12.274641036987305
1527,3,11,12.010686874389648
1527,4,11,12.20655632019043
1527,5,11,12.186014175415039
1527,6,11,12.347480773925781
1527,7,11,12.454133987426758
1527,8,11,12.450886726379395
1527,9,11,12.472954750061035
1527,10,11,12.438915252685547
1527,11,11,12.470934867858887
1527,12,11,13.108859062194824
1528,1,8,10.8412446975708
1528,2,8,11.158700942993164
1528,3,8,10.92492389678955
1528,4,8,10.940391540527344
1528,5,8,10.958155632019043
1528,6,8,11.561925888061523
1528,7,8,11.414384841918945
1528,8,8,10.865614891052246
1528,9,8,10.94206714630127
1528,10,8,11.116637229919434
1528,11,8,11.361477851867676
1528,12,8,11.39409065246582
1529,1,7,15.162513732910156
1529,2,7,15.270432472229004
1529,3,7,15.292125701904297
1529,4,7,15.313094139099121
1529,5,7,15.31135368347168
1529,6,7,15.285233497619629
1529,7,7,15.33594036102295
1529,8,7,15.49152946472168
1529,9,7,15.4492826461792
1529,10,7,15.554766654968262
1529,11,7,15.556783676147461
1529,12,7,15.505769729614258
1530,1,11,11.590003967285156
1530,2,11,11.76916217803955
1530,3,11,11.79104232788086
1530,4,11,11.75078010559082
1530,5,11,11.757436752319336
1530,6,11,11.781768798828125
1530,7,11,11.858037948608398
1530,8,11,11.85854434967041
1530,9,11,11.914314270019531
1530,10,11,11.915903091430664
1530,11,11,11.943943977355957
1530,12,11,11.913525581359863
1531,1,4,13.00909423828125
1531,2,4,12.881958961486816
1531,3,4,13.344898223876953
1531,4,4,13.070029258728027
1531,5,4,13.666257858276367
1531,6,4,13.36247444152832
1531,7,4,13.36630916595459
1531,8,4,13.4263334274292
1531,9,4,13.561688423156738
1531,10,4,13.233631134033203
1531,11,4,13.181212425231934
1531,12,4,13.18416976928711
1532,1,11,16.88484764099121
1532,2,11,16.781017303466797
1532,3,11,16.992300033569336
1532,4,11,17.1276798248291
1532,5,11,17.2525691986084
1532,6,11,17.204397201538086
1532,7,11,17.18732261657715
1532,8,11,17.152587890625
1532,9,11,17.123598098754883
1532,10,11,17.12956428527832
1532,11,11,17.121763229370117
1532,12,11,17.093103408813477
1533,1,3,15.412337303161621
1533,2,3,15.391202926635742
1533,3,3,15.289040565490723
1533,4,3,15.508323669433594
1533,5,3,15.484172821044922
1533,6,3,15.531661987304688
1533,7,3,15.548328399658203
1533,8,3,15.565707206726074
1533,9,3,15.90709114074707
1533,10,3,15.905348777770996
1533,11,3,15.889819145202637
1533,12,3,15.841565132141113
1534,1,11,11.377649307250977
1534,2,11,11.575030326843262
1534,3,11,11.62637710571289
1534,4,11,11.57829761505127
1534,5,11,11.579343795776367
1534,6,11,11.553933143615723
1534,7,11,11.568702697753906
1534,8,11,11.511947631835938
1534,9,11,11.483023643493652
1534,10,11,11.483736038208008
1534,11,11,11.46352767944336
1534,12,11,11.43575668334961
1535,1,3,17.144487380981445
1535,2,3,17.301416397094727
1535,3,3,17.395732879638672
1535,4,3,17.45105743408203
1535,5,3,17.433975219726562
1535,6,3,17.80450439453125
1535,7,3,17.527738571166992
1535,8,3,17.5982666015625
1535,9,3,17.619483947753906
1535,10,3,17.59971809387207
1535,11,3,17.681123733520508
1535,12,3,17.61876678466797
1536,1,10,16.831369400024414
1536,2,10,16.704679489135742
1536,3,10,16.774730682373047
1536,4,10,16.834712982177734
1536,5,10,16.630075454711914
1536,6,10,16.815263748168945
1536,7,10,16.88626480102539
1536,8,10,16.90545654296875
1536,9,10,16.94013786315918
1536,10,10,16.954526901245117
1536,11,10,17.18538475036621
1536,12,10,17.26795768737793
1537,1,11,9.369263648986816
1537,2,11,9.363167762756348
1537,3,11,9.479350090026855
1537,4,11,9.489043235778809
1537,5,11,9.529746055603027
1537,6,11,9.580437660217285
1537,7,11,9.618103981018066
1537,8,11,9.645392417907715
1537,9,11,9.639735221862793
1537,10,11,9.738450050354004
1537,11,11,9.595004081726074
1537,12,11,9.682023048400879
1538,1,10,10.538771629333496
1538,2,10,10.705904006958008
1538,3,10,10.459783554077148
1538,4,10,11.133240699768066
1538,5,10,10.926383018493652
1538,6,10,10.93019962310791
1538,7,10,10.58034610748291
1538,8,10,10.431426048278809
1538,9,10,10.601765632629395
1538,10,10,10.527955055236816
1538,11,10,10.833922386169434
1538,12,10,10.836091995239258
1539,1,5,11.707942008972168
1539,2,5,11.735068321228027
1539,3,5,11.667935371398926
1539,4,5,11.568142890930176
1539,5,5,11.576583862304688
1539,6,5,11.61027717590332
1539,7,5,11.760991096496582
1539,8,5,12.058395385742188
1539,9,5,12.066778182983398
1539,10,5,11.865345001220703
1539,11,5,11.978052139282227
1539,12,5,11.8642578125
1540,1,11,12.118522644042969
1540,2,11,12.151561737060547
1540,3,11,12.18310546875
1540,4,11,12.073534965515137
1540,5,11,12.05384635925293
1540,6,11,12.15377140045166
1540,7,11,12.225861549377441
1540,8,11,12.233283996582031
1540,9,11,12.311020851135254
1540,10,11,12.259383201599121
1540,11,11,12.418313026428223
1540,12,11,12.317076683044434
1541,1,11,14.973997116088867
1541,2,11,15.219413757324219
1541,3,11,15.309525489807129
1541,4,11,15.45093822479248
1541,5,11,15.492531776428223
1541,6,11,15.558415412902832
1541,7,11,15.590134620666504
1541,8,11,15.71435832977295
1541,9,11,15.830347061157227
1541,10,11,15.729214668273926
1541,11,11,15.764986991882324
1541,12,11,15.827510833740234
1542,1,12,9.068916320800781
1542,2,12,9.126015663146973
1542,3,12,9.341565132141113
1542,4,12,9.4461669921875
1542,5,12,9.316080093383789
1542,6,12,9.518264770507812
1542,7,12,9.414046287536621
1542,8,12,9.470147132873535
1542,9,12,9.477766036987305
1542,10,12,9.603860855102539
1542,11,12,9.662607192993164
1542,12,12,9.845808982849121
1543,1,11,16.273563385009766
1543,2,11,16.286157608032227
1543,3,11,16.361827850341797
1543,4,11,16.380355834960938
1543,5,11,16.364097595214844
1543,6,11,16.3763370513916
1543,7,11,16.444246292114258
1543,8,11,16.510265350341797
1543,9,11,16.553369522094727
1543,10,11,16.582311630249023
1543,11,11,16.596879959106445
1543,12,11,16.718671798706055
1544,1,12,17.450359344482422
1544,2,12,17.455305099487305
1544,3,12,17.51150131225586
1544,4,12,17.612682342529297
1544,5,12,17.60222053527832
1544,6,12,17.6630859375
1544,7,12,17.7117977142334
1544,8,12,17.75258445739746
1544,9,12,17.80157470703125
1544,10,12,17.79473304748535
1544,11,12,18.028148651123047
1544,12,12,18.010618209838867
1545,1,11,13.10360050201416
1545,2,11,13.331879615783691
1545,3,11,13.359800338745117
1545,4,11,13.427597045898438
1545,5,11,13.720348358154297
1545,6,11,13.672992706298828
1545,7,11,13.658638000488281
1545,8,11,13.723690032958984
1545,9,11,13.74942684173584
1545,10,11,13.803494453430176
1545,11,11,14.052186965942383
1545,12,11,14.004179000854492
1546,1,11,11.73176383972168
1546,2,11,11.76422119140625
1546,3,11,11.576228141784668
1546,4,11,11.681587219238281
1546,5,11,11.724312782287598
1546,6,11,11.764270782470703
1546,7,11,11.707686424255371
1546,8,11,11.92339038848877
1546,9,11,11.56108283996582
1546,10,11,11.85790729522705
1546,11,11,11.688264846801758
1546,12,11,11.603839874267578
1547,1,11,16.021617889404297
1547,2,11,16.041610717773438
1547,3,11,16.090967178344727
1547,4,11,16.131500244140625
1547,5,11,16.161558151245117
1547,6,11,16.19158935546875
1547,7,11,16.1473331451416
1547,8,11,16.468278884887695
1547,9,11,16.4477481842041
1547,10,11,16.485620498657227
1547,11,11,16.550046920776367
1547,12,11,16.511262893676758
1548,1,12,13.808951377868652
1548,2,12,13.926131248474121
1548,3,12,13.90429401397705
1548,4,12,13.828145027160645
1548,5,12,13.861130714416504
1548,6,12,13.908400535583496
1548,7,12,14.243024826049805
1548,8,12,14.274147987365723
1548,9,12,14.422218322753906
1548,10,12,14.447850227355957
1548,11,12,14.81750774383545
1548,12,12,14.897078514099121
1549,1,11,9.397872924804688
1549,2,11,9.752056121826172
1549,3,11,9.901164054870605
1549,4,11,9.946024894714355
1549,5,11,9.83522891998291
1549,6,11,9.863162994384766
1549,7,11,10.278084754943848
1549,8,11,10.302802085876465
1549,9,11,10.287699699401855
1549,10,11,10.351666450500488
1549,11,11,10.298850059509277
1549,12,11,10.685572624206543
1550,1,12,12.819470405578613
1550,2,12,12.861412048339844
1550,3,12,12.875863075256348
1550,4,12,12.871235847473145
1550,5,12,12.865288734436035
1550,6,12,12.907849311828613
1550,7,12,12.907495498657227
1550,8,12,12.955914497375488
1550,9,12,13.117280960083008
1550,10,12,13.22793960571289
1550,11,12,13.358909606933594
1550,12,12,13.370316505432129
1551,1,11,10.805878639221191
1551,2,11,10.87192440032959
1551,3,11,10.955052375793457
1551,4,11,11.000751495361328
1551,5,11,10.96967601776123
1551,6,11,11.055591583251953
1551,7,11,11.402153015136719
1551,8,11,11.454276084899902
1551,9,11,11.54141616821289
1551,10,11,11.55654525756836
1551,11,11,11.594980239868164
1551,12,11,11.631196975708008
1552,1,3,15.1337251663208
1552,2,3,15.154659271240234
1552,3,3,15.196087837219238
1552,4,3,15.289968490600586
1552,5,3,14.975847244262695
1552,6,3,15.26180648803711
1552,7,3,15.289790153503418
1552,8,3,15.304816246032715
1552,9,3,15.329629898071289
1552,10,3,15.476570129394531
1552,11,3,15.332077026367188
1552,12,3,15.311033248901367
1553,1,10,9.326245307922363
1553,2,10,9.67471694946289
1553,3,10,9.551167488098145
1553,4,10,9.656830787658691
1553,5,10,9.120790481567383
1553,6,10,9.918777465820312
1553,7,10,10.560392379760742
1553,8,10,10.250137329101562
1553,9,10,10.133697509765625
1553,10,10,9.134174346923828
1553,11,10,10.406608581542969
1553,12,10,10.297233581542969
1554,1,11,16.71623992919922
1554,2,11,16.7794189453125
1554,3,11,16.83155059814453
1554,4,11,16.874656677246094
1554,5,11,16.893030166625977
1554,6,11,16.957218170166016
1554,7,11,16.931026458740234
1554,8,11,17.145830154418945
1554,9,11,17.06960678100586
1554,10,11,17.14769172668457
1554,11,11,17.337331771850586
1554,12,11,17.371671676635742
1555,1,10,12.870152473449707
1555,2,10,13.02059268951416
1555,3,10,12.981420516967773
1555,4,10,12.927050590515137
1555,5,10,12.795169830322266
1555,6,10,13.316397666931152
1555,7,10,13.406888008117676
1555,8,10,13.218315124511719
1555,9,10,13.221436500549316
1555,10,10,13.528215408325195
1555,11,10,14.027857780456543
1555,12,10,13.738930702209473
1556,1,11,13.442253112792969
1556,2,11,13.26064682006836
1556,3,11,13.271409034729004
1556,4,11,10.479589462280273
1556,5,11,13.38424015045166
1556,6,11,13.453051567077637
1556,7,11,13.513071060180664
1556,8,11,13.60715389251709
1556,9,11,13.620489120483398
1556,10,11,13.498734474182129
1556,11,11,13.647307395935059
1556,12,11,13.7243070602417
1557,1,10,15.419087409973145
1557,2,10,15.492447853088379
1557,3,10,15.405699729919434
1557,4,10,15.46988582611084
1557,5,10,15.511129379272461
1557,6,10,15.561728477478027
1557,7,10,15.5714750289917
1557,8,10,15.673722267150879
1557,9,10,15.638349533081055
1557,10,10,15.65652847290039
1557,11,10,15.524638175964355
1557,12,10,15.759042739868164
1558,1,12,17.52522850036621
1558,2,12,17.50496482849121
1558,3,12,17.726970672607422
1558,4,12,17.80044174194336
1558,5,12,17.76895523071289
1558,6,12,17.818191528320312
1558,7,12,18.110889434814453
1558,8,12,18.098264694213867
1558,9,12,18.004735946655273
1558,10,12,17.989091873168945
1558,11,12,18.088685989379883
1558,12,12,18.105690002441406
1559,1,12,15.474215507507324
1559,2,12,15.497017860412598
1559,3,12,15.536787986755371
1559,4,12,15.548917770385742
1559,5,12,15.875699996948242
1559,6,12,15.893574714660645
1559,7,12,15.941728591918945
1559,8,12,15.914908409118652
1559,9,12,15.949143409729004
1559,10,12,14.548643112182617
1559,11,12,14.615832328796387
1559,12,12,16.038114547729492
1560,1,3,17.782365798950195
1560,2,3,17.892555236816406
1560,3,3,17.90082359313965
1560,4,3,17.939924240112305
1560,5,3,17.9314022064209
1560,6,3,17.96055030822754
1560,7,3,17.9730281829834
1560,8,3,17.97726821899414
1560,9,3,17.995698928833008
1560,10,3,17.958541870117188
1560,11,3,18.09661865234375
1560,12,3,18.073890686035156
1561,1,11,12.91318130493164
1561,2,11,12.94260025024414
1561,3,11,13.027886390686035
1561,4,11,13.046029090881348
1561,5,11,13.025588989257812
1561,6,11,13.074930191040039
1561,7,11,13.118297576904297
1561,8,11,13.155740737915039
1561,9,11,13.232874870300293
1561,10,11,13.203692436218262
1561,11,11,13.313018798828125
1561,12,11,13.244611740112305
1562,1,2,13.64947509765625
1562,2,2,13.738905906677246
1562,3,2,13.848489761352539
1562,4,2,13.901227951049805
1562,5,2,13.878423690795898
1562,6,2,13.926331520080566
1562,7,2,13.961723327636719
1562,8,2,14.007261276245117
1562,9,2,13.988868713378906
1562,10,2,14.012213706970215
1562,11,2,14.052227973937988
1562,12,2,14.091659545898438
1563,1,9,13.094380378723145
1563,2,9,13.496186256408691
1563,3,9,13.472589492797852
1563,4,9,12.815439224243164
1563,5,9,13.690526962280273
1563,6,9,13.707918167114258
1563,7,9,13.650554656982422
1563,8,9,13.787670135498047
1563,9,9,13.819013595581055
1563,10,9,13.812639236450195
1563,11,9,13.839567184448242
1563,12,9,13.919462203979492
1564,1,10,15.57575511932373
1564,2,10,15.719810485839844
1564,3,10,15.729024887084961
1564,4,10,15.76405143737793
1564,5,10,15.7806978225708
1564,6,10,15.888287544250488
1564,7,10,15.928067207336426
1564,8,10,16.0367374420166
1564,9,10,16.046812057495117
1564,10,10,16.07734489440918
1564,11,10,16.140010833740234
1564,12,10,16.14044189453125
1565,1,11,14.754615783691406
1565,2,11,14.741496086120605
1565,3,11,14.763962745666504
1565,4,11,14.740175247192383
1565,5,11,14.786698341369629
1565,6,11,14.716599464416504
1565,7,11,14.962080955505371
1565,8,11,15.47652530670166
1565,9,11,15.18310546875
1565,10,11,15.3504056930542
1565,11,11,15.455144882202148
1565,12,11,15.582754135131836
1566,1,11,9.316947937011719
1566,2,11,9.398076057434082
1566,3,11,10.274137496948242
1566,4,11,10.233044624328613
1566,5,11,10.62057876586914
1566,6,11,10.592036247253418
1566,7,11,10.76294994354248
1566,8,11,10.721802711486816
1566,9,11,10.686601638793945
1566,10,11,10.774063110351562
1566,11,11,10.870451927185059
1566,12,11,10.807196617126465
1567,1,12,10.121810913085938
1567,2,12,9.961509704589844
1567,3,12,10.027007102966309
1567,4,12,9.977313995361328
1567,5,12,9.896615982055664
1567,6,12,9.886765480041504
1567,7,12,9.903508186340332
1567,8,12,9.783074378967285
1567,9,12,9.71872615814209
1567,10,12,9.808955192565918
1567,11,12,9.84035587310791
1567,12,12,9.6703519821167
1568,1,11,10.595165252685547
1568,2,11,10.111613273620605
1568,3,11,10.142414093017578
1568,4,11,10.21224308013916
1568,5,11,10.229270935058594
1568,6,11,10.46284294128418
1568,7,11,10.619867324829102
1568,8,11,10.677105903625488
1568,9,11,10.749418258666992
1568,10,11,10.746443748474121
1568,11,11,11.572344779968262
1568,12,11,11.493318557739258
1569,1,12,17.387826919555664
1569,2,12,17.45348358154297
1569,3,12,17.47598648071289
1569,4,12,17.527008056640625
1569,5,12,17.550451278686523
1569,6,12,17.57866096496582
1569,7,12,17.694894790649414
1569,8,12,17.731538772583008
1569,9,12,17.785274505615234
1569,10,12,17.812118530273438
1569,11,12,17.83968162536621
1569,12,12,17.82723617553711
1570,1,9,11.652048110961914
1570,2,9,11.817916870117188
1570,3,9,12.055814743041992
1570,4,9,12.174656867980957
1570,5,9,12.139924049377441
1570,6,9,12.153054237365723
1570,7,9,12.222095489501953
1570,8,9,12.24153995513916
1570,9,9,12.25989055633545
1570,10,9,12.33442497253418
1570,11,9,12.38621997833252
1570,12,9,12.372438430786133
1571,1,2,9.289651870727539
1571,2,2,10.225440979003906
1571,3,2,10.136951446533203
1571,4,2,10.48720645904541
1571,5,2,10.501378059387207
1571,6,2,10.67318344116211
1571,7,2,10.896117210388184
1571,8,2,11.125655174255371
1571,9,2,11.256991386413574
1571,10,2,11.258172988891602
1571,11,2,11.378528594970703
1571,12,2,11.377874374389648
1572,1,8,14.237289428710938
1572,2,8,14.265008926391602
1572,3,8,14.260371208190918
1572,4,8,14.29017162322998
1572,5,8,14.377670288085938
1572,6,8,14.454204559326172
1572,7,8,14.537717819213867
1572,8,8,14.80920124053955
1572,9,8,14.707293510437012
1572,10,8,14.77927017211914
1572,11,8,14.758265495300293
1572,12,8,14.79439926147461
1573,1,10,13.417705535888672
1573,2,10,13.45186710357666
1573,3,10,13.358841896057129
1573,4,10,13.536571502685547
1573,5,10,13.941951751708984
1573,6,10,13.66224193572998
1573,7,10,13.792337417602539
1573,8,10,14.009480476379395
1573,9,10,14.008689880371094
1573,10,10,14.142818450927734
1573,11,10,14.35130500793457
1573,12,10,14.336803436279297
1574,1,9,14.186038970947266
1574,2,9,14.236626625061035
1574,3,9,14.30909538269043
1574,4,9,14.424097061157227
1574,5,9,14.339119911193848
1574,6,9,14.383159637451172
1574,7,9,14.401534080505371
1574,8,9,14.44377326965332
1574,9,9,14.488640785217285
1574,10,9,14.350820541381836
1574,11,9,14.374337196350098
1574,12,9,14.406859397888184
1575,1,11,10.159473419189453
1575,2,11,10.256999015808105
1575,3,11,10.436038970947266
1575,4,11,10.143449783325195
1575,5,11,9.986336708068848
1575,6,11,10.340337753295898
1575,7,11,10.314778327941895
1575,8,11,10.132267951965332
1575,9,11,10.253777503967285
1575,10,11,9.924677848815918
1575,11,11,10.042236328125
1575,12,11,9.671446800231934
1576,1,11,11.81491470336914
1576,2,11,11.995641708374023
1576,3,11,12.081067085266113
1576,4,11,12.220070838928223
1576,5,11,12.127542495727539
1576,6,11,12.196632385253906
1576,7,11,12.208405494689941
1576,8,11,12.323657035827637
1576,9,11,12.382226943969727
1576,10,11,12.350530624389648
1576,11,11,12.40770435333252
1576,12,11,12.386651039123535
1577,1,7,13.744551658630371
1577,2,7,13.732650756835938
1577,3,7,13.735612869262695
1577,4,7,13.716397285461426
1577,5,7,13.727025032043457
1577,6,7,13.77235221862793
1577,7,7,13.795671463012695
1577,8,7,13.889808654785156
1577,9,7,13.951743125915527
1577,10,7,13.969612121582031
1577,11,7,13.976263999938965
1577,12,7,13.960041046142578
1578,1,3,12.277480125427246
1578,2,3,12.42636489868164
1578,3,3,12.428977966308594
1578,4,3,12.680968284606934
1578,5,3,12.638616561889648
1578,6,3,12.750495910644531
1578,7,3,12.791556358337402
1578,8,3,12.8471040725708
1578,9,3,12.823949813842773
1578,10,3,12.832671165466309
1578,11,3,12.802424430847168
1578,12,3,12.808918952941895
1579,1,7,19.658763885498047
1579,2,7,19.6849422454834
1579,3,7,19.721609115600586
1579,4,7,19.762680053710938
1579,5,7,19.779048919677734
1579,6,7,19.83521270751953
1579,7,7,19.819690704345703
1579,8,7,19.844974517822266
1579,9,7,19.896902084350586
1579,10,7,19.913061141967773
1579,11,7,19.9450626373291
1579,12,7,19.959699630737305
1580,1,11,16.045080184936523
1580,2,11,16.040050506591797
1580,3,11,16.12847137451172
1580,4,11,16.11970329284668
1580,5,11,16.126632690429688
1580,6,11,16.251710891723633
1580,7,11,16.239837646484375
1580,8,11,16.295166015625
1580,9,11,16.33201026916504
1580,10,11,16.375843048095703
1580,11,11,16.39629364013672
1580,12,11,16.541061401367188
1581,1,5,17.038789749145508
1581,2,5,16.775144577026367
1581,3,5,17.158550262451172
1581,4,5,17.081926345825195
1581,5,5,17.166854858398438
1581,6,5,17.140317916870117
1581,7,5,17.11164665222168
1581,8,5,17.15255355834961
1581,9,5,17.197492599487305
1581,10,5,17.139097213745117
1581,11,5,17.202774047851562
1581,12,5,17.261032104492188
1582,1,12,11.629889488220215
1582,2,12,11.67985725402832
1582,3,12,11.660937309265137
1582,4,12,11.67394733428955
1582,5,12,11.791428565979004
1582,6,12,11.816458702087402
1582,7,12,11.876567840576172
1582,8,12,11.804582595825195
1582,9,12,11.952108383178711
1582,10,12,12.013299942016602
1582,11,12,12.236021041870117
1582,12,12,12.002223014831543
1583,1,3,14.292381286621094
1583,2,3,14.150815963745117
1583,3,3,14.296419143676758
1583,4,3,14.384468078613281
1583,5,3,14.434012413024902
1583,6,3,14.481051445007324
1583,7,3,15.572182655334473
1583,8,3,14.643133163452148
1583,9,3,14.678818702697754
1583,10,3,14.61961841583252
1583,11,3,14.600513458251953
1583,12,3,14.65878963470459
1584,1,12,11.93966007232666
1584,2,12,11.825496673583984
1584,3,12,11.822163581848145
1584,4,12,11.81952953338623
1584,5,12,11.833334922790527
1584,6,12,11.252082824707031
1584,7,12,12.161035537719727
1584,8,12,12.270869255065918
1584,9,12,12.27244758605957
1584,10,12,12.32898235321045
1584,11,12,12.40965747833252
1584,12,12,12.452003479003906
1585,1,9,11.42024040222168
1585,2,9,11.136423110961914
1585,3,9,11.109087944030762
1585,4,9,11.20516586303711
1585,5,9,11.256064414978027
1585,6,9,11.308558464050293
1585,7,9,11.466662406921387
1585,8,9,11.851030349731445
1585,9,9,11.877561569213867
1585,10,9,11.887767791748047
1585,11,9,11.908270835876465
1585,12,9,11.877863883972168
1586,1,10,14.119558334350586
1586,2,10,14.461889266967773
1586,3,10,14.340742111206055
1586,4,10,14.3201904296875
1586,5,10,14.112689018249512
1586,6,10,14.331360816955566
1586,7,10,14.201698303222656
1586,8,10,14.231761932373047
1586,9,10,14.260682106018066
1586,10,10,14.28957748413086
1586,11,10,14.411184310913086
1586,12,10,14.52424144744873
1587,1,12,15.353679656982422
1587,2,12,15.394031524658203
1587,3,12,15.343914985656738
1587,4,12,15.388924598693848
1587,5,12,15.412678718566895
1587,6,12,15.549755096435547
1587,7,12,15.602529525756836
1587,8,12,15.66392707824707
1587,9,12,15.724750518798828
1587,10,12,15.71884536743164
1587,11,12,15.728804588317871
1587,12,12,15.671911239624023
1588,1,2,17.61045265197754
1588,2,2,17.64836311340332
1588,3,2,17.671253204345703
1588,4,2,17.665321350097656
1588,5,2,17.653255462646484
1588,6,2,17.667499542236328
1588,7,2,17.67104721069336
1588,8,2,17.706809997558594
1588,9,2,17.748443603515625
1588,10,2,17.73999786376953
1588,11,2,17.790523529052734
1588,12,2,17.73804473876953
1589,1,7,12.674629211425781
1589,2,7,12.723514556884766
1589,3,7,12.844708442687988
1589,4,7,12.866254806518555
1589,5,7,12.881792068481445
1589,6,7,12.92944049835205
1589,7,7,13.003825187683105
1589,8,7,13.103861808776855
1589,9,7,13.155977249145508
1589,10,7,13.190958023071289
1589,11,7,13.431502342224121
1589,12,7,13.447429656982422
1590,1,11,16.986772537231445
1590,2,11,16.985870361328125
1590,3,11,16.99005126953125
1590,4,11,16.94588279724121
1590,5,11,17.01653480529785
1590,6,11,17.08003044128418
1590,7,11,17.130414962768555
1590,8,11,17.19017791748047
1590,9,11,17.2611083984375
1590,10,11,17.30046272277832
1590,11,11,17.296348571777344
1590,12,11,17.2844295501709
1591,1,11,12.652064323425293
1591,2,11,12.590785026550293
1591,3,11,12.964523315429688
1591,4,11,12.96713638305664
1591,5,11,12.964764595031738
1591,6,11,13.011713981628418
1591,7,11,13.1264066696167
1591,8,11,13.256476402282715
1591,9,11,13.339797973632812
1591,10,11,13.44576358795166
1591,11,11,13.745051383972168
1591,12,11,13.783124923706055
1592,1,10,13.796146392822266
1592,2,10,13.87769889831543
1592,3,10,13.895054817199707
1592,4,10,13.930936813354492
1592,5,10,13.875009536743164
1592,6,10,13.925498962402344
1592,7,10,13.988900184631348
1592,8,10,14.006424903869629
1592,9,10,14.00275707244873
1592,10,10,14.088544845581055
1592,11,10,14.558960914611816
1592,12,10,14.52458381652832
1593,1,10,12.938826560974121
1593,2,10,12.930438041687012
1593,3,10,12.983101844787598
1593,4,10,12.961234092712402
1593,5,10,12.992779731750488
1593,6,10,13.163314819335938
1593,7,10,13.067190170288086
1593,8,10,13.207123756408691
1593,9,10,13.190044403076172
1593,10,10,13.225231170654297
1593,11,10,13.435030937194824
1593,12,10,13.492863655090332
1594,1,11,13.827879905700684
1594,2,11,13.8650541305542
1594,3,11,13.838953018188477
1594,4,11,13.848624229431152
1594,5,11,13.882987976074219
1594,6,11,13.964218139648438
1594,7,11,13.957916259765625
1594,8,11,14.028014183044434
1594,9,11,14.044364929199219
1594,10,11,14.053630828857422
1594,11,11,14.080123901367188
1594,12,11,14.213088035583496
1595,1,10,13.674775123596191
1595,2,10,13.741386413574219
1595,3,10,13.818504333496094
1595,4,10,13.877890586853027
1595,5,10,13.80328369140625
1595,6,10,13.796960830688477
1595,7,10,14.00145435333252
1595,8,10,14.019974708557129
1595,9,10,14.056496620178223
1595,10,10,14.136627197265625
1595,11,10,14.298383712768555
1595,12,10,14.022432327270508
1596,1,3,9.73025131225586
1596,2,3,10.55837631225586
1596,3,3,11.876913070678711
1596,4,3,11.263912200927734
1596,5,3,11.625340461730957
1596,6,3,11.654138565063477
1596,7,3,11.897392272949219
1596,8,3,11.844435691833496
1596,9,3,11.73907470703125
1596,10,3,11.778154373168945
1596,11,3,11.849851608276367
1596,12,3,11.640287399291992
1597,1,11,14.674736976623535
1597,2,11,14.713468551635742
1597,3,11,14.710402488708496
1597,4,11,14.864631652832031
1597,5,11,14.89992618560791
1597,6,11,14.89416217803955
1597,7,11,15.007214546203613
1597,8,11,15.014241218566895
1597,9,11,15.077794075012207
1597,10,11,15.0897798538208
1597,11,11,15.071426391601562
1597,12,11,15.051830291748047
1598,1,10,13.906660079956055
1598,2,10,13.90819263458252
1598,3,10,13.929357528686523
1598,4,10,13.966974258422852
1598,5,10,13.940194129943848
1598,6,10,14.000324249267578
1598,7,10,14.246078491210938
1598,8,10,14.257636070251465
1598,9,10,14.259599685668945
1598,10,10,14.25368595123291
1598,11,10,14.387104988098145
1598,12,10,14.369361877441406
1599,1,11,14.49058723449707
1599,2,11,14.548129081726074
1599,3,11,14.648415565490723
1599,4,11,14.661067962646484
1599,5,11,14.679173469543457
1599,6,11,14.706196784973145
1599,7,11,14.93465805053711
1599,8,11,15.025652885437012
1599,9,11,15.053807258605957
1599,10,11,15.052127838134766
1599,11,11,15.088279724121094
1599,12,11,14.180031776428223
1600,1,8,12.747259140014648
1600,2,8,12.710833549499512
1600,3,8,12.699256896972656
1600,4,8,12.712575912475586
1600,5,8,12.716117858886719
1600,6,8,12.775264739990234
1600,7,8,12.744390487670898
1600,8,8,12.880731582641602
1600,9,8,12.924110412597656
1600,10,8,12.955462455749512
1600,11,8,12.951916694641113
1600,12,8,12.945714950561523
1601,1,11,12.952509880065918
1601,2,11,13.024991035461426
1601,3,11,13.107925415039062
1601,4,11,13.199673652648926
1601,5,11,13.265074729919434
1601,6,11,13.323197364807129
1601,7,11,13.358820915222168
1601,8,11,13.349516868591309
1601,9,11,13.417328834533691
1601,10,11,13.473572731018066
1601,11,11,13.46903133392334
1601,12,11,13.446521759033203
1602,1,11,17.321439743041992
1602,2,11,17.386014938354492
1602,3,11,17.429807662963867
1602,4,11,17.441564559936523
1602,5,11,17.49057388305664
1602,6,11,17.51687240600586
1602,7,11,17.64898681640625
1602,8,11,17.792858123779297
1602,9,11,17.861482620239258
1602,10,11,19.13787078857422
1602,11,11,18.121248245239258
1602,12,11,18.0997371673584
1603,1,7,14.847664833068848
1603,2,7,14.991150856018066
1603,3,7,15.068177223205566
1603,4,7,14.994280815124512
1603,5,7,15.11428165435791
1603,6,7,15.161810874938965
1603,7,7,15.22567367553711
1603,8,7,15.29393482208252
1603,9,7,15.30529499053955
1603,10,7,15.558459281921387
1603,11,7,15.566577911376953
1603,12,7,15.592853546142578
1604,1,11,11.691214561462402
1604,2,11,12.406885147094727
1604,3,11,12.527365684509277
1604,4,11,12.454061508178711
1604,5,11,12.410895347595215
1604,6,11,12.202337265014648
1604,7,11,12.431331634521484
1604,8,11,12.499027252197266
1604,9,11,12.628396034240723
1604,10,11,12.333883285522461
1604,11,11,12.749642372131348
1604,12,11,12.836639404296875
1605,1,2,11.24655532836914
1605,2,2,11.23863410949707
1605,3,2,11.295295715332031
1605,4,2,11.197368621826172
1605,5,2,11.201319694519043
1605,6,2,11.266839981079102
1605,7,2,11.373627662658691
1605,8,2,11.372560501098633
1605,9,2,11.411046028137207
1605,10,2,11.340045928955078
1605,11,2,11.493896484375
1605,12,2,11.35039234161377
1606,1,10,17.574039459228516
1606,2,10,17.496774673461914
1606,3,10,17.53702735900879
1606,4,10,17.527965545654297
1606,5,10,17.448863983154297
1606,6,10,17.494836807250977
1606,7,10,17.481630325317383
1606,8,10,17.598800659179688
1606,9,10,17.59766387939453
1606,10,10,18.1363582611084
1606,11,10,18.120201110839844
1606,12,10,18.238536834716797
1607,1,4,12.364717483520508
1607,2,4,11.983688354492188
1607,3,4,12.088467597961426
1607,4,4,12.469935417175293
1607,5,4,13.300492286682129
1607,6,4,12.843841552734375
1607,7,4,12.950672149658203
1607,8,4,13.414541244506836
1607,9,4,13.595537185668945
1607,10,4,13.987678527832031
1607,11,4,13.602696418762207
1607,12,4,13.639464378356934
1608,1,8,14.369523048400879
1608,2,8,14.397562026977539
1608,3,8,14.486680030822754
1608,4,8,14.528040885925293
1608,5,8,14.5491304397583
1608,6,8,14.62094783782959
1608,7,8,14.639710426330566
1608,8,8,14.946836471557617
1608,9,8,14.976503372192383
1608,10,8,15.08411693572998
1608,11,8,15.118738174438477
1608,12,8,15.109294891357422
1609,1,3,18.22239875793457
1609,2,3,18.275033950805664
1609,3,3,18.331701278686523
1609,4,3,18.370168685913086
1609,5,3,18.296010971069336
1609,6,3,18.32784080505371
1609,7,3,18.372352600097656
1609,8,3,18.42515754699707
1609,9,3,18.472301483154297
1609,10,3,18.49367904663086
1609,11,3,18.558307647705078
1609,12,3,18.57608413696289
1610,1,12,10.0819091796875
1610,2,12,10.131423950195312
1610,3,12,10.128921508789062
1610,4,12,10.148308753967285
1610,5,12,10.16706657409668
1610,6,12,10.27026653289795
1610,7,12,10.291666984558105
1610,8,12,10.380667686462402
1610,9,12,10.319005966186523
1610,10,12,10.307180404663086
1610,11,12,10.415876388549805
1610,12,12,10.405421257019043
1611,1,12,13.182333946228027
1611,2,12,13.2047700881958
1611,3,12,13.171210289001465
1611,4,12,13.140029907226562
1611,5,12,13.115453720092773
1611,6,12,13.23102855682373
1611,7,12,13.15811538696289
1611,8,12,14.041285514831543
1611,9,12,14.053187370300293
1611,10,12,12.08208179473877
1611,11,12,12.049736022949219
1611,12,12,13.122987747192383
1612,1,11,12.320371627807617
1612,2,11,12.426429748535156
1612,3,11,12.64415454864502
1612,4,11,12.648454666137695
1612,5,11,12.646305084228516
1612,6,11,12.665107727050781
1612,7,11,12.71872615814209
1612,8,11,12.73624324798584
1612,9,11,12.761839866638184
1612,10,11,12.850473403930664
1612,11,11,12.915745735168457
1612,12,11,12.904749870300293
1613,1,10,12.864022254943848
1613,2,10,12.855740547180176
1613,3,10,12.997345924377441
1613,4,10,13.068686485290527
1613,5,10,13.043671607971191
1613,6,10,13.096824645996094
1613,7,10,13.131356239318848
1613,8,10,13.18043041229248
1613,9,10,13.293644905090332
1613,10,10,13.369824409484863
1613,11,10,13.454245567321777
1613,12,10,13.4075927734375
1614,1,3,15.428885459899902
1614,2,3,15.362383842468262
1614,3,3,15.455290794372559
1614,4,3,15.5321683883667
1614,5,3,15.546683311462402
1614,6,3,15.620697975158691
1614,7,3,15.65723991394043
1614,8,3,15.68671989440918
1614,9,3,15.729795455932617
1614,10,3,15.78006649017334
1614,11,3,15.80821418762207
1614,12,3,15.818145751953125
1615,1,11,13.264835357666016
1615,2,11,13.292947769165039
1615,3,11,13.298309326171875
1615,4,11,13.340563774108887
1615,5,11,13.365769386291504
1615,6,11,13.393296241760254
1615,7,11,13.473752975463867
1615,8,11,13.573896408081055
1615,9,11,13.600296974182129
1615,10,11,13.638908386230469
1615,11,11,13.706417083740234
1615,12,11,13.76705265045166
1616,1,11,12.031641960144043
1616,2,11,12.042994499206543
1616,3,11,12.056047439575195
1616,4,11,12.18380069732666
1616,5,11,12.046168327331543
1616,6,11,12.120501518249512
1616,7,11,12.081722259521484
1616,8,11,12.279036521911621
1616,9,11,12.184843063354492
1616,10,11,12.263784408569336
1616,11,11,12.252808570861816
1616,12,11,12.182783126831055
1617,1,10,13.648835182189941
1617,2,10,13.762154579162598
1617,3,10,13.843350410461426
1617,4,10,13.847414016723633
1617,5,10,13.812151908874512
1617,6,10,13.92530345916748
1617,7,10,13.98902416229248
1617,8,10,13.839461326599121
1617,9,10,13.994179725646973
1617,10,10,14.100322723388672
1617,11,10,14.232673645019531
1617,12,10,14.23137378692627
1618,1,11,11.17703628540039
1618,2,11,10.956476211547852
1618,3,11,11.444442749023438
1618,4,11,11.4608793258667
1618,5,11,11.404070854187012
1618,6,11,11.471685409545898
1618,7,11,11.562468528747559
1618,8,11,11.543725967407227
1618,9,11,11.540050506591797
1618,10,11,11.795848846435547
1618,11,11,11.790362358093262
1618,12,11,11.66633129119873
1619,1,9,16.796064376831055
1619,2,9,16.86492347717285
1619,3,9,16.93793296813965
1619,4,9,16.66737174987793
1619,5,9,16.65945053100586
1619,6,9,16.736032485961914
1619,7,9,16.86553192138672
1619,8,9,16.962921142578125
1619,9,9,16.949018478393555
1619,10,9,17.258621215820312
1619,11,9,17.298233032226562
1619,12,9,17.20316505432129
1620,1,6,12.319901466369629
1620,2,6,13.350601196289062
1620,3,6,13.333791732788086
1620,4,6,13.42475700378418
1620,5,6,13.329541206359863
1620,6,6,13.571914672851562
1620,7,6,13.521503448486328
1620,8,6,13.74188232421875
1620,9,6,13.888559341430664
1620,10,6,14.024031639099121
1620,11,6,14.02995491027832
1620,12,6,14.01930046081543
1621,1,11,15.236766815185547
1621,2,11,15.301214218139648
1621,3,11,15.312925338745117
1621,4,11,15.340288162231445
1621,5,11,15.346782684326172
1621,6,11,15.427911758422852
1621,7,11,15.54123306274414
1621,8,11,15.565704345703125
1621,9,11,15.582986831665039
1621,10,11,15.596857070922852
1621,11,11,15.679129600524902
1621,12,11,15.723164558410645
1622,1,7,10.445804595947266
1622,2,7,11.467857360839844
1622,3,7,11.610922813415527
1622,4,7,11.523695945739746
1622,5,7,11.27787971496582
1622,6,7,11.478778839111328
1622,7,7,11.473388671875
1622,8,7,11.698081016540527
1622,9,7,11.731348037719727
1622,10,7,11.739668846130371
1622,11,7,11.767329216003418
1622,12,7,11.7477388381958
1623,1,12,12.775355339050293
1623,2,12,12.920263290405273
1623,3,12,12.97714900970459
1623,4,12,12.952081680297852
1623,5,12,13.050421714782715
1623,6,12,13.0421142578125
1623,7,12,13.06912612915039
1623,8,12,13.133027076721191
1623,9,12,13.223618507385254
1623,10,12,13.188272476196289
1623,11,12,13.285948753356934
1623,12,12,13.225481986999512
1624,1,2,15.578747749328613
1624,2,2,15.586676597595215
1624,3,2,15.61689567565918
1624,4,2,15.744773864746094
1624,5,2,15.811563491821289
1624,6,2,15.853195190429688
1624,7,2,15.852767944335938
1624,8,2,15.984874725341797
1624,9,2,15.94835090637207
1624,10,2,15.979666709899902
1624,11,2,16.037668228149414
1624,12,2,16.072399139404297
1625,1,12,12.411051750183105
1625,2,12,12.40823745727539
1625,3,12,12.470775604248047
1625,4,12,12.533945083618164
1625,5,12,12.459150314331055
1625,6,12,12.486239433288574
1625,7,12,12.516066551208496
1625,8,12,12.510738372802734
1625,9,12,12.592240333557129
1625,10,12,12.587084770202637
1625,11,12,12.670205116271973
1625,12,12,12.70547103881836
1626,1,12,10.322810173034668
1626,2,12,10.240723609924316
1626,3,12,10.404712677001953
1626,4,12,10.378172874450684
1626,5,12,10.438858985900879
1626,6,12,10.53703784942627
1626,7,12,10.531511306762695
1626,8,12,10.532912254333496
1626,9,12,10.532812118530273
1626,10,12,10.577446937561035
1626,11,12,10.697086334228516
1626,12,12,10.666717529296875
1627,1,11,10.837477684020996
1627,2,11,10.928460121154785
1627,3,11,10.957474708557129
1627,4,11,11.046205520629883
1627,5,11,11.066771507263184
1627,6,11,11.265892028808594
1627,7,11,11.178832054138184
1627,8,11,11.226265907287598
1627,9,11,11.25337028503418
1627,10,11,11.359625816345215
1627,11,11,11.36690902709961
1627,12,11,11.326833724975586
1628,1,10,13.097296714782715
1628,2,10,12.742877960205078
1628,3,10,12.818130493164062
1628,4,10,12.856852531433105
1628,5,10,12.862566947937012
1628,6,10,12.894946098327637
1628,7,10,12.897244453430176
1628,8,10,12.939095497131348
1628,9,10,12.977192878723145
1628,10,10,12.993560791015625
1628,11,10,13.00887393951416
1628,12,10,13.155339241027832
1629,1,10,11.335826873779297
1629,2,10,11.210164070129395
1629,3,10,11.162630081176758
1629,4,10,11.383739471435547
1629,5,10,11.296928405761719
1629,6,10,11.30618953704834
1629,7,10,11.393086433410645
1629,8,10,11.438772201538086
1629,9,10,11.62833309173584
1629,10,10,11.514455795288086
1629,11,10,11.720961570739746
1629,12,10,11.702011108398438
1630,1,2,17.531835556030273
1630,2,2,17.57964324951172
1630,3,2,17.68436050415039
1630,4,2,17.700180053710938
1630,5,2,17.719484329223633
1630,6,2,17.785205841064453
1630,7,2,17.817657470703125
1630,8,2,17.875425338745117
1630,9,2,17.923242568969727
1630,10,2,17.928117752075195
1630,11,2,17.93199348449707
1630,12,2,17.93002700805664
1631,1,,15.507335662841797
1631,2,,15.503443717956543
1631,3,,15.605094909667969
1631,4,,15.752476692199707
1631,5,,15.644628524780273
1631,6,,15.752345085144043
1631,7,,15.812614440917969
1631,8,,15.783793449401855
1631,9,,15.818028450012207
1631,10,,15.916531562805176
1631,11,,15.991995811462402
1631,12,,15.994579315185547
1632,1,10,11.174419403076172
1632,2,10,11.29682445526123
1632,3,10,11.347678184509277
1632,4,10,11.395362854003906
1632,5,10,11.495351791381836
1632,6,10,11.610010147094727
1632,7,10,11.662936210632324
1632,8,10,11.661604881286621
1632,9,10,11.69539737701416
1632,10,10,11.865337371826172
1632,11,10,11.952985763549805
1632,12,10,11.996826171875
1633,1,5,15.087254524230957
1633,2,5,15.092891693115234
1633,3,5,15.139915466308594
1633,4,5,15.132225036621094
1633,5,5,15.156394004821777
1633,6,5,15.186383247375488
1633,7,5,15.23992919921875
1633,8,5,15.396766662597656
1633,9,5,15.444439888000488
1633,10,5,15.427353858947754
1633,11,5,15.439226150512695
1633,12,5,15.425409317016602
1634,1,6,10.576622009277344
1634,2,6,10.60820484161377
1634,3,6,10.717116355895996
1634,4,6,10.743307113647461
1634,5,6,10.720682144165039
1634,6,6,10.842350959777832
1634,7,6,10.947049140930176
1634,8,6,11.269819259643555
1634,9,6,11.267374038696289
1634,10,6,11.305246353149414
1634,11,6,11.506381034851074
1634,12,6,11.405412673950195
1635,1,11,12.905332565307617
1635,2,11,12.949347496032715
1635,3,11,12.929983139038086
1635,4,11,12.966602325439453
1635,5,11,12.976882934570312
1635,6,11,13.069518089294434
1635,7,11,13.044228553771973
1635,8,11,13.074219703674316
1635,9,11,12.983268737792969
1635,10,11,13.026311874389648
1635,11,11,13.005331039428711
1635,12,11,12.9610013961792
1636,1,10,11.712030410766602
1636,2,10,11.849040031433105
1636,3,10,12.044655799865723
1636,4,10,12.157779693603516
1636,5,10,12.151467323303223
1636,6,10,12.151528358459473
1636,7,10,12.188948631286621
1636,8,10,12.408127784729004
1636,9,10,12.455585479736328
1636,10,10,12.495573997497559
1636,11,10,12.50849723815918
1636,12,10,12.511636734008789
1637,1,10,11.964136123657227
1637,2,10,12.12147331237793
1637,3,10,12.035696029663086
1637,4,10,12.150739669799805
1637,5,10,12.209002494812012
1637,6,10,12.467559814453125
1637,7,10,12.456815719604492
1637,8,10,12.602716445922852
1637,9,10,12.675065994262695
1637,10,10,12.757620811462402
1637,11,10,12.718652725219727
1637,12,10,12.666463851928711
1638,1,11,10.940071105957031
1638,2,11,11.052717208862305
1638,3,11,11.131762504577637
1638,4,11,10.357111930847168
1638,5,11,11.262743949890137
1638,6,11,11.652864456176758
1638,7,11,11.37147331237793
1638,8,11,11.370497703552246
1638,9,11,11.44628620147705
1638,10,11,11.454323768615723
1638,11,11,11.575668334960938
1638,12,11,11.52956771850586
1639,1,2,14.770007133483887
1639,2,2,14.727599143981934
1639,3,2,14.944254875183105
1639,4,2,15.026691436767578
1639,5,2,14.862788200378418
1639,6,2,14.905078887939453
1639,7,2,14.91664981842041
1639,8,2,14.994736671447754
1639,9,2,15.042306900024414
1639,10,2,15.110716819763184
1639,11,2,15.099077224731445
1639,12,2,15.122559547424316
1640,1,12,13.244418144226074
1640,2,12,13.30495834350586
1640,3,12,13.537765502929688
1640,4,12,13.539610862731934
1640,5,12,13.580875396728516
1640,6,12,13.728078842163086
1640,7,12,13.793476104736328
1640,8,12,13.793261528015137
1640,9,12,13.770103454589844
1640,10,12,13.841612815856934
1640,11,12,13.902503967285156
1640,12,12,13.910691261291504
1641,1,6,12.511767387390137
1641,2,6,12.588085174560547
1641,3,6,12.62153434753418
1641,4,6,12.627318382263184
1641,5,6,12.648772239685059
1641,6,6,12.776955604553223
1641,7,6,12.834616661071777
1641,8,6,12.920550346374512
1641,9,6,12.92387580871582
1641,10,6,12.976500511169434
1641,11,6,12.968687057495117
1641,12,6,12.903924942016602
1642,1,12,12.414560317993164
1642,2,12,12.401244163513184
1642,3,12,12.517621040344238
1642,4,12,12.5487699508667
1642,5,12,12.55024528503418
1642,6,12,12.454965591430664
1642,7,12,12.459508895874023
1642,8,12,12.526335716247559
1642,9,12,12.614977836608887
1642,10,12,11.988511085510254
1642,11,12,12.105984687805176
1642,12,12,12.016122817993164
1643,1,12,14.55364990234375
1643,2,12,14.603506088256836
1643,3,12,14.7035551071167
1643,4,12,14.774482727050781
1643,5,12,14.843085289001465
1643,6,12,14.914870262145996
1643,7,12,14.945306777954102
1643,8,12,14.900733947753906
1643,9,12,14.975400924682617
1643,10,12,15.038224220275879
1643,11,12,15.057366371154785
1643,12,12,15.115338325500488
1644,1,11,15.58880615234375
1644,2,11,15.013659477233887
1644,3,11,15.282303810119629
1644,4,11,15.345199584960938
1644,5,11,15.32905101776123
1644,6,11,15.437533378601074
1644,7,11,15.652812957763672
1644,8,11,15.695831298828125
1644,9,11,15.724967002868652
1644,10,11,15.804505348205566
1644,11,11,15.802494049072266
1644,12,11,15.836420059204102
1645,1,11,16.41555404663086
1645,2,11,16.42894172668457
1645,3,11,16.53527069091797
1645,4,11,16.43096351623535
1645,5,11,16.797046661376953
1645,6,11,16.558605194091797
1645,7,11,16.666975021362305
1645,8,11,16.642520904541016
1645,9,11,16.683452606201172
1645,10,11,16.716062545776367
1645,11,11,16.648527145385742
1645,12,11,16.70413589477539
1646,1,2,13.007377624511719
1646,2,2,12.942343711853027
1646,3,2,12.987666130065918
1646,4,2,13.058762550354004
1646,5,2,13.127300262451172
1646,6,2,13.162120819091797
1646,7,2,13.25164794921875
1646,8,2,13.446625709533691
1646,9,2,13.405524253845215
1646,10,2,13.323688507080078
1646,11,2,13.315881729125977
1646,12,2,13.806742668151855
1647,1,11,14.623745918273926
1647,2,11,14.684093475341797
1647,3,11,14.661599159240723
1647,4,11,14.682289123535156
1647,5,11,14.750777244567871
1647,6,11,14.908799171447754
1647,7,11,14.97417163848877
1647,8,11,14.95855712890625
1647,9,11,14.987387657165527
1647,10,11,15.007098197937012
1647,11,11,15.027425765991211
1647,12,11,15.06160831451416
1648,1,11,19.3746337890625
1648,2,11,19.355501174926758
1648,3,11,19.31343650817871
1648,4,11,19.313228607177734
1648,5,11,19.37891960144043
1648,6,11,19.34477424621582
1648,7,11,19.3654727935791
1648,8,11,19.391355514526367
1648,9,11,19.43653678894043
1648,10,11,19.45288848876953
1648,11,11,19.470062255859375
1648,12,11,19.443349838256836
1649,1,9,19.317493438720703
1649,2,9,19.372291564941406
1649,3,9,19.458364486694336
1649,4,9,19.434581756591797
1649,5,9,19.468889236450195
1649,6,9,19.489704132080078
1649,7,9,19.501951217651367
1649,8,9,19.510440826416016
1649,9,9,19.53273582458496
1649,10,9,19.8000545501709
1649,11,9,19.708419799804688
1649,12,9,19.742252349853516
1650,1,11,12.131861686706543
1650,2,11,12.610779762268066
1650,3,11,12.330078125
1650,4,11,12.447216033935547
1650,5,11,12.345844268798828
1650,6,11,12.539069175720215
1650,7,11,12.58018970489502
1650,8,11,12.58203125
1650,9,11,12.567540168762207
1650,10,11,12.614950180053711
1650,11,11,12.95001220703125
1650,12,11,12.9644775390625
1651,1,11,11.298724174499512
1651,2,11,11.480120658874512
1651,3,11,11.502671241760254
1651,4,11,11.53750991821289
1651,5,11,11.502236366271973
1651,6,11,11.510866165161133
1651,7,11,11.547245979309082
1651,8,11,11.559967994689941
1651,9,11,11.599854469299316
1651,10,11,11.602081298828125
1651,11,11,11.696798324584961
1651,12,11,11.690251350402832
1652,1,3,14.65622329711914
1652,2,3,14.736701965332031
1652,3,3,14.8446044921875
1652,4,3,14.849687576293945
1652,5,3,14.878072738647461
1652,6,3,14.956564903259277
1652,7,3,14.731681823730469
1652,8,3,14.892827987670898
1652,9,3,14.830673217773438
1652,10,3,15.003796577453613
1652,11,3,15.231515884399414
1652,12,3,15.263945579528809
1653,1,5,16.25888442993164
1653,2,5,16.341651916503906
1653,3,5,16.513996124267578
1653,4,5,16.536222457885742
1653,5,5,16.58811378479004
1653,6,5,16.747108459472656
1653,7,5,16.823972702026367
1653,8,5,16.945411682128906
1653,9,5,16.937822341918945
1653,10,5,17.02218246459961
1653,11,5,17.126628875732422
1653,12,5,17.102705001831055
1654,1,6,13.013476371765137
1654,2,6,13.152727127075195
1654,3,6,13.111272811889648
1654,4,6,13.19908332824707
1654,5,6,13.195821762084961
1654,6,6,13.38379192352295
1654,7,6,13.561661720275879
1654,8,6,13.5784912109375
1654,9,6,13.538302421569824
1654,10,6,13.599732398986816
1654,11,6,13.659958839416504
1654,12,6,13.658378601074219
1655,1,12,11.886727333068848
1655,2,12,11.899892807006836
1655,3,12,11.937838554382324
1655,4,12,11.923583030700684
1655,5,12,11.931282997131348
1655,6,12,11.993382453918457
1655,7,12,11.998766899108887
1655,8,12,12.007742881774902
1655,9,12,12.069482803344727
1655,10,12,12.081656455993652
1655,11,12,12.066926956176758
1655,12,12,12.199170112609863
1656,1,11,11.664560317993164
1656,2,11,11.630989074707031
1656,3,11,11.80835247039795
1656,4,11,11.632281303405762
1656,5,11,11.386384010314941
1656,6,11,11.326062202453613
1656,7,11,11.60722541809082
1656,8,11,11.64461898803711
1656,9,11,11.867959976196289
1656,10,11,11.832531929016113
1656,11,11,11.881494522094727
1656,12,11,11.96236515045166
1657,1,11,13.915831565856934
1657,2,11,14.341869354248047
1657,3,11,14.486427307128906
1657,4,11,14.46590518951416
1657,5,11,14.531048774719238
1657,6,11,14.562057495117188
1657,7,11,14.658638000488281
1657,8,11,14.772762298583984
1657,9,11,14.74191951751709
1657,10,11,14.707523345947266
1657,11,11,14.807353019714355
1657,12,11,14.757340431213379
1658,1,7,13.731969833374023
1658,2,7,13.791326522827148
1658,3,7,13.56077766418457
1658,4,7,13.570414543151855
1658,5,7,13.517127990722656
1658,6,7,13.832964897155762
1658,7,7,13.987730026245117
1658,8,7,14.000720024108887
1658,9,7,13.998676300048828
1658,10,7,14.067728042602539
1658,11,7,14.071615219116211
1658,12,7,14.008222579956055
1659,1,12,14.864608764648438
1659,2,12,14.892529487609863
1659,3,12,14.920644760131836
1659,4,12,14.991349220275879
1659,5,12,14.998014450073242
1659,6,12,14.391244888305664
1659,7,12,15.147212982177734
1659,8,12,15.186524391174316
1659,9,12,15.195021629333496
1659,10,12,15.23957633972168
1659,11,12,15.290787696838379
1659,12,12,15.272116661071777
1660,1,11,12.336596488952637
1660,2,11,12.492683410644531
1660,3,11,12.504963874816895
1660,4,11,12.57553768157959
1660,5,11,12.684065818786621
1660,6,11,12.696003913879395
1660,7,11,12.746021270751953
1660,8,11,12.707934379577637
1660,9,11,12.811724662780762
1660,10,11,12.871233940124512
1660,11,11,12.919445991516113
1660,12,11,12.914937019348145
1661,1,4,12.027424812316895
1661,2,4,12.107593536376953
1661,3,4,12.152289390563965
1661,4,4,12.629973411560059
1661,5,4,12.60801887512207
1661,6,4,13.300069808959961
1661,7,4,13.289502143859863
1661,8,4,13.327404022216797
1661,9,4,13.352763175964355
1661,10,4,12.809006690979004
1661,11,4,12.73935604095459
1661,12,4,12.72678279876709
1662,1,4,13.543301582336426
1662,2,4,13.589919090270996
1662,3,4,13.79073429107666
1662,4,4,13.931469917297363
1662,5,4,13.872102737426758
1662,6,4,14.139156341552734
1662,7,4,14.221433639526367
1662,8,4,14.21428394317627
1662,9,4,14.28901481628418
1662,10,4,14.267568588256836
1662,11,4,14.348902702331543
1662,12,4,14.334031105041504
1663,1,11,16.254913330078125
1663,2,11,16.357667922973633
1663,3,11,16.47386932373047
1663,4,11,16.422672271728516
1663,5,11,16.531274795532227
1663,6,11,16.553909301757812
1663,7,11,16.551788330078125
1663,8,11,16.758121490478516
1663,9,11,16.82158088684082
1663,10,11,16.794815063476562
1663,11,11,16.855182647705078
1663,12,11,16.850303649902344
1664,1,10,16.903175354003906
1664,2,10,16.78891372680664
1664,3,10,16.802875518798828
1664,4,10,16.682994842529297
1664,5,10,16.61823272705078
1664,6,10,16.77374839782715
1664,7,10,16.74936294555664
1664,8,10,16.644393920898438
1664,9,10,16.703052520751953
1664,10,10,16.77996063232422
1664,11,10,16.71992301940918
1664,12,10,16.68738555908203
1665,1,11,13.737037658691406
1665,2,11,13.78186321258545
1665,3,11,13.808877944946289
1665,4,11,13.907323837280273
1665,5,11,14.014700889587402
1665,6,11,14.08366870880127
1665,7,11,14.184627532958984
1665,8,11,14.333736419677734
1665,9,11,14.269998550415039
1665,10,11,14.259210586547852
1665,11,11,13.675564765930176
1665,12,11,14.560091018676758
1666,1,5,17.67164421081543
1666,2,5,17.715667724609375
1666,3,5,17.769115447998047
1666,4,5,17.793886184692383
1666,5,5,17.838441848754883
1666,6,5,17.880186080932617
1666,7,5,17.9222412109375
1666,8,5,17.96876335144043
1666,9,5,18.012365341186523
1666,10,5,18.050874710083008
1666,11,5,18.076379776000977
1666,12,5,18.10683822631836
1667,1,6,10.971837043762207
1667,2,6,10.481011390686035
1667,3,6,10.511640548706055
1667,4,6,10.970894813537598
1667,5,6,11.692405700683594
1667,6,6,11.868620872497559
1667,7,6,11.925894737243652
1667,8,6,9.035438537597656
1667,9,6,9.044333457946777
1667,10,6,9.059036254882812
1667,11,6,9.091106414794922
1667,12,6,7.378246307373047
1668,1,4,13.552030563354492
1668,2,4,13.83496379852295
1668,3,4,14.434898376464844
1668,4,4,14.087159156799316
1668,5,4,14.122054100036621
1668,6,4,14.132445335388184
1668,7,4,14.150076866149902
1668,8,4,14.266170501708984
1668,9,4,14.306772232055664
1668,10,4,14.404341697692871
1668,11,4,14.384817123413086
1668,12,4,14.29787826538086
1669,1,11,13.451765060424805
1669,2,11,13.619677543640137
1669,3,11,13.621153831481934
1669,4,11,13.650144577026367
1669,5,11,13.680741310119629
1669,6,11,13.705733299255371
1669,7,11,13.704896926879883
1669,8,11,13.730414390563965
1669,9,11,13.770723342895508
1669,10,11,13.85709285736084
1669,11,11,13.919158935546875
1669,12,11,13.931463241577148
1670,1,12,10.291102409362793
1670,2,12,10.657172203063965
1670,3,12,10.835249900817871
1670,4,12,10.7875394821167
1670,5,12,10.699278831481934
1670,6,12,10.919149398803711
1670,7,12,10.840027809143066
1670,8,12,10.887627601623535
1670,9,12,10.964319229125977
1670,10,12,10.985193252563477
1670,11,12,10.342056274414062
1670,12,12,11.10935115814209
1671,1,10,13.738893508911133
1671,2,10,13.799962043762207
1671,3,10,13.78505802154541
1671,4,10,13.909436225891113
1671,5,10,14.036933898925781
1671,6,10,14.112220764160156
1671,7,10,14.116199493408203
1671,8,10,14.253798484802246
1671,9,10,14.300192832946777
1671,10,10,14.337045669555664
1671,11,10,14.416192054748535
1671,12,10,14.480979919433594
1672,1,12,12.072990417480469
1672,2,12,12.242207527160645
1672,3,12,12.250346183776855
1672,4,12,12.293524742126465
1672,5,12,12.481596946716309
1672,6,12,12.437708854675293
1672,7,12,12.507014274597168
1672,8,12,12.450541496276855
1672,9,12,12.525205612182617
1672,10,12,12.588228225708008
1672,11,12,12.585367202758789
1672,12,12,12.685334205627441
1673,1,11,12.31308364868164
1673,2,11,12.432183265686035
1673,3,11,12.551301956176758
1673,4,11,12.551544189453125
1673,5,11,12.594627380371094
1673,6,11,12.8751802444458
1673,7,11,12.792070388793945
1673,8,11,12.77187728881836
1673,9,11,12.494891166687012
1673,10,11,12.618879318237305
1673,11,11,12.694798469543457
1673,12,11,12.721054077148438
1674,1,12,13.122262954711914
1674,2,12,13.145816802978516
1674,3,12,13.16342830657959
1674,4,12,13.11030101776123
1674,5,12,13.12742805480957
1674,6,12,13.14346981048584
1674,7,12,13.209254264831543
1674,8,12,13.192890167236328
1674,9,12,13.236260414123535
1674,10,12,13.221461296081543
1674,11,12,13.207159996032715
1674,12,12,13.19357681274414
1675,1,11,15.099431991577148
1675,2,11,15.178154945373535
1675,3,11,15.185161590576172
1675,4,11,15.14285659790039
1675,5,11,15.118326187133789
1675,6,11,15.206243515014648
1675,7,11,15.236019134521484
1675,8,11,15.288247108459473
1675,9,11,15.29228687286377
1675,10,11,15.300514221191406
1675,11,11,15.269708633422852
1675,12,11,15.204115867614746
1676,1,6,14.062392234802246
1676,2,6,14.023538589477539
1676,3,6,14.069043159484863
1676,4,6,17.288721084594727
1676,5,6,14.070493698120117
1676,6,6,14.179115295410156
1676,7,6,14.313175201416016
1676,8,6,14.386222839355469
1676,9,6,14.470039367675781
1676,10,6,14.546723365783691
1676,11,6,14.60820484161377
1676,12,6,14.661957740783691
1677,1,11,17.520475387573242
1677,2,11,17.52665901184082
1677,3,11,17.649993896484375
1677,4,11,17.49262809753418
1677,5,11,17.62947654724121
1677,6,11,17.591720581054688
1677,7,11,17.561168670654297
1677,8,11,17.603349685668945
1677,9,11,17.699462890625
1677,10,11,17.594738006591797
1677,11,11,17.651426315307617
1677,12,11,17.597965240478516
1678,1,3,9.103683471679688
1678,2,3,9.635764122009277
1678,3,3,9.692724227905273
1678,4,3,9.609726905822754
1678,5,3,9.806476593017578
1678,6,3,9.797710418701172
1678,7,3,9.867629051208496
1678,8,3,9.93235969543457
1678,9,3,9.973099708557129
1678,10,3,9.930381774902344
1678,11,3,9.38528060913086
1678,12,3,9.849252700805664
1679,1,12,16.12812614440918
1679,2,12,16.105438232421875
1679,3,12,16.091760635375977
1679,4,12,16.155485153198242
1679,5,12,16.15017318725586
1679,6,12,16.1811580657959
1679,7,12,16.414514541625977
1679,8,12,16.568506240844727
1679,9,12,16.592103958129883
1679,10,12,16.6002254486084
1679,11,12,16.82809829711914
1679,12,12,16.796907424926758
1680,1,7,15.484136581420898
1680,2,7,15.5372953414917
1680,3,7,15.599847793579102
1680,4,7,15.583544731140137
1680,5,7,15.520766258239746
1680,6,7,15.608922004699707
1680,7,7,15.602516174316406
1680,8,7,15.631916046142578
1680,9,7,15.696971893310547
1680,10,7,15.717132568359375
1680,11,7,15.759561538696289
1680,12,7,15.7595853805542
1681,1,10,16.712512969970703
1681,2,10,16.587848663330078
1681,3,10,16.624483108520508
1681,4,10,16.6153507232666
1681,5,10,16.551610946655273
1681,6,10,16.511171340942383
1681,7,10,16.554304122924805
1681,8,10,16.49465560913086
1681,9,10,16.463462829589844
1681,10,10,16.424158096313477
1681,11,10,16.519634246826172
1681,12,10,16.504362106323242
1682,1,6,14.251904487609863
1682,2,6,14.58780288696289
1682,3,6,14.675141334533691
1682,4,6,14.568511009216309
1682,5,6,14.60902214050293
1682,6,6,14.881255149841309
1682,7,6,14.89770793914795
1682,8,6,15.069562911987305
1682,9,6,15.114225387573242
1682,10,6,15.188691139221191
1682,11,6,15.260830879211426
1682,12,6,15.231776237487793
1683,1,10,12.031970024108887
1683,2,10,12.53842544555664
1683,3,10,12.643657684326172
1683,4,10,12.952962875366211
1683,5,10,12.695093154907227
1683,6,10,13.109992980957031
1683,7,10,13.40196704864502
1683,8,10,13.425193786621094
1683,9,10,13.431126594543457
1683,10,10,13.107401847839355
1683,11,10,13.553670883178711
1683,12,10,13.523116111755371
1684,1,7,13.246045112609863
1684,2,7,13.280718803405762
1684,3,7,13.352849006652832
1684,4,7,13.466337203979492
1684,5,7,13.375162124633789
1684,6,7,13.549450874328613
1684,7,7,13.472286224365234
1684,8,7,13.730920791625977
1684,9,7,13.134817123413086
1684,10,7,13.27781867980957
1684,11,7,13.713204383850098
1684,12,7,13.64045524597168
1685,1,9,11.12787914276123
1685,2,9,11.240124702453613
1685,3,9,11.270039558410645
1685,4,9,11.217312812805176
1685,5,9,11.11456298828125
1685,6,9,11.370159149169922
1685,7,9,11.412976264953613
1685,8,9,11.453908920288086
1685,9,9,11.537238121032715
1685,10,9,11.596080780029297
1685,11,9,11.590707778930664
1685,12,9,11.48424243927002
1686,1,11,13.806971549987793
1686,2,11,13.735339164733887
1686,3,11,13.723672866821289
1686,4,11,13.669243812561035
1686,5,11,13.790164947509766
1686,6,11,13.782169342041016
1686,7,11,13.702698707580566
1686,8,11,13.877918243408203
1686,9,11,13.774710655212402
1686,10,11,13.869060516357422
1686,11,11,13.901593208312988
1686,12,11,13.969460487365723
1687,1,11,16.768882751464844
1687,2,11,16.74333381652832
1687,3,11,16.80707550048828
1687,4,11,16.814550399780273
1687,5,11,16.87607765197754
1687,6,11,16.930837631225586
1687,7,11,16.96600341796875
1687,8,11,16.990690231323242
1687,9,11,17.103540420532227
1687,10,11,17.17121696472168
1687,11,11,17.216602325439453
1687,12,11,17.294736862182617
1688,1,12,13.575334548950195
1688,2,12,13.503927230834961
1688,3,12,13.4982271194458
1688,4,12,13.740878105163574
1688,5,12,13.67490291595459
1688,6,12,13.722807884216309
1688,7,12,13.46690845489502
1688,8,12,13.617606163024902
1688,9,12,13.608302116394043
1688,10,12,13.97341537475586
1688,11,12,13.434225082397461
1688,12,12,13.6964750289917
1689,1,2,14.23282527923584
1689,2,2,14.190770149230957
1689,3,2,14.219220161437988
1689,4,2,14.17837142944336
1689,5,2,14.206303596496582
1689,6,2,14.155266761779785
1689,7,2,14.203746795654297
1689,8,2,14.260647773742676
1689,9,2,14.265149116516113
1689,10,2,14.309887886047363
1689,11,2,14.568198204040527
1689,12,2,14.722352981567383
1690,1,12,12.312211036682129
1690,2,12,12.586416244506836
1690,3,12,12.540216445922852
1690,4,12,10.222994804382324
1690,5,12,12.880316734313965
1690,6,12,12.666210174560547
1690,7,12,12.694427490234375
1690,8,12,12.756133079528809
1690,9,12,12.728144645690918
1690,10,12,12.688005447387695
1690,11,12,12.767101287841797
1690,12,12,12.777417182922363
1691,1,11,16.91716766357422
1691,2,11,16.912357330322266
1691,3,11,17.076807022094727
1691,4,11,17.115327835083008
1691,5,11,17.176122665405273
1691,6,11,17.39609718322754
1691,7,11,17.487590789794922
1691,8,11,17.586353302001953
1691,9,11,17.66490936279297
1691,10,11,17.691926956176758
1691,11,11,17.700220108032227
1691,12,11,17.79759979248047
1692,1,12,16.002840042114258
1692,2,12,16.123613357543945
1692,3,12,16.241804122924805
1692,4,12,16.33524513244629
1692,5,12,16.36469268798828
1692,6,12,16.449100494384766
1692,7,12,16.590002059936523
1692,8,12,16.703266143798828
1692,9,12,16.775449752807617
1692,10,12,16.864839553833008
1692,11,12,16.937036514282227
1692,12,12,17.00802230834961
1693,1,8,15.150712966918945
1693,2,8,15.187995910644531
1693,3,8,15.207694053649902
1693,4,8,15.16788101196289
1693,5,8,15.111842155456543
1693,6,8,15.271136283874512
1693,7,8,15.289599418640137
1693,8,8,15.297800064086914
1693,9,8,15.70849895477295
1693,10,8,15.343708038330078
1693,11,8,15.331048965454102
1693,12,8,15.468225479125977
1694,1,12,17.009389877319336
1694,2,12,17.057170867919922
1694,3,12,17.092126846313477
1694,4,12,17.17097282409668
1694,5,12,17.20469093322754
1694,6,12,17.25963020324707
1694,7,12,17.327131271362305
1694,8,12,17.325729370117188
1694,9,12,17.35850715637207
1694,10,12,17.37489128112793
1694,11,12,17.742881774902344
1694,12,12,17.77264404296875
1695,1,7,11.826812744140625
1695,2,7,11.858001708984375
1695,3,7,11.495565414428711
1695,4,7,11.178092956542969
1695,5,7,11.604347229003906
1695,6,7,11.987947463989258
1695,7,7,11.967455863952637
1695,8,7,12.126258850097656
1695,9,7,12.40085506439209
1695,10,7,12.311649322509766
1695,11,7,12.249564170837402
1695,12,7,12.059107780456543
1696,1,11,15.302617073059082
1696,2,11,15.336078643798828
1696,3,11,15.439723014831543
1696,4,11,15.476149559020996
1696,5,11,15.57100772857666
1696,6,11,15.57193374633789
1696,7,11,15.59223461151123
1696,8,11,15.631203651428223
1696,9,11,15.671910285949707
1696,10,11,15.73482894897461
1696,11,11,16.02706527709961
1696,12,11,16.009822845458984
1697,1,5,15.190873146057129
1697,2,5,15.12835693359375
1697,3,5,15.23682689666748
1697,4,5,15.253861427307129
1697,5,5,15.294634819030762
1697,6,5,15.857397079467773
1697,7,5,15.891948699951172
1697,8,5,15.850470542907715
1697,9,5,16.20928192138672
1697,10,5,15.932811737060547
1697,11,5,15.910361289978027
1697,12,5,15.930216789245605
1698,1,9,10.841185569763184
1698,2,9,12.190863609313965
1698,3,9,13.268584251403809
1698,4,9,13.434999465942383
1698,5,9,13.428352355957031
1698,6,9,13.506003379821777
1698,7,9,13.432404518127441
1698,8,9,13.35158634185791
1698,9,9,13.472694396972656
1698,10,9,13.451360702514648
1698,11,9,13.673709869384766
1698,12,9,13.421399116516113
1699,1,4,15.848403930664062
1699,2,4,15.95588493347168
1699,3,4,16.010290145874023
1699,4,4,15.8744535446167
1699,5,4,16.112333297729492
1699,6,4,16.0113468170166
1699,7,4,16.21031951904297
1699,8,4,16.29257583618164
1699,9,4,16.298933029174805
1699,10,4,16.422760009765625
1699,11,4,16.480525970458984
1699,12,4,16.790002822875977
1700,1,11,14.038656234741211
1700,2,11,14.064891815185547
1700,3,11,14.152827262878418
1700,4,11,14.258585929870605
1700,5,11,14.264031410217285
1700,6,11,14.498583793640137
1700,7,11,14.547886848449707
1700,8,11,14.596874237060547
1700,9,11,14.70224666595459
1700,10,11,14.742761611938477
1700,11,11,14.799469947814941
1700,12,11,14.873054504394531
1701,1,3,16.49015998840332
1701,2,3,16.348146438598633
1701,3,3,16.711944580078125
1701,4,3,16.788782119750977
1701,5,3,16.806499481201172
1701,6,3,16.835458755493164
1701,7,3,16.851970672607422
1701,8,3,16.83757781982422
1701,9,3,16.880474090576172
1701,10,3,16.866153717041016
1701,11,3,17.158090591430664
1701,12,3,17.1556453704834
1702,1,11,13.64289379119873
1702,2,11,13.733602523803711
1702,3,11,13.820700645446777
1702,4,11,13.842489242553711
1702,5,11,13.859583854675293
1702,6,11,13.909947395324707
1702,7,11,13.955628395080566
1702,8,11,14.002095222473145
1702,9,11,14.017566680908203
1702,10,11,14.092828750610352
1702,11,11,14.165358543395996
1702,12,11,14.229500770568848
1703,1,11,11.056609153747559
1703,2,11,10.950701713562012
1703,3,11,10.950507164001465
1703,4,11,10.906079292297363
1703,5,11,10.799171447753906
1703,6,11,11.165609359741211
1703,7,11,11.271007537841797
1703,8,11,11.322509765625
1703,9,11,11.206995964050293
1703,10,11,11.301398277282715
1703,11,11,11.120733261108398
1703,12,11,11.308270454406738
1704,1,12,14.11909008026123
1704,2,12,14.194683074951172
1704,3,12,14.275564193725586
1704,4,12,14.354873657226562
1704,5,12,14.329619407653809
1704,6,12,14.414972305297852
1704,7,12,14.486867904663086
1704,8,12,14.607041358947754
1704,9,12,14.789706230163574
1704,10,12,15.083686828613281
1704,11,12,15.19602108001709
1704,12,12,15.257763862609863
1705,1,12,18.10576629638672
1705,2,12,18.125967025756836
1705,3,12,18.15874481201172
1705,4,12,18.168079376220703
1705,5,12,18.18435287475586
1705,6,12,18.321550369262695
1705,7,12,18.368194580078125
1705,8,12,18.379934310913086
1705,9,12,18.414932250976562
1705,10,12,18.455833435058594
1705,11,12,18.496824264526367
1705,12,12,18.5271053314209
1706,1,7,14.400100708007812
1706,2,7,15.04931926727295
1706,3,7,14.756420135498047
1706,4,7,14.455881118774414
1706,5,7,14.503854751586914
1706,6,7,14.526815414428711
1706,7,7,14.530587196350098
1706,8,7,14.501401901245117
1706,9,7,14.503302574157715
1706,10,7,14.520377159118652
1706,11,7,14.561060905456543
1706,12,7,14.536826133728027
1707,1,2,11.856889724731445
1707,2,2,11.886774063110352
1707,3,2,12.050106048583984
1707,4,2,12.048859596252441
1707,5,2,12.052104949951172
1707,6,2,12.104705810546875
1707,7,2,12.031158447265625
1707,8,2,12.11739730834961
1707,9,2,12.172425270080566
1707,10,2,12.12710952758789
1707,11,2,12.17229175567627
1707,12,2,12.134591102600098
1708,1,12,14.510199546813965
1708,2,12,14.66836929321289
1708,3,12,14.723690032958984
1708,4,12,14.801396369934082
1708,5,12,14.79415225982666
1708,6,12,14.816776275634766
1708,7,12,14.863767623901367
1708,8,12,14.857977867126465
1708,9,12,14.913836479187012
1708,10,12,14.926850318908691
1708,11,12,14.944469451904297
1708,12,12,14.97612190246582
1709,1,11,15.130956649780273
1709,2,11,15.173661231994629
1709,3,11,15.255678176879883
1709,4,11,15.172053337097168
1709,5,11,15.233001708984375
1709,6,11,15.272881507873535
1709,7,11,15.291009902954102
1709,8,11,15.257911682128906
1709,9,11,15.33387565612793
1709,10,11,15.327999114990234
1709,11,11,15.334156036376953
1709,12,11,15.324382781982422
1710,1,4,14.09685230255127
1710,2,4,14.023017883300781
1710,3,4,14.310281753540039
1710,4,4,14.364128112792969
1710,5,4,14.343973159790039
1710,6,4,14.351524353027344
1710,7,4,14.302416801452637
1710,8,4,14.33205509185791
1710,9,4,14.445301055908203
1710,10,4,14.390596389770508
1710,11,4,13.190882682800293
1710,12,4,14.375650405883789
1711,1,8,14.629999160766602
1711,2,8,14.753216743469238
1711,3,8,14.966015815734863
1711,4,8,15.152412414550781
1711,5,8,15.224446296691895
1711,6,8,15.335713386535645
1711,7,8,15.373735427856445
1711,8,8,15.45195198059082
1711,9,8,15.509648323059082
1711,10,8,15.584214210510254
1711,11,8,15.60627555847168
1711,12,8,15.574556350708008
1712,1,6,15.315414428710938
1712,2,6,15.292881965637207
1712,3,6,15.47302532196045
1712,4,6,15.325336456298828
1712,5,6,15.084517478942871
1712,6,6,15.323854446411133
1712,7,6,15.624563217163086
1712,8,6,15.566802024841309
1712,9,6,15.522928237915039
1712,10,6,15.543338775634766
1712,11,6,15.747941970825195
1712,12,6,15.911768913269043
1713,1,11,10.743904113769531
1713,2,11,10.835057258605957
1713,3,11,10.863007545471191
1713,4,11,10.913311958312988
1713,5,11,10.904420852661133
1713,6,11,11.083175659179688
1713,7,11,11.031620979309082
1713,8,11,11.014222145080566
1713,9,11,11.011919975280762
1713,10,11,11.023537635803223
1713,11,11,11.22339153289795
1713,12,11,11.251184463500977
1714,1,8,15.856893539428711
1714,2,8,15.956382751464844
1714,3,8,15.964174270629883
1714,4,8,15.918379783630371
1714,5,8,16.034109115600586
1714,6,8,16.1293888092041
1714,7,8,16.1995792388916
1714,8,8,16.261768341064453
1714,9,8,16.247013092041016
1714,10,8,16.275671005249023
1714,11,8,16.32309341430664
1714,12,8,16.26079559326172
1715,1,10,13.95402717590332
1715,2,10,14.050461769104004
1715,3,10,14.021712303161621
1715,4,10,14.14049243927002
1715,5,10,14.098597526550293
1715,6,10,14.184077262878418
1715,7,10,14.24697494506836
1715,8,10,14.320188522338867
1715,9,10,14.337900161743164
1715,10,10,14.382901191711426
1715,11,10,14.414115905761719
1715,12,10,14.498785972595215
1716,1,11,11.096925735473633
1716,2,11,11.216375350952148
1716,3,11,11.28133773803711
1716,4,11,11.30033016204834
1716,5,11,11.304160118103027
1716,6,11,11.371674537658691
1716,7,11,11.372201919555664
1716,8,11,11.580395698547363
1716,9,11,11.663996696472168
1716,10,11,11.908632278442383
1716,11,11,11.942898750305176
1716,12,11,11.978168487548828
1717,1,12,11.541675567626953
1717,2,12,11.564901351928711
1717,3,12,11.61622428894043
1717,4,12,11.56904411315918
1717,5,12,11.552618980407715
1717,6,12,11.470320701599121
1717,7,12,11.500823974609375
1717,8,12,11.484272003173828
1717,9,12,11.461365699768066
1717,10,12,11.518360137939453
1717,11,12,11.56249713897705
1717,12,12,11.60542106628418
1718,1,4,11.901769638061523
1718,2,4,11.996223449707031
1718,3,4,12.065671920776367
1718,4,4,11.986307144165039
1718,5,4,12.06001091003418
1718,6,4,12.136956214904785
1718,7,4,12.158878326416016
1718,8,4,12.272703170776367
1718,9,4,12.27946662902832
1718,10,4,12.339202880859375
1718,11,4,10.977789878845215
1718,12,4,12.33484172821045
1719,1,12,11.907859802246094
1719,2,12,12.155686378479004
1719,3,12,12.244016647338867
1719,4,12,12.220735549926758
1719,5,12,12.138456344604492
1719,6,12,12.150907516479492
1719,7,12,12.130509376525879
1719,8,12,12.155693054199219
1719,9,12,12.202049255371094
1719,10,12,12.385336875915527
1719,11,12,12.489269256591797
1719,12,12,12.642119407653809
1720,1,8,9.277607917785645
1720,2,8,9.214899063110352
1720,3,8,9.478991508483887
1720,4,8,9.513944625854492
1720,5,8,9.571640968322754
1720,6,8,9.490972518920898
1720,7,8,9.523885726928711
1720,8,8,9.529587745666504
1720,9,8,9.612525939941406
1720,10,8,9.484919548034668
1720,11,8,9.796551704406738
1720,12,8,9.965937614440918
1721,1,5,13.029365539550781
1721,2,5,12.776986122131348
1721,3,5,13.248786926269531
1721,4,5,12.736612319946289
1721,5,5,12.954172134399414
1721,6,5,13.048784255981445
1721,7,5,13.047231674194336
1721,8,5,13.029273986816406
1721,9,5,13.157356262207031
1721,10,5,13.156427383422852
1721,11,5,13.339317321777344
1721,12,5,13.406968116760254
1722,1,11,10.070255279541016
1722,2,11,10.333151817321777
1722,3,11,10.451772689819336
1722,4,11,10.413915634155273
1722,5,11,10.514997482299805
1722,6,11,10.45897388458252
1722,7,11,10.613373756408691
1722,8,11,10.762564659118652
1722,9,11,10.52195930480957
1722,10,11,10.827324867248535
1722,11,11,10.836057662963867
1722,12,11,11.10756778717041
1723,1,11,12.360629081726074
1723,2,11,12.331399917602539
1723,3,11,12.373274803161621
1723,4,11,12.37479019165039
1723,5,11,12.423584938049316
1723,6,11,12.704623222351074
1723,7,11,12.745196342468262
1723,8,11,12.731346130371094
1723,9,11,12.737679481506348
1723,10,11,12.689972877502441
1723,11,11,12.693876266479492
1723,12,11,12.818937301635742
1724,1,12,11.111824035644531
1724,2,12,11.063143730163574
1724,3,12,11.075861930847168
1724,4,12,11.222626686096191
1724,5,12,11.062614440917969
1724,6,12,11.470072746276855
1724,7,12,11.617314338684082
1724,8,12,11.975152969360352
1724,9,12,11.899418830871582
1724,10,12,11.984973907470703
1724,11,12,11.928811073303223
1724,12,12,11.861200332641602
1725,1,11,10.7509183883667
1725,2,11,10.731009483337402
1725,3,11,10.778790473937988
1725,4,11,10.745275497436523
1725,5,11,10.756893157958984
1725,6,11,10.955541610717773
1725,7,11,10.892533302307129
1725,8,11,10.904911994934082
1725,9,11,10.93735408782959
1725,10,11,10.958907127380371
1725,11,11,11.071728706359863
1725,12,11,11.895331382751465
1726,1,11,16.841899871826172
1726,2,11,16.821096420288086
1726,3,11,17.024526596069336
1726,4,11,11.309273719787598
1726,5,11,17.261213302612305
1726,6,11,17.235219955444336
1726,7,11,17.243635177612305
1726,8,11,17.322952270507812
1726,9,11,17.37025260925293
1726,10,11,17.595035552978516
1726,11,11,17.733509063720703
1726,12,11,17.768035888671875
1727,1,4,10.884191513061523
1727,2,4,10.943464279174805
1727,3,4,11.010636329650879
1727,4,4,11.057507514953613
1727,5,4,10.893800735473633
1727,6,4,10.939873695373535
1727,7,4,11.032025337219238
1727,8,4,10.992916107177734
1727,9,4,11.0064058303833
1727,10,4,11.01715087890625
1727,11,4,11.011061668395996
1727,12,4,10.967364311218262
1728,1,7,13.73961353302002
1728,2,7,13.845376014709473
1728,3,7,13.944962501525879
1728,4,7,13.940986633300781
1728,5,7,13.946450233459473
1728,6,7,14.06381893157959
1728,7,7,14.040671348571777
1728,8,7,14.256946563720703
1728,9,7,14.327563285827637
1728,10,7,14.40577507019043
1728,11,7,14.37666130065918
1728,12,7,14.359601974487305
1729,1,4,15.608757019042969
1729,2,4,15.58690357208252
1729,3,4,15.673381805419922
1729,4,4,15.612354278564453
1729,5,4,15.68543815612793
1729,6,4,15.6672945022583
1729,7,4,15.737778663635254
1729,8,4,15.763517379760742
1729,9,4,15.77698802947998
1729,10,4,15.839548110961914
1729,11,4,15.973653793334961
1729,12,4,15.996110916137695
1730,1,3,17.908716201782227
1730,2,3,18.08282470703125
1730,3,3,17.913381576538086
1730,4,3,17.887216567993164
1730,5,3,17.802505493164062
1730,6,3,17.89914321899414
1730,7,3,17.866416931152344
1730,8,3,17.9105224609375
1730,9,3,17.928775787353516
1730,10,3,17.99612045288086
1730,11,3,18.00955581665039
1730,12,3,18.005939483642578
1731,1,9,12.146184921264648
1731,2,9,12.259367942810059
1731,3,9,12.397812843322754
1731,4,9,12.437461853027344
1731,5,9,12.414344787597656
1731,6,9,12.52642822265625
1731,7,9,12.780289649963379
1731,8,9,12.89047908782959
1731,9,9,12.929352760314941
1731,10,9,13.019927024841309
1731,11,9,13.134839057922363
1731,12,9,13.141312599182129
1732,1,12,10.983048439025879
1732,2,12,11.029923439025879
1732,3,12,10.780189514160156
1732,4,12,10.375144958496094
1732,5,12,10.24172306060791
1732,6,12,10.201169967651367
1732,7,12,10.433812141418457
1732,8,12,10.248315811157227
1732,9,12,10.261351585388184
1732,10,12,10.286598205566406
1732,11,12,10.409781455993652
1732,12,12,10.649776458740234
1733,1,5,10.878717422485352
1733,2,5,11.07988166809082
1733,3,5,10.91620922088623
1733,4,5,11.034551620483398
1733,5,5,10.984010696411133
1733,6,5,11.086812019348145
1733,7,5,11.051287651062012
1733,8,5,11.086255073547363
1733,9,5,11.094221115112305
1733,10,5,11.130789756774902
1733,11,5,11.151564598083496
1733,12,5,11.121644973754883
1734,1,10,13.906325340270996
1734,2,10,13.919830322265625
1734,3,10,13.908820152282715
1734,4,10,13.975114822387695
1734,5,10,13.996994972229004
1734,6,10,14.003527641296387
1734,7,10,14.049039840698242
1734,8,10,14.102981567382812
1734,9,10,14.169795036315918
1734,10,10,14.190120697021484
1734,11,10,14.320758819580078
1734,12,10,14.355721473693848
1735,1,2,12.84000301361084
1735,2,2,13.048566818237305
1735,3,2,13.044953346252441
1735,4,2,13.065265655517578
1735,5,2,12.400087356567383
1735,6,2,12.984984397888184
1735,7,2,13.759410858154297
1735,8,2,13.01158618927002
1735,9,2,12.923315048217773
1735,10,2,12.07553482055664
1735,11,2,12.670071601867676
1735,12,2,12.758074760437012
1736,1,11,15.527338027954102
1736,2,11,15.584022521972656
1736,3,11,15.6470308303833
1736,4,11,15.69190502166748
1736,5,11,15.685691833496094
1736,6,11,15.775798797607422
1736,7,11,16.170623779296875
1736,8,11,16.191741943359375
1736,9,11,16.421539306640625
1736,10,11,16.130046844482422
1736,11,11,16.24352264404297
1736,12,11,16.255367279052734
1737,1,11,9.072540283203125
1737,2,11,10.032988548278809
1737,3,11,10.01060676574707
1737,4,11,10.184175491333008
1737,5,11,10.177583694458008
1737,6,11,10.186312675476074
1737,7,11,10.472076416015625
1737,8,11,10.443845748901367
1737,9,11,10.458492279052734
1737,10,11,10.49806022644043
1737,11,11,10.831527709960938
1737,12,11,10.877839088439941
1738,1,11,15.804319381713867
1738,2,11,15.810298919677734
1738,3,11,15.788114547729492
1738,4,11,15.795003890991211
1738,5,11,15.785296440124512
1738,6,11,15.889081954956055
1738,7,11,15.93120002746582
1738,8,11,16.0891056060791
1738,9,11,16.141311645507812
1738,10,11,16.17914390563965
1738,11,11,16.226394653320312
1738,12,11,16.204336166381836
1739,1,8,15.394783973693848
1739,2,8,15.387141227722168
1739,3,8,15.46187973022461
1739,4,8,15.353281021118164
1739,5,8,15.424406051635742
1739,6,8,15.464804649353027
1739,7,8,15.545111656188965
1739,8,8,16.18205451965332
1739,9,8,16.242525100708008
1739,10,8,16.210508346557617
1739,11,8,16.21002197265625
1739,12,8,16.189769744873047
1740,1,4,16.429750442504883
1740,2,4,16.45820426940918
1740,3,4,16.58146858215332
1740,4,4,16.583723068237305
1740,5,4,16.45676612854004
1740,6,4,16.505762100219727
1740,7,4,16.88927459716797
1740,8,4,16.904489517211914
1740,9,4,16.928163528442383
1740,10,4,16.93533706665039
1740,11,4,16.966014862060547
1740,12,4,16.927358627319336
1741,1,7,11.163010597229004
1741,2,7,11.436976432800293
1741,3,7,11.442316055297852
1741,4,7,11.922242164611816
1741,5,7,11.934289932250977
1741,6,7,11.951154708862305
1741,7,7,12.291860580444336
1741,8,7,12.390829086303711
1741,9,7,12.425575256347656
1741,10,7,12.383893966674805
1741,11,7,12.408814430236816
1741,12,7,12.38275146484375
1742,1,11,10.843424797058105
1742,2,11,10.831543922424316
1742,3,11,10.882176399230957
1742,4,11,10.808266639709473
1742,5,11,10.93596363067627
1742,6,11,11.081233024597168
1742,7,11,11.046480178833008
1742,8,11,11.105819702148438
1742,9,11,11.080881118774414
1742,10,11,11.079012870788574
1742,11,11,11.079036712646484
1742,12,11,11.888113021850586
1743,1,6,14.260659217834473
1743,2,6,14.24459171295166
1743,3,6,14.26657772064209
1743,4,6,14.266937255859375
1743,5,6,14.254027366638184
1743,6,6,14.289312362670898
1743,7,6,14.25875186920166
1743,8,6,14.279740333557129
1743,9,6,14.292693138122559
1743,10,6,14.533563613891602
1743,11,6,14.557954788208008
1743,12,6,14.49443531036377
1744,1,11,15.885462760925293
1744,2,11,15.918407440185547
1744,3,11,15.97884464263916
1744,4,11,16.01007080078125
1744,5,11,15.988004684448242
1744,6,11,16.01991081237793
1744,7,11,16.033065795898438
1744,8,11,16.09033966064453
1744,9,11,16.140771865844727
1744,10,11,16.17761993408203
1744,11,11,16.192867279052734
1744,12,11,16.188791275024414
1745,1,11,13.824321746826172
1745,2,11,13.828056335449219
1745,3,11,13.882331848144531
1745,4,11,14.413228988647461
1745,5,11,14.579617500305176
1745,6,11,14.759305953979492
1745,7,11,14.731490135192871
1745,8,11,14.699438095092773
1745,9,11,14.756269454956055
1745,10,11,14.778877258300781
1745,11,11,14.573882102966309
1745,12,11,14.225968360900879
1746,1,11,14.295428276062012
1746,2,11,14.15157699584961
1746,3,11,14.278217315673828
1746,4,11,14.356832504272461
1746,5,11,13.944592475891113
1746,6,11,14.288946151733398
1746,7,11,14.49852466583252
1746,8,11,14.5309419631958
1746,9,11,14.535699844360352
1746,10,11,14.797296524047852
1746,11,11,14.872640609741211
1746,12,11,14.852649688720703
1747,1,10,11.16684341430664
1747,2,10,11.146781921386719
1747,3,10,11.220050811767578
1747,4,10,11.324141502380371
1747,5,10,11.269309043884277
1747,6,10,11.419466018676758
1747,7,10,11.442572593688965
1747,8,10,11.473010063171387
1747,9,10,11.696577072143555
1747,10,10,11.649618148803711
1747,11,10,11.989612579345703
1747,12,10,11.922690391540527
1748,1,6,12.074823379516602
1748,2,6,12.027554512023926
1748,3,6,11.967083930969238
1748,4,6,11.849200248718262
1748,5,6,11.922333717346191
1748,6,6,11.905756950378418
1748,7,6,12.275989532470703
1748,8,6,12.270524024963379
1748,9,6,12.11878776550293
1748,10,6,12.294325828552246
1748,11,6,12.212384223937988
1748,12,6,12.508721351623535
1749,1,11,15.201469421386719
1749,2,11,15.256830215454102
1749,3,11,15.344860076904297
1749,4,11,15.314844131469727
1749,5,11,15.347688674926758
1749,6,11,15.527837753295898
1749,7,11,15.538477897644043
1749,8,11,15.864599227905273
1749,9,11,16.01846694946289
1749,10,11,16.119171142578125
1749,11,11,15.951918601989746
1749,12,11,15.838282585144043
1750,1,9,13.903045654296875
1750,2,9,14.020009994506836
1750,3,9,14.045540809631348
1750,4,9,14.056838035583496
1750,5,9,14.062067031860352
1750,6,9,14.166973114013672
1750,7,9,14.15803337097168
1750,8,9,14.179430961608887
1750,9,9,14.192604064941406
1750,10,9,14.287619590759277
1750,11,9,14.27481460571289
1750,12,9,14.258480072021484
1751,1,8,12.376720428466797
1751,2,8,12.348325729370117
1751,3,8,12.310760498046875
1751,4,8,12.270482063293457
1751,5,8,12.231696128845215
1751,6,8,12.152902603149414
1751,7,8,12.050373077392578
1751,8,8,12.129279136657715
1751,9,8,12.68752384185791
1751,10,8,12.152828216552734
1751,11,8,11.935372352600098
1751,12,8,11.879576683044434
1752,1,11,12.24266242980957
1752,2,11,12.207823753356934
1752,3,11,12.372368812561035
1752,4,11,12.37578010559082
1752,5,11,12.261448860168457
1752,6,11,12.32919692993164
1752,7,11,12.351073265075684
1752,8,11,12.389656066894531
1752,9,11,12.415738105773926
1752,10,11,12.38775634765625
1752,11,11,12.203876495361328
1752,12,11,12.113274574279785
1753,1,12,10.136090278625488
1753,2,12,10.560515403747559
1753,3,12,10.706507682800293
1753,4,12,10.584769248962402
1753,5,12,10.728014945983887
1753,6,12,10.929165840148926
1753,7,12,11.025728225708008
1753,8,12,10.631093978881836
1753,9,12,0.0
1753,10,12,10.5385160446167
1753,11,12,11.434782981872559
1753,12,12,11.870931625366211
1754,1,11,13.700374603271484
1754,2,11,13.709272384643555
1754,3,11,13.742891311645508
1754,4,11,13.804028511047363
1754,5,11,13.84402084350586
1754,6,11,13.871633529663086
1754,7,11,13.891351699829102
1754,8,11,13.879898071289062
1754,9,11,13.933479309082031
1754,10,11,13.933073997497559
1754,11,11,13.991497993469238
1754,12,11,14.036978721618652
1755,1,4,11.779633522033691
1755,2,4,11.922576904296875
1755,3,4,12.028083801269531
1755,4,4,12.06263542175293
1755,5,4,11.958755493164062
1755,6,4,12.067961692810059
1755,7,4,12.083640098571777
1755,8,4,12.080361366271973
1755,9,4,12.028904914855957
1755,10,4,12.083253860473633
1755,11,4,12.392244338989258
1755,12,4,12.518282890319824
1756,1,9,0.0
1756,2,9,0.0
1756,3,9,0.0
1756,4,9,9.006985664367676
1756,5,9,8.664850234985352
1756,6,9,9.689927101135254
1756,7,9,9.642430305480957
1756,8,9,9.397953033447266
1756,9,9,9.197309494018555
1756,10,9,9.386013984680176
1756,11,9,9.312851905822754
1756,12,9,9.200569152832031
1757,1,11,8.659995079040527
1757,2,11,8.831986427307129
1757,3,11,9.221841812133789
1757,4,11,9.0495023727417
1757,5,11,9.297764778137207
1757,6,11,9.351750373840332
1757,7,11,9.15575885772705
1757,8,11,9.1117525100708
1757,9,11,9.177872657775879
1757,10,11,9.285633087158203
1757,11,11,9.354991912841797
1757,12,11,9.267367362976074
1758,1,3,13.71804141998291
1758,2,3,13.75696849822998
1758,3,3,13.546696662902832
1758,4,3,13.675402641296387
1758,5,3,13.621930122375488
1758,6,3,13.665484428405762
1758,7,3,14.420710563659668
1758,8,3,13.773884773254395
1758,9,3,13.810091018676758
1758,10,3,13.717681884765625
1758,11,3,13.802372932434082
1758,12,3,13.836007118225098
1759,1,11,10.275235176086426
1759,2,11,10.500364303588867
1759,3,11,10.593659400939941
1759,4,11,10.82508373260498
1759,5,11,10.809389114379883
1759,6,11,10.889276504516602
1759,7,11,11.040410995483398
1759,8,11,10.948152542114258
1759,9,11,11.101973533630371
1759,10,11,10.957051277160645
1759,11,11,11.192610740661621
1759,12,11,11.120392799377441
1760,1,11,8.314224243164062
1760,2,11,8.837310791015625
1760,3,11,9.402759552001953
1760,4,11,9.306320190429688
1760,5,11,9.628186225891113
1760,6,11,9.794781684875488
1760,7,11,10.885088920593262
1760,8,11,10.786561012268066
1760,9,11,11.099494934082031
1760,10,11,11.019036293029785
1760,11,11,11.133954048156738
1760,12,11,11.099123001098633
1761,1,4,11.256664276123047
1761,2,4,11.39944839477539
1761,3,4,11.50439453125
1761,4,4,11.723726272583008
1761,5,4,11.734034538269043
1761,6,4,11.764708518981934
1761,7,4,11.706984519958496
1761,8,4,11.568619728088379
1761,9,4,11.56959342956543
1761,10,4,11.683788299560547
1761,11,4,11.713693618774414
1761,12,4,11.687360763549805
1762,1,8,15.683195114135742
1762,2,8,15.803583145141602
1762,3,8,15.852933883666992
1762,4,8,15.90893268585205
1762,5,8,15.900589942932129
1762,6,8,15.910987854003906
1762,7,8,15.930703163146973
1762,8,8,15.97248363494873
1762,9,8,16.055362701416016
1762,10,8,16.114356994628906
1762,11,8,16.298582077026367
1762,12,8,16.41391372680664
1763,1,11,13.098542213439941
1763,2,11,13.061175346374512
1763,3,11,13.037313461303711
1763,4,11,12.912315368652344
1763,5,11,13.067659378051758
1763,6,11,13.107269287109375
1763,7,11,13.175603866577148
1763,8,11,13.172319412231445
1763,9,11,13.710400581359863
1763,10,11,13.329903602600098
1763,11,11,13.30666732788086
1763,12,11,13.431456565856934
1764,1,12,10.20157527923584
1764,2,12,10.127778053283691
1764,3,12,11.707174301147461
1764,4,12,10.846027374267578
1764,5,12,11.065930366516113
1764,6,12,10.818906784057617
1764,7,12,11.019012451171875
1764,8,12,11.05260944366455
1764,9,12,11.10045337677002
1764,10,12,11.221426963806152
1764,11,12,11.26461410522461
1764,12,12,11.377318382263184
1765,1,11,10.797213554382324
1765,2,11,11.132314682006836
1765,3,11,11.395173072814941
1765,4,11,11.573875427246094
1765,5,11,11.163498878479004
1765,6,11,11.307269096374512
1765,7,11,11.28094482421875
1765,8,11,11.269659996032715
1765,9,11,11.281147956848145
1765,10,11,11.280653953552246
1765,11,11,11.310846328735352
1765,12,11,11.500844955444336
1766,1,11,14.854480743408203
1766,2,11,14.89863395690918
1766,3,11,14.996540069580078
1766,4,11,15.037029266357422
1766,5,11,15.017959594726562
1766,6,11,15.095085144042969
1766,7,11,15.19231128692627
1766,8,11,15.177820205688477
1766,9,11,15.27591609954834
1766,10,11,15.323365211486816
1766,11,11,15.705638885498047
1766,12,11,15.930562973022461
1767,1,11,12.57196044921875
1767,2,11,12.61259937286377
1767,3,11,12.675068855285645
1767,4,11,12.599665641784668
1767,5,11,12.67626667022705
1767,6,11,12.639363288879395
1767,7,11,12.691429138183594
1767,8,11,12.71531867980957
1767,9,11,12.69196891784668
1767,10,11,12.738247871398926
1767,11,11,12.740532875061035
1767,12,11,12.691787719726562
1768,1,11,11.042768478393555
1768,2,11,11.223424911499023
1768,3,11,10.788047790527344
1768,4,11,11.095852851867676
1768,5,11,11.210208892822266
1768,6,11,11.647127151489258
1768,7,11,11.321763038635254
1768,8,11,12.087896347045898
1768,9,11,11.329129219055176
1768,10,11,11.383238792419434
1768,11,11,11.587120056152344
1768,12,11,11.85861873626709
1769,1,2,15.47642707824707
1769,2,2,15.527746200561523
1769,3,2,15.738670349121094
1769,4,2,15.820490837097168
1769,5,2,15.799949645996094
1769,6,2,15.491754531860352
1769,7,2,15.52023696899414
1769,8,2,15.593537330627441
1769,9,2,15.609760284423828
1769,10,2,15.687357902526855
1769,11,2,15.731447219848633
1769,12,2,15.710016250610352
1770,1,12,18.704044342041016
1770,2,12,18.73686981201172
1770,3,12,18.77028465270996
1770,4,12,18.81206512451172
1770,5,12,18.894044876098633
1770,6,12,18.91629409790039
1770,7,12,18.949378967285156
1770,8,12,19.032699584960938
1770,9,12,19.047216415405273
1770,10,12,19.20635223388672
1770,11,12,19.230440139770508
1770,12,12,19.202810287475586
1771,1,11,11.445120811462402
1771,2,11,11.487942695617676
1771,3,11,11.544260025024414
1771,4,11,11.583986282348633
1771,5,11,11.616735458374023
1771,6,11,11.697633743286133
1771,7,11,11.738064765930176
1771,8,11,11.957237243652344
1771,9,11,11.930221557617188
1771,10,11,11.975665092468262
1771,11,11,11.933451652526855
1771,12,11,11.820560455322266
1772,1,11,14.800996780395508
1772,2,11,14.856032371520996
1772,3,11,14.875251770019531
1772,4,11,14.900816917419434
1772,5,11,14.888335227966309
1772,6,11,14.92795181274414
1772,7,11,14.955193519592285
1772,8,11,14.956594467163086
1772,9,11,14.981553077697754
1772,10,11,14.937067031860352
1772,11,11,15.109442710876465
1772,12,11,15.083697319030762
1773,1,12,16.12939453125
1773,2,12,16.12979507446289
1773,3,12,16.328468322753906
1773,4,12,16.302228927612305
1773,5,12,16.408838272094727
1773,6,12,16.421245574951172
1773,7,12,16.398632049560547
1773,8,12,16.828140258789062
1773,9,12,16.788841247558594
1773,10,12,16.85302734375
1773,11,12,16.82600975036621
1773,12,12,16.85059356689453
1774,1,7,11.37977409362793
1774,2,7,11.75076675415039
1774,3,7,11.860140800476074
1774,4,7,11.810617446899414
1774,5,7,11.806909561157227
1774,6,7,11.924399375915527
1774,7,7,11.915360450744629
1774,8,7,12.353655815124512
1774,9,7,12.457603454589844
1774,10,7,12.480189323425293
1774,11,7,12.4646577835083
1774,12,7,12.750263214111328
1775,1,2,11.678475379943848
1775,2,2,11.540749549865723
1775,3,2,11.977023124694824
1775,4,2,11.856488227844238
1775,5,2,11.85142993927002
1775,6,2,11.867774963378906
1775,7,2,11.788514137268066
1775,8,2,11.748712539672852
1775,9,2,11.83067512512207
1775,10,2,11.799205780029297
1775,11,2,11.781563758850098
1775,12,2,11.789941787719727
1776,1,9,13.562514305114746
1776,2,9,13.535533905029297
1776,3,9,13.61886978149414
1776,4,9,13.565613746643066
1776,5,9,13.590047836303711
1776,6,9,13.625658988952637
1776,7,9,13.705397605895996
1776,8,9,13.6963529586792
1776,9,9,13.769608497619629
1776,10,9,13.825154304504395
1776,11,9,13.892145156860352
1776,12,9,13.818655967712402
1777,1,12,12.667587280273438
1777,2,12,12.715543746948242
1777,3,12,13.002884864807129
1777,4,12,13.421599388122559
1777,5,12,13.166738510131836
1777,6,12,13.541010856628418
1777,7,12,13.166842460632324
1777,8,12,13.305619239807129
1777,9,12,13.57873249053955
1777,10,12,13.388415336608887
1777,11,12,13.370100021362305
1777,12,12,13.67279052734375
1778,1,7,12.421001434326172
1778,2,7,12.471576690673828
1778,3,7,12.413076400756836
1778,4,7,12.427002906799316
1778,5,7,12.385811805725098
1778,6,7,12.461136817932129
1778,7,7,12.504264831542969
1778,8,7,12.559154510498047
1778,9,7,12.608670234680176
1778,10,7,12.656017303466797
1778,11,7,12.65357780456543
1778,12,7,12.662144660949707
1779,1,10,14.676959991455078
1779,2,10,14.700315475463867
1779,3,10,14.729302406311035
1779,4,10,14.721602439880371
1779,5,10,14.7316312789917
1779,6,10,14.829812049865723
1779,7,10,14.768301963806152
1779,8,10,14.812061309814453
1779,9,10,14.877800941467285
1779,10,10,14.879137992858887
1779,11,10,15.12619400024414
1779,12,10,14.903860092163086
1780,1,12,14.860163688659668
1780,2,12,14.911124229431152
1780,3,12,14.916854858398438
1780,4,12,14.891830444335938
1780,5,12,14.936647415161133
1780,6,12,14.957895278930664
1780,7,12,14.995199203491211
1780,8,12,15.0709810256958
1780,9,12,15.060056686401367
1780,10,12,15.104070663452148
1780,11,12,15.096816062927246
1780,12,12,15.121903419494629
1781,1,10,12.80643367767334
1781,2,10,12.87483024597168
1781,3,10,12.881134986877441
1781,4,10,12.920052528381348
1781,5,10,12.864727973937988
1781,6,10,12.921211242675781
1781,7,10,13.04051685333252
1781,8,10,13.027283668518066
1781,9,10,13.130032539367676
1781,10,10,11.54355525970459
1781,11,10,13.357378959655762
1781,12,10,13.294447898864746
1782,1,11,14.394725799560547
1782,2,11,14.58348560333252
1782,3,11,14.542681694030762
1782,4,11,14.58851432800293
1782,5,11,14.594587326049805
1782,6,11,14.563460350036621
1782,7,11,14.768868446350098
1782,8,11,14.732921600341797
1782,9,11,14.779424667358398
1782,10,11,14.84657096862793
1782,11,11,14.971382141113281
1782,12,11,14.674700736999512
1783,1,11,13.360036849975586
1783,2,11,13.471986770629883
1783,3,11,13.435188293457031
1783,4,11,13.445030212402344
1783,5,11,13.482038497924805
1783,6,11,13.52754020690918
1783,7,11,13.558150291442871
1783,8,11,13.578733444213867
1783,9,11,13.60494327545166
1783,10,11,13.652297019958496
1783,11,11,13.706879615783691
1783,12,11,13.950770378112793
1784,1,11,11.143963813781738
1784,2,11,11.1533842086792
1784,3,11,11.222153663635254
1784,4,11,11.249446868896484
1784,5,11,11.323566436767578
1784,6,11,11.351808547973633
1784,7,11,11.37579345703125
1784,8,11,11.433524131774902
1784,9,11,11.449187278747559
1784,10,11,11.581875801086426
1784,11,11,11.625035285949707
1784,12,11,11.641385078430176
1785,1,7,13.691936492919922
1785,2,7,16.21920394897461
1785,3,7,13.857319831848145
1785,4,7,13.777616500854492
1785,5,7,13.874691009521484
1785,6,7,13.858866691589355
1785,7,7,13.904669761657715
1785,8,7,13.868407249450684
1785,9,7,13.874279022216797
1785,10,7,13.98057746887207
1785,11,7,14.028557777404785
1785,12,7,13.973045349121094
1786,1,11,12.258190155029297
1786,2,11,12.311819076538086
1786,3,11,12.525866508483887
1786,4,11,12.688820838928223
1786,5,11,12.794013977050781
1786,6,11,13.255330085754395
1786,7,11,13.025629997253418
1786,8,11,13.382044792175293
1786,9,11,13.657465934753418
1786,10,11,13.790926933288574
1786,11,11,14.425546646118164
1786,12,11,14.634639739990234
1787,1,12,15.525796890258789
1787,2,12,15.568052291870117
1787,3,12,15.562542915344238
1787,4,12,15.593979835510254
1787,5,12,15.623684883117676
1787,6,12,15.682591438293457
1787,7,12,15.71725082397461
1787,8,12,15.635137557983398
1787,9,12,15.59395694732666
1787,10,12,15.541007995605469
1787,11,12,15.482902526855469
1787,12,12,15.850127220153809
1788,1,7,10.239546775817871
1788,2,7,10.292393684387207
1788,3,7,10.309934616088867
1788,4,7,10.281375885009766
1788,5,7,10.049649238586426
1788,6,7,10.329748153686523
1788,7,7,10.659785270690918
1788,8,7,10.69344425201416
1788,9,7,10.547185897827148
1788,10,7,10.172794342041016
1788,11,7,10.09798526763916
1788,12,7,10.075948715209961
1789,1,11,12.532060623168945
1789,2,11,12.566313743591309
1789,3,11,12.492477416992188
1789,4,11,12.460891723632812
1789,5,11,12.352926254272461
1789,6,11,12.838281631469727
1789,7,11,12.609561920166016
1789,8,11,12.639786720275879
1789,9,11,12.72056770324707
1789,10,11,12.800172805786133
1789,11,11,13.137027740478516
1789,12,11,12.723888397216797
1790,1,10,14.58593463897705
1790,2,10,14.621315002441406
1790,3,10,14.693605422973633
1790,4,10,14.703506469726562
1790,5,10,14.685274124145508
1790,6,10,14.71950912475586
1790,7,10,14.729138374328613
1790,8,10,14.726020812988281
1790,9,10,14.810888290405273
1790,10,10,14.985042572021484
1790,11,10,15.08080768585205
1790,12,10,15.066730499267578
1791,1,12,11.21420669555664
1791,2,12,11.2535982131958
1791,3,12,11.165762901306152
1791,4,12,11.16893482208252
1791,5,12,11.111687660217285
1791,6,12,11.307218551635742
1791,7,12,11.510519027709961
1791,8,12,11.5082368850708
1791,9,12,11.72000503540039
1791,10,12,11.913880348205566
1791,11,12,12.083227157592773
1791,12,12,12.07608699798584
1792,1,6,8.12025260925293
1792,2,6,8.674392700195312
1792,3,6,9.766005516052246
1792,4,6,8.74045181274414
1792,5,6,8.691262245178223
1792,6,6,8.848934173583984
1792,7,6,8.79846477508545
1792,8,6,9.627983093261719
1792,9,6,9.707117080688477
1792,10,6,10.282177925109863
1792,11,6,9.998987197875977
1792,12,6,10.043163299560547
1793,1,11,15.813294410705566
1793,2,11,15.945962905883789
1793,3,11,16.033395767211914
1793,4,11,15.990766525268555
1793,5,11,16.01784896850586
1793,6,11,16.08436393737793
1793,7,11,16.10820198059082
1793,8,11,16.122356414794922
1793,9,11,16.172861099243164
1793,10,11,16.1981201171875
1793,11,11,16.214277267456055
1793,12,11,16.27644920349121
1794,1,12,13.280725479125977
1794,2,12,13.190336227416992
1794,3,12,13.39370059967041
1794,4,12,13.448771476745605
1794,5,12,13.393021583557129
1794,6,12,13.591590881347656
1794,7,12,13.566732406616211
1794,8,12,13.532920837402344
1794,9,12,13.405499458312988
1794,10,12,13.49315071105957
1794,11,12,13.893426895141602
1794,12,12,13.846059799194336
1795,1,7,15.888351440429688
1795,2,7,15.936946868896484
1795,3,7,15.988494873046875
1795,4,7,16.05026626586914
1795,5,7,16.08655548095703
1795,6,7,16.105371475219727
1795,7,7,16.14182472229004
1795,8,7,16.162988662719727
1795,9,7,16.214895248413086
1795,10,7,16.250974655151367
1795,11,7,16.26283836364746
1795,12,7,16.25164222717285
1796,1,7,11.961277961730957
1796,2,7,11.992180824279785
1796,3,7,11.873560905456543
1796,4,7,11.85757064819336
1796,5,7,11.890663146972656
1796,6,7,11.895890235900879
1796,7,7,12.074110984802246
1796,8,7,12.141633987426758
1796,9,7,12.19612979888916
1796,10,7,12.23935317993164
1796,11,7,12.67318058013916
1796,12,7,12.699475288391113
1797,1,11,14.43198013305664
1797,2,11,14.332050323486328
1797,3,11,14.471612930297852
1797,4,11,14.440476417541504
1797,5,11,14.493063926696777
1797,6,11,14.616402626037598
1797,7,11,14.537581443786621
1797,8,11,14.52970027923584
1797,9,11,14.549907684326172
1797,10,11,14.579108238220215
1797,11,11,14.523913383483887
1797,12,11,14.545427322387695
1798,1,10,13.29372501373291
1798,2,10,13.376768112182617
1798,3,10,13.482943534851074
1798,4,10,13.501457214355469
1798,5,10,13.480298042297363
1798,6,10,13.498175621032715
1798,7,10,13.788751602172852
1798,8,10,13.635323524475098
1798,9,10,13.663107872009277
1798,10,10,13.786041259765625
1798,11,10,13.916162490844727
1798,12,10,13.94011116027832
1799,1,7,10.567835807800293
1799,2,7,10.513252258300781
1799,3,7,10.459563255310059
1799,4,7,10.626023292541504
1799,5,7,10.657145500183105
1799,6,7,10.649519920349121
1799,7,7,10.6636381149292
1799,8,7,10.741576194763184
1799,9,7,10.843844413757324
1799,10,7,10.86941146850586
1799,11,7,10.818879127502441
1799,12,7,10.788437843322754
1800,1,3,15.210091590881348
1800,2,3,15.328679084777832
1800,3,3,15.308979034423828
1800,4,3,15.376913070678711
1800,5,3,15.386651992797852
1800,6,3,15.471505165100098
1800,7,3,15.518823623657227
1800,8,3,15.547240257263184
1800,9,3,15.616455078125
1800,10,3,15.612238883972168
1800,11,3,15.121438026428223
1800,12,3,15.61263370513916
1801,1,12,17.73525619506836
1801,2,12,17.770681381225586
1801,3,12,17.77851104736328
1801,4,12,17.773027420043945
1801,5,12,17.82506561279297
1801,6,12,17.897886276245117
1801,7,12,17.965377807617188
1801,8,12,18.03728485107422
1801,9,12,18.100072860717773
1801,10,12,18.15733528137207
1801,11,12,18.189407348632812
1801,12,12,18.198381423950195
1802,1,7,15.18289852142334
1802,2,7,15.175260543823242
1802,3,7,15.216296195983887
1802,4,7,15.199792861938477
1802,5,7,15.208205223083496
1802,6,7,15.156806945800781
1802,7,7,15.171521186828613
1802,8,7,15.212809562683105
1802,9,7,15.23837947845459
1802,10,7,15.364989280700684
1802,11,7,15.354866027832031
1802,12,7,15.32276439666748
1803,1,11,13.746334075927734
1803,2,11,13.741533279418945
1803,3,11,13.804182052612305
1803,4,11,13.83316707611084
1803,5,11,13.882699012756348
1803,6,11,13.915584564208984
1803,7,11,13.88166332244873
1803,8,11,13.911386489868164
1803,9,11,13.943216323852539
1803,10,11,13.92082691192627
1803,11,11,13.963711738586426
1803,12,11,13.93376350402832
1804,1,7,13.171212196350098
1804,2,7,13.209686279296875
1804,3,7,13.36157512664795
1804,4,7,13.288125038146973
1804,5,7,13.254136085510254
1804,6,7,13.281740188598633
1804,7,7,13.337858200073242
1804,8,7,13.45105266571045
1804,9,7,13.522703170776367
1804,10,7,13.494470596313477
1804,11,7,13.525209426879883
1804,12,7,13.514447212219238
1805,1,11,14.153292655944824
1805,2,11,14.100560188293457
1805,3,11,14.079544067382812
1805,4,11,14.115577697753906
1805,5,11,14.820364952087402
1805,6,11,14.148340225219727
1805,7,11,14.15279769897461
1805,8,11,14.131089210510254
1805,9,11,14.195183753967285
1805,10,11,14.229339599609375
1805,11,11,14.305466651916504
1805,12,11,14.233694076538086
1806,1,7,14.017597198486328
1806,2,7,14.071447372436523
1806,3,7,14.099960327148438
1806,4,7,14.152684211730957
1806,5,7,14.15328311920166
1806,6,7,14.204492568969727
1806,7,7,14.316815376281738
1806,8,7,14.398824691772461
1806,9,7,14.466314315795898
1806,10,7,14.516424179077148
1806,11,7,14.589252471923828
1806,12,7,14.529364585876465
1807,1,3,10.871647834777832
1807,2,3,10.941750526428223
1807,3,3,11.03842544555664
1807,4,3,11.064667701721191
1807,5,3,11.241146087646484
1807,6,3,11.340229034423828
1807,7,3,11.376026153564453
1807,8,3,11.316481590270996
1807,9,3,11.355562210083008
1807,10,3,11.20764446258545
1807,11,3,11.296521186828613
1807,12,3,11.282812118530273
1808,1,12,15.878578186035156
1808,2,12,15.955940246582031
1808,3,12,16.06562614440918
1808,4,12,16.005725860595703
1808,5,12,16.053688049316406
1808,6,12,16.022550582885742
1808,7,12,16.048818588256836
1808,8,12,16.045291900634766
1808,9,12,16.082521438598633
1808,10,12,16.101757049560547
1808,11,12,16.333921432495117
1808,12,12,16.294160842895508
1809,1,6,12.501165390014648
1809,2,6,12.68326473236084
1809,3,6,12.82285213470459
1809,4,6,12.848648071289062
1809,5,6,12.715043067932129
1809,6,6,12.666261672973633
1809,7,6,12.632019996643066
1809,8,6,12.689908981323242
1809,9,6,12.609817504882812
1809,10,6,12.795652389526367
1809,11,6,12.61997127532959
1809,12,6,12.531791687011719
1810,1,12,14.021342277526855
1810,2,12,14.048047065734863
1810,3,12,14.200945854187012
1810,4,12,14.31808090209961
1810,5,12,14.153474807739258
1810,6,12,14.14224910736084
1810,7,12,14.122759819030762
1810,8,12,14.066198348999023
1810,9,12,14.150251388549805
1810,10,12,14.150786399841309
1810,11,12,14.231542587280273
1810,12,12,14.284597396850586
1811,1,11,13.308356285095215
1811,2,11,12.989604949951172
1811,3,11,13.10760498046875
1811,4,11,14.028611183166504
1811,5,11,14.074413299560547
1811,6,11,13.62582015991211
1811,7,11,14.69531536102295
1811,8,11,14.16006088256836
1811,9,11,14.138204574584961
1811,10,11,14.482314109802246
1811,11,11,14.305180549621582
1811,12,11,14.345824241638184
1812,1,11,9.963475227355957
1812,2,11,10.072126388549805
1812,3,11,10.150986671447754
1812,4,11,10.062250137329102
1812,5,11,10.034204483032227
1812,6,11,10.080036163330078
1812,7,11,10.153244018554688
1812,8,11,10.101617813110352
1812,9,11,10.20562744140625
1812,10,11,10.074817657470703
1812,11,11,10.220574378967285
1812,12,11,10.196540832519531
1813,1,11,10.016242027282715
1813,2,11,11.266080856323242
1813,3,11,11.083708763122559
1813,4,11,11.027443885803223
1813,5,11,11.016138076782227
1813,6,11,11.127394676208496
1813,7,11,11.129968643188477
1813,8,11,11.08962345123291
1813,9,11,11.012673377990723
1813,10,11,11.040472030639648
1813,11,11,10.956698417663574
1813,12,11,11.187365531921387
1814,1,11,13.474780082702637
1814,2,11,13.736038208007812
1814,3,11,14.068036079406738
1814,4,11,14.110766410827637
1814,5,11,14.153525352478027
1814,6,11,14.138489723205566
1814,7,11,14.221692085266113
1814,8,11,14.300508499145508
1814,9,11,14.282620429992676
1814,10,11,14.316143035888672
1814,11,11,14.38288688659668
1814,12,11,14.511300086975098
1815,1,11,15.390423774719238
1815,2,11,15.447715759277344
1815,3,11,15.49298095703125
1815,4,11,15.512317657470703
1815,5,11,15.532267570495605
1815,6,11,15.576562881469727
1815,7,11,16.07757568359375
1815,8,11,16.140169143676758
1815,9,11,16.139148712158203
1815,10,11,16.28551483154297
1815,11,11,16.367076873779297
1815,12,11,16.5202693939209
1816,1,9,15.566376686096191
1816,2,9,15.685260772705078
1816,3,9,15.692634582519531
1816,4,9,15.783538818359375
1816,5,9,15.70523452758789
1816,6,9,15.72287368774414
1816,7,9,15.776832580566406
1816,8,9,15.896017074584961
1816,9,9,15.937538146972656
1816,10,9,15.96683120727539
1816,11,9,15.982490539550781
1816,12,9,16.122882843017578
1817,1,12,13.94310474395752
1817,2,12,13.898430824279785
1817,3,12,14.047593116760254
1817,4,12,13.93662166595459
1817,5,12,13.990565299987793
1817,6,12,13.987834930419922
1817,7,12,14.02056884765625
1817,8,12,14.056078910827637
1817,9,12,14.15129280090332
1817,10,12,14.225046157836914
1817,11,12,14.331287384033203
1817,12,12,14.281543731689453
1818,1,11,13.773954391479492
1818,2,11,13.774045944213867
1818,3,11,13.739538192749023
1818,4,11,13.704872131347656
1818,5,11,13.67910099029541
1818,6,11,13.711889266967773
1818,7,11,13.742192268371582
1818,8,11,13.772254943847656
1818,9,11,13.799245834350586
1818,10,11,13.908064842224121
1818,11,11,13.8834867477417
1818,12,11,13.928041458129883
1819,1,12,18.762582778930664
1819,2,12,18.782466888427734
1819,3,12,18.783658981323242
1819,4,12,19.05327033996582
1819,5,12,19.110671997070312
1819,6,12,19.07950210571289
1819,7,12,19.087793350219727
1819,8,12,19.202896118164062
1819,9,12,19.27066421508789
1819,10,12,19.280773162841797
1819,11,12,19.26828956604004
1819,12,12,19.32711410522461
1820,1,2,11.57819652557373
1820,2,2,11.609971046447754
1820,3,2,11.833514213562012
1820,4,2,11.848608016967773
1820,5,2,11.860190391540527
1820,6,2,11.85139274597168
1820,7,2,11.917848587036133
1820,8,2,11.87354564666748
1820,9,2,11.909713745117188
1820,10,2,11.912298202514648
1820,11,2,11.9096040725708
1820,12,2,11.903458595275879
1821,1,11,13.126546859741211
1821,2,11,13.199239730834961
1821,3,11,13.160871505737305
1821,4,11,13.332649230957031
1821,5,11,13.242326736450195
1821,6,11,13.316783905029297
1821,7,11,13.306241989135742
1821,8,11,13.362666130065918
1821,9,11,13.352007865905762
1821,10,11,13.452441215515137
1821,11,11,13.436946868896484
1821,12,11,13.410313606262207
1822,1,10,13.472024917602539
1822,2,10,14.042532920837402
1822,3,10,14.114283561706543
1822,4,10,14.14831829071045
1822,5,10,14.141472816467285
1822,6,10,14.36758804321289
1822,7,10,14.197813034057617
1822,8,10,14.267353057861328
1822,9,10,14.310876846313477
1822,10,10,14.385666847229004
1822,11,10,14.422268867492676
1822,12,10,14.39922046661377
1823,1,12,17.071134567260742
1823,2,12,17.168704986572266
1823,3,12,17.20806312561035
1823,4,12,17.238557815551758
1823,5,12,17.246322631835938
1823,6,12,17.299468994140625
1823,7,12,17.274402618408203
1823,8,12,17.30887222290039
1823,9,12,17.32985496520996
1823,10,12,17.33861541748047
1823,11,12,17.356639862060547
1823,12,12,17.318910598754883
1824,1,11,14.395269393920898
1824,2,11,14.295525550842285
1824,3,11,14.433073997497559
1824,4,11,14.442899703979492
1824,5,11,14.46198844909668
1824,6,11,14.535698890686035
1824,7,11,14.555628776550293
1824,8,11,14.55784797668457
1824,9,11,14.578205108642578
1824,10,11,14.618932723999023
1824,11,11,14.6182861328125
1824,12,11,14.57487678527832
1825,1,11,12.194275856018066
1825,2,11,12.329503059387207
1825,3,11,12.18423843383789
1825,4,11,12.194988250732422
1825,5,11,12.099498748779297
1825,6,11,12.090374946594238
1825,7,11,12.36711311340332
1825,8,11,12.364373207092285
1825,9,11,12.392020225524902
1825,10,11,12.193886756896973
1825,11,11,12.36605453491211
1825,12,11,12.326108932495117
1826,1,11,11.933749198913574
1826,2,11,12.04931640625
1826,3,11,12.044014930725098
1826,4,11,12.304656028747559
1826,5,11,12.09407901763916
1826,6,11,12.111942291259766
1826,7,11,12.396724700927734
1826,8,11,12.383974075317383
1826,9,11,12.399763107299805
1826,10,11,12.87376880645752
1826,11,11,12.830452919006348
1826,12,11,12.877490997314453
1827,1,2,13.358099937438965
1827,2,2,13.378630638122559
1827,3,2,12.916349411010742
1827,4,2,13.288498878479004
1827,5,2,13.273781776428223
1827,6,2,13.445996284484863
1827,7,2,13.453957557678223
1827,8,2,13.569313049316406
1827,9,2,13.52385425567627
1827,10,2,13.582976341247559
1827,11,2,13.651876449584961
1827,12,2,13.711514472961426
1828,1,12,13.349462509155273
1828,2,12,13.522623062133789
1828,3,12,14.027722358703613
1828,4,12,13.874253273010254
1828,5,12,13.965449333190918
1828,6,12,14.123688697814941
1828,7,12,14.251834869384766
1828,8,12,14.331607818603516
1828,9,12,14.416470527648926
1828,10,12,14.304436683654785
1828,11,12,14.614544868469238
1828,12,12,14.564396858215332
1829,1,11,12.359574317932129
1829,2,11,12.389369010925293
1829,3,11,12.412440299987793
1829,4,11,12.406621932983398
1829,5,11,12.406044960021973
1829,6,11,12.484383583068848
1829,7,11,12.62395191192627
1829,8,11,12.659262657165527
1829,9,11,12.700730323791504
1829,10,11,12.74488639831543
1829,11,11,13.058086395263672
1829,12,11,13.191667556762695
1830,1,11,11.153233528137207
1830,2,11,11.51599407196045
1830,3,11,11.65714168548584
1830,4,11,11.829571723937988
1830,5,11,11.828291893005371
1830,6,11,0.0
1830,7,11,11.81660270690918
1830,8,11,11.713240623474121
1830,9,11,11.71322250366211
1830,10,11,11.635066986083984
1830,11,11,11.642443656921387
1830,12,11,11.724360466003418
1831,1,5,9.367003440856934
1831,2,5,9.53677749633789
1831,3,5,9.171318054199219
1831,4,5,9.073485374450684
1831,5,5,10.079874992370605
1831,6,5,10.003582954406738
1831,7,5,9.928112983703613
1831,8,5,9.845308303833008
1831,9,5,9.654900550842285
1831,10,5,9.714714050292969
1831,11,5,9.847000122070312
1831,12,5,9.719437599182129
1832,1,9,11.758626937866211
1832,2,9,11.47334098815918
1832,3,9,11.139161109924316
1832,4,9,11.291378021240234
1832,5,9,10.707318305969238
1832,6,9,11.918030738830566
1832,7,9,11.717852592468262
1832,8,9,11.960652351379395
1832,9,9,12.443618774414062
1832,10,9,12.31750202178955
1832,11,9,12.615163803100586
1832,12,9,12.547268867492676
1833,1,7,11.360511779785156
1833,2,7,11.385628700256348
1833,3,7,11.445261001586914
1833,4,7,11.41091537475586
1833,5,7,11.622137069702148
1833,6,7,11.564252853393555
1833,7,7,11.643417358398438
1833,8,7,11.495404243469238
1833,9,7,11.620071411132812
1833,10,7,11.681461334228516
1833,11,7,12.201765060424805
1833,12,7,12.747130393981934
1834,1,11,10.804402351379395
1834,2,11,10.785632133483887
1834,3,11,10.887894630432129
1834,4,11,10.85229206085205
1834,5,11,10.89862060546875
1834,6,11,11.536641120910645
1834,7,11,10.964537620544434
1834,8,11,10.986044883728027
1834,9,11,10.986296653747559
1834,10,11,11.00662612915039
1834,11,11,11.088289260864258
1834,12,11,11.004615783691406
1835,1,11,18.447673797607422
1835,2,11,18.505109786987305
1835,3,11,18.528514862060547
1835,4,11,18.55724334716797
1835,5,11,18.574951171875
1835,6,11,18.643592834472656
1835,7,11,18.657093048095703
1835,8,11,18.713415145874023
1835,9,11,18.876880645751953
1835,10,11,19.239402770996094
1835,11,11,19.30274772644043
1835,12,11,19.321287155151367
1836,1,7,11.978231430053711
1836,2,7,12.675455093383789
1836,3,7,12.679747581481934
1836,4,7,12.774977684020996
1836,5,7,12.712373733520508
1836,6,7,12.784148216247559
1836,7,7,12.865220069885254
1836,8,7,12.873541831970215
1836,9,7,12.87975025177002
1836,10,7,12.901552200317383
1836,11,7,12.776866912841797
1836,12,7,13.16030502319336
1837,1,9,17.484468460083008
1837,2,9,17.521299362182617
1837,3,9,17.60146141052246
1837,4,9,17.90920639038086
1837,5,9,17.605791091918945
1837,6,9,17.638877868652344
1837,7,9,17.662303924560547
1837,8,9,17.66172218322754
1837,9,9,17.697002410888672
1837,10,9,17.75824546813965
1837,11,9,17.765851974487305
1837,12,9,17.751022338867188
1838,1,12,12.984414100646973
1838,2,12,12.98785400390625
1838,3,12,12.906941413879395
1838,4,12,12.888016700744629
1838,5,12,12.882801055908203
1838,6,12,12.995387077331543
1838,7,12,13.060476303100586
1838,8,12,13.06323528289795
1838,9,12,13.177850723266602
1838,10,12,13.183059692382812
1838,11,12,13.288783073425293
1838,12,12,13.282597541809082
1839,1,7,9.258264541625977
1839,2,7,9.343207359313965
1839,3,7,9.403669357299805
1839,4,7,9.388704299926758
1839,5,7,9.327787399291992
1839,6,7,9.721759796142578
1839,7,7,11.08474349975586
1839,8,7,11.03860855102539
1839,9,7,10.987095832824707
1839,10,7,11.045388221740723
1839,11,7,11.0823392868042
1839,12,7,11.034151077270508
1840,1,11,12.654296875
1840,2,11,12.49523639678955
1840,3,11,12.565967559814453
1840,4,11,12.660418510437012
1840,5,11,13.016414642333984
1840,6,11,12.99023151397705
1840,7,11,13.074589729309082
1840,8,11,13.090474128723145
1840,9,11,13.11330795288086
1840,10,11,13.276341438293457
1840,11,11,13.267005920410156
1840,12,11,13.597577095031738
1841,1,11,12.79117488861084
1841,2,11,12.742944717407227
1841,3,11,12.743611335754395
1841,4,11,12.805893898010254
1841,5,11,12.839117050170898
1841,6,11,12.891244888305664
1841,7,11,12.89458179473877
1841,8,11,13.045241355895996
1841,9,11,13.045819282531738
1841,10,11,13.05099105834961
1841,11,11,13.05698013305664
1841,12,11,13.019305229187012
1842,1,10,9.959285736083984
1842,2,10,9.919275283813477
1842,3,10,10.054191589355469
1842,4,10,9.958535194396973
1842,5,10,10.078682899475098
1842,6,10,10.330615043640137
1842,7,10,10.282299995422363
1842,8,10,10.214192390441895
1842,9,10,10.164319038391113
1842,10,10,10.216407775878906
1842,11,10,10.235067367553711
1842,12,10,10.370482444763184
1843,1,11,13.251235008239746
1843,2,11,13.447824478149414
1843,3,11,13.507740020751953
1843,4,11,13.46747875213623
1843,5,11,13.537080764770508
1843,6,11,13.627056121826172
1843,7,11,13.880050659179688
1843,8,11,13.816137313842773
1843,9,11,13.874734878540039
1843,10,11,13.953922271728516
1843,11,11,13.99885368347168
1843,12,11,14.174646377563477
1844,1,5,12.914520263671875
1844,2,5,12.941088676452637
1844,3,5,12.98160457611084
1844,4,5,13.071096420288086
1844,5,5,13.017257690429688
1844,6,5,13.072938919067383
1844,7,5,13.10839557647705
1844,8,5,13.062959671020508
1844,9,5,13.07553482055664
1844,10,5,12.34538745880127
1844,11,5,13.182368278503418
1844,12,5,13.123748779296875
1845,1,2,10.380852699279785
1845,2,2,10.52403450012207
1845,3,2,11.09542465209961
1845,4,2,11.24429988861084
1845,5,2,11.080695152282715
1845,6,2,11.444530487060547
1845,7,2,11.164322853088379
1845,8,2,11.10759449005127
1845,9,2,11.107759475708008
1845,10,2,11.134836196899414
1845,11,2,11.198695182800293
1845,12,2,11.271881103515625
1846,1,5,13.337713241577148
1846,2,5,13.36021900177002
1846,3,5,13.390603065490723
1846,4,5,13.445080757141113
1846,5,5,13.447251319885254
1846,6,5,13.541332244873047
1846,7,5,13.656820297241211
1846,8,5,13.691582679748535
1846,9,5,13.72213363647461
1846,10,5,13.817713737487793
1846,11,5,13.909100532531738
1846,12,5,13.966812133789062
1847,1,5,16.240978240966797
1847,2,5,16.250164031982422
1847,3,5,16.621980667114258
1847,4,5,16.650545120239258
1847,5,5,16.69305992126465
1847,6,5,16.76734161376953
1847,7,5,16.833820343017578
1847,8,5,16.86618995666504
1847,9,5,16.861452102661133
1847,10,5,16.80927848815918
1847,11,5,17.121719360351562
1847,12,5,17.185049057006836
1848,1,7,14.936114311218262
1848,2,7,14.965276718139648
1848,3,7,15.006805419921875
1848,4,7,15.043797492980957
1848,5,7,15.058600425720215
1848,6,7,15.389031410217285
1848,7,7,15.265953063964844
1848,8,7,15.350981712341309
1848,9,7,15.418622970581055
1848,10,7,15.38754940032959
1848,11,7,15.414884567260742
1848,12,7,15.37546157836914
1849,1,11,12.540387153625488
1849,2,11,12.545238494873047
1849,3,11,12.596442222595215
1849,4,11,12.599540710449219
1849,5,11,12.626764297485352
1849,6,11,12.632984161376953
1849,7,11,12.630946159362793
1849,8,11,12.633134841918945
1849,9,11,12.717155456542969
1849,10,11,12.723587036132812
1849,11,11,12.736233711242676
1849,12,11,12.837688446044922
1850,1,11,10.094858169555664
1850,2,11,10.060358047485352
1850,3,11,10.072728157043457
1850,4,11,10.288227081298828
1850,5,11,10.120620727539062
1850,6,11,10.212878227233887
1850,7,11,10.194722175598145
1850,8,11,10.492215156555176
1850,9,11,10.289224624633789
1850,10,11,10.79683780670166
1850,11,11,11.38387680053711
1850,12,11,10.320547103881836
1851,1,3,16.660484313964844
1851,2,3,16.707677841186523
1851,3,3,16.677824020385742
1851,4,3,16.71208953857422
1851,5,3,16.88520050048828
1851,6,3,16.94681739807129
1851,7,3,16.961320877075195
1851,8,3,16.963335037231445
1851,9,3,17.059926986694336
1851,10,3,17.05864906311035
1851,11,3,17.124723434448242
1851,12,3,17.34722900390625
1852,1,12,13.270862579345703
1852,2,12,13.332459449768066
1852,3,12,13.37352466583252
1852,4,12,13.513303756713867
1852,5,12,13.505691528320312
1852,6,12,13.523472785949707
1852,7,12,13.563098907470703
1852,8,12,13.582145690917969
1852,9,12,13.634050369262695
1852,10,12,13.685789108276367
1852,11,12,13.758865356445312
1852,12,12,13.809355735778809
1853,1,11,14.68359375
1853,2,11,14.705382347106934
1853,3,11,14.773049354553223
1853,4,11,14.791292190551758
1853,5,11,14.859742164611816
1853,6,11,14.791098594665527
1853,7,11,14.82781982421875
1853,8,11,14.853483200073242
1853,9,11,14.874917984008789
1853,10,11,14.89042854309082
1853,11,11,15.043889999389648
1853,12,11,15.013357162475586
1854,1,12,15.10824966430664
1854,2,12,15.357548713684082
1854,3,12,15.341108322143555
1854,4,12,15.350863456726074
1854,5,12,15.393108367919922
1854,6,12,15.519377708435059
1854,7,12,15.498005867004395
1854,8,12,15.416406631469727
1854,9,12,15.753191947937012
1854,10,12,15.780346870422363
1854,11,12,15.853211402893066
1854,12,12,15.893209457397461
1855,1,12,12.508930206298828
1855,2,12,12.425018310546875
1855,3,12,12.391820907592773
1855,4,12,12.36760139465332
1855,5,12,12.322951316833496
1855,6,12,12.382651329040527
1855,7,12,12.45598316192627
1855,8,12,12.466097831726074
1855,9,12,12.493456840515137
1855,10,12,12.419681549072266
1855,11,12,12.437956809997559
1855,12,12,12.42136001586914
1856,1,11,12.389686584472656
1856,2,11,12.438310623168945
1856,3,11,12.49083423614502
1856,4,11,12.610037803649902
1856,5,11,12.574271202087402
1856,6,11,12.62534236907959
1856,7,11,12.613944053649902
1856,8,11,12.638442993164062
1856,9,11,12.65353012084961
1856,10,11,12.635979652404785
1856,11,11,12.742206573486328
1856,12,11,12.633541107177734
1857,1,11,11.077716827392578
1857,2,11,11.186967849731445
1857,3,11,11.1492338180542
1857,4,11,11.2055082321167
1857,5,11,11.194116592407227
1857,6,11,11.345415115356445
1857,7,11,11.40373706817627
1857,8,11,11.326069831848145
1857,9,11,11.320283889770508
1857,10,11,11.420188903808594
1857,11,11,11.418987274169922
1857,12,11,11.402909278869629
1858,1,11,17.876863479614258
1858,2,11,18.005064010620117
1858,3,11,18.02305030822754
1858,4,11,18.03911781311035
1858,5,11,18.105512619018555
1858,6,11,18.168384552001953
1858,7,11,18.220441818237305
1858,8,11,18.215791702270508
1858,9,11,18.260082244873047
1858,10,11,18.26995086669922
1858,11,11,18.23175811767578
1858,12,11,18.168272018432617
1859,1,3,10.81612777709961
1859,2,3,10.859085083007812
1859,3,3,10.984074592590332
1859,4,3,11.140152931213379
1859,5,3,11.077558517456055
1859,6,3,11.07632827758789
1859,7,3,11.14136791229248
1859,8,3,11.199320793151855
1859,9,3,11.250223159790039
1859,10,3,11.33577823638916
1859,11,3,11.306668281555176
1859,12,3,11.403352737426758
1860,1,3,14.884112358093262
1860,2,3,14.895588874816895
1860,3,3,14.98206901550293
1860,4,3,15.002856254577637
1860,5,3,15.023371696472168
1860,6,3,15.032868385314941
1860,7,3,15.056585311889648
1860,8,3,15.072729110717773
1860,9,3,15.095714569091797
1860,10,3,15.127700805664062
1860,11,3,15.130464553833008
1860,12,3,15.100373268127441
1861,1,10,14.81530475616455
1861,2,10,14.857748985290527
1861,3,10,14.863410949707031
1861,4,10,14.943470001220703
1861,5,10,14.924308776855469
1861,6,10,14.952556610107422
1861,7,10,14.913000106811523
1861,8,10,14.917585372924805
1861,9,10,14.955595970153809
1861,10,10,14.987889289855957
1861,11,10,15.04655933380127
1861,12,10,15.006742477416992
1862,1,12,12.413826942443848
1862,2,12,12.365595817565918
1862,3,12,12.31618881225586
1862,4,12,12.462462425231934
1862,5,12,12.459179878234863
1862,6,12,12.622693061828613
1862,7,12,12.579658508300781
1862,8,12,12.635229110717773
1862,9,12,12.621838569641113
1862,10,12,12.656999588012695
1862,11,12,12.599061012268066
1862,12,12,12.866042137145996
1863,1,4,14.219449043273926
1863,2,4,14.348869323730469
1863,3,4,14.385896682739258
1863,4,4,14.520790100097656
1863,5,4,14.458138465881348
1863,6,4,14.781158447265625
1863,7,4,15.117012023925781
1863,8,4,14.84212875366211
1863,9,4,14.866582870483398
1863,10,4,14.780991554260254
1863,11,4,14.594268798828125
1863,12,4,14.859371185302734
1864,1,11,12.555749893188477
1864,2,11,12.831701278686523
1864,3,11,12.956413269042969
1864,4,11,11.766536712646484
1864,5,11,13.023933410644531
1864,6,11,13.084635734558105
1864,7,11,13.131528854370117
1864,8,11,13.155675888061523
1864,9,11,13.191746711730957
1864,10,11,13.315848350524902
1864,11,11,13.390572547912598
1864,12,11,13.346839904785156
1865,1,12,12.57323169708252
1865,2,12,12.725611686706543
1865,3,12,12.706951141357422
1865,4,12,12.738324165344238
1865,5,12,12.757857322692871
1865,6,12,12.85154914855957
1865,7,12,12.879528999328613
1865,8,12,12.926548957824707
1865,9,12,12.873011589050293
1865,10,12,12.849894523620605
1865,11,12,12.875304222106934
1865,12,12,12.963761329650879
1866,1,2,13.075052261352539
1866,2,2,13.202849388122559
1866,3,2,13.455307960510254
1866,4,2,13.493833541870117
1866,5,2,13.451979637145996
1866,6,2,13.468117713928223
1866,7,2,13.518418312072754
1866,8,2,13.569252014160156
1866,9,2,14.02736759185791
1866,10,2,13.848383903503418
1866,11,2,13.87659740447998
1866,12,2,13.907731056213379
1867,1,12,19.31908416748047
1867,2,12,19.3602352142334
1867,3,12,19.30316162109375
1867,4,12,19.338993072509766
1867,5,12,19.363006591796875
1867,6,12,19.351825714111328
1867,7,12,19.303041458129883
1867,8,12,19.44333839416504
1867,9,12,19.50265121459961
1867,10,12,19.53993797302246
1867,11,12,19.629253387451172
1867,12,12,19.607505798339844
1868,1,11,19.536605834960938
1868,2,11,19.459135055541992
1868,3,11,19.434518814086914
1868,4,11,19.446680068969727
1868,5,11,19.47421646118164
1868,6,11,19.49099349975586
1868,7,11,19.406885147094727
1868,8,11,19.46942901611328
1868,9,11,19.514892578125
1868,10,11,19.5588321685791
1868,11,11,19.545679092407227
1868,12,11,19.519968032836914
1869,1,12,17.176803588867188
1869,2,12,17.316871643066406
1869,3,12,17.38433265686035
1869,4,12,17.94215202331543
1869,5,12,17.919998168945312
1869,6,12,18.112470626831055
1869,7,12,18.159645080566406
1869,8,12,18.42316246032715
1869,9,12,18.587127685546875
1869,10,12,18.621414184570312
1869,11,12,18.627029418945312
1869,12,12,18.658321380615234
1870,1,12,10.80217456817627
1870,2,12,10.891890525817871
1870,3,12,10.85023307800293
1870,4,12,10.827017784118652
1870,5,12,10.831230163574219
1870,6,12,10.957552909851074
1870,7,12,10.728976249694824
1870,8,12,10.730141639709473
1870,9,12,10.99509334564209
1870,10,12,11.043913841247559
1870,11,12,11.048796653747559
1870,12,12,11.545784950256348
1871,1,12,16.30165672302246
1871,2,12,16.285167694091797
1871,3,12,16.297544479370117
1871,4,12,16.287548065185547
1871,5,12,16.311763763427734
1871,6,12,16.408449172973633
1871,7,12,16.4736328125
1871,8,12,16.50220489501953
1871,9,12,16.5484561920166
1871,10,12,16.613868713378906
1871,11,12,16.68927764892578
1871,12,12,16.683595657348633
1872,1,11,10.36898422241211
1872,2,11,10.551403999328613
1872,3,11,10.53713321685791
1872,4,11,10.559649467468262
1872,5,11,10.505921363830566
1872,6,11,10.555349349975586
1872,7,11,10.279909133911133
1872,8,11,10.292075157165527
1872,9,11,10.268331527709961
1872,10,11,10.412371635437012
1872,11,11,10.362286567687988
1872,12,11,10.49807071685791
1873,1,9,10.67837142944336
1873,2,9,10.678027153015137
1873,3,9,10.669267654418945
1873,4,9,10.71924877166748
1873,5,9,10.747904777526855
1873,6,9,10.81368637084961
1873,7,9,10.981937408447266
1873,8,9,11.270009994506836
1873,9,9,11.228851318359375
1873,10,9,11.209855079650879
1873,11,9,11.201802253723145
1873,12,9,11.201128005981445
1874,1,11,10.499025344848633
1874,2,11,10.557551383972168
1874,3,11,10.69399356842041
1874,4,11,10.719130516052246
1874,5,11,10.745229721069336
1874,6,11,10.814606666564941
1874,7,11,10.79883861541748
1874,8,11,10.892936706542969
1874,9,11,10.88693618774414
1874,10,11,11.006178855895996
1874,11,11,11.079973220825195
1874,12,11,11.11474609375
1875,1,3,18.01372718811035
1875,2,3,18.07866096496582
1875,3,3,18.210763931274414
1875,4,3,18.2503604888916
1875,5,3,18.250518798828125
1875,6,3,18.31776237487793
1875,7,3,18.51190948486328
1875,8,3,18.579011917114258
1875,9,3,18.584152221679688
1875,10,3,18.614391326904297
1875,11,3,18.760618209838867
1875,12,3,18.756193161010742
1876,1,7,14.268694877624512
1876,2,7,14.354220390319824
1876,3,7,14.329347610473633
1876,4,7,14.322263717651367
1876,5,7,14.352171897888184
1876,6,7,14.125061988830566
1876,7,7,14.278853416442871
1876,8,7,14.434561729431152
1876,9,7,14.448219299316406
1876,10,7,14.486034393310547
1876,11,7,13.12661075592041
1876,12,7,14.108657836914062
1877,1,11,13.172035217285156
1877,2,11,13.158655166625977
1877,3,11,13.265751838684082
1877,4,11,13.688102722167969
1877,5,11,13.66466999053955
1877,6,11,13.638593673706055
1877,7,11,0.0
1877,8,11,13.580525398254395
1877,9,11,13.573819160461426
1877,10,11,13.587309837341309
1877,11,11,13.586441993713379
1877,12,11,13.648030281066895
1878,1,7,13.858437538146973
1878,2,7,13.907822608947754
1878,3,7,13.968023300170898
1878,4,7,13.953472137451172
1878,5,7,13.927120208740234
1878,6,7,13.919233322143555
1878,7,7,13.975701332092285
1878,8,7,14.014961242675781
1878,9,7,14.077519416809082
1878,10,7,14.089234352111816
1878,11,7,14.101819038391113
1878,12,7,14.09996509552002
1879,1,12,22.092819213867188
1879,2,12,22.139690399169922
1879,3,12,22.225557327270508
1879,4,12,22.264009475708008
1879,5,12,22.218225479125977
1879,6,12,22.270936965942383
1879,7,12,22.448226928710938
1879,8,12,22.496906280517578
1879,9,12,22.547805786132812
1879,10,12,22.55964469909668
1879,11,12,22.591474533081055
1879,12,12,22.59209442138672
1880,1,10,15.586509704589844
1880,2,10,15.597758293151855
1880,3,10,15.595266342163086
1880,4,10,15.616896629333496
1880,5,10,15.54612922668457
1880,6,10,15.700056076049805
1880,7,10,15.715898513793945
1880,8,10,16.03400230407715
1880,9,10,15.852117538452148
1880,10,10,15.857060432434082
1880,11,10,15.939613342285156
1880,12,10,15.92855453491211
1881,1,11,12.185907363891602
1881,2,11,12.172725677490234
1881,3,11,12.273025512695312
1881,4,11,12.163126945495605
1881,5,11,12.147391319274902
1881,6,11,12.150099754333496
1881,7,11,12.15251350402832
1881,8,11,12.149791717529297
1881,9,11,12.177349090576172
1881,10,11,12.288215637207031
1881,11,11,12.283995628356934
1881,12,11,12.29025650024414
1882,1,2,16.151416778564453
1882,2,2,16.174962997436523
1882,3,2,16.2279109954834
1882,4,2,16.222301483154297
1882,5,2,16.2165470123291
1882,6,2,16.272865295410156
1882,7,2,16.297164916992188
1882,8,2,16.3315372467041
1882,9,2,16.402442932128906
1882,10,2,16.40165901184082
1882,11,2,16.462942123413086
1882,12,2,16.3990478515625
1883,1,4,17.701753616333008
1883,2,4,17.574779510498047
1883,3,4,17.61042022705078
1883,4,4,17.726924896240234
1883,5,4,17.722030639648438
1883,6,4,17.7351016998291
1883,7,4,17.910255432128906
1883,8,4,17.928407669067383
1883,9,4,17.924888610839844
1883,10,4,17.880674362182617
1883,11,4,17.93617057800293
1883,12,4,17.983020782470703
1884,1,11,14.024421691894531
1884,2,11,14.066675186157227
1884,3,11,14.25468921661377
1884,4,11,14.121041297912598
1884,5,11,14.12528133392334
1884,6,11,14.15115737915039
1884,7,11,14.18028736114502
1884,8,11,14.18993091583252
1884,9,11,14.09030532836914
1884,10,11,14.233518600463867
1884,11,11,14.21346664428711
1884,12,11,14.23963737487793
1885,1,12,14.21280574798584
1885,2,12,14.217649459838867
1885,3,12,14.379781723022461
1885,4,12,14.324286460876465
1885,5,12,14.323987007141113
1885,6,12,14.361184120178223
1885,7,12,14.310460090637207
1885,8,12,14.269429206848145
1885,9,12,14.254260063171387
1885,10,12,14.319032669067383
1885,11,12,14.346590042114258
1885,12,12,14.54142951965332
1886,1,2,12.327052116394043
1886,2,2,12.6851167678833
1886,3,2,12.893150329589844
1886,4,2,12.891247749328613
1886,5,2,12.907694816589355
1886,6,2,12.941717147827148
1886,7,2,12.991082191467285
1886,8,2,13.08508014678955
1886,9,2,13.057816505432129
1886,10,2,13.18551254272461
1886,11,2,13.262397766113281
1886,12,2,13.316557884216309
1887,1,12,10.431425094604492
1887,2,12,10.590579986572266
1887,3,12,10.618725776672363
1887,4,12,10.612072944641113
1887,5,12,10.704883575439453
1887,6,12,10.64963436126709
1887,7,12,10.661286354064941
1887,8,12,10.684759140014648
1887,9,12,10.673348426818848
1887,10,12,10.830864906311035
1887,11,12,10.819319725036621
1887,12,12,11.973006248474121
1888,1,11,16.099695205688477
1888,2,11,16.281003952026367
1888,3,11,16.360790252685547
1888,4,11,16.41266441345215
1888,5,11,16.483463287353516
1888,6,11,16.441980361938477
1888,7,11,16.483234405517578
1888,8,11,16.500150680541992
1888,9,11,16.419878005981445
1888,10,11,16.43022346496582
1888,11,11,16.424558639526367
1888,12,11,16.4462833404541
1889,1,12,16.215694427490234
1889,2,12,16.266902923583984
1889,3,12,16.414958953857422
1889,4,12,12.295884132385254
1889,5,12,16.445844650268555
1889,6,12,16.53667449951172
1889,7,12,16.61614418029785
1889,8,12,16.63433837890625
1889,9,12,16.70223617553711
1889,10,12,16.745466232299805
1889,11,12,16.977386474609375
1889,12,12,16.97553825378418
1890,1,2,12.127900123596191
1890,2,2,12.190051078796387
1890,3,2,12.305000305175781
1890,4,2,12.223917007446289
1890,5,2,12.425305366516113
1890,6,2,12.392244338989258
1890,7,2,12.363380432128906
1890,8,2,12.328290939331055
1890,9,2,13.08993148803711
1890,10,2,12.382534980773926
1890,11,2,12.389348983764648
1890,12,2,12.388176918029785
1891,1,11,12.196243286132812
1891,2,11,12.412701606750488
1891,3,11,12.5975980758667
1891,4,11,12.58613109588623
1891,5,11,12.472786903381348
1891,6,11,12.670735359191895
1891,7,11,12.729424476623535
1891,8,11,12.858261108398438
1891,9,11,12.890551567077637
1891,10,11,12.782938003540039
1891,11,11,12.844405174255371
1891,12,11,12.87789535522461
1892,1,12,15.313291549682617
1892,2,12,15.318735122680664
1892,3,12,15.369314193725586
1892,4,12,15.834829330444336
1892,5,12,15.474732398986816
1892,6,12,15.478565216064453
1892,7,12,15.478282928466797
1892,8,12,15.915937423706055
1892,9,12,15.966562271118164
1892,10,12,16.03194808959961
1892,11,12,16.066301345825195
1892,12,12,16.093074798583984
1893,1,6,17.9447078704834
1893,2,6,18.022491455078125
1893,3,6,18.09222984313965
1893,4,6,18.287368774414062
1893,5,6,18.29482078552246
1893,6,6,18.331418991088867
1893,7,6,18.40279769897461
1893,8,6,18.439960479736328
1893,9,6,18.465286254882812
1893,10,6,18.495403289794922
1893,11,6,18.518569946289062
1893,12,6,18.544551849365234
1894,1,7,11.7583646774292
1894,2,7,11.667285919189453
1894,3,7,11.720885276794434
1894,4,7,11.885183334350586
1894,5,7,11.790801048278809
1894,6,7,11.820367813110352
1894,7,7,11.913496971130371
1894,8,7,12.220779418945312
1894,9,7,12.104889869689941
1894,10,7,12.248649597167969
1894,11,7,12.2548246383667
1894,12,7,12.165812492370605
1895,1,6,16.789918899536133
1895,2,6,16.8518009185791
1895,3,6,17.03379249572754
1895,4,6,17.045690536499023
1895,5,6,16.995174407958984
1895,6,6,17.186800003051758
1895,7,6,17.171924591064453
1895,8,6,17.302135467529297
1895,9,6,17.358993530273438
1895,10,6,17.395771026611328
1895,11,6,17.449010848999023
1895,12,6,17.44464683532715
1896,1,10,17.344709396362305
1896,2,10,17.39556121826172
1896,3,10,17.4329833984375
1896,4,10,17.548831939697266
1896,5,10,17.59368133544922
1896,6,10,17.600967407226562
1896,7,10,17.62664031982422
1896,8,10,17.64291763305664
1896,9,10,17.671314239501953
1896,10,10,17.685874938964844
1896,11,10,17.93130874633789
1896,12,10,17.90920066833496
1897,1,12,12.580219268798828
1897,2,12,12.581367492675781
1897,3,12,12.863043785095215
1897,4,12,12.68047046661377
1897,5,12,12.711684226989746
1897,6,12,12.707429885864258
1897,7,12,12.791193962097168
1897,8,12,12.839056015014648
1897,9,12,12.852182388305664
1897,10,12,12.985038757324219
1897,11,12,12.940990447998047
1897,12,12,12.997238159179688
1898,1,12,10.629583358764648
1898,2,12,10.614106178283691
1898,3,12,10.538755416870117
1898,4,12,10.53857421875
1898,5,12,10.61036205291748
1898,6,12,10.491421699523926
1898,7,12,10.776416778564453
1898,8,12,10.878817558288574
1898,9,12,10.726777076721191
1898,10,12,11.573877334594727
1898,11,12,11.024014472961426
1898,12,12,10.808337211608887
1899,1,10,12.483986854553223
1899,2,10,12.504494667053223
1899,3,10,12.584761619567871
1899,4,10,12.56065559387207
1899,5,10,12.556048393249512
1899,6,10,12.534903526306152
1899,7,10,12.524848937988281
1899,8,10,12.726417541503906
1899,9,10,12.75203800201416
1899,10,10,12.815620422363281
1899,11,10,12.827095985412598
1899,12,10,12.878497123718262
1900,1,10,12.06671142578125
1900,2,10,12.653826713562012
1900,3,10,12.679605484008789
1900,4,10,12.626021385192871
1900,5,10,12.64243221282959
1900,6,10,12.69035816192627
1900,7,10,12.682122230529785
1900,8,10,12.703715324401855
1900,9,10,12.772126197814941
1900,10,10,12.778016090393066
1900,11,10,12.889768600463867
1900,12,10,12.91762638092041
1901,1,11,15.105384826660156
1901,2,11,15.128857612609863
1901,3,11,15.135956764221191
1901,4,11,15.120514869689941
1901,5,11,15.135841369628906
1901,6,11,15.225247383117676
1901,7,11,15.220921516418457
1901,8,11,15.300010681152344
1901,9,11,15.323464393615723
1901,10,11,15.355408668518066
1901,11,11,15.360190391540527
1901,12,11,15.293511390686035
1902,1,8,12.387988090515137
1902,2,8,12.4452486038208
1902,3,8,12.405482292175293
1902,4,8,12.454641342163086
1902,5,8,12.338418006896973
1902,6,8,12.394350051879883
1902,7,8,12.443113327026367
1902,8,8,12.451981544494629
1902,9,8,12.35752010345459
1902,10,8,12.52507495880127
1902,11,8,12.494893074035645
1902,12,8,1.0331844091415405
1903,1,10,15.829587936401367
1903,2,10,15.726181983947754
1903,3,10,15.762567520141602
1903,4,10,15.7659330368042
1903,5,10,15.784543991088867
1903,6,10,15.820915222167969
1903,7,10,15.843771934509277
1903,8,10,15.845005989074707
1903,9,10,15.879159927368164
1903,10,10,15.898247718811035
1903,11,10,15.967967987060547
1903,12,10,15.936514854431152
1904,1,8,14.272599220275879
1904,2,8,14.321120262145996
1904,3,8,14.442352294921875
1904,4,8,14.49559497833252
1904,5,8,14.54407024383545
1904,6,8,14.641707420349121
1904,7,8,14.710807800292969
1904,8,8,14.749329566955566
1904,9,8,14.818229675292969
1904,10,8,14.797415733337402
1904,11,8,14.81835651397705
1904,12,8,14.78365421295166
1905,1,3,10.18980598449707
1905,2,3,10.183948516845703
1905,3,3,10.739402770996094
1905,4,3,10.51734447479248
1905,5,3,10.625462532043457
1905,6,3,10.629112243652344
1905,7,3,10.570595741271973
1905,8,3,10.718284606933594
1905,9,3,10.708250045776367
1905,10,3,10.79899787902832
1905,11,3,10.829015731811523
1905,12,3,10.806751251220703
1906,1,11,12.057801246643066
1906,2,11,13.100773811340332
1906,3,11,13.44645881652832
1906,4,11,13.412778854370117
1906,5,11,13.369771003723145
1906,6,11,13.414168357849121
1906,7,11,13.42542552947998
1906,8,11,13.571903228759766
1906,9,11,13.61215877532959
1906,10,11,13.678574562072754
1906,11,11,13.687817573547363
1906,12,11,13.758976936340332
1907,1,10,15.937390327453613
1907,2,10,15.929819107055664
1907,3,10,15.94646167755127
1907,4,10,15.936979293823242
1907,5,10,15.972131729125977
1907,6,10,16.580791473388672
1907,7,10,16.602062225341797
1907,8,10,16.646696090698242
1907,9,10,16.678157806396484
1907,10,10,16.74407196044922
1907,11,10,16.891117095947266
1907,12,10,16.974754333496094
1908,1,11,12.221261978149414
1908,2,11,12.379862785339355
1908,3,11,12.461945533752441
1908,4,11,12.698003768920898
1908,5,11,12.9066801071167
1908,6,11,12.69375991821289
1908,7,11,12.962742805480957
1908,8,11,13.480637550354004
1908,9,11,13.414814949035645
1908,10,11,13.274127006530762
1908,11,11,13.405961990356445
1908,12,11,13.380626678466797
1909,1,11,12.378252029418945
1909,2,11,12.53718090057373
1909,3,11,13.8272066116333
1909,4,11,12.455426216125488
1909,5,11,12.353324890136719
1909,6,11,12.2573823928833
1909,7,11,12.453678131103516
1909,8,11,12.542830467224121
1909,9,11,12.587750434875488
1909,10,11,12.680765151977539
1909,11,11,13.147143363952637
1909,12,11,13.462759971618652
1910,1,2,14.920504570007324
1910,2,2,14.94683837890625
1910,3,2,15.080981254577637
1910,4,2,15.554159164428711
1910,5,2,15.587637901306152
1910,6,2,15.620329856872559
1910,7,2,15.651697158813477
1910,8,2,15.68087387084961
1910,9,2,15.695359230041504
1910,10,2,15.757742881774902
1910,11,2,15.751185417175293
1910,12,2,15.7493257522583
1911,1,7,13.076637268066406
1911,2,7,13.1356840133667
1911,3,7,13.302090644836426
1911,4,7,13.16416072845459
1911,5,7,13.237570762634277
1911,6,7,13.382912635803223
1911,7,7,13.476622581481934
1911,8,7,13.412812232971191
1911,9,7,13.442083358764648
1911,10,7,13.445611953735352
1911,11,7,13.552339553833008
1911,12,7,13.461172103881836
1912,1,11,9.73376750946045
1912,2,11,9.92470932006836
1912,3,11,9.88582706451416
1912,4,11,9.759417533874512
1912,5,11,9.841653823852539
1912,6,11,9.894436836242676
1912,7,11,9.849797248840332
1912,8,11,9.934019088745117
1912,9,11,9.896370887756348
1912,10,11,9.92370891571045
1912,11,11,10.130108833312988
1912,12,11,9.914891242980957
1913,1,12,12.70067024230957
1913,2,12,12.697835922241211
1913,3,12,12.848152160644531
1913,4,12,12.826045036315918
1913,5,12,12.866840362548828
1913,6,12,12.852294921875
1913,7,12,12.925609588623047
1913,8,12,12.95073413848877
1913,9,12,13.000633239746094
1913,10,12,12.989592552185059
1913,11,12,13.083109855651855
1913,12,12,13.098653793334961
1914,1,9,11.80167293548584
1914,2,9,11.90833568572998
1914,3,9,11.988755226135254
1914,4,9,11.939850807189941
1914,5,9,11.946938514709473
1914,6,9,12.017021179199219
1914,7,9,12.0047025680542
1914,8,9,12.032055854797363
1914,9,9,12.04188060760498
1914,10,9,12.114126205444336
1914,11,9,12.207551002502441
1914,12,9,12.106213569641113
1915,1,4,15.821287155151367
1915,2,4,15.784706115722656
1915,3,4,15.991718292236328
1915,4,4,16.017332077026367
1915,5,4,16.00309944152832
1915,6,4,16.01080322265625
1915,7,4,16.304994583129883
1915,8,4,16.323291778564453
1915,9,4,16.347307205200195
1915,10,4,16.38139533996582
1915,11,4,16.41925048828125
1915,12,4,16.395214080810547
1916,1,10,13.796180725097656
1916,2,10,13.754569053649902
1916,3,10,13.833815574645996
1916,4,10,13.851275444030762
1916,5,10,13.871042251586914
1916,6,10,13.910548210144043
1916,7,10,13.977187156677246
1916,8,10,14.01191234588623
1916,9,10,14.037558555603027
1916,10,10,14.085408210754395
1916,11,10,14.224034309387207
1916,12,10,14.245865821838379
1917,1,11,9.917299270629883
1917,2,11,9.711195945739746
1917,3,11,10.01922607421875
1917,4,11,9.8400239944458
1917,5,11,9.966800689697266
1917,6,11,10.074982643127441
1917,7,11,9.998963356018066
1917,8,11,9.984650611877441
1917,9,11,10.282395362854004
1917,10,11,10.260984420776367
1917,11,11,10.202746391296387
1917,12,11,10.258816719055176
1918,1,10,10.358988761901855
1918,2,10,10.363359451293945
1918,3,10,10.40824031829834
1918,4,10,10.567344665527344
1918,5,10,10.57186222076416
1918,6,10,10.590245246887207
1918,7,10,10.624617576599121
1918,8,10,10.635211944580078
1918,9,10,10.642057418823242
1918,10,10,10.639389038085938
1918,11,10,10.548646926879883
1918,12,10,10.559673309326172
1919,1,12,11.700303077697754
1919,2,12,11.758062362670898
1919,3,12,11.751882553100586
1919,4,12,11.780928611755371
1919,5,12,11.811805725097656
1919,6,12,11.694681167602539
1919,7,12,11.740499496459961
1919,8,12,11.785633087158203
1919,9,12,11.69105339050293
1919,10,12,11.841944694519043
1919,11,12,11.867796897888184
1919,12,12,11.858027458190918
1920,1,11,17.533676147460938
1920,2,11,17.640501022338867
1920,3,11,17.694156646728516
1920,4,11,17.682981491088867
1920,5,11,17.66754913330078
1920,6,11,17.69300079345703
1920,7,11,17.646095275878906
1920,8,11,17.68051528930664
1920,9,11,17.690507888793945
1920,10,11,17.618701934814453
1920,11,11,16.756141662597656
1920,12,11,17.03076171875
1921,1,11,9.10538387298584
1921,2,11,9.311260223388672
1921,3,11,9.300638198852539
1921,4,11,9.244856834411621
1921,5,11,9.364283561706543
1921,6,11,9.640681266784668
1921,7,11,9.417072296142578
1921,8,11,9.383485794067383
1921,9,11,9.338746070861816
1921,10,11,9.422823905944824
1921,11,11,10.145147323608398
1921,12,11,10.470990180969238
1922,1,10,12.188804626464844
1922,2,10,12.195671081542969
1922,3,10,12.152819633483887
1922,4,10,12.127227783203125
1922,5,10,12.106965065002441
1922,6,10,12.1107759475708
1922,7,10,12.060271263122559
1922,8,10,12.00939655303955
1922,9,10,12.04893684387207
1922,10,10,11.992398262023926
1922,11,10,12.95877456665039
1922,12,10,12.957484245300293
1923,1,11,13.628572463989258
1923,2,11,13.65229606628418
1923,3,11,13.581846237182617
1923,4,11,13.579692840576172
1923,5,11,13.572629928588867
1923,6,11,13.701404571533203
1923,7,11,13.851303100585938
1923,8,11,13.878143310546875
1923,9,11,13.905325889587402
1923,10,11,13.917123794555664
1923,11,11,14.067983627319336
1923,12,11,14.063828468322754
1924,1,11,13.009190559387207
1924,2,11,13.089487075805664
1924,3,11,13.239116668701172
1924,4,11,13.36514663696289
1924,5,11,13.2594575881958
1924,6,11,13.403173446655273
1924,7,11,13.506393432617188
1924,8,11,13.592229843139648
1924,9,11,13.622171401977539
1924,10,11,13.652519226074219
1924,11,11,13.819358825683594
1924,12,11,13.879623413085938
1925,1,6,12.879544258117676
1925,2,6,12.955467224121094
1925,3,6,13.0119047164917
1925,4,6,13.055183410644531
1925,5,6,13.02281665802002
1925,6,6,13.156241416931152
1925,7,6,13.110953330993652
1925,8,6,13.24263858795166
1925,9,6,13.459975242614746
1925,10,6,13.632729530334473
1925,11,6,13.904273986816406
1925,12,6,13.864360809326172
1926,1,10,15.663124084472656
1926,2,10,15.799071311950684
1926,3,10,15.90816879272461
1926,4,10,15.913838386535645
1926,5,10,15.947846412658691
1926,6,10,15.960354804992676
1926,7,10,16.107437133789062
1926,8,10,16.106359481811523
1926,9,10,16.10077667236328
1926,10,10,16.130643844604492
1926,11,10,16.25609016418457
1926,12,10,16.172733306884766
1927,1,12,17.068767547607422
1927,2,12,17.089923858642578
1927,3,12,17.103557586669922
1927,4,12,17.15387535095215
1927,5,12,17.148839950561523
1927,6,12,17.146636962890625
1927,7,12,17.15191650390625
1927,8,12,17.148225784301758
1927,9,12,17.15691375732422
1927,10,12,17.170927047729492
1927,11,12,17.226608276367188
1927,12,12,17.212505340576172
1928,1,7,13.46222972869873
1928,2,7,13.465681076049805
1928,3,7,13.551789283752441
1928,4,7,13.551685333251953
1928,5,7,13.642967224121094
1928,6,7,13.642804145812988
1928,7,7,13.627152442932129
1928,8,7,13.707321166992188
1928,9,7,13.863475799560547
1928,10,7,13.853074073791504
1928,11,7,13.947827339172363
1928,12,7,13.872632026672363
1929,1,11,12.753609657287598
1929,2,11,12.830495834350586
1929,3,11,12.856220245361328
1929,4,11,12.89985179901123
1929,5,11,12.92220687866211
1929,6,11,12.962672233581543
1929,7,11,13.045199394226074
1929,8,11,13.063668251037598
1929,9,11,13.084665298461914
1929,10,11,13.127097129821777
1929,11,11,13.13074016571045
1929,12,11,13.255415916442871
1930,1,11,9.485892295837402
1930,2,11,9.61977481842041
1930,3,11,9.59409236907959
1930,4,11,9.547061920166016
1930,5,11,9.582486152648926
1930,6,11,9.897340774536133
1930,7,11,9.85676383972168
1930,8,11,9.936932563781738
1930,9,11,10.032352447509766
1930,10,11,10.057801246643066
1930,11,11,10.01680850982666
1930,12,11,9.97774600982666
1931,1,11,15.990132331848145
1931,2,11,16.069931030273438
1931,3,11,16.14179039001465
1931,4,11,16.17340087890625
1931,5,11,16.2320556640625
1931,6,11,16.285371780395508
1931,7,11,16.519929885864258
1931,8,11,16.542970657348633
1931,9,11,16.616769790649414
1931,10,11,16.83974838256836
1931,11,11,16.87638282775879
1931,12,11,16.9171199798584
1932,1,9,12.87316608428955
1932,2,9,12.911036491394043
1932,3,9,13.026521682739258
1932,4,9,13.08627700805664
1932,5,9,13.123974800109863
1932,6,9,13.14408016204834
1932,7,9,13.2020263671875
1932,8,9,13.213391304016113
1932,9,9,13.290360450744629
1932,10,9,13.312591552734375
1932,11,9,13.395435333251953
1932,12,9,13.354303359985352
1933,1,4,9.121550559997559
1933,2,4,9.945558547973633
1933,3,4,10.395626068115234
1933,4,4,10.543503761291504
1933,5,4,10.325470924377441
1933,6,4,10.256246566772461
1933,7,4,10.313557624816895
1933,8,4,10.370306015014648
1933,9,4,11.16741943359375
1933,10,4,10.572117805480957
1933,11,4,7.31109619140625
1933,12,4,10.312203407287598
1934,1,11,9.906120300292969
1934,2,11,10.05181884765625
1934,3,11,10.487412452697754
1934,4,11,10.161114692687988
1934,5,11,10.398970603942871
1934,6,11,10.232787132263184
1934,7,11,10.3692045211792
1934,8,11,10.725855827331543
1934,9,11,10.702398300170898
1934,10,11,11.361594200134277
1934,11,11,10.71760082244873
1934,12,11,10.886795997619629
1935,1,12,12.611711502075195
1935,2,12,12.739310264587402
1935,3,12,13.149368286132812
1935,4,12,13.290339469909668
1935,5,12,13.31229019165039
1935,6,12,13.381417274475098
1935,7,12,13.44187068939209
1935,8,12,13.562769889831543
1935,9,12,13.729235649108887
1935,10,12,13.795934677124023
1935,11,12,13.824034690856934
1935,12,12,13.789339065551758
1936,1,4,12.58699893951416
1936,2,4,11.021868705749512
1936,3,4,11.00251579284668
1936,4,4,10.985963821411133
1936,5,4,10.833142280578613
1936,6,4,10.958295822143555
1936,7,4,10.984539985656738
1936,8,4,10.946876525878906
1936,9,4,10.963706970214844
1936,10,4,11.469152450561523
1936,11,4,11.0209321975708
1936,12,4,10.96527099609375
1937,1,10,13.177816390991211
1937,2,10,13.177013397216797
1937,3,10,13.136839866638184
1937,4,10,13.2891263961792
1937,5,10,13.426060676574707
1937,6,10,13.714845657348633
1937,7,10,13.389302253723145
1937,8,10,13.325729370117188
1937,9,10,13.695137023925781
1937,10,10,13.559551239013672
1937,11,10,13.405017852783203
1937,12,10,13.52108383178711
1938,1,11,10.76484203338623
1938,2,11,10.71035099029541
1938,3,11,10.906464576721191
1938,4,11,10.778908729553223
1938,5,11,10.804489135742188
1938,6,11,10.717276573181152
1938,7,11,10.672980308532715
1938,8,11,10.911251068115234
1938,9,11,11.281009674072266
1938,10,11,11.233684539794922
1938,11,11,11.384123802185059
1938,12,11,11.554683685302734
1939,1,11,13.341395378112793
1939,2,11,13.498370170593262
1939,3,11,14.16208267211914
1939,4,11,13.796527862548828
1939,5,11,13.796717643737793
1939,6,11,13.804306030273438
1939,7,11,13.96580696105957
1939,8,11,14.140535354614258
1939,9,11,14.086238861083984
1939,10,11,14.839703559875488
1939,11,11,13.669943809509277
1939,12,11,13.905920028686523
1940,1,12,9.717280387878418
1940,2,12,9.932340621948242
1940,3,12,10.0108642578125
1940,4,12,10.129578590393066
1940,5,12,10.01175308227539
1940,6,12,10.131808280944824
1940,7,12,10.123044967651367
1940,8,12,10.362894058227539
1940,9,12,10.617888450622559
1940,10,12,10.552939414978027
1940,11,12,10.76393985748291
1940,12,12,10.7728910446167
1941,1,2,11.623678207397461
1941,2,2,11.676360130310059
1941,3,2,12.111788749694824
1941,4,2,12.113604545593262
1941,5,2,12.103940963745117
1941,6,2,12.104215621948242
1941,7,2,12.343430519104004
1941,8,2,12.386534690856934
1941,9,2,12.299738883972168
1941,10,2,12.316694259643555
1941,11,2,12.48819351196289
1941,12,2,12.525886535644531
1942,1,11,10.110699653625488
1942,2,11,10.462949752807617
1942,3,11,10.416316032409668
1942,4,11,10.14889907836914
1942,5,11,10.375028610229492
1942,6,11,10.543086051940918
1942,7,11,10.666439056396484
1942,8,11,9.71507740020752
1942,9,11,10.70788288116455
1942,10,11,10.830845832824707
1942,11,11,10.790565490722656
1942,12,11,10.691720008850098
1943,1,10,13.421674728393555
1943,2,10,13.414308547973633
1943,3,10,13.797167778015137
1943,4,10,10.696810722351074
1943,5,10,13.861100196838379
1943,6,10,13.874242782592773
1943,7,10,14.011331558227539
1943,8,10,13.988941192626953
1943,9,10,14.002092361450195
1943,10,10,13.807746887207031
1943,11,10,14.05073356628418
1943,12,10,14.037033081054688
1944,1,8,14.179970741271973
1944,2,8,14.110445976257324
1944,3,8,14.07348918914795
1944,4,8,14.096562385559082
1944,5,8,14.083941459655762
1944,6,8,14.11313247680664
1944,7,8,14.172640800476074
1944,8,8,14.278633117675781
1944,9,8,14.301077842712402
1944,10,8,14.5216064453125
1944,11,8,14.5086088180542
1944,12,8,14.543861389160156
1945,1,8,11.53218936920166
1945,2,8,11.483257293701172
1945,3,8,11.53355598449707
1945,4,8,11.320734977722168
1945,5,8,11.371989250183105
1945,6,8,11.424149513244629
1945,7,8,11.445195198059082
1945,8,8,11.407832145690918
1945,9,8,11.451608657836914
1945,10,8,11.719560623168945
1945,11,8,11.8229341506958
1945,12,8,11.745585441589355
1946,1,5,12.190713882446289
1946,2,5,12.18309497833252
1946,3,5,12.609330177307129
1946,4,5,12.676342010498047
1946,5,5,12.661417961120605
1946,6,5,12.925641059875488
1946,7,5,13.111250877380371
1946,8,5,13.122420310974121
1946,9,5,13.311338424682617
1946,10,5,13.153192520141602
1946,11,5,13.058574676513672
1946,12,5,12.681699752807617
1947,1,9,12.46358585357666
1947,2,9,12.32130241394043
1947,3,9,12.286881446838379
1947,4,9,12.299847602844238
1947,5,9,12.25723934173584
1947,6,9,12.304596900939941
1947,7,9,12.327330589294434
1947,8,9,12.346091270446777
1947,9,9,12.329463005065918
1947,10,9,12.612025260925293
1947,11,9,12.82447338104248
1947,12,9,12.723024368286133
1948,1,12,10.17124080657959
1948,2,12,10.375633239746094
1948,3,12,10.846662521362305
1948,4,12,10.149209022521973
1948,5,12,10.257696151733398
1948,6,12,10.684752464294434
1948,7,12,10.314508438110352
1948,8,12,10.472519874572754
1948,9,12,10.75399112701416
1948,10,12,10.903285026550293
1948,11,12,10.647753715515137
1948,12,12,10.726099967956543
1949,1,6,10.274325370788574
1949,2,6,10.271353721618652
1949,3,6,10.240949630737305
1949,4,6,10.651803970336914
1949,5,6,10.063687324523926
1949,6,6,10.036115646362305
1949,7,6,10.5109281539917
1949,8,6,11.042421340942383
1949,9,6,10.989348411560059
1949,10,6,9.73195743560791
1949,11,6,10.786131858825684
1949,12,6,10.939739227294922
1950,1,11,12.013511657714844
1950,2,11,11.957831382751465
1950,3,11,11.953988075256348
1950,4,11,12.117980003356934
1950,5,11,12.088013648986816
1950,6,11,12.083930969238281
1950,7,11,12.15345287322998
1950,8,11,12.282430648803711
1950,9,11,12.314577102661133
1950,10,11,12.57642936706543
1950,11,11,12.634174346923828
1950,12,11,12.591483116149902
1951,1,12,8.586199760437012
1951,2,12,9.509100914001465
1951,3,12,9.683117866516113
1951,4,12,9.591462135314941
1951,5,12,9.541413307189941
1951,6,12,9.5137939453125
1951,7,12,9.817170143127441
1951,8,12,9.702651977539062
1951,9,12,9.722105026245117
1951,10,12,10.02356243133545
1951,11,12,10.241439819335938
1951,12,12,10.129140853881836
1952,1,12,9.799007415771484
1952,2,12,9.831358909606934
1952,3,12,10.041537284851074
1952,4,12,9.905192375183105
1952,5,12,9.839645385742188
1952,6,12,9.932937622070312
1952,7,12,9.815705299377441
1952,8,12,10.811988830566406
1952,9,12,11.4730806350708
1952,10,12,11.434643745422363
1952,11,12,11.479674339294434
1952,12,12,11.43907642364502
1953,1,12,12.014449119567871
1953,2,12,12.26224422454834
1953,3,12,12.008195877075195
1953,4,12,11.961435317993164
1953,5,12,12.115243911743164
1953,6,12,12.093364715576172
1953,7,12,12.248174667358398
1953,8,12,12.220844268798828
1953,9,12,12.157611846923828
1953,10,12,12.091285705566406
1953,11,12,13.025919914245605
1953,12,12,13.057777404785156
1954,1,11,9.16043472290039
1954,2,11,10.230180740356445
1954,3,11,10.172316551208496
1954,4,11,10.138011932373047
1954,5,11,10.14126205444336
1954,6,11,10.721159934997559
1954,7,11,10.593079566955566
1954,8,11,10.765710830688477
1954,9,11,10.754714012145996
1954,10,11,10.830937385559082
1954,11,11,11.004953384399414
1954,12,11,11.104813575744629
1955,1,5,10.142967224121094
1955,2,5,10.162841796875
1955,3,5,11.91386890411377
1955,4,5,11.66979694366455
1955,5,5,11.1450777053833
1955,6,5,11.24094009399414
1955,7,5,11.145220756530762
1955,8,5,10.885419845581055
1955,9,5,11.423388481140137
1955,10,5,11.344852447509766
1955,11,5,11.040229797363281
1955,12,5,11.044732093811035
1956,1,12,10.662635803222656
1956,2,12,10.621251106262207
1956,3,12,10.6661376953125
1956,4,12,10.604533195495605
1956,5,12,10.631197929382324
1956,6,12,10.763280868530273
1956,7,12,12.71906852722168
1956,8,12,11.650164604187012
1956,9,12,11.653257369995117
1956,10,12,11.6328706741333
1956,11,12,11.66728401184082
1956,12,12,11.600479125976562
1957,1,10,10.807916641235352
1957,2,10,10.642008781433105
1957,3,10,11.068709373474121
1957,4,10,10.71802806854248
1957,5,10,10.944672584533691
1957,6,10,11.741510391235352
1957,7,10,11.900479316711426
1957,8,10,11.800265312194824
1957,9,10,11.80302906036377
1957,10,10,12.00578784942627
1957,11,10,12.075132369995117
1957,12,10,11.958171844482422
1958,1,12,10.427865982055664
1958,2,12,10.227709770202637
1958,3,12,10.347548484802246
1958,4,12,10.322629928588867
1958,5,12,10.456937789916992
1958,6,12,10.334698677062988
1958,7,12,10.342506408691406
1958,8,12,10.5258150100708
1958,9,12,10.671967506408691
1958,10,12,10.670921325683594
1958,11,12,10.974297523498535
1958,12,12,11.085461616516113
1959,1,3,12.40141487121582
1959,2,3,12.619569778442383
1959,3,3,12.682008743286133
1959,4,3,12.886337280273438
1959,5,3,13.008885383605957
1959,6,3,13.124269485473633
1959,7,3,13.29018497467041
1959,8,3,13.380908012390137
1959,9,3,13.529470443725586
1959,10,3,13.704352378845215
1959,11,3,13.75592041015625
1959,12,3,13.71829605102539
1960,1,11,11.486592292785645
1960,2,11,12.208641052246094
1960,3,11,10.611220359802246
1960,4,11,10.979645729064941
1960,5,11,10.908747673034668
1960,6,11,11.080832481384277
1960,7,11,11.257451057434082
1960,8,11,11.277030944824219
1960,9,11,11.320155143737793
1960,10,11,11.266045570373535
1960,11,11,11.437427520751953
1960,12,11,11.399490356445312
1961,1,10,12.758000373840332
1961,2,10,14.592757225036621
1961,3,10,12.980219841003418
1961,4,10,12.910144805908203
1961,5,10,12.918787956237793
1961,6,10,13.098413467407227
1961,7,10,13.200905799865723
1961,8,10,13.235872268676758
1961,9,10,13.30109691619873
1961,10,10,13.321802139282227
1961,11,10,13.180910110473633
1961,12,10,13.583333015441895
1962,1,6,14.591547012329102
1962,2,6,14.862639427185059
1962,3,6,14.645942687988281
1962,4,6,0.0
1962,5,6,14.615697860717773
1962,6,6,14.681876182556152
1962,7,6,15.543999671936035
1962,8,6,15.225838661193848
1962,9,6,15.257055282592773
1962,10,6,15.169136047363281
1962,11,6,15.166393280029297
1962,12,6,15.18314266204834
1963,1,6,10.360147476196289
1963,2,6,10.459175109863281
1963,3,6,10.492349624633789
1963,4,6,10.493409156799316
1963,5,6,10.493193626403809
1963,6,6,10.370826721191406
1963,7,6,10.664938926696777
1963,8,6,10.754398345947266
1963,9,6,10.69395923614502
1963,10,6,10.585444450378418
1963,11,6,10.343452453613281
1963,12,6,10.06118106842041
1964,1,5,11.34131145477295
1964,2,5,11.289569854736328
1964,3,5,11.277477264404297
1964,4,5,11.404107093811035
1964,5,5,11.499543190002441
1964,6,5,11.246908187866211
1964,7,5,11.368513107299805
1964,8,5,11.391440391540527
1964,9,5,11.325217247009277
1964,10,5,11.2581205368042
1964,11,5,11.984227180480957
1964,12,5,12.000432014465332
1965,1,4,15.015084266662598
1965,2,4,15.0903902053833
1965,3,4,15.165916442871094
1965,4,4,15.27597427368164
1965,5,4,15.413150787353516
1965,6,4,15.493834495544434
1965,7,4,15.521113395690918
1965,8,4,15.535330772399902
1965,9,4,15.809013366699219
1965,10,4,15.517398834228516
1965,11,4,15.690051078796387
1965,12,4,15.701776504516602
1966,1,11,13.100607872009277
1966,2,11,13.465452194213867
1966,3,11,13.425477981567383
1966,4,11,10.518882751464844
1966,5,11,13.415916442871094
1966,6,11,13.44682788848877
1966,7,11,13.617959022521973
1966,8,11,13.743508338928223
1966,9,11,13.737629890441895
1966,10,11,13.817790985107422
1966,11,11,13.896954536437988
1966,12,11,13.98981761932373
1967,1,12,11.548810005187988
1967,2,12,11.002276420593262
1967,3,12,10.896305084228516
1967,4,12,11.921412467956543
1967,5,12,10.541549682617188
1967,6,12,11.304056167602539
1967,7,12,11.245635986328125
1967,8,12,11.4623384475708
1967,9,12,11.33831787109375
1967,10,12,10.568421363830566
1967,11,12,10.70231819152832
1967,12,12,11.598403930664062
1968,1,12,10.869297981262207
1968,2,12,11.202277183532715
1968,3,12,11.355588912963867
1968,4,12,10.895681381225586
1968,5,12,11.05987548828125
1968,6,12,11.17402458190918
1968,7,12,11.827313423156738
1968,8,12,12.036394119262695
1968,9,12,12.124524116516113
1968,10,12,11.030695915222168
1968,11,12,11.777947425842285
1968,12,12,0.0
1969,1,12,12.007010459899902
1969,2,12,12.269537925720215
1969,3,12,12.18336296081543
1969,4,12,12.058683395385742
1969,5,12,12.118765830993652
1969,6,12,12.22099781036377
1969,7,12,12.22081470489502
1969,8,12,12.386187553405762
1969,9,12,12.686385154724121
1969,10,12,12.68051815032959
1969,11,12,0.0
1969,12,12,12.58095645904541
1970,1,5,16.429271697998047
1970,2,5,16.412696838378906
1970,3,5,16.498245239257812
1970,4,5,16.569486618041992
1970,5,5,16.617624282836914
1970,6,5,16.66988754272461
1970,7,5,16.755861282348633
1970,8,5,16.827482223510742
1970,9,5,16.86719512939453
1970,10,5,16.925321578979492
1970,11,5,17.024015426635742
1970,12,5,17.223491668701172
1971,1,10,11.556337356567383
1971,2,10,11.037306785583496
1971,3,10,10.869447708129883
1971,4,10,11.01805305480957
1971,5,10,11.003327369689941
1971,6,10,11.015764236450195
1971,7,10,11.32644271850586
1971,8,10,11.377093315124512
1971,9,10,11.383373260498047
1971,10,10,11.280230522155762
1971,11,10,11.382979393005371
1971,12,10,11.337491989135742
1972,1,11,12.244882583618164
1972,2,11,12.233887672424316
1972,3,11,12.274374008178711
1972,4,11,12.260571479797363
1972,5,11,12.217354774475098
1972,6,11,12.22680377960205
1972,7,11,12.292893409729004
1972,8,11,12.316186904907227
1972,9,11,12.271970748901367
1972,10,11,12.342609405517578
1972,11,11,12.45152473449707
1972,12,11,12.865737915039062
1973,1,3,12.843561172485352
1973,2,3,12.799568176269531
1973,3,3,12.904104232788086
1973,4,3,12.991534233093262
1973,5,3,13.061205863952637
1973,6,3,13.629383087158203
1973,7,3,14.0128173828125
1973,8,3,14.17175579071045
1973,9,3,14.237689018249512
1973,10,3,14.184670448303223
1973,11,3,14.253063201904297
1973,12,3,14.268091201782227
1974,1,12,15.838947296142578
1974,2,12,15.919300079345703
1974,3,12,15.955469131469727
1974,4,12,16.118167877197266
1974,5,12,16.064083099365234
1974,6,12,16.15884780883789
1974,7,12,16.288101196289062
1974,8,12,16.405658721923828
1974,9,12,16.479751586914062
1974,10,12,16.509321212768555
1974,11,12,16.66733741760254
1974,12,12,16.856075286865234
1975,1,11,13.8090181350708
1975,2,11,13.860374450683594
1975,3,11,13.811081886291504
1975,4,11,13.733184814453125
1975,5,11,13.477840423583984
1975,6,11,13.327110290527344
1975,7,11,13.585351943969727
1975,8,11,13.66845989227295
1975,9,11,13.671083450317383
1975,10,11,14.069887161254883
1975,11,11,14.092936515808105
1975,12,11,13.988327026367188
1976,1,7,12.479936599731445
1976,2,7,12.452850341796875
1976,3,7,12.590437889099121
1976,4,7,12.539981842041016
1976,5,7,12.746095657348633
1976,6,7,12.607346534729004
1976,7,7,12.662823677062988
1976,8,7,13.3383207321167
1976,9,7,13.411802291870117
1976,10,7,13.410530090332031
1976,11,7,13.39588737487793
1976,12,7,13.35090446472168
1977,1,6,10.024248123168945
1977,2,6,10.403275489807129
1977,3,6,10.407390594482422
1977,4,6,10.464102745056152
1977,5,6,10.54558277130127
1977,6,6,10.262491226196289
1977,7,6,10.960297584533691
1977,8,6,11.144376754760742
1977,9,6,11.342166900634766
1977,10,6,11.295514106750488
1977,11,6,11.303547859191895
1977,12,6,11.223417282104492
1978,1,11,13.067755699157715
1978,2,11,13.197062492370605
1978,3,11,13.214035034179688
1978,4,11,14.09781551361084
1978,5,11,14.117940902709961
1978,6,11,14.053621292114258
1978,7,11,14.23890495300293
1978,8,11,14.271172523498535
1978,9,11,14.326032638549805
1978,10,11,14.362394332885742
1978,11,11,14.393332481384277
1978,12,11,14.44678783416748
1979,1,2,10.837440490722656
1979,2,2,10.648703575134277
1979,3,2,10.732518196105957
1979,4,2,11.1187105178833
1979,5,2,11.172659873962402
1979,6,2,11.208258628845215
1979,7,2,11.247187614440918
1979,8,2,11.234222412109375
1979,9,2,11.317988395690918
1979,10,2,11.447371482849121
1979,11,2,11.246291160583496
1979,12,2,11.415287017822266
1980,1,10,10.652255058288574
1980,2,10,10.600380897521973
1980,3,10,10.533671379089355
1980,4,10,10.520968437194824
1980,5,10,10.560311317443848
1980,6,10,10.581440925598145
1980,7,10,11.375125885009766
1980,8,10,11.55909252166748
1980,9,10,11.536724090576172
1980,10,10,11.581340789794922
1980,11,10,11.839559555053711
1980,12,10,11.818188667297363
1981,1,10,12.706332206726074
1981,2,10,12.889756202697754
1981,3,10,12.839717864990234
1981,4,10,12.919586181640625
1981,5,10,12.962380409240723
1981,6,10,12.965144157409668
1981,7,10,12.940999984741211
1981,8,10,12.927824020385742
1981,9,10,12.92840576171875
1981,10,10,13.279531478881836
1981,11,10,13.429201126098633
1981,12,10,13.693912506103516
1982,1,11,9.345832824707031
1982,2,11,9.526225090026855
1982,3,11,9.095874786376953
1982,4,11,9.36376953125
1982,5,11,9.386823654174805
1982,6,11,9.283709526062012
1982,7,11,8.852426528930664
1982,8,11,8.757094383239746
1982,9,11,8.833578109741211
1982,10,11,9.660172462463379
1982,11,11,9.383801460266113
1982,12,11,9.832839965820312
1983,1,11,12.229663848876953
1983,2,11,12.507259368896484
1983,3,11,12.67935848236084
1983,4,11,12.764190673828125
1983,5,11,12.743110656738281
1983,6,11,12.657493591308594
1983,7,11,13.133790016174316
1983,8,11,13.452194213867188
1983,9,11,13.474139213562012
1983,10,11,13.379660606384277
1983,11,11,13.528679847717285
1983,12,11,13.448025703430176
1984,1,11,11.074016571044922
1984,2,11,11.621733665466309
1984,3,11,11.587456703186035
1984,4,11,11.545483589172363
1984,5,11,11.419183731079102
1984,6,11,11.680183410644531
1984,7,11,12.045960426330566
1984,8,11,12.151482582092285
1984,9,11,13.493881225585938
1984,10,11,12.095206260681152
1984,11,11,12.164233207702637
1984,12,11,12.139899253845215
1985,1,2,13.004033088684082
1985,2,2,12.342007637023926
1985,3,2,13.002760887145996
1985,4,2,12.988326072692871
1985,5,2,12.959528923034668
1985,6,2,12.72691535949707
1985,7,2,13.165502548217773
1985,8,2,12.67678451538086
1985,9,2,12.719206809997559
1985,10,2,13.296107292175293
1985,11,2,12.857938766479492
1985,12,2,13.562682151794434
1986,1,10,9.639124870300293
1986,2,10,9.249565124511719
1986,3,10,9.536735534667969
1986,4,10,9.786685943603516
1986,5,10,9.613619804382324
1986,6,10,9.74178409576416
1986,7,10,11.810376167297363
1986,8,10,10.18481731414795
1986,9,10,8.043828010559082
1986,10,10,10.109155654907227
1986,11,10,10.975686073303223
1986,12,10,10.928675651550293
1987,1,6,8.738901138305664
1987,2,6,9.41778564453125
1987,3,6,9.227331161499023
1987,4,6,9.422470092773438
1987,5,6,9.744001388549805
1987,6,6,9.858792304992676
1987,7,6,9.726831436157227
1987,8,6,9.671781539916992
1987,9,6,9.673377990722656
1987,10,6,9.620805740356445
1987,11,6,9.791261672973633
1987,12,6,9.677809715270996
1988,1,4,12.653153419494629
1988,2,4,12.707873344421387
1988,3,4,13.49631118774414
1988,4,4,13.454919815063477
1988,5,4,13.659140586853027
1988,6,4,13.555597305297852
1988,7,4,13.681375503540039
1988,8,4,13.69782543182373
1988,9,4,13.689970970153809
1988,10,4,13.40269660949707
1988,11,4,13.899784088134766
1988,12,4,13.65030288696289
1989,1,3,11.268789291381836
1989,2,3,11.660348892211914
1989,3,3,11.576518058776855
1989,4,3,11.395941734313965
1989,5,3,11.18820858001709
1989,6,3,11.837504386901855
1989,7,3,12.040781021118164
1989,8,3,12.004302978515625
1989,9,3,13.278599739074707
1989,10,3,11.804794311523438
1989,11,3,11.71319580078125
1989,12,3,11.867526054382324
1990,1,11,11.416816711425781
1990,2,11,11.429367065429688
1990,3,11,11.723461151123047
1990,4,11,11.862619400024414
1990,5,11,11.791522979736328
1990,6,11,11.651275634765625
1990,7,11,11.685811042785645
1990,8,11,12.259954452514648
1990,9,11,12.354355812072754
1990,10,11,12.458621978759766
1990,11,11,12.675929069519043
1990,12,11,12.856278419494629
1991,1,9,12.151542663574219
1991,2,9,12.121992111206055
1991,3,9,12.058229446411133
1991,4,9,12.125558853149414
1991,5,9,12.195302963256836
1991,6,9,12.2320556640625
1991,7,9,12.408767700195312
1991,8,9,12.662821769714355
1991,9,9,12.622025489807129
1991,10,9,12.759369850158691
1991,11,9,13.157523155212402
1991,12,9,13.256620407104492
1992,1,9,10.729361534118652
1992,2,9,10.6842041015625
1992,3,9,10.69521427154541
1992,4,9,10.845826148986816
1992,5,9,10.805337905883789
1992,6,9,10.765439987182617
1992,7,9,10.899333000183105
1992,8,9,11.108588218688965
1992,9,9,10.949787139892578
1992,10,9,11.025840759277344
1992,11,9,11.129522323608398
1992,12,9,11.237324714660645
1993,1,8,11.924549102783203
1993,2,8,12.006904602050781
1993,3,8,11.99354362487793
1993,4,8,14.56879711151123
1993,5,8,11.997891426086426
1993,6,8,11.968337059020996
1993,7,8,12.428628921508789
1993,8,8,12.395139694213867
1993,9,8,12.558778762817383
1993,10,8,12.217025756835938
1993,11,8,12.270278930664062
1993,12,8,12.312726020812988
1994,1,10,10.560812950134277
1994,2,10,10.615471839904785
1994,3,10,10.586774826049805
1994,4,10,10.662233352661133
1994,5,10,10.58532428741455
1994,6,10,10.497369766235352
1994,7,10,11.677067756652832
1994,8,10,11.676945686340332
1994,9,10,11.785734176635742
1994,10,10,12.130768775939941
1994,11,10,12.107362747192383
1994,12,10,12.001713752746582
1995,1,6,15.157464981079102
1995,2,6,15.217673301696777
1995,3,6,15.247293472290039
1995,4,6,15.32992935180664
1995,5,6,15.3829345703125
1995,6,6,15.499397277832031
1995,7,6,15.526238441467285
1995,8,6,15.662725448608398
1995,9,6,15.733613014221191
1995,10,6,15.793487548828125
1995,11,6,15.839367866516113
1995,12,6,15.854595184326172
1996,1,10,10.57396125793457
1996,2,10,10.730345726013184
1996,3,10,10.859977722167969
1996,4,10,10.642478942871094
1996,5,10,10.459646224975586
1996,6,10,10.511439323425293
1996,7,10,10.512909889221191
1996,8,10,10.737434387207031
1996,9,10,11.252595901489258
1996,10,10,10.684520721435547
1996,11,10,10.851948738098145
1996,12,10,11.196130752563477
1997,1,2,11.698208808898926
1997,2,2,11.65832233428955
1997,3,2,12.006292343139648
1997,4,2,12.169816970825195
1997,5,2,12.158719062805176
1997,6,2,12.221834182739258
1997,7,2,12.068429946899414
1997,8,2,11.940388679504395
1997,9,2,11.880195617675781
1997,10,2,11.871563911437988
1997,11,2,12.179120063781738
1997,12,2,12.123824119567871
1998,1,12,10.376113891601562
1998,2,12,11.188741683959961
1998,3,12,11.16331672668457
1998,4,12,11.068642616271973
1998,5,12,10.963350296020508
1998,6,12,11.00580883026123
1998,7,12,11.062005996704102
1998,8,12,11.218976020812988
1998,9,12,11.191137313842773
1998,10,12,11.05189323425293
1998,11,12,11.412117958068848
1998,12,12,11.391256332397461
1999,1,9,10.365846633911133
1999,2,9,10.02558708190918
1999,3,9,9.657161712646484
1999,4,9,9.409770965576172
1999,5,9,10.442851066589355
1999,6,9,11.019822120666504
1999,7,9,9.583370208740234
1999,8,9,10.0643892288208
1999,9,9,10.170616149902344
1999,10,9,10.375856399536133
1999,11,9,10.279714584350586
1999,12,9,10.354216575622559
2000,1,10,11.248001098632812
2000,2,10,10.406476020812988
2000,3,10,10.122936248779297
2000,4,10,10.54458236694336
2000,5,10,11.27195930480957
2000,6,10,11.33258056640625
2000,7,10,11.471686363220215
2000,8,10,11.35947322845459
2000,9,10,10.907157897949219
2000,10,10,11.136868476867676
2000,11,10,11.558598518371582
2000,12,10,11.537948608398438
2001,1,3,13.478682518005371
2001,2,3,13.791902542114258
2001,3,3,13.887481689453125
2001,4,3,14.592952728271484
2001,5,3,14.63474178314209
2001,6,3,14.643426895141602
2001,7,3,14.880359649658203
2001,8,3,14.894072532653809
2001,9,3,14.929720878601074
2001,10,3,14.841885566711426
2001,11,3,14.884958267211914
2001,12,3,14.87011432647705
2002,1,8,10.305164337158203
2002,2,8,10.92176342010498
2002,3,8,10.772055625915527
2002,4,8,10.79789924621582
2002,5,8,10.91701889038086
2002,6,8,10.959630966186523
2002,7,8,11.192481994628906
2002,8,8,11.709035873413086
2002,9,8,12.201529502868652
2002,10,8,11.668814659118652
2002,11,8,11.718079566955566
2002,12,8,11.770030975341797
2003,1,11,16.119300842285156
2003,2,11,16.103992462158203
2003,3,11,16.195228576660156
2003,4,11,16.309688568115234
2003,5,11,16.320066452026367
2003,6,11,16.409730911254883
2003,7,11,16.542320251464844
2003,8,11,16.558822631835938
2003,9,11,16.64604377746582
2003,10,11,16.59233856201172
2003,11,11,16.513660430908203
2003,12,11,16.66708755493164
2004,1,6,10.049609184265137
2004,2,6,10.506710052490234
2004,3,6,10.086874961853027
2004,4,6,9.609840393066406
2004,5,6,10.018265724182129
2004,6,6,10.185561180114746
2004,7,6,10.970422744750977
2004,8,6,10.565444946289062
2004,9,6,10.482126235961914
2004,10,6,10.904332160949707
2004,11,6,10.70783805847168
2004,12,6,11.165775299072266
2005,1,12,13.91496467590332
2005,2,12,13.79162311553955
2005,3,12,13.653741836547852
2005,4,12,14.058399200439453
2005,5,12,13.609030723571777
2005,6,12,13.509398460388184
2005,7,12,13.937833786010742
2005,8,12,13.80510139465332
2005,9,12,13.80234146118164
2005,10,12,13.804402351379395
2005,11,12,13.871269226074219
2005,12,12,13.651837348937988
2006,1,7,10.29723072052002
2006,2,7,9.770784378051758
2006,3,7,9.862421989440918
2006,4,7,9.765501022338867
2006,5,7,9.613455772399902
2006,6,7,9.515118598937988
2006,7,7,10.04718017578125
2006,8,7,10.578770637512207
2006,9,7,11.000344276428223
2006,10,7,10.59203052520752
2006,11,7,10.705676078796387
2006,12,7,10.691596031188965
2007,1,2,11.704400062561035
2007,2,2,11.812057495117188
2007,3,2,11.706086158752441
2007,4,2,11.669793128967285
2007,5,2,11.925503730773926
2007,6,2,11.954119682312012
2007,7,2,11.908918380737305
2007,8,2,11.912630081176758
2007,9,2,11.83764934539795
2007,10,2,11.874870300292969
2007,11,2,11.905991554260254
2007,12,2,11.969747543334961
2008,1,9,10.015122413635254
2008,2,9,9.999199867248535
2008,3,9,9.84000015258789
2008,4,9,9.840750694274902
2008,5,9,10.511133193969727
2008,6,9,10.371003150939941
2008,7,9,10.369206428527832
2008,8,9,10.738207817077637
2008,9,9,10.929332733154297
2008,10,9,10.943912506103516
2008,11,9,11.053000450134277
2008,12,9,10.98732852935791
2009,1,8,12.71350383758545
2009,2,8,12.813837051391602
2009,3,8,12.883395195007324
2009,4,8,12.93846607208252
2009,5,8,12.988128662109375
2009,6,8,13.114764213562012
2009,7,8,13.238797187805176
2009,8,8,13.28141975402832
2009,9,8,13.39239501953125
2009,10,8,13.335858345031738
2009,11,8,13.393884658813477
2009,12,8,13.360567092895508
2010,1,12,11.448248863220215
2010,2,12,11.539396286010742
2010,3,12,11.569920539855957
2010,4,12,11.815885543823242
2010,5,12,11.848581314086914
2010,6,12,11.929173469543457
2010,7,12,12.042486190795898
2010,8,12,11.882891654968262
2010,9,12,12.134469032287598
2010,10,12,11.934215545654297
2010,11,12,11.840531349182129
2010,12,12,11.757973670959473
2011,1,11,11.370668411254883
2011,2,11,11.455246925354004
2011,3,11,11.51596736907959
2011,4,11,11.558656692504883
2011,5,11,11.59430980682373
2011,6,11,11.604170799255371
2011,7,11,11.841239929199219
2011,8,11,11.876616477966309
2011,9,11,11.982684135437012
2011,10,11,11.963139533996582
2011,11,11,11.960286140441895
2011,12,11,12.078134536743164
2012,1,8,11.143613815307617
2012,2,8,10.667099952697754
2012,3,8,10.159708023071289
2012,4,8,10.217979431152344
2012,5,8,10.16775131225586
2012,6,8,10.209261894226074
2012,7,8,10.352999687194824
2012,8,8,10.431656837463379
2012,9,8,10.898054122924805
2012,10,8,10.673736572265625
2012,11,8,10.497221946716309
2012,12,8,10.443441390991211
2013,1,11,12.042771339416504
2013,2,11,12.145401954650879
2013,3,11,11.877364158630371
2013,4,11,12.123603820800781
2013,5,11,12.163162231445312
2013,6,11,12.22877311706543
2013,7,11,12.164318084716797
2013,8,11,12.26060962677002
2013,9,11,12.333674430847168
2013,10,11,12.329992294311523
2013,11,11,12.46263313293457
2013,12,11,12.42483139038086
2014,1,12,13.119609832763672
2014,2,12,13.261582374572754
2014,3,12,13.111286163330078
2014,4,12,13.189336776733398
2014,5,12,13.222612380981445
2014,6,12,13.283079147338867
2014,7,12,13.382454872131348
2014,8,12,13.602065086364746
2014,9,12,14.012907028198242
2014,10,12,14.046943664550781
2014,11,12,14.212750434875488
2014,12,12,14.7266263961792
2015,1,11,10.882219314575195
2015,2,11,10.831602096557617
2015,3,11,10.787487983703613
2015,4,11,10.876602172851562
2015,5,11,10.921177864074707
2015,6,11,11.185429573059082
2015,7,11,11.160379409790039
2015,8,11,11.296377182006836
2015,9,11,11.219097137451172
2015,10,11,11.435699462890625
2015,11,11,11.084884643554688
2015,12,11,11.342438697814941
2016,1,10,13.477150917053223
2016,2,10,13.780838012695312
2016,3,10,13.82567024230957
2016,4,10,13.852226257324219
2016,5,10,13.854151725769043
2016,6,10,13.942047119140625
2016,7,10,14.066481590270996
2016,8,10,14.238151550292969
2016,9,10,14.277081489562988
2016,10,10,14.261821746826172
2016,11,10,14.273775100708008
2016,12,10,14.275912284851074
2017,1,9,11.14197826385498
2017,2,9,10.89050006866455
2017,3,9,10.515424728393555
2017,4,9,10.748557090759277
2017,5,9,10.820894241333008
2017,6,9,10.823064804077148
2017,7,9,10.914384841918945
2017,8,9,10.994770050048828
2017,9,9,11.05119514465332
2017,10,9,11.246572494506836
2017,11,9,11.055257797241211
2017,12,9,10.980010032653809
2018,1,12,12.622586250305176
2018,2,12,12.741769790649414
2018,3,12,12.77460765838623
2018,4,12,12.193050384521484
2018,5,12,12.109246253967285
2018,6,12,12.319412231445312
2018,7,12,12.50068187713623
2018,8,12,12.441581726074219
2018,9,12,12.526092529296875
2018,10,12,12.488447189331055
2018,11,12,12.638775825500488
2018,12,12,12.60431957244873
2019,1,2,12.437485694885254
2019,2,2,12.441741943359375
2019,3,2,12.72085952758789
2019,4,2,12.714400291442871
2019,5,2,12.74644947052002
2019,6,2,12.750536918640137
2019,7,2,12.90805721282959
2019,8,2,12.935992240905762
2019,9,2,13.000564575195312
2019,10,2,12.947660446166992
2019,11,2,13.05081558227539
2019,12,2,13.070812225341797
2020,1,11,11.691102981567383
2020,2,11,11.759610176086426
2020,3,11,11.799598693847656
2020,4,11,11.918224334716797
2020,5,11,11.782808303833008
2020,6,11,11.851851463317871
2020,7,11,12.012317657470703
2020,8,11,12.529266357421875
2020,9,11,12.598875999450684
2020,10,11,12.62564468383789
2020,11,11,12.680244445800781
2020,12,11,12.711584091186523
2021,1,11,11.847046852111816
2021,2,11,11.817209243774414
2021,3,11,12.1489839553833
2021,4,11,10.135297775268555
2021,5,11,11.757004737854004
2021,6,11,11.892248153686523
2021,7,11,11.99242877960205
2021,8,11,11.873598098754883
2021,9,11,11.965615272521973
2021,10,11,12.050860404968262
2021,11,11,11.949994087219238
2021,12,11,12.13002872467041
2022,1,3,11.645462989807129
2022,2,3,11.890935897827148
2022,3,3,12.053187370300293
2022,4,3,12.519500732421875
2022,5,3,12.609091758728027
2022,6,3,12.476012229919434
2022,7,3,12.284778594970703
2022,8,3,12.45041561126709
2022,9,3,12.507939338684082
2022,10,3,12.413463592529297
2022,11,3,12.130927085876465
2022,12,3,12.411603927612305
2023,1,11,11.640405654907227
2023,2,11,11.351995468139648
2023,3,11,11.327960014343262
2023,4,11,10.551410675048828
2023,5,11,10.819306373596191
2023,6,11,11.2091703414917
2023,7,11,11.23076057434082
2023,8,11,11.131010055541992
2023,9,11,11.400026321411133
2023,10,11,11.251472473144531
2023,11,11,12.281712532043457
2023,12,11,12.402645111083984
2024,1,8,14.0921630859375
2024,2,8,14.05146312713623
2024,3,8,14.03920841217041
2024,4,8,14.028556823730469
2024,5,8,14.061554908752441
2024,6,8,14.113152503967285
2024,7,8,14.213427543640137
2024,8,8,14.373745918273926
2024,9,8,14.64295482635498
2024,10,8,14.613344192504883
2024,11,8,14.789143562316895
2024,12,8,14.750687599182129
2025,1,12,13.468450546264648
2025,2,12,13.442583084106445
2025,3,12,13.705074310302734
2025,4,12,13.58017635345459
2025,5,12,13.592490196228027
2025,6,12,13.76546573638916
2025,7,12,13.839024543762207
2025,8,12,13.96200942993164
2025,9,12,14.025511741638184
2025,10,12,14.02966022491455
2025,11,12,14.076250076293945
2025,12,12,14.261826515197754
2026,1,11,9.835505485534668
2026,2,11,9.522911071777344
2026,3,11,9.788162231445312
2026,4,11,9.821338653564453
2026,5,11,9.757758140563965
2026,6,11,9.79682445526123
2026,7,11,9.797009468078613
2026,8,11,9.919666290283203
2026,9,11,9.834896087646484
2026,10,11,11.635855674743652
2026,11,11,9.958694458007812
2026,12,11,10.078886985778809
2027,1,12,11.547294616699219
2027,2,12,12.310836791992188
2027,3,12,9.86074161529541
2027,4,12,9.666114807128906
2027,5,12,9.495997428894043
2027,6,12,9.77956485748291
2027,7,12,10.337347984313965
2027,8,12,10.343940734863281
2027,9,12,10.181268692016602
2027,10,12,10.700456619262695
2027,11,12,10.592869758605957
2027,12,12,11.6283597946167
2028,1,6,13.514403343200684
2028,2,6,13.56149673461914
2028,3,6,13.671117782592773
2028,4,6,13.798758506774902
2028,5,6,13.670546531677246
2028,6,6,13.752406120300293
2028,7,6,14.175558090209961
2028,8,6,14.037337303161621
2028,9,6,14.239298820495605
2028,10,6,14.319207191467285
2028,11,6,14.582175254821777
2028,12,6,14.69745922088623
2029,1,6,11.18962574005127
2029,2,6,11.316941261291504
2029,3,6,11.247697830200195
2029,4,6,11.304040908813477
2029,5,6,11.483787536621094
2029,6,6,11.445035934448242
2029,7,6,11.678759574890137
2029,8,6,11.639275550842285
2029,9,6,11.667925834655762
2029,10,6,11.377546310424805
2029,11,6,11.460036277770996
2029,12,6,11.427714347839355
2030,1,11,11.502889633178711
2030,2,11,11.467324256896973
2030,3,11,11.582866668701172
2030,4,11,11.780534744262695
2030,5,11,11.617103576660156
2030,6,11,11.570481300354004
2030,7,11,11.679009437561035
2030,8,11,11.619790077209473
2030,9,11,11.76716136932373
2030,10,11,11.84108829498291
2030,11,11,11.847079277038574
2030,12,11,11.911330223083496
2031,1,11,12.65705680847168
2031,2,11,12.676148414611816
2031,3,11,12.68457317352295
2031,4,11,12.745058059692383
2031,5,11,12.760566711425781
2031,6,11,12.80413818359375
2031,7,11,12.807108879089355
2031,8,11,12.808294296264648
2031,9,11,12.83835220336914
2031,10,11,12.88579273223877
2031,11,11,12.959433555603027
2031,12,11,12.945547103881836
2032,1,6,12.43991470336914
2032,2,6,12.549796104431152
2032,3,6,12.635725975036621
2032,4,6,12.632423400878906
2032,5,6,12.67745304107666
2032,6,6,12.70858383178711
2032,7,6,13.208014488220215
2032,8,6,13.173539161682129
2032,9,6,13.022873878479004
2032,10,6,13.374844551086426
2032,11,6,13.355213165283203
2032,12,6,13.48976993560791
2033,1,5,12.073541641235352
2033,2,5,11.987573623657227
2033,3,5,11.954952239990234
2033,4,5,12.140443801879883
2033,5,5,12.146380424499512
2033,6,5,12.542478561401367
2033,7,5,12.127374649047852
2033,8,5,12.872172355651855
2033,9,5,12.705538749694824
2033,10,5,12.282212257385254
2033,11,5,13.110956192016602
2033,12,5,12.908754348754883
2034,1,7,8.306265830993652
2034,2,7,7.988401412963867
2034,3,7,8.032691955566406
2034,4,7,8.493072509765625
2034,5,7,9.33480453491211
2034,6,7,9.528665542602539
2034,7,7,9.917600631713867
2034,8,7,8.75876235961914
2034,9,7,9.785528182983398
2034,10,7,10.307068824768066
2034,11,7,10.489058494567871
2034,12,7,10.562410354614258
2035,1,2,12.171368598937988
2035,2,2,12.315469741821289
2035,3,2,12.872834205627441
2035,4,2,12.663044929504395
2035,5,2,12.696379661560059
2035,6,2,12.771594047546387
2035,7,2,12.8704833984375
2035,8,2,12.910713195800781
2035,9,2,12.863667488098145
2035,10,2,13.566405296325684
2035,11,2,13.095508575439453
2035,12,2,13.359753608703613
2036,1,11,10.632742881774902
2036,2,11,10.569316864013672
2036,3,11,11.293905258178711
2036,4,11,11.06175422668457
2036,5,11,11.187836647033691
2036,6,11,11.436544418334961
2036,7,11,12.127617835998535
2036,8,11,12.24850845336914
2036,9,11,12.299115180969238
2036,10,11,11.94848918914795
2036,11,11,12.336146354675293
2036,12,11,12.310174942016602
2037,1,12,11.533437728881836
2037,2,12,11.890617370605469
2037,3,12,11.678657531738281
2037,4,12,11.97541618347168
2037,5,12,11.989109992980957
2037,6,12,12.098400115966797
2037,7,12,12.326608657836914
2037,8,12,12.349161148071289
2037,9,12,12.38131046295166
2037,10,12,12.653586387634277
2037,11,12,12.299891471862793
2037,12,12,12.524924278259277
2038,1,11,17.842185974121094
2038,2,11,17.759681701660156
2038,3,11,17.858041763305664
2038,4,11,17.87483787536621
2038,5,11,17.905717849731445
2038,6,11,17.915468215942383
2038,7,11,18.05879020690918
2038,8,11,18.106937408447266
2038,9,11,18.359920501708984
2038,10,11,18.14382553100586
2038,11,11,18.417957305908203
2038,12,11,18.45046615600586
2039,1,6,11.578141212463379
2039,2,6,11.411375045776367
2039,3,6,11.610751152038574
2039,4,6,11.65383243560791
2039,5,6,11.636855125427246
2039,6,6,11.833268165588379
2039,7,6,12.227288246154785
2039,8,6,12.218985557556152
2039,9,6,12.22461223602295
2039,10,6,12.103531837463379
2039,11,6,12.212185859680176
2039,12,6,12.140539169311523
2040,1,2,12.193603515625
2040,2,2,12.180774688720703
2040,3,2,12.614391326904297
2040,4,2,12.607893943786621
2040,5,2,12.582942008972168
2040,6,2,12.57493782043457
2040,7,2,12.641079902648926
2040,8,2,12.618501663208008
2040,9,2,12.728233337402344
2040,10,2,12.673135757446289
2040,11,2,12.714239120483398
2040,12,2,12.714770317077637
2041,1,5,11.008936882019043
2041,2,5,10.932171821594238
2041,3,5,10.764477729797363
2041,4,5,10.47537899017334
2041,5,5,11.350092887878418
2041,6,5,10.86914348602295
2041,7,5,11.33897876739502
2041,8,5,11.377678871154785
2041,9,5,11.22123908996582
2041,10,5,11.691178321838379
2041,11,5,11.843951225280762
2041,12,5,12.060914039611816
2042,1,7,11.526277542114258
2042,2,7,12.690403938293457
2042,3,7,12.621092796325684
2042,4,7,12.679686546325684
2042,5,7,12.611501693725586
2042,6,7,12.554780960083008
2042,7,7,12.813529014587402
2042,8,7,12.806744575500488
2042,9,7,12.857070922851562
2042,10,7,12.765634536743164
2042,11,7,12.74884033203125
2042,12,7,12.709576606750488
2043,1,10,14.372367858886719
2043,2,10,14.405138969421387
2043,3,10,14.505648612976074
2043,4,10,14.596806526184082
2043,5,10,14.593521118164062
2043,6,10,14.728070259094238
2043,7,10,15.020054817199707
2043,8,10,15.125314712524414
2043,9,10,15.263764381408691
2043,10,10,15.080437660217285
2043,11,10,15.059850692749023
2043,12,10,15.1552734375
2044,1,11,10.842721939086914
2044,2,11,10.809524536132812
2044,3,11,10.85257625579834
2044,4,11,10.89643669128418
2044,5,11,10.876158714294434
2044,6,11,10.983880996704102
2044,7,11,10.946967124938965
2044,8,11,10.986044883728027
2044,9,11,11.086527824401855
2044,10,11,11.311235427856445
2044,11,11,11.410294532775879
2044,12,11,11.539915084838867
2045,1,12,7.066405773162842
2045,2,12,9.859211921691895
2045,3,12,10.192856788635254
2045,4,12,9.319258689880371
2045,5,12,9.406011581420898
2045,6,12,9.704507827758789
2045,7,12,10.58297348022461
2045,8,12,10.594608306884766
2045,9,12,10.626225471496582
2045,10,12,10.626039505004883
2045,11,12,10.586443901062012
2045,12,12,10.691476821899414
2046,1,11,10.218902587890625
2046,2,11,10.285418510437012
2046,3,11,10.15661334991455
2046,4,11,10.135634422302246
2046,5,11,10.144165992736816
2046,6,11,10.29626178741455
2046,7,11,10.278643608093262
2046,8,11,10.252657890319824
2046,9,11,10.482102394104004
2046,10,11,10.570735931396484
2046,11,11,10.770930290222168
2046,12,11,10.813695907592773
2047,1,11,8.975200653076172
2047,2,11,9.32204818725586
2047,3,11,10.67795467376709
2047,4,11,9.470209121704102
2047,5,11,8.007862091064453
2047,6,11,8.474337577819824
2047,7,11,8.044944763183594
2047,8,11,8.057430267333984
2047,9,11,7.047177314758301
2047,10,11,8.09500503540039
2047,11,11,9.016324043273926
2047,12,11,9.594578742980957
2048,1,7,10.539238929748535
2048,2,7,10.03898811340332
2048,3,7,9.794028282165527
2048,4,7,9.804710388183594
2048,5,7,10.714217185974121
2048,6,7,10.419936180114746
2048,7,7,12.414261817932129
2048,8,7,10.677619934082031
2048,9,7,9.293082237243652
2048,10,7,11.319405555725098
2048,11,7,11.170673370361328
2048,12,7,11.04880428314209
2049,1,6,10.74714469909668
2049,2,6,10.943312644958496
2049,3,6,10.826022148132324
2049,4,6,10.697458267211914
2049,5,6,11.14136028289795
2049,6,6,9.110588073730469
2049,7,6,10.691661834716797
2049,8,6,11.05553913116455
2049,9,6,10.586321830749512
2049,10,6,11.040261268615723
2049,11,6,10.926026344299316
2049,12,6,11.136531829833984
2050,1,5,10.416170120239258
2050,2,5,10.383487701416016
2050,3,5,10.310977935791016
2050,4,5,10.41514778137207
2050,5,5,10.398887634277344
2050,6,5,11.720625877380371
2050,7,5,11.704050064086914
2050,8,5,11.780698776245117
2050,9,5,11.801470756530762
2050,10,5,11.920501708984375
2050,11,5,12.050216674804688
2050,12,5,11.989874839782715
2051,1,12,12.338942527770996
2051,2,12,12.403985977172852
2051,3,12,12.712747573852539
2051,4,12,12.69239616394043
2051,5,12,12.722227096557617
2051,6,12,12.857902526855469
2051,7,12,12.716339111328125
2051,8,12,12.94820499420166
2051,9,12,12.925411224365234
2051,10,12,13.209602355957031
2051,11,12,13.250237464904785
2051,12,12,13.280655860900879
2052,1,11,10.88973331451416
2052,2,11,11.013609886169434
2052,3,11,10.975791931152344
2052,4,11,11.393648147583008
2052,5,11,10.93693733215332
2052,6,11,10.957170486450195
2052,7,11,13.00388240814209
2052,8,11,11.418810844421387
2052,9,11,10.961456298828125
2052,10,11,10.711698532104492
2052,11,11,11.22469425201416
2052,12,11,11.317716598510742
2053,1,12,12.71447467803955
2053,2,12,12.545849800109863
2053,3,12,12.66068172454834
2053,4,12,12.760065078735352
2053,5,12,12.82400894165039
2053,6,12,13.090438842773438
2053,7,12,13.515524864196777
2053,8,12,13.310641288757324
2053,9,12,13.457756996154785
2053,10,12,15.00814437866211
2053,11,12,13.665559768676758
2053,12,12,14.354569435119629
2054,1,7,11.481193542480469
2054,2,7,11.553384780883789
2054,3,7,11.276537895202637
2054,4,7,11.542827606201172
2054,5,7,11.554998397827148
2054,6,7,11.105766296386719
2054,7,7,11.175378799438477
2054,8,7,11.640459060668945
2054,9,7,11.795368194580078
2054,10,7,11.897113800048828
2054,11,7,11.789210319519043
2054,12,7,11.808395385742188
2055,1,11,8.599520683288574
2055,2,11,9.113481521606445
2055,3,11,9.047050476074219
2055,4,11,9.40056324005127
2055,5,11,9.497973442077637
2055,6,11,9.574448585510254
2055,7,11,9.60641860961914
2055,8,11,9.676692962646484
2055,9,11,9.771197319030762
2055,10,11,10.327261924743652
2055,11,11,10.352477073669434
2055,12,11,9.99406623840332
2056,1,7,11.861396789550781
2056,2,7,12.64368724822998
2056,3,7,12.407483100891113
2056,4,7,12.38583755493164
2056,5,7,12.246482849121094
2056,6,7,12.463404655456543
2056,7,7,12.629645347595215
2056,8,7,12.757941246032715
2056,9,7,12.791257858276367
2056,10,7,13.156668663024902
2056,11,7,13.346724510192871
2056,12,7,13.39122200012207
2057,1,11,10.824899673461914
2057,2,11,10.851731300354004
2057,3,11,11.204756736755371
2057,4,11,11.07951831817627
2057,5,11,11.130270004272461
2057,6,11,11.212345123291016
2057,7,11,11.441353797912598
2057,8,11,11.674423217773438
2057,9,11,11.723855972290039
2057,10,11,11.659443855285645
2057,11,11,12.419574737548828
2057,12,11,12.387269020080566
2058,1,12,12.641234397888184
2058,2,12,12.366605758666992
2058,3,12,12.585701942443848
2058,4,12,12.720663070678711
2058,5,12,12.920051574707031
2058,6,12,12.245258331298828
2058,7,12,12.584748268127441
2058,8,12,12.590995788574219
2058,9,12,12.588879585266113
2058,10,12,12.605335235595703
2058,11,12,12.646106719970703
2058,12,12,12.622184753417969
2059,1,4,13.800264358520508
2059,2,4,13.710880279541016
2059,3,4,13.764880180358887
2059,4,4,14.311270713806152
2059,5,4,14.38153076171875
2059,6,4,14.424189567565918
2059,7,4,14.575326919555664
2059,8,4,14.506309509277344
2059,9,4,14.914406776428223
2059,10,4,14.754955291748047
2059,11,4,14.764429092407227
2059,12,4,14.807336807250977
2060,1,12,11.3316650390625
2060,2,12,11.26854133605957
2060,3,12,11.453668594360352
2060,4,12,11.477458953857422
2060,5,12,11.747132301330566
2060,6,12,11.691746711730957
2060,7,12,11.751819610595703
2060,8,12,11.843194007873535
2060,9,12,12.20293140411377
2060,10,12,12.870536804199219
2060,11,12,12.415360450744629
2060,12,12,12.283577919006348
2061,1,12,15.914762496948242
2061,2,12,15.944971084594727
2061,3,12,15.7501859664917
2061,4,12,8.049348831176758
2061,5,12,15.807459831237793
2061,6,12,15.638364791870117
2061,7,12,16.210153579711914
2061,8,12,16.173490524291992
2061,9,12,16.37156867980957
2061,10,12,16.292329788208008
2061,11,12,16.306838989257812
2061,12,12,16.373903274536133
2062,1,7,15.23923110961914
2062,2,7,15.144819259643555
2062,3,7,15.245616912841797
2062,4,7,15.378466606140137
2062,5,7,15.364737510681152
2062,6,7,15.423535346984863
2062,7,7,15.389303207397461
2062,8,7,15.622260093688965
2062,9,7,15.882430076599121
2062,10,7,15.817631721496582
2062,11,7,15.868278503417969
2062,12,7,15.847742080688477
2063,1,6,10.804096221923828
2063,2,6,10.798800468444824
2063,3,6,10.810113906860352
2063,4,6,11.082791328430176
2063,5,6,11.09473991394043
2063,6,6,11.02410888671875
2063,7,6,11.228880882263184
2063,8,6,11.866908073425293
2063,9,6,11.861241340637207
2063,10,6,11.793355941772461
2063,11,6,11.78064250946045
2063,12,6,11.730103492736816
2064,1,2,14.772666931152344
2064,2,2,14.802810668945312
2064,3,2,14.89042854309082
2064,4,2,14.902791976928711
2064,5,2,15.200010299682617
2064,6,2,15.439605712890625
2064,7,2,15.654324531555176
2064,8,2,15.733114242553711
2064,9,2,15.79348373413086
2064,10,2,15.831332206726074
2064,11,2,15.828048706054688
2064,12,2,15.840946197509766
2065,1,10,12.624218940734863
2065,2,10,12.444191932678223
2065,3,10,12.368736267089844
2065,4,10,12.490402221679688
2065,5,10,12.501365661621094
2065,6,10,12.652327537536621
2065,7,10,12.803720474243164
2065,8,10,13.449514389038086
2065,9,10,13.066854476928711
2065,10,10,12.868536949157715
2065,11,10,13.588469505310059
2065,12,10,13.557577133178711
2066,1,9,10.904886245727539
2066,2,9,11.15926456451416
2066,3,9,10.995224952697754
2066,4,9,11.137859344482422
2066,5,9,11.58181381225586
2066,6,9,11.357033729553223
2066,7,9,11.734721183776855
2066,8,9,11.786184310913086
2066,9,9,11.934033393859863
2066,10,9,12.267842292785645
2066,11,9,12.389354705810547
2066,12,9,12.454124450683594
2067,1,12,12.604379653930664
2067,2,12,12.630329132080078
2067,3,12,12.649036407470703
2067,4,12,12.897929191589355
2067,5,12,13.030353546142578
2067,6,12,13.031210899353027
2067,7,12,13.242748260498047
2067,8,12,13.58809757232666
2067,9,12,13.587327003479004
2067,10,12,13.63939380645752
2067,11,12,13.834945678710938
2067,12,12,13.91923713684082
2068,1,11,11.465170860290527
2068,2,11,11.441572189331055
2068,3,11,11.149099349975586
2068,4,11,10.85198974609375
2068,5,11,11.478914260864258
2068,6,11,12.37419605255127
2068,7,11,11.633849143981934
2068,8,11,11.406119346618652
2068,9,11,11.390817642211914
2068,10,11,11.229846000671387
2068,11,11,11.8631010055542
2068,12,11,11.869363784790039
2069,1,11,9.207013130187988
2069,2,11,10.313982963562012
2069,3,11,9.852656364440918
2069,4,11,10.180889129638672
2069,5,11,10.177736282348633
2069,6,11,10.377632141113281
2069,7,11,10.420002937316895
2069,8,11,10.41454792022705
2069,9,11,10.401433944702148
2069,10,11,11.228856086730957
2069,11,11,11.292874336242676
2069,12,11,11.489934921264648
2070,1,12,11.51468563079834
2070,2,12,11.480761528015137
2070,3,12,11.403918266296387
2070,4,12,11.060336112976074
2070,5,12,11.075803756713867
2070,6,12,11.182973861694336
2070,7,12,11.352254867553711
2070,8,12,11.415365219116211
2070,9,12,11.41845417022705
2070,10,12,11.265913963317871
2070,11,12,11.31045150756836
2070,12,12,11.546980857849121
2071,1,11,12.291218757629395
2071,2,11,12.406183242797852
2071,3,11,12.480649948120117
2071,4,11,12.495250701904297
2071,5,11,12.460155487060547
2071,6,11,12.514857292175293
2071,7,11,12.301486015319824
2071,8,11,12.391551971435547
2071,9,11,12.463263511657715
2071,10,11,12.503554344177246
2071,11,11,12.454987525939941
2071,12,11,12.438750267028809
2072,1,12,9.28339958190918
2072,2,12,0.0
2072,3,12,10.307296752929688
2072,4,12,9.171548843383789
2072,5,12,9.990307807922363
2072,6,12,10.16280460357666
2072,7,12,9.66604995727539
2072,8,12,10.206177711486816
2072,9,12,10.304911613464355
2072,10,12,10.214749336242676
2072,11,12,10.197662353515625
2072,12,12,10.625371932983398
2073,1,11,11.881250381469727
2073,2,11,11.937719345092773
2073,3,11,11.953895568847656
2073,4,11,11.969317436218262
2073,5,11,12.205082893371582
2073,6,11,12.211933135986328
2073,7,11,12.433002471923828
2073,8,11,12.391151428222656
2073,9,11,12.43985652923584
2073,10,11,12.439875602722168
2073,11,11,12.837381362915039
2073,12,11,13.325045585632324
2074,1,11,11.064653396606445
2074,2,11,11.150592803955078
2074,3,11,11.14891242980957
2074,4,11,11.194856643676758
2074,5,11,11.146836280822754
2074,6,11,11.231891632080078
2074,7,11,11.091811180114746
2074,8,11,11.213801383972168
2074,9,11,11.204886436462402
2074,10,11,11.46452522277832
2074,11,11,11.359198570251465
2074,12,11,11.633609771728516
2075,1,11,10.796359062194824
2075,2,11,10.582819938659668
2075,3,11,10.927630424499512
2075,4,11,10.625210762023926
2075,5,11,10.827008247375488
2075,6,11,10.79677963256836
2075,7,11,10.798513412475586
2075,8,11,10.91895866394043
2075,9,11,10.741352081298828
2075,10,11,11.376394271850586
2075,11,11,11.311105728149414
2075,12,11,11.331172943115234
2076,1,6,11.952893257141113
2076,2,6,12.126737594604492
2076,3,6,12.082372665405273
2076,4,6,12.054411888122559
2076,5,6,12.161839485168457
2076,6,6,12.47472858428955
2076,7,6,12.508230209350586
2076,8,6,12.597699165344238
2076,9,6,12.607935905456543
2076,10,6,12.669302940368652
2076,11,6,12.810866355895996
2076,12,6,12.794169425964355
2077,1,11,12.303512573242188
2077,2,11,12.296061515808105
2077,3,11,12.311667442321777
2077,4,11,12.394179344177246
2077,5,11,12.370536804199219
2077,6,11,12.421372413635254
2077,7,11,12.640625
2077,8,11,12.612808227539062
2077,9,11,12.727986335754395
2077,10,11,12.841500282287598
2077,11,11,12.623448371887207
2077,12,11,13.5182523727417
2078,1,9,13.635880470275879
2078,2,9,13.598431587219238
2078,3,9,13.582084655761719
2078,4,9,13.680465698242188
2078,5,9,13.732108116149902
2078,6,9,13.841193199157715
2078,7,9,13.865246772766113
2078,8,9,13.96937084197998
2078,9,9,14.010231971740723
2078,10,9,14.5801420211792
2078,11,9,14.659168243408203
2078,12,9,14.577132225036621
2079,1,11,12.180266380310059
2079,2,11,12.558849334716797
2079,3,11,12.807533264160156
2079,4,11,12.847868919372559
2079,5,11,12.859766006469727
2079,6,11,12.951017379760742
2079,7,11,12.98828125
2079,8,11,12.993512153625488
2079,9,11,13.078675270080566
2079,10,11,13.128933906555176
2079,11,11,13.13215160369873
2079,12,11,13.342620849609375
2080,1,10,14.334405899047852
2080,2,10,14.145559310913086
2080,3,10,14.510895729064941
2080,4,10,14.580988883972168
2080,5,10,14.605795860290527
2080,6,10,14.556604385375977
2080,7,10,14.761850357055664
2080,8,10,14.81749153137207
2080,9,10,14.855304718017578
2080,10,10,15.122776985168457
2080,11,10,15.182479858398438
2080,12,10,15.468164443969727
2081,1,11,11.02579402923584
2081,2,11,11.089948654174805
2081,3,11,11.199455261230469
2081,4,11,11.272343635559082
2081,5,11,11.36456298828125
2081,6,11,11.410219192504883
2081,7,11,11.404013633728027
2081,8,11,11.42254638671875
2081,9,11,11.578142166137695
2081,10,11,11.59065055847168
2081,11,11,11.655240058898926
2081,12,11,11.79135513305664
2082,1,11,12.089540481567383
2082,2,11,12.060781478881836
2082,3,11,12.098581314086914
2082,4,11,12.084433555603027
2082,5,11,12.060147285461426
2082,6,11,12.30709171295166
2082,7,11,12.676094055175781
2082,8,11,12.839754104614258
2082,9,11,12.752789497375488
2082,10,11,12.691153526306152
2082,11,11,13.355874061584473
2082,12,11,13.447970390319824
2083,1,2,11.502382278442383
2083,2,2,11.352842330932617
2083,3,2,11.554126739501953
2083,4,2,11.679366111755371
2083,5,2,11.485111236572266
2083,6,2,11.514342308044434
2083,7,2,11.761452674865723
2083,8,2,11.871391296386719
2083,9,2,12.011630058288574
2083,10,2,11.986608505249023
2083,11,2,11.932955741882324
2083,12,2,12.085799217224121
2084,1,2,12.110081672668457
2084,2,2,12.18911075592041
2084,3,2,12.31596851348877
2084,4,2,12.319786071777344
2084,5,2,12.316354751586914
2084,6,2,12.365944862365723
2084,7,2,12.310774803161621
2084,8,2,12.499695777893066
2084,9,2,12.605518341064453
2084,10,2,12.701103210449219
2084,11,2,13.072185516357422
2084,12,2,12.974815368652344
2085,1,12,9.139389038085938
2085,2,12,10.012740135192871
2085,3,12,9.726580619812012
2085,4,12,9.82151985168457
2085,5,12,9.86704158782959
2085,6,12,9.935647964477539
2085,7,12,10.147364616394043
2085,8,12,10.480437278747559
2085,9,12,10.519149780273438
2085,10,12,9.963150978088379
2085,11,12,9.855032920837402
2085,12,12,9.915101051330566
2086,1,2,11.399569511413574
2086,2,2,11.349544525146484
2086,3,2,11.650522232055664
2086,4,2,11.357800483703613
2086,5,2,11.938486099243164
2086,6,2,11.254042625427246
2086,7,2,11.297097206115723
2086,8,2,11.66129207611084
2086,9,2,11.454503059387207
2086,10,2,11.200536727905273
2086,11,2,11.222899436950684
2086,12,2,11.224156379699707
2087,1,9,11.815566062927246
2087,2,9,10.16964340209961
2087,3,9,10.127191543579102
2087,4,9,12.091504096984863
2087,5,9,10.181519508361816
2087,6,9,12.477059364318848
2087,7,9,10.397256851196289
2087,8,9,10.342421531677246
2087,9,9,12.390152931213379
2087,10,9,10.164628982543945
2087,11,9,10.357321739196777
2087,12,9,10.145817756652832
2088,1,2,12.974248886108398
2088,2,2,12.972282409667969
2088,3,2,13.061844825744629
2088,4,2,13.058241844177246
2088,5,2,13.081989288330078
2088,6,2,13.074200630187988
2088,7,2,13.111494064331055
2088,8,2,13.132195472717285
2088,9,2,13.241930961608887
2088,10,2,13.25498104095459
2088,11,2,11.671489715576172
2088,12,2,13.404007911682129
2089,1,5,12.688103675842285
2089,2,5,12.550954818725586
2089,3,5,12.514884948730469
2089,4,5,12.562568664550781
2089,5,5,12.556777000427246
2089,6,5,12.912120819091797
2089,7,5,12.879554748535156
2089,8,5,13.028525352478027
2089,9,5,13.35962963104248
2089,10,5,12.929340362548828
2089,11,5,12.828630447387695
2089,12,5,12.986059188842773
2090,1,8,11.230159759521484
2090,2,8,11.220662117004395
2090,3,8,11.303047180175781
2090,4,8,11.303890228271484
2090,5,8,11.322199821472168
2090,6,8,11.301207542419434
2090,7,8,11.633828163146973
2090,8,8,11.548192024230957
2090,9,8,12.1443452835083
2090,10,8,12.133489608764648
2090,11,8,12.086380004882812
2090,12,8,12.148945808410645
2091,1,11,11.114228248596191
2091,2,11,10.79877758026123
2091,3,11,10.508593559265137
2091,4,11,10.319777488708496
2091,5,11,10.10529613494873
2091,6,11,10.237078666687012
2091,7,11,11.424017906188965
2091,8,11,10.715622901916504
2091,9,11,11.236737251281738
2091,10,11,10.290305137634277
2091,11,11,0.0
2091,12,11,10.552397727966309
2092,1,7,13.23245620727539
2092,2,7,13.292510032653809
2092,3,7,13.302998542785645
2092,4,7,13.314645767211914
2092,5,7,13.330230712890625
2092,6,7,13.456789016723633
2092,7,7,13.739768028259277
2092,8,7,13.758295059204102
2092,9,7,14.237256050109863
2092,10,7,13.792070388793945
2092,11,7,13.928901672363281
2092,12,7,13.862638473510742
2093,1,11,10.262269973754883
2093,2,11,10.201131820678711
2093,3,11,10.546979904174805
2093,4,11,11.586657524108887
2093,5,11,10.787885665893555
2093,6,11,10.810993194580078
2093,7,11,10.967312812805176
2093,8,11,10.826026916503906
2093,9,11,10.91593074798584
2093,10,11,10.849672317504883
2093,11,11,10.945985794067383
2093,12,11,10.962428092956543
2094,1,12,11.113937377929688
2094,2,12,10.2977294921875
2094,3,12,11.364591598510742
2094,4,12,11.272079467773438
2094,5,12,11.25386905670166
2094,6,12,11.456243515014648
2094,7,12,11.748265266418457
2094,8,12,12.06425666809082
2094,9,12,12.15822696685791
2094,10,12,12.25802230834961
2094,11,12,12.390593528747559
2094,12,12,12.246416091918945
2095,1,2,9.915847778320312
2095,2,2,10.348669052124023
2095,3,2,10.9760103225708
2095,4,2,10.945160865783691
2095,5,2,10.660088539123535
2095,6,2,10.947200775146484
2095,7,2,11.798723220825195
2095,8,2,11.884468078613281
2095,9,2,11.328155517578125
2095,10,2,11.659128189086914
2095,11,2,11.712345123291016
2095,12,2,11.480761528015137
2096,1,12,14.124916076660156
2096,2,12,14.074085235595703
2096,3,12,14.131796836853027
2096,4,12,14.172223091125488
2096,5,12,14.143999099731445
2096,6,12,14.179841041564941
2096,7,12,14.38891887664795
2096,8,12,14.453824043273926
2096,9,12,14.516973495483398
2096,10,12,14.31236457824707
2096,11,12,14.412518501281738
2096,12,12,14.574966430664062
2097,1,11,9.895673751831055
2097,2,11,10.707279205322266
2097,3,11,11.088356018066406
2097,4,11,10.786128044128418
2097,5,11,10.867265701293945
2097,6,11,11.345596313476562
2097,7,11,11.171093940734863
2097,8,11,11.11097526550293
2097,9,11,11.117376327514648
2097,10,11,11.65064525604248
2097,11,11,11.636861801147461
2097,12,11,11.642524719238281
2098,1,11,10.587839126586914
2098,2,11,10.302218437194824
2098,3,11,10.426198959350586
2098,4,11,10.58877944946289
2098,5,11,10.238016128540039
2098,6,11,8.803339958190918
2098,7,11,10.811515808105469
2098,8,11,11.508171081542969
2098,9,11,10.55907917022705
2098,10,11,10.9367094039917
2098,11,11,10.946707725524902
2098,12,11,11.333992958068848
2099,1,7,11.72159481048584
2099,2,7,12.144768714904785
2099,3,7,12.16427993774414
2099,4,7,12.300479888916016
2099,5,7,12.337834358215332
2099,6,7,12.455326080322266
2099,7,7,12.636478424072266
2099,8,7,12.675114631652832
2099,9,7,12.825687408447266
2099,10,7,12.938106536865234
2099,11,7,12.941142082214355
2099,12,7,12.891898155212402
2100,1,12,10.649813652038574
2100,2,12,10.533447265625
2100,3,12,10.749134063720703
2100,4,12,10.682119369506836
2100,5,12,10.9678316116333
2100,6,12,10.68570613861084
2100,7,12,10.847949981689453
2100,8,12,11.2274751663208
2100,9,12,13.21444320678711
2100,10,12,11.275832176208496
2100,11,12,12.108086585998535
2100,12,12,8.710240364074707
2101,1,12,11.473541259765625
2101,2,12,11.619019508361816
2101,3,12,11.33726978302002
2101,4,12,11.628641128540039
2101,5,12,11.98544979095459
2101,6,12,12.035219192504883
2101,7,12,12.147445678710938
2101,8,12,12.221461296081543
2101,9,12,12.446675300598145
2101,10,12,12.447152137756348
2101,11,12,12.479043960571289
2101,12,12,12.64449405670166
2102,1,2,12.828639030456543
2102,2,2,12.901803970336914
2102,3,2,12.997929573059082
2102,4,2,13.001794815063477
2102,5,2,13.020424842834473
2102,6,2,13.078155517578125
2102,7,2,13.25739574432373
2102,8,2,13.288804054260254
2102,9,2,13.411016464233398
2102,10,2,13.39734172821045
2102,11,2,13.399317741394043
2102,12,2,13.417187690734863
2103,1,4,12.45897102355957
2103,2,4,12.50003719329834
2103,3,4,12.507858276367188
2103,4,4,13.099467277526855
2103,5,4,13.2338285446167
2103,6,4,12.856369972229004
2103,7,4,12.746331214904785
2103,8,4,12.862868309020996
2103,9,4,12.674555778503418
2103,10,4,13.153010368347168
2103,11,4,13.248764038085938
2103,12,4,13.11811637878418
2104,1,7,10.478264808654785
2104,2,7,10.473583221435547
2104,3,7,10.4578857421875
2104,4,7,10.673138618469238
2104,5,7,10.537023544311523
2104,6,7,10.536953926086426
2104,7,7,10.719353675842285
2104,8,7,10.985119819641113
2104,9,7,10.938369750976562
2104,10,7,11.974328994750977
2104,11,7,10.926178932189941
2104,12,7,10.875086784362793
2105,1,2,12.166914939880371
2105,2,2,12.43536376953125
2105,3,2,12.41753101348877
2105,4,2,12.407014846801758
2105,5,2,12.478653907775879
2105,6,2,12.452839851379395
2105,7,2,12.63851261138916
2105,8,2,12.697750091552734
2105,9,2,12.859466552734375
2105,10,2,12.728498458862305
2105,11,2,12.69334602355957
2105,12,2,12.692239761352539
2106,1,11,10.178916931152344
2106,2,11,9.97498607635498
2106,3,11,10.23547649383545
2106,4,11,10.986583709716797
2106,5,11,10.600768089294434
2106,6,11,10.236717224121094
2106,7,11,10.540865898132324
2106,8,11,10.451831817626953
2106,9,11,10.570258140563965
2106,10,11,10.54939079284668
2106,11,11,10.798035621643066
2106,12,11,10.787985801696777
2107,1,11,11.238165855407715
2107,2,11,11.428226470947266
2107,3,11,11.530420303344727
2107,4,11,11.325675964355469
2107,5,11,11.40113353729248
2107,6,11,11.648582458496094
2107,7,11,11.840521812438965
2107,8,11,11.88364028930664
2107,9,11,11.859328269958496
2107,10,11,11.924110412597656
2107,11,11,11.963152885437012
2107,12,11,11.78948974609375
2108,1,11,11.339494705200195
2108,2,11,11.524815559387207
2108,3,11,11.519990921020508
2108,4,11,11.571480751037598
2108,5,11,11.643131256103516
2108,6,11,12.061433792114258
2108,7,11,11.747651100158691
2108,8,11,11.848410606384277
2108,9,11,11.943442344665527
2108,10,11,12.085639953613281
2108,11,11,13.160276412963867
2108,12,11,13.17983627319336
2109,1,11,12.217025756835938
2109,2,11,12.20785140991211
2109,3,11,12.209609985351562
2109,4,11,12.256132125854492
2109,5,11,12.278440475463867
2109,6,11,12.304213523864746
2109,7,11,12.529545783996582
2109,8,11,12.595258712768555
2109,9,11,12.907312393188477
2109,10,11,12.66521167755127
2109,11,11,12.945991516113281
2109,12,11,13.231215476989746
2110,1,11,12.479936599731445
2110,2,11,12.615819931030273
2110,3,11,12.53808307647705
2110,4,11,12.467818260192871
2110,5,11,12.05911922454834
2110,6,11,12.84869384765625
2110,7,11,12.527588844299316
2110,8,11,13.06749153137207
2110,9,11,13.19036865234375
2110,10,11,13.366728782653809
2110,11,11,13.078557968139648
2110,12,11,13.041862487792969
2111,1,4,12.711416244506836
2111,2,4,12.570710182189941
2111,3,4,12.943127632141113
2111,4,4,12.744714736938477
2111,5,4,12.733495712280273
2111,6,4,12.8803129196167
2111,7,4,12.84405517578125
2111,8,4,12.881446838378906
2111,9,4,12.917000770568848
2111,10,4,12.9581937789917
2111,11,4,12.948088645935059
2111,12,4,12.977031707763672
2112,1,7,10.953858375549316
2112,2,7,11.040478706359863
2112,3,7,11.002364158630371
2112,4,7,11.00294303894043
2112,5,7,11.059698104858398
2112,6,7,11.115073204040527
2112,7,7,11.248448371887207
2112,8,7,11.423757553100586
2112,9,7,11.653568267822266
2112,10,7,11.465848922729492
2112,11,7,11.51079273223877
2112,12,7,11.655436515808105
2113,1,11,10.496126174926758
2113,2,11,9.787249565124512
2113,3,11,10.154354095458984
2113,4,11,10.233536720275879
2113,5,11,10.251765251159668
2113,6,11,10.95777702331543
2113,7,11,10.897565841674805
2113,8,11,10.872807502746582
2113,9,11,10.978796005249023
2113,10,11,11.047395706176758
2113,11,11,10.982930183410645
2113,12,11,11.077723503112793
2114,1,2,11.381481170654297
2114,2,2,11.76137924194336
2114,3,2,11.777824401855469
2114,4,2,11.763130187988281
2114,5,2,10.724808692932129
2114,6,2,10.718231201171875
2114,7,2,10.671422958374023
2114,8,2,10.74499797821045
2114,9,2,10.653142929077148
2114,10,2,10.66394329071045
2114,11,2,11.019038200378418
2114,12,2,11.5162353515625
2115,1,2,11.936307907104492
2115,2,2,12.023897171020508
2115,3,2,12.305639266967773
2115,4,2,12.3930082321167
2115,5,2,12.487473487854004
2115,6,2,12.558262825012207
2115,7,2,12.880573272705078
2115,8,2,12.942571640014648
2115,9,2,12.75728988647461
2115,10,2,13.088851928710938
2115,11,2,12.776068687438965
2115,12,2,12.935235977172852
2116,1,7,11.02415943145752
2116,2,7,11.156892776489258
2116,3,7,11.223234176635742
2116,4,7,11.210664749145508
2116,5,7,11.154413223266602
2116,6,7,11.283848762512207
2116,7,7,11.36028003692627
2116,8,7,11.351987838745117
2116,9,7,11.573405265808105
2116,10,7,11.623316764831543
2116,11,7,11.4644136428833
2116,12,7,11.433320045471191
2117,1,9,12.296880722045898
2117,2,9,12.310822486877441
2117,3,9,12.320439338684082
2117,4,9,12.245046615600586
2117,5,9,11.979538917541504
2117,6,9,12.225457191467285
2117,7,9,13.36193561553955
2117,8,9,12.19029426574707
2117,9,9,12.217974662780762
2117,10,9,12.18359661102295
2117,11,9,12.204259872436523
2117,12,9,12.386844635009766
2118,1,7,10.64165210723877
2118,2,7,10.702339172363281
2118,3,7,10.803773880004883
2118,4,7,10.9128999710083
2118,5,7,10.82541561126709
2118,6,7,11.033466339111328
2118,7,7,10.982706069946289
2118,8,7,11.200457572937012
2118,9,7,11.315974235534668
2118,10,7,11.30579948425293
2118,11,7,11.344256401062012
2118,12,7,11.312846183776855
2119,1,11,14.209678649902344
2119,2,11,14.16865062713623
2119,3,11,14.130350112915039
2119,4,11,14.230219841003418
2119,5,11,14.113021850585938
2119,6,11,14.267971992492676
2119,7,11,14.441384315490723
2119,8,11,14.573424339294434
2119,9,11,14.940238952636719
2119,10,11,14.711447715759277
2119,11,11,14.870251655578613
2119,12,11,14.970364570617676
2120,1,12,9.79609489440918
2120,2,12,10.158835411071777
2120,3,12,10.143391609191895
2120,4,12,10.13163948059082
2120,5,12,10.37798023223877
2120,6,12,10.432246208190918
2120,7,12,10.7223539352417
2120,8,12,10.892271995544434
2120,9,12,11.070452690124512
2120,10,12,11.104914665222168
2120,11,12,11.262396812438965
2120,12,12,11.289216995239258
2121,1,9,11.52778148651123
2121,2,9,11.687822341918945
2121,3,9,11.909189224243164
2121,4,9,11.959938049316406
2121,5,9,12.002584457397461
2121,6,9,11.878485679626465
2121,7,9,11.851677894592285
2121,8,9,12.156002044677734
2121,9,9,11.974067687988281
2121,10,9,12.081360816955566
2121,11,9,12.018943786621094
2121,12,9,0.0
2122,1,9,11.46949577331543
2122,2,9,11.829153060913086
2122,3,9,11.577238082885742
2122,4,9,11.673531532287598
2122,5,9,11.7227783203125
2122,6,9,11.854836463928223
2122,7,9,12.148685455322266
2122,8,9,12.216856956481934
2122,9,9,12.290986061096191
2122,10,9,12.305428504943848
2122,11,9,12.398600578308105
2122,12,9,12.528432846069336
2123,1,3,12.277544021606445
2123,2,3,12.280216217041016
2123,3,3,12.202218055725098
2123,4,3,12.321398735046387
2123,5,3,12.744247436523438
2123,6,3,12.820762634277344
2123,7,3,12.791707992553711
2123,8,3,12.830571174621582
2123,9,3,12.810418128967285
2123,10,3,12.89057445526123
2123,11,3,12.85467529296875
2123,12,3,12.945969581604004
2124,1,11,13.546191215515137
2124,2,11,13.53664779663086
2124,3,11,13.492380142211914
2124,4,11,13.57778549194336
2124,5,11,13.622472763061523
2124,6,11,13.69726848602295
2124,7,11,13.73483657836914
2124,8,11,14.033595085144043
2124,9,11,14.022208213806152
2124,10,11,13.934473037719727
2124,11,11,13.956077575683594
2124,12,11,14.287688255310059
2125,1,9,13.061534881591797
2125,2,9,13.20750617980957
2125,3,9,13.300257682800293
2125,4,9,13.206868171691895
2125,5,9,13.165938377380371
2125,6,9,13.156534194946289
2125,7,9,13.141801834106445
2125,8,9,13.193514823913574
2125,9,9,13.55699634552002
2125,10,9,13.514069557189941
2125,11,9,13.625447273254395
2125,12,9,13.59531021118164
2126,1,12,10.536888122558594
2126,2,12,10.642946243286133
2126,3,12,10.70815658569336
2126,4,12,10.713887214660645
2126,5,12,10.931497573852539
2126,6,12,11.008389472961426
2126,7,12,11.335224151611328
2126,8,12,11.255376815795898
2126,9,12,11.087160110473633
2126,10,12,11.173287391662598
2126,11,12,11.174007415771484
2126,12,12,11.098268508911133
2127,1,11,10.246819496154785
2127,2,11,9.99531078338623
2127,3,11,10.677282333374023
2127,4,11,11.263744354248047
2127,5,11,11.276705741882324
2127,6,11,11.502068519592285
2127,7,11,11.702582359313965
2127,8,11,11.74512767791748
2127,9,11,11.978260040283203
2127,10,11,11.816015243530273
2127,11,11,11.996553421020508
2127,12,11,11.832771301269531
2128,1,7,12.297506332397461
2128,2,7,12.21085262298584
2128,3,7,12.283565521240234
2128,4,7,12.804769515991211
2128,5,7,12.791933059692383
2128,6,7,12.593531608581543
2128,7,7,12.847804069519043
2128,8,7,12.830852508544922
2128,9,7,12.75851821899414
2128,10,7,12.730952262878418
2128,11,7,12.798355102539062
2128,12,7,12.923484802246094
2129,1,11,11.054043769836426
2129,2,11,10.954594612121582
2129,3,11,10.831948280334473
2129,4,11,10.854445457458496
2129,5,11,10.954413414001465
2129,6,11,11.124053955078125
2129,7,11,11.316099166870117
2129,8,11,11.277833938598633
2129,9,11,11.382430076599121
2129,10,11,11.308927536010742
2129,11,11,10.090797424316406
2129,12,11,9.72460651397705
2130,1,7,14.3509521484375
2130,2,7,14.348030090332031
2130,3,7,14.437651634216309
2130,4,7,14.454687118530273
2130,5,7,14.43394947052002
2130,6,7,14.47396183013916
2130,7,7,14.467585563659668
2130,8,7,14.533451080322266
2130,9,7,14.623357772827148
2130,10,7,14.634815216064453
2130,11,7,14.858436584472656
2130,12,7,14.812309265136719
2131,1,12,13.391273498535156
2131,2,12,13.314064979553223
2131,3,12,13.448134422302246
2131,4,12,13.457826614379883
2131,5,12,13.477242469787598
2131,6,12,13.86878490447998
2131,7,12,13.940972328186035
2131,8,12,13.967366218566895
2131,9,12,13.92068099975586
2131,10,12,14.064556121826172
2131,11,12,14.204224586486816
2131,12,12,14.21503734588623
2132,1,7,12.802309036254883
2132,2,7,12.348827362060547
2132,3,7,12.379796981811523
2132,4,7,12.813161849975586
2132,5,7,12.94178295135498
2132,6,7,13.093461990356445
2132,7,7,13.178973197937012
2132,8,7,13.262166023254395
2132,9,7,13.260564804077148
2132,10,7,13.371562004089355
2132,11,7,13.423699378967285
2132,12,7,13.429960250854492
2133,1,10,12.37955379486084
2133,2,10,12.437350273132324
2133,3,10,12.54836654663086
2133,4,10,12.628950119018555
2133,5,10,12.603604316711426
2133,6,10,12.714606285095215
2133,7,10,12.744771957397461
2133,8,10,12.860250473022461
2133,9,10,12.842729568481445
2133,10,10,13.16447925567627
2133,11,10,13.244857788085938
2133,12,10,13.641236305236816
2134,1,5,12.623891830444336
2134,2,5,12.73857307434082
2134,3,5,12.907515525817871
2134,4,5,13.119132995605469
2134,5,5,13.290255546569824
2134,6,5,13.193278312683105
2134,7,5,13.183645248413086
2134,8,5,13.288731575012207
2134,9,5,13.268311500549316
2134,10,5,13.357050895690918
2134,11,5,13.392186164855957
2134,12,5,13.418828964233398
2135,1,11,11.294559478759766
2135,2,11,11.586128234863281
2135,3,11,11.9638671875
2135,4,11,11.758050918579102
2135,5,11,11.529156684875488
2135,6,11,11.786264419555664
2135,7,11,11.852360725402832
2135,8,11,12.135465621948242
2135,9,11,11.584415435791016
2135,10,11,11.326947212219238
2135,11,11,12.327946662902832
2135,12,11,12.309821128845215
2136,1,2,15.753121376037598
2136,2,2,15.837360382080078
2136,3,2,16.09315299987793
2136,4,2,16.18391227722168
2136,5,2,16.201427459716797
2136,6,2,16.27366828918457
2136,7,2,16.604320526123047
2136,8,2,16.629852294921875
2136,9,2,16.731319427490234
2136,10,2,16.829469680786133
2136,11,2,16.945598602294922
2136,12,2,17.018150329589844
2137,1,12,11.051033020019531
2137,2,12,10.749571800231934
2137,3,12,10.863409042358398
2137,4,12,10.879189491271973
2137,5,12,10.762590408325195
2137,6,12,10.78997802734375
2137,7,12,10.850595474243164
2137,8,12,10.83576774597168
2137,9,12,10.870950698852539
2137,10,12,11.400484085083008
2137,11,12,11.827372550964355
2137,12,12,12.022541046142578
2138,1,5,11.028953552246094
2138,2,5,11.089088439941406
2138,3,5,11.016599655151367
2138,4,5,11.280084609985352
2138,5,5,11.362156867980957
2138,6,5,11.524417877197266
2138,7,5,11.531249046325684
2138,8,5,11.610219955444336
2138,9,5,11.549778938293457
2138,10,5,11.934106826782227
2138,11,5,11.666004180908203
2138,12,5,11.667950630187988
2139,1,11,11.564345359802246
2139,2,11,11.21781063079834
2139,3,11,11.054888725280762
2139,4,11,11.323373794555664
2139,5,11,11.258360862731934
2139,6,11,11.251179695129395
2139,7,11,12.035965919494629
2139,8,11,12.471633911132812
2139,9,11,12.306744575500488
2139,10,11,12.10922908782959
2139,11,11,11.732683181762695
2139,12,11,11.846213340759277
2140,1,7,10.93439769744873
2140,2,7,11.649938583374023
2140,3,7,11.430397033691406
2140,4,7,11.213997840881348
2140,5,7,11.252689361572266
2140,6,7,11.390621185302734
2140,7,7,11.829607963562012
2140,8,7,11.910603523254395
2140,9,7,11.936223030090332
2140,10,7,12.05263614654541
2140,11,7,11.927244186401367
2140,12,7,11.884032249450684
2141,1,2,12.950674057006836
2141,2,2,12.77910041809082
2141,3,2,12.780431747436523
2141,4,2,12.908783912658691
2141,5,2,12.837986946105957
2141,6,2,12.94363784790039
2141,7,2,13.33759593963623
2141,8,2,13.453180313110352
2141,9,2,13.559141159057617
2141,10,2,13.232490539550781
2141,11,2,13.37350082397461
2141,12,2,13.47304630279541
2142,1,7,15.781095504760742
2142,2,7,15.795352935791016
2142,3,7,15.799870491027832
2142,4,7,15.862873077392578
2142,5,7,15.911293983459473
2142,6,7,15.979344367980957
2142,7,7,16.316736221313477
2142,8,7,16.386056900024414
2142,9,7,16.41326332092285
2142,10,7,16.292016983032227
2142,11,7,16.875123977661133
2142,12,7,16.503747940063477
2143,1,11,14.92367172241211
2143,2,11,14.929244995117188
2143,3,11,14.935673713684082
2143,4,11,14.937032699584961
2143,5,11,14.947665214538574
2143,6,11,14.995784759521484
2143,7,11,15.00143051147461
2143,8,11,15.042534828186035
2143,9,11,15.660669326782227
2143,10,11,15.241681098937988
2143,11,11,15.794292449951172
2143,12,11,15.857958793640137
2144,1,9,9.778021812438965
2144,2,9,9.816685676574707
2144,3,9,9.938064575195312
2144,4,9,9.961024284362793
2144,5,9,9.89346694946289
2144,6,9,9.993757247924805
2144,7,9,9.999671936035156
2144,8,9,10.151652336120605
2144,9,9,10.130030632019043
2144,10,9,10.199267387390137
2144,11,9,10.313746452331543
2144,12,9,10.206982612609863
2145,1,8,11.41015338897705
2145,2,8,11.267196655273438
2145,3,8,11.609620094299316
2145,4,8,11.654633522033691
2145,5,8,11.60250473022461
2145,6,8,11.413192749023438
2145,7,8,11.36011028289795
2145,8,8,11.33740520477295
2145,9,8,11.163460731506348
2145,10,8,11.513787269592285
2145,11,8,11.116823196411133
2145,12,8,11.099348068237305
2146,1,11,11.256845474243164
2146,2,11,10.916332244873047
2146,3,11,10.876648902893066
2146,4,11,11.143749237060547
2146,5,11,10.92564582824707
2146,6,11,10.872611045837402
2146,7,11,10.920573234558105
2146,8,11,11.122669219970703
2146,9,11,11.196149826049805
2146,10,11,11.404176712036133
2146,11,11,11.43947696685791
2146,12,11,11.982481002807617
2147,1,9,10.681074142456055
2147,2,9,10.546236038208008
2147,3,9,10.471142768859863
2147,4,9,10.843010902404785
2147,5,9,10.804317474365234
2147,6,9,10.788084030151367
2147,7,9,11.280228614807129
2147,8,9,11.408894538879395
2147,9,9,11.133256912231445
2147,10,9,11.167611122131348
2147,11,9,11.269869804382324
2147,12,9,11.305001258850098
2148,1,12,10.891990661621094
2148,2,12,10.997997283935547
2148,3,12,11.04015827178955
2148,4,12,11.125019073486328
2148,5,12,11.193119049072266
2148,6,12,11.295042991638184
2148,7,12,11.725679397583008
2148,8,12,11.46810531616211
2148,9,12,11.583344459533691
2148,10,12,11.67083740234375
2148,11,12,12.554274559020996
2148,12,12,13.83553695678711
2149,1,4,11.401246070861816
2149,2,4,11.391763687133789
2149,3,4,11.433539390563965
2149,4,4,12.35490608215332
2149,5,4,11.883819580078125
2149,6,4,12.306337356567383
2149,7,4,12.483451843261719
2149,8,4,12.482232093811035
2149,9,4,12.491785049438477
2149,10,4,12.25723934173584
2149,11,4,12.300989151000977
2149,12,4,12.254328727722168
2150,1,10,12.14811897277832
2150,2,10,12.151921272277832
2150,3,10,12.122227668762207
2150,4,10,12.151900291442871
2150,5,10,12.114314079284668
2150,6,10,12.179539680480957
2150,7,10,13.066275596618652
2150,8,10,13.101491928100586
2150,9,10,13.132681846618652
2150,10,10,13.547391891479492
2150,11,10,13.641624450683594
2150,12,10,13.652193069458008
2151,1,12,12.571942329406738
2151,2,12,12.605704307556152
2151,3,12,12.659438133239746
2151,4,12,12.533230781555176
2151,5,12,12.70732307434082
2151,6,12,12.735748291015625
2151,7,12,12.940662384033203
2151,8,12,12.920595169067383
2151,9,12,12.978938102722168
2151,10,12,13.255024909973145
2151,11,12,13.412142753601074
2151,12,12,13.442919731140137
2152,1,11,10.697158813476562
2152,2,11,10.62620735168457
2152,3,11,10.70216178894043
2152,4,11,10.978062629699707
2152,5,11,10.919772148132324
2152,6,11,11.400677680969238
2152,7,11,11.026280403137207
2152,8,11,11.29863166809082
2152,9,11,11.303017616271973
2152,10,11,11.177879333496094
2152,11,11,11.232110977172852
2152,12,11,11.204208374023438
2153,1,3,11.867565155029297
2153,2,3,11.910357475280762
2153,3,3,11.779192924499512
2153,4,3,12.245400428771973
2153,5,3,12.06188678741455
2153,6,3,11.98808479309082
2153,7,3,11.937339782714844
2153,8,3,11.836380004882812
2153,9,3,11.871545791625977
2153,10,3,11.928997993469238
2153,11,3,11.945743560791016
2153,12,3,11.928630828857422
2154,1,12,10.526909828186035
2154,2,12,10.621139526367188
2154,3,12,10.561431884765625
2154,4,12,10.561378479003906
2154,5,12,10.611421585083008
2154,6,12,10.692658424377441
2154,7,12,10.660880088806152
2154,8,12,10.765034675598145
2154,9,12,10.668333053588867
2154,10,12,10.733399391174316
2154,11,12,10.498498916625977
2154,12,12,11.043882369995117
2155,1,4,11.714761734008789
2155,2,4,11.604253768920898
2155,3,4,11.46822452545166
2155,4,4,11.600839614868164
2155,5,4,11.539043426513672
2155,6,4,11.513148307800293
2155,7,4,11.190020561218262
2155,8,4,11.542521476745605
2155,9,4,11.52583122253418
2155,10,4,11.592607498168945
2155,11,4,11.578572273254395
2155,12,4,11.609360694885254
2156,1,7,11.100967407226562
2156,2,7,11.310124397277832
2156,3,7,11.334362030029297
2156,4,7,11.277912139892578
2156,5,7,11.37837028503418
2156,6,7,11.600982666015625
2156,7,7,11.684215545654297
2156,8,7,12.033507347106934
2156,9,7,12.026697158813477
2156,10,7,12.107681274414062
2156,11,7,12.294757843017578
2156,12,7,12.204686164855957
2157,1,6,14.896417617797852
2157,2,6,15.044946670532227
2157,3,6,14.98957347869873
2157,4,6,15.014065742492676
2157,5,6,15.047526359558105
2157,6,6,15.109148025512695
2157,7,6,15.131866455078125
2157,8,6,15.276426315307617
2157,9,6,15.376458168029785
2157,10,6,15.488019943237305
2157,11,6,15.638126373291016
2157,12,6,15.576663970947266
2158,1,7,11.903815269470215
2158,2,7,12.007885932922363
2158,3,7,11.790043830871582
2158,4,7,11.984477043151855
2158,5,7,11.89876651763916
2158,6,7,12.020036697387695
2158,7,7,11.866887092590332
2158,8,7,12.236034393310547
2158,9,7,12.384499549865723
2158,10,7,12.461791038513184
2158,11,7,12.46358871459961
2158,12,7,12.453380584716797
2159,1,7,11.156841278076172
2159,2,7,11.20348834991455
2159,3,7,11.274341583251953
2159,4,7,11.27462100982666
2159,5,7,11.323943138122559
2159,6,7,11.269291877746582
2159,7,7,11.266402244567871
2159,8,7,11.294837951660156
2159,9,7,11.335440635681152
2159,10,7,11.334161758422852
2159,11,7,11.623645782470703
2159,12,7,13.22061824798584
2160,1,8,9.46315860748291
2160,2,8,9.529217720031738
2160,3,8,9.548457145690918
2160,4,8,9.463662147521973
2160,5,8,9.485147476196289
2160,6,8,9.579224586486816
2160,7,8,9.481472969055176
2160,8,8,9.469160079956055
2160,9,8,9.803448677062988
2160,10,8,9.781384468078613
2160,11,8,10.570331573486328
2160,12,8,9.684874534606934
2161,1,6,12.481996536254883
2161,2,6,12.619841575622559
2161,3,6,12.768723487854004
2161,4,6,12.748309135437012
2161,5,6,12.8082914352417
2161,6,6,13.033517837524414
2161,7,6,13.093269348144531
2161,8,6,13.079864501953125
2161,9,6,13.183732986450195
2161,10,6,13.204139709472656
2161,11,6,13.272298812866211
2161,12,6,13.348304748535156
2162,1,3,10.867812156677246
2162,2,3,10.984135627746582
2162,3,3,11.338065147399902
2162,4,3,11.358489990234375
2162,5,3,0.0
2162,6,3,0.0
2162,7,3,0.0
2162,8,3,0.0
2162,9,3,11.458404541015625
2162,10,3,11.592235565185547
2162,11,3,11.766388893127441
2162,12,3,11.96079158782959
2163,1,12,14.211551666259766
2163,2,12,14.160526275634766
2163,3,12,14.19637393951416
2163,4,12,14.252347946166992
2163,5,12,14.340348243713379
2163,6,12,14.366217613220215
2163,7,12,14.52729320526123
2163,8,12,14.704546928405762
2163,9,12,14.706669807434082
2163,10,12,14.731525421142578
2163,11,12,14.75454044342041
2163,12,12,14.691214561462402
2164,1,3,17.737138748168945
2164,2,3,17.815711975097656
2164,3,3,17.885696411132812
2164,4,3,17.96259880065918
2164,5,3,18.025419235229492
2164,6,3,18.06978988647461
2164,7,3,18.10400390625
2164,8,3,18.16188621520996
2164,9,3,18.208892822265625
2164,10,3,18.2563419342041
2164,11,3,18.288482666015625
2164,12,3,18.291982650756836
2165,1,2,14.294317245483398
2165,2,2,14.210416793823242
2165,3,2,14.272098541259766
2165,4,2,14.528117179870605
2165,5,2,14.50613784790039
2165,6,2,14.408820152282715
2165,7,2,14.363542556762695
2165,8,2,14.682945251464844
2165,9,2,14.703719139099121
2165,10,2,14.743220329284668
2165,11,2,14.740768432617188
2165,12,2,14.54431438446045
2166,1,9,13.126847267150879
2166,2,9,13.293145179748535
2166,3,9,13.373029708862305
2166,4,9,13.339149475097656
2166,5,9,13.313531875610352
2166,6,9,13.92977523803711
2166,7,9,14.166913986206055
2166,8,9,14.474923133850098
2166,9,9,14.536087989807129
2166,10,9,14.26348876953125
2166,11,9,14.30751895904541
2166,12,9,14.488780975341797
2167,1,11,9.286701202392578
2167,2,11,9.198471069335938
2167,3,11,9.35542106628418
2167,4,11,9.33935260772705
2167,5,11,9.229698181152344
2167,6,11,9.292245864868164
2167,7,11,9.234184265136719
2167,8,11,9.367695808410645
2167,9,11,9.267660140991211
2167,10,11,9.223174095153809
2167,11,11,9.362914085388184
2167,12,11,9.282039642333984
2168,1,6,12.697999000549316
2168,2,6,12.550850868225098
2168,3,6,12.560873031616211
2168,4,6,12.821907997131348
2168,5,6,12.979413032531738
2168,6,6,13.223841667175293
2168,7,6,13.336726188659668
2168,8,6,13.305495262145996
2168,9,6,13.33504581451416
2168,10,6,13.368297576904297
2168,11,6,13.393449783325195
2168,12,6,13.368042945861816
2169,1,8,13.831899642944336
2169,2,8,13.797126770019531
2169,3,8,13.77850341796875
2169,4,8,13.804827690124512
2169,5,8,13.79271125793457
2169,6,8,14.198156356811523
2169,7,8,15.0638427734375
2169,8,8,14.829222679138184
2169,9,8,14.972672462463379
2169,10,8,14.690751075744629
2169,11,8,15.12786865234375
2169,12,8,15.065816879272461
2170,1,2,17.330297470092773
2170,2,2,17.372089385986328
2170,3,2,17.496397018432617
2170,4,2,17.514606475830078
2170,5,2,17.53004264831543
2170,6,2,17.70773696899414
2170,7,2,17.785781860351562
2170,8,2,17.89578628540039
2170,9,2,17.848358154296875
2170,10,2,17.749805450439453
2170,11,2,17.842641830444336
2170,12,2,17.880462646484375
2171,1,10,15.815650939941406
2171,2,10,15.826855659484863
2171,3,10,15.971732139587402
2171,4,10,16.020545959472656
2171,5,10,16.025365829467773
2171,6,10,16.088699340820312
2171,7,10,16.144350051879883
2171,8,10,16.30696678161621
2171,9,10,16.445363998413086
2171,10,10,16.550966262817383
2171,11,10,16.59601593017578
2171,12,10,16.542373657226562
2172,1,11,10.936322212219238
2172,2,11,11.041169166564941
2172,3,11,11.086392402648926
2172,4,11,11.37183952331543
2172,5,11,11.310567855834961
2172,6,11,11.368316650390625
2172,7,11,11.488580703735352
2172,8,11,12.118021965026855
2172,9,11,12.109086990356445
2172,10,11,12.127860069274902
2172,11,11,12.067337989807129
2172,12,11,12.23086166381836
2173,1,11,12.19433307647705
2173,2,11,12.254619598388672
2173,3,11,12.457304954528809
2173,4,11,12.348365783691406
2173,5,11,12.407320022583008
2173,6,11,12.463329315185547
2173,7,11,12.47393798828125
2173,8,11,12.50102710723877
2173,9,11,12.52487850189209
2173,10,11,12.543163299560547
2173,11,11,12.830487251281738
2173,12,11,12.778342247009277
2174,1,10,8.403654098510742
2174,2,10,9.11279582977295
2174,3,10,8.862466812133789
2174,4,10,8.832119941711426
2174,5,10,8.670564651489258
2174,6,10,8.6380033493042
2174,7,10,8.67182445526123
2174,8,10,8.301345825195312
2174,9,10,8.575262069702148
2174,10,10,8.620862007141113
2174,11,10,8.629136085510254
2174,12,10,8.526945114135742
2175,1,12,15.480932235717773
2175,2,12,15.556313514709473
2175,3,12,15.543584823608398
2175,4,12,15.61332893371582
2175,5,12,15.69906234741211
2175,6,12,15.992210388183594
2175,7,12,16.565906524658203
2175,8,12,16.343725204467773
2175,9,12,16.35779571533203
2175,10,12,16.474790573120117
2175,11,12,16.50568962097168
2175,12,12,16.559202194213867
2176,1,5,9.010066032409668
2176,2,5,10.171424865722656
2176,3,5,9.504844665527344
2176,4,5,10.453227043151855
2176,5,5,9.844793319702148
2176,6,5,10.329803466796875
2176,7,5,10.249131202697754
2176,8,5,10.227340698242188
2176,9,5,10.298667907714844
2176,10,5,10.30920696258545
2176,11,5,10.33809757232666
2176,12,5,10.215758323669434
2177,1,10,9.819189071655273
2177,2,10,9.748963356018066
2177,3,10,10.155829429626465
2177,4,10,10.122459411621094
2177,5,10,10.073821067810059
2177,6,10,10.061144828796387
2177,7,10,10.00724983215332
2177,8,10,10.036067962646484
2177,9,10,10.101386070251465
2177,10,10,10.469019889831543
2177,11,10,10.33381462097168
2177,12,10,10.45357894897461
2178,1,6,14.54325008392334
2178,2,6,14.675660133361816
2178,3,6,14.717629432678223
2178,4,6,14.781746864318848
2178,5,6,14.789010047912598
2178,6,6,14.832334518432617
2178,7,6,15.121291160583496
2178,8,6,14.981284141540527
2178,9,6,15.034200668334961
2178,10,6,15.067543983459473
2178,11,6,15.223869323730469
2178,12,6,15.214723587036133
2179,1,11,13.555588722229004
2179,2,11,13.550742149353027
2179,3,11,13.690422058105469
2179,4,11,13.797578811645508
2179,5,11,13.831794738769531
2179,6,11,13.922080039978027
2179,7,11,13.9984769821167
2179,8,11,14.011258125305176
2179,9,11,14.044466972351074
2179,10,11,14.175559997558594
2179,11,11,14.149839401245117
2179,12,11,14.158042907714844
2180,1,12,12.651277542114258
2180,2,12,12.882468223571777
2180,3,12,12.87959098815918
2180,4,12,12.986222267150879
2180,5,12,12.994976997375488
2180,6,12,13.239188194274902
2180,7,12,13.381043434143066
2180,8,12,13.458873748779297
2180,9,12,13.533533096313477
2180,10,12,13.679377555847168
2180,11,12,13.764666557312012
2180,12,12,13.57826042175293
2181,1,2,9.824410438537598
2181,2,2,10.673630714416504
2181,3,2,10.873469352722168
2181,4,2,10.73937702178955
2181,5,2,10.561869621276855
2181,6,2,10.613468170166016
2181,7,2,10.48782730102539
2181,8,2,10.59219741821289
2181,9,2,10.603336334228516
2181,10,2,12.316774368286133
2181,11,2,10.949986457824707
2181,12,2,10.309402465820312
2182,1,7,12.727168083190918
2182,2,7,12.772466659545898
2182,3,7,12.79736042022705
2182,4,7,12.829379081726074
2182,5,7,12.866333961486816
2182,6,7,13.18824577331543
2182,7,7,12.978035926818848
2182,8,7,13.168779373168945
2182,9,7,13.230910301208496
2182,10,7,13.332930564880371
2182,11,7,13.355694770812988
2182,12,7,13.375368118286133
2183,1,11,10.4027681350708
2183,2,11,10.402898788452148
2183,3,11,10.433917999267578
2183,4,11,10.270456314086914
2183,5,11,10.457409858703613
2183,6,11,10.402093887329102
2183,7,11,10.41620922088623
2183,8,11,10.399491310119629
2183,9,11,10.515865325927734
2183,10,11,10.648333549499512
2183,11,11,10.388609886169434
2183,12,11,10.21025276184082
2184,1,7,13.45118522644043
2184,2,7,13.396773338317871
2184,3,7,13.581940650939941
2184,4,7,13.513188362121582
2184,5,7,13.520761489868164
2184,6,7,13.555819511413574
2184,7,7,13.907431602478027
2184,8,7,13.869537353515625
2184,9,7,13.90078353881836
2184,10,7,14.00192642211914
2184,11,7,14.010540962219238
2184,12,7,13.9391450881958
2185,1,8,12.11923599243164
2185,2,8,12.472567558288574
2185,3,8,12.830263137817383
2185,4,8,12.84753131866455
2185,5,8,12.901975631713867
2185,6,8,12.918810844421387
2185,7,8,12.8776216506958
2185,8,8,13.362723350524902
2185,9,8,13.314937591552734
2185,10,8,13.345969200134277
2185,11,8,13.354869842529297
2185,12,8,13.370489120483398
2186,1,8,12.308500289916992
2186,2,8,12.50455379486084
2186,3,8,12.507803916931152
2186,4,8,12.562312126159668
2186,5,8,12.576594352722168
2186,6,8,12.627113342285156
2186,7,8,12.612044334411621
2186,8,8,12.952146530151367
2186,9,8,13.127439498901367
2186,10,8,13.462615013122559
2186,11,8,13.233880996704102
2186,12,8,13.215630531311035
2187,1,2,11.619361877441406
2187,2,2,11.651351928710938
2187,3,2,11.818879127502441
2187,4,2,11.914873123168945
2187,5,2,11.929137229919434
2187,6,2,11.932897567749023
2187,7,2,11.925541877746582
2187,8,2,11.947285652160645
2187,9,2,12.027392387390137
2187,10,2,12.038369178771973
2187,11,2,12.0572509765625
2187,12,2,11.99229907989502
2188,1,11,11.599997520446777
2188,2,11,11.683409690856934
2188,3,11,11.669113159179688
2188,4,11,11.766103744506836
2188,5,11,11.857455253601074
2188,6,11,11.925894737243652
2188,7,11,11.862255096435547
2188,8,11,11.944354057312012
2188,9,11,11.95074462890625
2188,10,11,12.00101375579834
2188,11,11,12.032580375671387
2188,12,11,12.030381202697754
2189,1,7,9.19958782196045
2189,2,7,9.206337928771973
2189,3,7,9.117156982421875
2189,4,7,9.077211380004883
2189,5,7,9.190410614013672
2189,6,7,9.536698341369629
2189,7,7,10.431661605834961
2189,8,7,10.482377052307129
2189,9,7,10.458691596984863
2189,10,7,10.423144340515137
2189,11,7,10.404280662536621
2189,12,7,10.445554733276367
2190,1,11,11.78323745727539
2190,2,11,12.390604972839355
2190,3,11,11.577546119689941
2190,4,11,11.62927532196045
2190,5,11,12.4788179397583
2190,6,11,12.52440071105957
2190,7,11,12.4749755859375
2190,8,11,12.228611946105957
2190,9,11,12.766268730163574
2190,10,11,12.987444877624512
2190,11,11,12.270620346069336
2190,12,11,12.197092056274414
2191,1,11,18.52432632446289
2191,2,11,18.57250213623047
2191,3,11,18.648773193359375
2191,4,11,18.69185447692871
2191,5,11,18.740365982055664
2191,6,11,18.796480178833008
2191,7,11,18.98920440673828
2191,8,11,18.8793888092041
2191,9,11,18.671415328979492
2191,10,11,18.897785186767578
2191,11,11,18.888700485229492
2191,12,11,19.155237197875977
2192,1,8,11.089507102966309
2192,2,8,11.329451560974121
2192,3,8,11.287508964538574
2192,4,8,11.367995262145996
2192,5,8,11.421253204345703
2192,6,8,10.781144142150879
2192,7,8,11.250593185424805
2192,8,8,11.394793510437012
2192,9,8,11.60549545288086
2192,10,8,11.55758285522461
2192,11,8,11.465841293334961
2192,12,8,11.428513526916504
2193,1,7,13.09687614440918
2193,2,7,13.160806655883789
2193,3,7,13.198644638061523
2193,4,7,13.256872177124023
2193,5,7,13.322514533996582
2193,6,7,13.443766593933105
2193,7,7,13.598361015319824
2193,8,7,13.62112045288086
2193,9,7,13.684959411621094
2193,10,7,13.765250205993652
2193,11,7,14.39402961730957
2193,12,7,14.372038841247559
2194,1,6,13.6480073928833
2194,2,6,13.697615623474121
2194,3,6,13.804607391357422
2194,4,6,13.792593955993652
2194,5,6,13.839334487915039
2194,6,6,13.883496284484863
2194,7,6,14.267075538635254
2194,8,6,14.246094703674316
2194,9,6,14.509666442871094
2194,10,6,14.501965522766113
2194,11,6,14.523505210876465
2194,12,6,14.518824577331543
2195,1,9,9.401275634765625
2195,2,9,10.145801544189453
2195,3,9,10.211284637451172
2195,4,9,10.424715995788574
2195,5,9,10.489072799682617
2195,6,9,10.583857536315918
2195,7,9,10.340311050415039
2195,8,9,10.63654899597168
2195,9,9,10.664984703063965
2195,10,9,10.484244346618652
2195,11,9,10.425670623779297
2195,12,9,10.519144058227539
2196,1,11,14.495115280151367
2196,2,11,14.639656066894531
2196,3,11,14.815150260925293
2196,4,11,14.90825080871582
2196,5,11,14.904742240905762
2196,6,11,14.956950187683105
2196,7,11,15.035114288330078
2196,8,11,15.130180358886719
2196,9,11,15.186001777648926
2196,10,11,15.275792121887207
2196,11,11,15.447582244873047
2196,12,11,15.498058319091797
2197,1,7,14.49478530883789
2197,2,7,14.549863815307617
2197,3,7,14.866135597229004
2197,4,7,14.911028861999512
2197,5,7,15.003878593444824
2197,6,7,15.062097549438477
2197,7,7,15.097749710083008
2197,8,7,15.480880737304688
2197,9,7,15.526957511901855
2197,10,7,15.590766906738281
2197,11,7,15.64587116241455
2197,12,7,15.620744705200195
2198,1,12,14.444116592407227
2198,2,12,14.445432662963867
2198,3,12,14.769244194030762
2198,4,12,14.814053535461426
2198,5,12,15.08701229095459
2198,6,12,15.237021446228027
2198,7,12,15.40881633758545
2198,8,12,15.364958763122559
2198,9,12,15.376633644104004
2198,10,12,15.376707077026367
2198,11,12,15.705222129821777
2198,12,12,15.772958755493164
2199,1,10,12.29919719696045
2199,2,10,12.165060997009277
2199,3,10,11.932961463928223
2199,4,10,12.410841941833496
2199,5,10,12.466973304748535
2199,6,10,12.402541160583496
2199,7,10,12.470272064208984
2199,8,10,12.708921432495117
2199,9,10,12.635574340820312
2199,10,10,12.71586799621582
2199,11,10,12.785015106201172
2199,12,10,12.755189895629883
2200,1,11,13.447785377502441
2200,2,11,13.542216300964355
2200,3,11,13.542464256286621
2200,4,11,13.658446311950684
2200,5,11,13.508996963500977
2200,6,11,13.61837387084961
2200,7,11,14.012066841125488
2200,8,11,14.000125885009766
2200,9,11,14.163996696472168
2200,10,11,14.250872611999512
2200,11,11,14.275843620300293
2200,12,11,14.264498710632324
2201,1,12,13.82457447052002
2201,2,12,13.945940017700195
2201,3,12,14.082999229431152
2201,4,12,14.204062461853027
2201,5,12,14.251462936401367
2201,6,12,14.43710708618164
2201,7,12,14.393021583557129
2201,8,12,14.456746101379395
2201,9,12,14.516267776489258
2201,10,12,14.609789848327637
2201,11,12,14.712852478027344
2201,12,12,14.796359062194824
2202,1,5,11.798820495605469
2202,2,5,11.981383323669434
2202,3,5,11.990921020507812
2202,4,5,12.06680965423584
2202,5,5,12.112327575683594
2202,6,5,12.189194679260254
2202,7,5,12.208627700805664
2202,8,5,12.270636558532715
2202,9,5,12.25899887084961
2202,10,5,12.380091667175293
2202,11,5,12.41590690612793
2202,12,5,12.360031127929688
2203,1,6,13.014787673950195
2203,2,6,13.08462905883789
2203,3,6,13.051664352416992
2203,4,6,13.06928825378418
2203,5,6,13.08285140991211
2203,6,6,13.326087951660156
2203,7,6,13.39515209197998
2203,8,6,13.425788879394531
2203,9,6,13.460859298706055
2203,10,6,13.536660194396973
2203,11,6,13.949956893920898
2203,12,6,14.104146957397461
2204,1,11,10.306060791015625
2204,2,11,10.262971878051758
2204,3,11,10.387838363647461
2204,4,11,10.332497596740723
2204,5,11,10.469491004943848
2204,6,11,10.576706886291504
2204,7,11,10.817212104797363
2204,8,11,10.874225616455078
2204,9,11,10.904356002807617
2204,10,11,10.93928050994873
2204,11,11,11.116806030273438
2204,12,11,11.105239868164062
2205,1,9,11.105310440063477
2205,2,9,11.042728424072266
2205,3,9,10.994683265686035
2205,4,9,10.97915267944336
2205,5,9,11.197096824645996
2205,6,9,11.284416198730469
2205,7,9,11.1824312210083
2205,8,9,11.194860458374023
2205,9,9,11.182205200195312
2205,10,9,11.463702201843262
2205,11,9,11.554069519042969
2205,12,9,11.21662712097168
2206,1,6,14.961943626403809
2206,2,6,14.940338134765625
2206,3,6,15.10019588470459
2206,4,6,15.130937576293945
2206,5,6,15.189281463623047
2206,6,6,15.248680114746094
2206,7,6,15.32812213897705
2206,8,6,15.286766052246094
2206,9,6,15.385415077209473
2206,10,6,14.86979866027832
2206,11,6,14.99378776550293
2206,12,6,14.998276710510254
2207,1,6,12.109075546264648
2207,2,6,11.594975471496582
2207,3,6,12.305359840393066
2207,4,6,12.369521141052246
2207,5,6,12.378772735595703
2207,6,6,12.353435516357422
2207,7,6,12.477194786071777
2207,8,6,12.57707405090332
2207,9,6,12.740680694580078
2207,10,6,12.989009857177734
2207,11,6,13.09516716003418
2207,12,6,13.286287307739258
2208,1,11,11.028220176696777
2208,2,11,11.222940444946289
2208,3,11,11.155149459838867
2208,4,11,11.487058639526367
2208,5,11,11.26659870147705
2208,6,11,11.652389526367188
2208,7,11,11.74773120880127
2208,8,11,11.6787109375
2208,9,11,11.638195991516113
2208,10,11,11.574036598205566
2208,11,11,12.094823837280273
2208,12,11,12.129252433776855
2209,1,11,11.355009078979492
2209,2,11,11.37101936340332
2209,3,11,11.333101272583008
2209,4,11,11.325790405273438
2209,5,11,11.283729553222656
2209,6,11,11.268843650817871
2209,7,11,11.251964569091797
2209,8,11,11.33708667755127
2209,9,11,11.521262168884277
2209,10,11,11.583444595336914
2209,11,11,11.51393985748291
2209,12,11,11.499063491821289
2210,1,2,12.051369667053223
2210,2,2,12.010852813720703
2210,3,2,11.748991012573242
2210,4,2,10.001490592956543
2210,5,2,11.783845901489258
2210,6,2,11.83203125
2210,7,2,11.867465019226074
2210,8,2,11.89067554473877
2210,9,2,11.91282844543457
2210,10,2,11.950387001037598
2210,11,2,11.972209930419922
2210,12,2,11.9799222946167
2211,1,12,12.469706535339355
2211,2,12,12.536134719848633
2211,3,12,12.729485511779785
2211,4,12,12.798406600952148
2211,5,12,12.766167640686035
2211,6,12,12.834489822387695
2211,7,12,12.83901596069336
2211,8,12,13.001394271850586
2211,9,12,13.095243453979492
2211,10,12,13.208528518676758
2211,11,12,13.248785972595215
2211,12,12,13.25981616973877
2212,1,11,10.674910545349121
2212,2,11,10.82327651977539
2212,3,11,10.625303268432617
2212,4,11,10.651853561401367
2212,5,11,10.66298770904541
2212,6,11,10.734967231750488
2212,7,11,10.718330383300781
2212,8,11,10.756272315979004
2212,9,11,10.800249099731445
2212,10,11,10.928077697753906
2212,11,11,10.932957649230957
2212,12,11,10.938962936401367
2213,1,8,11.665271759033203
2213,2,8,11.659361839294434
2213,3,8,11.694255828857422
2213,4,8,11.668187141418457
2213,5,8,11.757341384887695
2213,6,8,11.789776802062988
2213,7,8,11.910256385803223
2213,8,8,11.86340618133545
2213,9,8,12.038373947143555
2213,10,8,11.955953598022461
2213,11,8,11.922004699707031
2213,12,8,11.880179405212402
2214,1,9,11.912821769714355
2214,2,9,12.007781982421875
2214,3,9,12.012920379638672
2214,4,9,11.744157791137695
2214,5,9,12.279279708862305
2214,6,9,12.18441104888916
2214,7,9,12.243943214416504
2214,8,9,12.3330717086792
2214,9,9,12.391877174377441
2214,10,9,12.501788139343262
2214,11,9,12.437080383300781
2214,12,9,12.465496063232422
2215,1,7,12.101776123046875
2215,2,7,12.17740249633789
2215,3,7,12.16335678100586
2215,4,7,12.348546028137207
2215,5,7,12.352625846862793
2215,6,7,12.496675491333008
2215,7,7,12.479100227355957
2215,8,7,12.607278823852539
2215,9,7,12.652791976928711
2215,10,7,12.646234512329102
2215,11,7,13.684426307678223
2215,12,7,14.0933837890625
2216,1,11,11.767574310302734
2216,2,11,11.801252365112305
2216,3,11,11.910404205322266
2216,4,11,12.011521339416504
2216,5,11,12.001115798950195
2216,6,11,11.97988510131836
2216,7,11,11.978378295898438
2216,8,11,12.041598320007324
2216,9,11,12.066862106323242
2216,10,11,12.109535217285156
2216,11,11,12.45839786529541
2216,12,11,12.64073371887207
2217,1,9,12.461456298828125
2217,2,9,14.084519386291504
2217,3,9,12.775322914123535
2217,4,9,12.761078834533691
2217,5,9,12.712182998657227
2217,6,9,12.686389923095703
2217,7,9,12.785045623779297
2217,8,9,12.776766777038574
2217,9,9,12.708380699157715
2217,10,9,12.523313522338867
2217,11,9,12.694902420043945
2217,12,9,12.64004135131836
2218,1,10,16.40538787841797
2218,2,10,16.545812606811523
2218,3,10,16.688331604003906
2218,4,10,16.741477966308594
2218,5,10,16.839969635009766
2218,6,10,16.910608291625977
2218,7,10,16.86449432373047
2218,8,10,16.883197784423828
2218,9,10,16.9277286529541
2218,10,10,17.320724487304688
2218,11,10,17.39944839477539
2218,12,10,17.414104461669922
2219,1,9,14.100995063781738
2219,2,9,14.17237377166748
2219,3,9,14.22859001159668
2219,4,9,13.30695915222168
2219,5,9,14.261948585510254
2219,6,9,14.393296241760254
2219,7,9,14.641682624816895
2219,8,9,14.828536987304688
2219,9,9,14.902104377746582
2219,10,9,14.940059661865234
2219,11,9,15.024237632751465
2219,12,9,14.760040283203125
2220,1,10,12.037202835083008
2220,2,10,12.13199234008789
2220,3,10,12.196617126464844
2220,4,10,12.25851821899414
2220,5,10,12.230419158935547
2220,6,10,12.277414321899414
2220,7,10,12.282626152038574
2220,8,10,12.271561622619629
2220,9,10,12.264457702636719
2220,10,10,12.32076358795166
2220,11,10,13.403060913085938
2220,12,10,13.418103218078613
2221,1,12,16.1455135345459
2221,2,12,16.213172912597656
2221,3,12,16.251476287841797
2221,4,12,16.328407287597656
2221,5,12,16.347389221191406
2221,6,12,16.378633499145508
2221,7,12,16.64883041381836
2221,8,12,16.663145065307617
2221,9,12,16.71825408935547
2221,10,12,16.75092315673828
2221,11,12,16.771135330200195
2221,12,12,16.764293670654297
2222,1,12,10.264975547790527
2222,2,12,10.365131378173828
2222,3,12,10.343033790588379
2222,4,12,10.349188804626465
2222,5,12,10.368341445922852
2222,6,12,10.557533264160156
2222,7,12,10.771608352661133
2222,8,12,10.822029113769531
2222,9,12,10.869609832763672
2222,10,12,10.997005462646484
2222,11,12,10.964534759521484
2222,12,12,11.090776443481445
2223,1,12,15.162063598632812
2223,2,12,15.082178115844727
2223,3,12,15.189375877380371
2223,4,12,15.240550994873047
2223,5,12,15.407979011535645
2223,6,12,15.491242408752441
2223,7,12,15.5122709274292
2223,8,12,15.50496768951416
2223,9,12,15.55055046081543
2223,10,12,15.6095609664917
2223,11,12,15.60731315612793
2223,12,12,15.697153091430664
2224,1,3,17.717546463012695
2224,2,3,17.962175369262695
2224,3,3,18.047348022460938
2224,4,3,18.09217643737793
2224,5,3,18.12135124206543
2224,6,3,18.17080307006836
2224,7,3,18.245155334472656
2224,8,3,18.29059410095215
2224,9,3,18.296104431152344
2224,10,3,18.419700622558594
2224,11,3,18.484785079956055
2224,12,3,18.507722854614258
2225,1,5,10.72146224975586
2225,2,5,10.42702865600586
2225,3,5,10.389958381652832
2225,4,5,10.485870361328125
2225,5,5,10.492216110229492
2225,6,5,10.886846542358398
2225,7,5,11.40642261505127
2225,8,5,11.053614616394043
2225,9,5,11.073182106018066
2225,10,5,11.142048835754395
2225,11,5,11.280081748962402
2225,12,5,11.283286094665527
2226,1,12,15.768564224243164
2226,2,12,15.816765785217285
2226,3,12,15.901034355163574
2226,4,12,15.896851539611816
2226,5,12,15.819900512695312
2226,6,12,15.780355453491211
2226,7,12,15.761597633361816
2226,8,12,15.729169845581055
2226,9,12,15.758256912231445
2226,10,12,15.79554557800293
2226,11,12,15.824512481689453
2226,12,12,15.884264945983887
2227,1,11,10.371864318847656
2227,2,11,10.448005676269531
2227,3,11,10.348063468933105
2227,4,11,10.425414085388184
2227,5,11,10.391036987304688
2227,6,11,10.495603561401367
2227,7,11,10.47689437866211
2227,8,11,10.388023376464844
2227,9,11,10.60323715209961
2227,10,11,10.765719413757324
2227,11,11,10.688399314880371
2227,12,11,10.682036399841309
2228,1,3,11.66413402557373
2228,2,3,11.795860290527344
2228,3,3,11.934670448303223
2228,4,3,11.896137237548828
2228,5,3,11.963091850280762
2228,6,3,12.62421989440918
2228,7,3,12.861628532409668
2228,8,3,12.87015151977539
2228,9,3,12.171915054321289
2228,10,3,12.206363677978516
2228,11,3,12.262372016906738
2228,12,3,12.069670677185059
2229,1,2,12.354110717773438
2229,2,2,12.877699851989746
2229,3,2,12.928807258605957
2229,4,2,12.935855865478516
2229,5,2,13.555699348449707
2229,6,2,13.47238540649414
2229,7,2,13.40074634552002
2229,8,2,13.482193946838379
2229,9,2,13.574130058288574
2229,10,2,13.531120300292969
2229,11,2,13.589882850646973
2229,12,2,13.628335952758789
2230,1,11,11.151962280273438
2230,2,11,11.22861385345459
2230,3,11,11.09774398803711
2230,4,11,11.158891677856445
2230,5,11,11.194549560546875
2230,6,11,11.302541732788086
2230,7,11,11.396979331970215
2230,8,11,11.458521842956543
2230,9,11,11.516986846923828
2230,10,11,11.498435974121094
2230,11,11,11.561539649963379
2230,12,11,11.764029502868652
2231,1,7,12.17773151397705
2231,2,7,12.1929349899292
2231,3,7,12.17196273803711
2231,4,7,12.241487503051758
2231,5,7,12.242366790771484
2231,6,7,12.238828659057617
2231,7,7,12.58851146697998
2231,8,7,12.813018798828125
2231,9,7,12.65807056427002
2231,10,7,12.77796745300293
2231,11,7,12.807429313659668
2231,12,7,12.877032279968262
2232,1,11,12.17953872680664
2232,2,11,12.089537620544434
2232,3,11,12.089776992797852
2232,4,11,12.399256706237793
2232,5,11,12.423186302185059
2232,6,11,12.533740997314453
2232,7,11,12.505054473876953
2232,8,11,12.580740928649902
2232,9,11,12.6787109375
2232,10,11,12.74086856842041
2232,11,11,12.8494873046875
2232,12,11,12.805849075317383
2233,1,3,12.321440696716309
2233,2,3,12.313283920288086
2233,3,3,12.47517204284668
2233,4,3,12.458251953125
2233,5,3,12.493709564208984
2233,6,3,12.490124702453613
2233,7,3,12.45133113861084
2233,8,3,12.45610523223877
2233,9,3,12.480828285217285
2233,10,3,12.460833549499512
2233,11,3,12.476791381835938
2233,12,3,12.469586372375488
2234,1,5,9.437384605407715
2234,2,5,9.281373023986816
2234,3,5,9.800521850585938
2234,4,5,9.136885643005371
2234,5,5,8.823958396911621
2234,6,5,10.067030906677246
2234,7,5,9.603143692016602
2234,8,5,9.735057830810547
2234,9,5,9.653940200805664
2234,10,5,9.829381942749023
2234,11,5,10.371424674987793
2234,12,5,10.334582328796387
2235,1,6,9.022974967956543
2235,2,6,8.91907787322998
2235,3,6,9.202703475952148
2235,4,6,9.250980377197266
2235,5,6,9.387839317321777
2235,6,6,9.61548137664795
2235,7,6,11.804302215576172
2235,8,6,11.131016731262207
2235,9,6,10.280768394470215
2235,10,6,10.508078575134277
2235,11,6,10.448094367980957
2235,12,6,10.569926261901855
2236,1,11,9.898916244506836
2236,2,11,10.08899974822998
2236,3,11,10.13858413696289
2236,4,11,10.14705753326416
2236,5,11,10.123945236206055
2236,6,11,10.299295425415039
2236,7,11,10.233620643615723
2236,8,11,10.065415382385254
2236,9,11,10.130988121032715
2236,10,11,10.167767524719238
2236,11,11,10.595751762390137
2236,12,11,10.639512062072754
2237,1,7,12.703691482543945
2237,2,7,13.044670104980469
2237,3,7,13.060778617858887
2237,4,7,13.236964225769043
2237,5,7,13.219574928283691
2237,6,7,13.29216194152832
2237,7,7,13.284591674804688
2237,8,7,13.530839920043945
2237,9,7,13.651549339294434
2237,10,7,13.8392915725708
2237,11,7,13.819087028503418
2237,12,7,13.799251556396484
2238,1,10,10.240407943725586
2238,2,10,10.306693077087402
2238,3,10,10.18478012084961
2238,4,10,10.212779998779297
2238,5,10,10.146114349365234
2238,6,10,10.161259651184082
2238,7,10,9.969347953796387
2238,8,10,9.93181324005127
2238,9,10,9.522677421569824
2238,10,10,10.234407424926758
2238,11,10,10.211609840393066
2238,12,10,10.133580207824707
2239,1,11,12.21209716796875
2239,2,11,12.2550687789917
2239,3,11,12.380074501037598
2239,4,11,12.438885688781738
2239,5,11,12.459349632263184
2239,6,11,12.441595077514648
2239,7,11,12.414849281311035
2239,8,11,12.458135604858398
2239,9,11,12.494890213012695
2239,10,11,12.549392700195312
2239,11,11,12.82787036895752
2239,12,11,12.779075622558594
2240,1,4,11.104547500610352
2240,2,4,11.03588581085205
2240,3,4,11.034667015075684
2240,4,4,12.081954956054688
2240,5,4,11.14321231842041
2240,6,4,11.277261734008789
2240,7,4,11.11302661895752
2240,8,4,10.889059066772461
2240,9,4,10.990262985229492
2240,10,4,11.075477600097656
2240,11,4,11.278233528137207
2240,12,4,11.249958038330078
2241,1,8,11.163655281066895
2241,2,8,11.26240348815918
2241,3,8,11.42025375366211
2241,4,8,11.491962432861328
2241,5,8,11.967106819152832
2241,6,8,12.609971046447754
2241,7,8,12.785262107849121
2241,8,8,12.799962997436523
2241,9,8,12.82192325592041
2241,10,8,12.901177406311035
2241,11,8,12.988826751708984
2241,12,8,12.953086853027344
2242,1,2,11.46613883972168
2242,2,2,11.56071662902832
2242,3,2,12.19092082977295
2242,4,2,12.26016616821289
2242,5,2,12.151894569396973
2242,6,2,12.197916984558105
2242,7,2,12.190706253051758
2242,8,2,12.075518608093262
2242,9,2,12.090713500976562
2242,10,2,12.044668197631836
2242,11,2,12.051371574401855
2242,12,2,12.255541801452637
2243,1,9,14.79792594909668
2243,2,9,15.144594192504883
2243,3,9,15.363533020019531
2243,4,9,15.259462356567383
2243,5,9,15.259312629699707
2243,6,9,15.495684623718262
2243,7,9,15.660170555114746
2243,8,9,15.671070098876953
2243,9,9,15.770045280456543
2243,10,9,16.069265365600586
2243,11,9,16.085086822509766
2243,12,9,16.107526779174805
2244,1,12,10.45860767364502
2244,2,12,10.587989807128906
2244,3,12,10.539544105529785
2244,4,12,10.590544700622559
2244,5,12,10.771621704101562
2244,6,12,10.88593864440918
2244,7,12,10.973751068115234
2244,8,12,11.26279067993164
2244,9,12,11.385335922241211
2244,10,12,11.474499702453613
2244,11,12,12.874438285827637
2244,12,12,11.35892391204834
2245,1,11,13.288201332092285
2245,2,11,13.239145278930664
2245,3,11,13.4257230758667
2245,4,11,13.480647087097168
2245,5,11,13.459951400756836
2245,6,11,13.50545883178711
2245,7,11,13.544078826904297
2245,8,11,13.549864768981934
2245,9,11,13.603631019592285
2245,10,11,13.672471046447754
2245,11,11,14.080605506896973
2245,12,11,14.065637588500977
2246,1,12,9.766816139221191
2246,2,12,9.706184387207031
2246,3,12,10.038240432739258
2246,4,12,10.180985450744629
2246,5,12,10.179076194763184
2246,6,12,10.13515567779541
2246,7,12,10.149090766906738
2246,8,12,10.120732307434082
2246,9,12,10.288217544555664
2246,10,12,10.280255317687988
2246,11,12,10.515195846557617
2246,12,12,10.543716430664062
2247,1,10,8.731955528259277
2247,2,10,8.766282081604004
2247,3,10,8.07748794555664
2247,4,10,8.335533142089844
2247,5,10,8.359023094177246
2247,6,10,8.520855903625488
2247,7,10,6.550965309143066
2247,8,10,8.649388313293457
2247,9,10,8.234399795532227
2247,10,10,8.664249420166016
2247,11,10,8.815486907958984
2247,12,10,9.350503921508789
2248,1,11,13.44332218170166
2248,2,11,13.580628395080566
2248,3,11,13.3637056350708
2248,4,11,13.412164688110352
2248,5,11,13.334029197692871
2248,6,11,13.863386154174805
2248,7,11,13.752816200256348
2248,8,11,13.818469047546387
2248,9,11,13.843862533569336
2248,10,11,13.883078575134277
2248,11,11,13.957700729370117
2248,12,11,14.016214370727539
2249,1,8,10.476019859313965
2249,2,8,10.691012382507324
2249,3,8,10.890952110290527
2249,4,8,10.917424201965332
2249,5,8,10.841838836669922
2249,6,8,10.894350051879883
2249,7,8,11.279742240905762
2249,8,8,11.243836402893066
2249,9,8,11.229066848754883
2249,10,8,11.201133728027344
2249,11,8,11.24372673034668
2249,12,8,11.140494346618652
2250,1,11,11.223989486694336
2250,2,11,11.636040687561035
2250,3,11,12.78007984161377
2250,4,11,11.896425247192383
2250,5,11,11.573575973510742
2250,6,11,11.953009605407715
2250,7,11,12.018202781677246
2250,8,11,12.069441795349121
2250,9,11,12.176796913146973
2250,10,11,12.193473815917969
2250,11,11,12.307501792907715
2250,12,11,12.313203811645508
2251,1,6,14.989375114440918
2251,2,6,14.857353210449219
2251,3,6,14.934919357299805
2251,4,6,14.854923248291016
2251,5,6,14.861732482910156
2251,6,6,14.971466064453125
2251,7,6,15.543734550476074
2251,8,6,15.621437072753906
2251,9,6,15.624969482421875
2251,10,6,15.640349388122559
2251,11,6,15.787939071655273
2251,12,6,15.717811584472656
2252,1,7,11.540681838989258
2252,2,7,11.571003913879395
2252,3,7,11.56534194946289
2252,4,7,11.534883499145508
2252,5,7,11.504103660583496
2252,6,7,11.562734603881836
2252,7,7,11.555061340332031
2252,8,7,11.510167121887207
2252,9,7,11.474303245544434
2252,10,7,11.557077407836914
2252,11,7,11.575326919555664
2252,12,7,11.565495491027832
2253,1,11,13.29223918914795
2253,2,11,13.408869743347168
2253,3,11,13.611048698425293
2253,4,11,13.716569900512695
2253,5,11,13.744250297546387
2253,6,11,13.867410659790039
2253,7,11,13.964452743530273
2253,8,11,14.169453620910645
2253,9,11,14.17041301727295
2253,10,11,14.254287719726562
2253,11,11,14.504889488220215
2253,12,11,14.973896026611328
2254,1,5,12.697969436645508
2254,2,5,12.738330841064453
2254,3,5,12.667499542236328
2254,4,5,12.637919425964355
2254,5,5,12.682095527648926
2254,6,5,12.66534423828125
2254,7,5,12.655749320983887
2254,8,5,12.767339706420898
2254,9,5,12.792309761047363
2254,10,5,12.71601676940918
2254,11,5,12.764204025268555
2254,12,5,12.750011444091797
2255,1,8,14.543896675109863
2255,2,8,14.582070350646973
2255,3,8,14.625164031982422
2255,4,8,14.65124797821045
2255,5,8,14.743568420410156
2255,6,8,14.763713836669922
2255,7,8,14.806303977966309
2255,8,8,14.847692489624023
2255,9,8,14.877443313598633
2255,10,8,14.897284507751465
2255,11,8,15.003095626831055
2255,12,8,15.001209259033203
2256,1,5,11.369688987731934
2256,2,5,11.532807350158691
2256,3,5,11.5678129196167
2256,4,5,11.48178482055664
2256,5,5,10.98434829711914
2256,6,5,10.90340518951416
2256,7,5,11.07778549194336
2256,8,5,11.081544876098633
2256,9,5,11.051976203918457
2256,10,5,11.111446380615234
2256,11,5,11.116847038269043
2256,12,5,10.903741836547852
2257,1,10,12.013862609863281
2257,2,10,11.866976737976074
2257,3,10,11.975760459899902
2257,4,10,11.868671417236328
2257,5,10,11.907182693481445
2257,6,10,12.015018463134766
2257,7,10,12.527527809143066
2257,8,10,12.631650924682617
2257,9,10,12.618453979492188
2257,10,10,12.680455207824707
2257,11,10,12.82680606842041
2257,12,10,12.795247077941895
2258,1,11,14.563342094421387
2258,2,11,14.59156608581543
2258,3,11,14.728263854980469
2258,4,11,15.080229759216309
2258,5,11,14.995762825012207
2258,6,11,15.43306827545166
2258,7,11,15.501752853393555
2258,8,11,15.573774337768555
2258,9,11,15.625309944152832
2258,10,11,15.695728302001953
2258,11,11,15.70706844329834
2258,12,11,15.868144989013672
2259,1,12,12.68664264678955
2259,2,12,12.833330154418945
2259,3,12,12.953722953796387
2259,4,12,13.030067443847656
2259,5,12,13.03270435333252
2259,6,12,13.090764045715332
2259,7,12,13.119502067565918
2259,8,12,13.092608451843262
2259,9,12,13.093916893005371
2259,10,12,13.123627662658691
2259,11,12,13.126388549804688
2259,12,12,12.146645545959473
2260,1,11,10.409592628479004
2260,2,11,10.452190399169922
2260,3,11,10.475593566894531
2260,4,11,10.514486312866211
2260,5,11,10.51793098449707
2260,6,11,10.588143348693848
2260,7,11,10.574076652526855
2260,8,11,10.624088287353516
2260,9,11,10.698417663574219
2260,10,11,10.734057426452637
2260,11,11,10.647993087768555
2260,12,11,10.698238372802734
2261,1,7,13.48696231842041
2261,2,7,13.57729434967041
2261,3,7,13.656142234802246
2261,4,7,13.586366653442383
2261,5,7,13.604633331298828
2261,6,7,13.661696434020996
2261,7,7,13.759263038635254
2261,8,7,13.771349906921387
2261,9,7,13.781416893005371
2261,10,7,14.127693176269531
2261,11,7,14.164064407348633
2261,12,7,14.219204902648926
2262,1,6,11.41654109954834
2262,2,6,11.778160095214844
2262,3,6,11.859663963317871
2262,4,6,12.051204681396484
2262,5,6,12.01933765411377
2262,6,6,12.446304321289062
2262,7,6,12.610486030578613
2262,8,6,13.014192581176758
2262,9,6,13.082708358764648
2262,10,6,13.08441162109375
2262,11,6,13.078550338745117
2262,12,6,13.025686264038086
2263,1,11,11.78603458404541
2263,2,11,11.825016975402832
2263,3,11,11.790637969970703
2263,4,11,11.833117485046387
2263,5,11,11.85397720336914
2263,6,11,11.976552963256836
2263,7,11,11.93244743347168
2263,8,11,12.002607345581055
2263,9,11,11.932836532592773
2263,10,11,11.964733123779297
2263,11,11,11.98185920715332
2263,12,11,11.800164222717285
2264,1,6,11.777005195617676
2264,2,6,11.870753288269043
2264,3,6,11.764993667602539
2264,4,6,11.702516555786133
2264,5,6,11.614433288574219
2264,6,6,11.769165992736816
2264,7,6,12.486380577087402
2264,8,6,12.575492858886719
2264,9,6,12.608068466186523
2264,10,6,12.604167938232422
2264,11,6,12.652610778808594
2264,12,6,12.55406665802002
2265,1,7,12.196165084838867
2265,2,7,12.260448455810547
2265,3,7,12.295973777770996
2265,4,7,12.321966171264648
2265,5,7,12.337953567504883
2265,6,7,12.361945152282715
2265,7,7,12.720325469970703
2265,8,7,12.953433990478516
2265,9,7,12.974699020385742
2265,10,7,12.625733375549316
2265,11,7,12.649527549743652
2265,12,7,12.714038848876953
2266,1,2,12.70024585723877
2266,2,2,12.90456485748291
2266,3,2,13.177552223205566
2266,4,2,13.253683090209961
2266,5,2,13.234431266784668
2266,6,2,13.51348876953125
2266,7,2,13.353489875793457
2266,8,2,13.35227108001709
2266,9,2,13.362478256225586
2266,10,2,13.421546936035156
2266,11,2,13.595561981201172
2266,12,2,13.525810241699219
2267,1,11,10.725221633911133
2267,2,11,10.93471622467041
2267,3,11,10.660667419433594
2267,4,11,10.808117866516113
2267,5,11,10.871297836303711
2267,6,11,10.918846130371094
2267,7,11,10.902946472167969
2267,8,11,11.135225296020508
2267,9,11,11.13059139251709
2267,10,11,11.15255355834961
2267,11,11,11.349471092224121
2267,12,11,11.415765762329102
2268,1,2,9.944833755493164
2268,2,2,10.671805381774902
2268,3,2,11.018964767456055
2268,4,2,11.304963111877441
2268,5,2,11.40079116821289
2268,6,2,11.827693939208984
2268,7,2,11.475435256958008
2268,8,2,11.65015697479248
2268,9,2,11.6995849609375
2268,10,2,11.827617645263672
2268,11,2,11.907530784606934
2268,12,2,11.911073684692383
2269,1,10,12.040346145629883
2269,2,10,12.15942668914795
2269,3,10,12.203908920288086
2269,4,10,12.056876182556152
2269,5,10,11.998215675354004
2269,6,10,12.041214942932129
2269,7,10,12.065924644470215
2269,8,10,12.089375495910645
2269,9,10,12.163155555725098
2269,10,10,12.697702407836914
2269,11,10,12.52846622467041
2269,12,10,12.540841102600098
2270,1,8,9.15461540222168
2270,2,8,9.5092134475708
2270,3,8,9.524660110473633
2270,4,8,9.748478889465332
2270,5,8,9.506946563720703
2270,6,8,9.506735801696777
2270,7,8,9.595606803894043
2270,8,8,9.729940414428711
2270,9,8,9.933801651000977
2270,10,8,9.55801773071289
2270,11,8,9.918011665344238
2270,12,8,10.144854545593262
2271,1,3,12.965713500976562
2271,2,3,13.067588806152344
2271,3,3,13.388022422790527
2271,4,3,13.268993377685547
2271,5,3,13.365114212036133
2271,6,3,13.384733200073242
2271,7,3,13.515868186950684
2271,8,3,13.725061416625977
2271,9,3,13.828901290893555
2271,10,3,13.828482627868652
2271,11,3,13.863651275634766
2271,12,3,14.120986938476562
2272,1,3,15.864886283874512
2272,2,3,15.962559700012207
2272,3,3,15.965795516967773
2272,4,3,15.96130084991455
2272,5,3,16.01716423034668
2272,6,3,16.081907272338867
2272,7,3,16.074731826782227
2272,8,3,16.11554718017578
2272,9,3,16.104915618896484
2272,10,3,16.156993865966797
2272,11,3,16.17361068725586
2272,12,3,16.16140365600586
2273,1,7,12.293473243713379
2273,2,7,12.435480117797852
2273,3,7,12.390470504760742
2273,4,7,12.659289360046387
2273,5,7,12.632701873779297
2273,6,7,13.235244750976562
2273,7,7,12.941568374633789
2273,8,7,12.840667724609375
2273,9,7,12.82693099975586
2273,10,7,12.875580787658691
2273,11,7,12.888459205627441
2273,12,7,12.839646339416504
2274,1,8,11.183930397033691
2274,2,8,11.057068824768066
2274,3,8,11.069973945617676
2274,4,8,11.105626106262207
2274,5,8,11.321002006530762
2274,6,8,11.217456817626953
2274,7,8,11.270669937133789
2274,8,8,12.06714916229248
2274,9,8,11.4419584274292
2274,10,8,11.742386817932129
2274,11,8,11.829028129577637
2274,12,8,11.624126434326172
2275,1,11,15.340425491333008
2275,2,11,15.247185707092285
2275,3,11,15.23119831085205
2275,4,11,15.334005355834961
2275,5,11,15.342936515808105
2275,6,11,15.40131950378418
2275,7,11,15.511590003967285
2275,8,11,15.435432434082031
2275,9,11,15.5516996383667
2275,10,11,15.597272872924805
2275,11,11,15.810480117797852
2275,12,11,15.706151962280273
2276,1,5,13.241637229919434
2276,2,5,13.626562118530273
2276,3,5,13.633225440979004
2276,4,5,13.644655227661133
2276,5,5,13.759867668151855
2276,6,5,13.863204956054688
2276,7,5,13.949774742126465
2276,8,5,13.982824325561523
2276,9,5,14.04171085357666
2276,10,5,14.12300968170166
2276,11,5,14.123649597167969
2276,12,5,14.271171569824219
2277,1,7,9.69090747833252
2277,2,7,10.419966697692871
2277,3,7,10.25768756866455
2277,4,7,10.417770385742188
2277,5,7,10.46780014038086
2277,6,7,10.497339248657227
2277,7,7,10.538878440856934
2277,8,7,11.039999961853027
2277,9,7,11.02113151550293
2277,10,7,10.978606224060059
2277,11,7,11.111295700073242
2277,12,7,11.232087135314941
2278,1,11,14.25145435333252
2278,2,11,14.193526268005371
2278,3,11,14.299071311950684
2278,4,11,14.292464256286621
2278,5,11,13.982850074768066
2278,6,11,14.045097351074219
2278,7,11,14.283665657043457
2278,8,11,14.27194595336914
2278,9,11,14.09627914428711
2278,10,11,14.444366455078125
2278,11,11,14.189118385314941
2278,12,11,13.285094261169434
2279,1,12,16.673620223999023
2279,2,12,16.846431732177734
2279,3,12,16.902095794677734
2279,4,12,16.996213912963867
2279,5,12,17.004257202148438
2279,6,12,17.04140281677246
2279,7,12,17.193359375
2279,8,12,17.25229835510254
2279,9,12,17.298721313476562
2279,10,12,17.419857025146484
2279,11,12,17.600975036621094
2279,12,12,17.638628005981445
2280,1,12,12.909852981567383
2280,2,12,12.945531845092773
2280,3,12,12.943585395812988
2280,4,12,13.30989933013916
2280,5,12,13.29169750213623
2280,6,12,13.447192192077637
2280,7,12,13.507147789001465
2280,8,12,13.615869522094727
2280,9,12,13.65875244140625
2280,10,12,14.124218940734863
2280,11,12,13.635324478149414
2280,12,12,13.57000732421875
2281,1,4,10.277212142944336
2281,2,4,10.2559175491333
2281,3,4,10.44996452331543
2281,4,4,10.67309284210205
2281,5,4,10.681548118591309
2281,6,4,11.113638877868652
2281,7,4,11.275914192199707
2281,8,4,11.377127647399902
2281,9,4,11.507613182067871
2281,10,4,11.29455852508545
2281,11,4,11.363771438598633
2281,12,4,11.337468147277832
2282,1,2,13.313736915588379
2282,2,2,13.588510513305664
2282,3,2,13.52242374420166
2282,4,2,13.493337631225586
2282,5,2,13.508806228637695
2282,6,2,13.632832527160645
2282,7,2,14.525962829589844
2282,8,2,14.580082893371582
2282,9,2,14.607397079467773
2282,10,2,14.643804550170898
2282,11,2,14.681076049804688
2282,12,2,14.626813888549805
2283,1,12,12.9624662399292
2283,2,12,13.168793678283691
2283,3,12,12.953640937805176
2283,4,12,13.01125717163086
2283,5,12,12.973461151123047
2283,6,12,12.946377754211426
2283,7,12,13.054064750671387
2283,8,12,13.058633804321289
2283,9,12,13.07574462890625
2283,10,12,13.130270957946777
2283,11,12,13.109725952148438
2283,12,12,13.09643268585205
2284,1,5,13.183545112609863
2284,2,5,13.239452362060547
2284,3,5,13.409825325012207
2284,4,5,13.485662460327148
2284,5,5,13.629962921142578
2284,6,5,13.707483291625977
2284,7,5,13.861075401306152
2284,8,5,13.955100059509277
2284,9,5,13.997241973876953
2284,10,5,14.041671752929688
2284,11,5,14.077503204345703
2284,12,5,14.104084014892578
2285,1,4,13.088797569274902
2285,2,4,13.033468246459961
2285,3,4,13.055953979492188
2285,4,4,13.35706901550293
2285,5,4,13.482446670532227
2285,6,4,13.600044250488281
2285,7,4,13.58483600616455
2285,8,4,13.58547592163086
2285,9,4,13.618844032287598
2285,10,4,13.773893356323242
2285,11,4,13.672235488891602
2285,12,4,13.663893699645996
2286,1,3,11.593274116516113
2286,2,3,11.790492057800293
2286,3,3,11.697307586669922
2286,4,3,12.0740966796875
2286,5,3,12.09921646118164
2286,6,3,12.438262939453125
2286,7,3,12.5167818069458
2286,8,3,12.465229988098145
2286,9,3,12.4927339553833
2286,10,3,12.604856491088867
2286,11,3,12.654202461242676
2286,12,3,12.593096733093262
2287,1,7,13.186173439025879
2287,2,7,13.585769653320312
2287,3,7,13.59100341796875
2287,4,7,13.668700218200684
2287,5,7,13.70499324798584
2287,6,7,13.852434158325195
2287,7,7,13.918102264404297
2287,8,7,14.013771057128906
2287,9,7,14.028444290161133
2287,10,7,14.098148345947266
2287,11,7,14.119025230407715
2287,12,7,14.076582908630371
2288,1,2,9.96052360534668
2288,2,2,10.114102363586426
2288,3,2,10.469518661499023
2288,4,2,10.49383544921875
2288,5,2,10.540254592895508
2288,6,2,10.983235359191895
2288,7,2,10.716609001159668
2288,8,2,10.83022689819336
2288,9,2,10.827905654907227
2288,10,2,11.03482723236084
2288,11,2,11.107538223266602
2288,12,2,10.900092124938965
2289,1,11,13.928816795349121
2289,2,11,13.947827339172363
2289,3,11,13.841598510742188
2289,4,11,13.822752952575684
2289,5,11,13.896919250488281
2289,6,11,13.862903594970703
2289,7,11,13.845520973205566
2289,8,11,13.91070556640625
2289,9,11,13.81290340423584
2289,10,11,13.854761123657227
2289,11,11,14.046590805053711
2289,12,11,13.835740089416504
2290,1,12,12.839498519897461
2290,2,12,12.813031196594238
2290,3,12,12.838422775268555
2290,4,12,13.207316398620605
2290,5,12,13.313004493713379
2290,6,12,13.321968078613281
2290,7,12,13.296244621276855
2290,8,12,13.37777328491211
2290,9,12,13.383781433105469
2290,10,12,13.40735912322998
2290,11,12,13.509682655334473
2290,12,12,13.50757884979248
2291,1,3,15.450080871582031
2291,2,3,15.334333419799805
2291,3,3,15.377726554870605
2291,4,3,15.443782806396484
2291,5,3,15.464520454406738
2291,6,3,15.539743423461914
2291,7,3,15.541833877563477
2291,8,3,15.564875602722168
2291,9,3,15.59621524810791
2291,10,3,15.611477851867676
2291,11,3,15.728205680847168
2291,12,3,15.720787048339844
2292,1,7,10.261497497558594
2292,2,7,10.25925350189209
2292,3,7,10.17552661895752
2292,4,7,10.141463279724121
2292,5,7,10.377050399780273
2292,6,7,10.434675216674805
2292,7,7,10.294845581054688
2292,8,7,10.366827011108398
2292,9,7,10.359766960144043
2292,10,7,10.80552864074707
2292,11,7,11.80835247039795
2292,12,7,11.60019302368164
2293,1,8,12.342122077941895
2293,2,8,12.330126762390137
2293,3,8,12.340607643127441
2293,4,8,12.42418098449707
2293,5,8,12.414908409118652
2293,6,8,12.43897533416748
2293,7,8,12.530689239501953
2293,8,8,12.528467178344727
2293,9,8,12.56039810180664
2293,10,8,12.578648567199707
2293,11,8,12.565194129943848
2293,12,8,12.542463302612305
2294,1,7,10.638423919677734
2294,2,7,10.735885620117188
2294,3,7,10.823616981506348
2294,4,7,10.691004753112793
2294,5,7,10.880119323730469
2294,6,7,11.03349494934082
2294,7,7,11.698206901550293
2294,8,7,11.742149353027344
2294,9,7,11.787129402160645
2294,10,7,11.82875919342041
2294,11,7,11.810903549194336
2294,12,7,11.785216331481934
2295,1,10,10.413116455078125
2295,2,10,10.448750495910645
2295,3,10,10.751943588256836
2295,4,10,10.694683074951172
2295,5,10,10.8089599609375
2295,6,10,10.742753982543945
2295,7,10,10.617231369018555
2295,8,10,10.577908515930176
2295,9,10,10.557440757751465
2295,10,10,10.619196891784668
2295,11,10,10.718520164489746
2295,12,10,10.694306373596191
2296,1,11,13.51132583618164
2296,2,11,13.557333946228027
2296,3,11,13.694164276123047
2296,4,11,13.644229888916016
2296,5,11,13.649467468261719
2296,6,11,13.711796760559082
2296,7,11,13.652993202209473
2296,8,11,13.758564949035645
2296,9,11,13.829987525939941
2296,10,11,13.963319778442383
2296,11,11,14.12011432647705
2296,12,11,14.094807624816895
2297,1,11,11.561698913574219
2297,2,11,11.652215957641602
2297,3,11,11.710070610046387
2297,4,11,11.664474487304688
2297,5,11,11.730132102966309
2297,6,11,11.847661972045898
2297,7,11,11.821272850036621
2297,8,11,11.853337287902832
2297,9,11,11.876251220703125
2297,10,11,11.472127914428711
2297,11,11,12.111988067626953
2297,12,11,11.70258617401123
2298,1,7,9.157891273498535
2298,2,7,9.247854232788086
2298,3,7,9.243802070617676
2298,4,7,9.34394359588623
2298,5,7,9.245962142944336
2298,6,7,9.12373161315918
2298,7,7,9.222602844238281
2298,8,7,9.419896125793457
2298,9,7,9.532103538513184
2298,10,7,9.716909408569336
2298,11,7,10.320015907287598
2298,12,7,10.154059410095215
2299,1,12,10.134939193725586
2299,2,12,9.819740295410156
2299,3,12,10.262755393981934
2299,4,12,10.307164192199707
2299,5,12,10.342009544372559
2299,6,12,10.362590789794922
2299,7,12,10.390059471130371
2299,8,12,10.340317726135254
2299,9,12,10.685956954956055
2299,10,12,10.783645629882812
2299,11,12,10.758353233337402
2299,12,12,10.554521560668945
2300,1,11,14.964954376220703
2300,2,11,15.091350555419922
2300,3,11,15.101909637451172
2300,4,11,15.120102882385254
2300,5,11,15.132439613342285
2300,6,11,15.17821979522705
2300,7,11,15.166888236999512
2300,8,11,15.20566177368164
2300,9,11,15.224729537963867
2300,10,11,15.380640029907227
2300,11,11,15.48586368560791
2300,12,11,15.61115837097168
2301,1,4,11.074483871459961
2301,2,4,11.063546180725098
2301,3,4,11.057642936706543
2301,4,4,11.324508666992188
2301,5,4,11.344402313232422
2301,6,4,11.415592193603516
2301,7,4,11.448770523071289
2301,8,4,11.465682029724121
2301,9,4,11.47032356262207
2301,10,4,11.499034881591797
2301,11,4,11.591190338134766
2301,12,4,11.616598129272461
2302,1,2,10.527411460876465
2302,2,2,10.642477989196777
2302,3,2,10.573590278625488
2302,4,2,10.527219772338867
2302,5,2,10.497355461120605
2302,6,2,10.463695526123047
2302,7,2,10.98318862915039
2302,8,2,11.436161041259766
2302,9,2,11.604133605957031
2302,10,2,11.654195785522461
2302,11,2,11.844232559204102
2302,12,2,11.775429725646973
2303,1,11,11.69232177734375
2303,2,11,11.665787696838379
2303,3,11,11.233060836791992
2303,4,11,11.28847599029541
2303,5,11,11.36949348449707
2303,6,11,11.370748519897461
2303,7,11,11.69125747680664
2303,8,11,11.459379196166992
2303,9,11,11.594513893127441
2303,10,11,11.5861177444458
2303,11,11,11.66695499420166
2303,12,11,11.729681968688965
2304,1,10,11.03274154663086
2304,2,10,11.257829666137695
2304,3,10,11.247666358947754
2304,4,10,11.19383716583252
2304,5,10,11.353416442871094
2304,6,10,11.433952331542969
2304,7,10,11.479525566101074
2304,8,10,11.507822036743164
2304,9,10,11.558734893798828
2304,10,10,11.655584335327148
2304,11,10,11.79544734954834
2304,12,10,11.86330509185791
2305,1,10,13.117154121398926
2305,2,10,13.167313575744629
2305,3,10,13.172350883483887
2305,4,10,13.204185485839844
2305,5,10,13.422433853149414
2305,6,10,13.292693138122559
2305,7,10,13.63867473602295
2305,8,10,13.694087028503418
2305,9,10,13.92130184173584
2305,10,10,13.557388305664062
2305,11,10,13.617826461791992
2305,12,10,13.606008529663086
2306,1,3,11.566737174987793
2306,2,3,11.672904968261719
2306,3,3,11.861260414123535
2306,4,3,11.841706275939941
2306,5,3,11.73367977142334
2306,6,3,11.81027603149414
2306,7,3,11.86091136932373
2306,8,3,11.88544750213623
2306,9,3,11.822549819946289
2306,10,3,11.815454483032227
2306,11,3,11.896409034729004
2306,12,3,11.913249969482422
2307,1,3,10.627373695373535
2307,2,3,11.043451309204102
2307,3,3,10.614738464355469
2307,4,3,12.339893341064453
2307,5,3,10.806819915771484
2307,6,3,10.991019248962402
2307,7,3,11.092379570007324
2307,8,3,11.21733283996582
2307,9,3,11.259403228759766
2307,10,3,11.451940536499023
2307,11,3,11.20150375366211
2307,12,3,11.301297187805176
2308,1,11,11.622150421142578
2308,2,11,11.647439956665039
2308,3,11,11.663371086120605
2308,4,11,11.718692779541016
2308,5,11,11.705500602722168
2308,6,11,11.816933631896973
2308,7,11,11.880849838256836
2308,8,11,11.965215682983398
2308,9,11,11.9844331741333
2308,10,11,12.063645362854004
2308,11,11,11.978375434875488
2308,12,11,12.040233612060547
2309,1,11,10.885653495788574
2309,2,11,10.905413627624512
2309,3,11,10.97140121459961
2309,4,11,10.930044174194336
2309,5,11,10.875862121582031
2309,6,11,10.964136123657227
2309,7,11,11.008482933044434
2309,8,11,11.005313873291016
2309,9,11,11.024280548095703
2309,10,11,11.083821296691895
2309,11,11,11.075812339782715
2309,12,11,11.147027969360352
2310,1,9,10.485957145690918
2310,2,9,10.511869430541992
2310,3,9,10.570345878601074
2310,4,9,10.651676177978516
2310,5,9,10.647680282592773
2310,6,9,10.852094650268555
2310,7,9,11.171302795410156
2310,8,9,11.173972129821777
2310,9,9,11.15385913848877
2310,10,9,11.051497459411621
2310,11,9,11.051488876342773
2310,12,9,11.08281421661377
2311,1,6,11.59035873413086
2311,2,6,11.636548042297363
2311,3,6,11.616336822509766
2311,4,6,11.69174861907959
2311,5,6,11.755477905273438
2311,6,6,11.757549285888672
2311,7,6,11.770400047302246
2311,8,6,11.81198787689209
2311,9,6,11.822868347167969
2311,10,6,12.12302017211914
2311,11,6,11.87258243560791
2311,12,6,11.870709419250488
2312,1,11,12.651004791259766
2312,2,11,12.78016471862793
2312,3,11,12.80449390411377
2312,4,11,12.80647087097168
2312,5,11,12.812808990478516
2312,6,11,12.892684936523438
2312,7,11,12.89403247833252
2312,8,11,12.94654369354248
2312,9,11,13.085831642150879
2312,10,11,12.99516487121582
2312,11,11,13.106431007385254
2312,12,11,13.141958236694336
2313,1,9,13.081241607666016
2313,2,9,13.259918212890625
2313,3,9,13.138985633850098
2313,4,9,13.17906379699707
2313,5,9,13.235483169555664
2313,6,9,13.373414039611816
2313,7,9,13.429783821105957
2313,8,9,13.48243522644043
2313,9,9,13.571443557739258
2313,10,9,13.554266929626465
2313,11,9,13.595943450927734
2313,12,9,13.595376968383789
2314,1,3,12.986200332641602
2314,2,3,13.159784317016602
2314,3,3,13.39886474609375
2314,4,3,13.483499526977539
2314,5,3,13.592628479003906
2314,6,3,13.7111234664917
2314,7,3,13.954625129699707
2314,8,3,13.95968246459961
2314,9,3,14.056075096130371
2314,10,3,14.006804466247559
2314,11,3,13.916768074035645
2314,12,3,13.806873321533203
2315,1,11,14.933887481689453
2315,2,11,15.035966873168945
2315,3,11,15.277303695678711
2315,4,11,15.347599029541016
2315,5,11,15.386185646057129
2315,6,11,15.49940299987793
2315,7,11,15.579154968261719
2315,8,11,15.52404499053955
2315,9,11,15.669236183166504
2315,10,11,15.488785743713379
2315,11,11,15.827878952026367
2315,12,11,15.976890563964844
2316,1,3,8.620080947875977
2316,2,3,8.91738510131836
2316,3,3,9.557920455932617
2316,4,3,9.875832557678223
2316,5,3,10.127400398254395
2316,6,3,10.111714363098145
2316,7,3,10.15749454498291
2316,8,3,10.013975143432617
2316,9,3,10.079761505126953
2316,10,3,10.174056053161621
2316,11,3,10.20223331451416
2316,12,3,10.379493713378906
2317,1,9,12.417878150939941
2317,2,9,12.403432846069336
2317,3,9,12.2901611328125
2317,4,9,12.409173965454102
2317,5,9,12.45293140411377
2317,6,9,12.600220680236816
2317,7,9,12.676527976989746
2317,8,9,12.6695556640625
2317,9,9,12.709111213684082
2317,10,9,12.65568733215332
2317,11,9,12.746846199035645
2317,12,9,12.631421089172363
2318,1,11,11.594216346740723
2318,2,11,11.725171089172363
2318,3,11,11.708681106567383
2318,4,11,11.791351318359375
2318,5,11,11.796947479248047
2318,6,11,11.859639167785645
2318,7,11,11.900718688964844
2318,8,11,12.079981803894043
2318,9,11,12.345719337463379
2318,10,11,12.08672046661377
2318,11,11,12.112871170043945
2318,12,11,12.106256484985352
2319,1,3,16.02528190612793
2319,2,3,16.025197982788086
2319,3,3,16.101123809814453
2319,4,3,16.157636642456055
2319,5,3,16.19855499267578
2319,6,3,16.238380432128906
2319,7,3,16.353612899780273
2319,8,3,16.369823455810547
2319,9,3,16.387062072753906
2319,10,3,16.626708984375
2319,11,3,16.558979034423828
2319,12,3,16.43813705444336
2320,1,12,11.755816459655762
2320,2,12,11.78878116607666
2320,3,12,11.75854206085205
2320,4,12,11.6415433883667
2320,5,12,11.95567798614502
2320,6,12,11.647295951843262
2320,7,12,12.018319129943848
2320,8,12,11.839141845703125
2320,9,12,12.082525253295898
2320,10,12,12.028270721435547
2320,11,12,12.415337562561035
2320,12,12,12.559995651245117
2321,1,3,11.224090576171875
2321,2,3,11.280325889587402
2321,3,3,11.426787376403809
2321,4,3,12.26739501953125
2321,5,3,12.15110969543457
2321,6,3,12.236672401428223
2321,7,3,12.2739839553833
2321,8,3,12.378608703613281
2321,9,3,12.397562026977539
2321,10,3,8.903834342956543
2321,11,3,12.509984970092773
2321,12,3,12.652339935302734
2322,1,8,10.805072784423828
2322,2,8,10.898470878601074
2322,3,8,10.923561096191406
2322,4,8,10.869608879089355
2322,5,8,10.797494888305664
2322,6,8,10.893373489379883
2322,7,8,10.82776927947998
2322,8,8,10.745725631713867
2322,9,8,10.774534225463867
2322,10,8,10.734932899475098
2322,11,8,10.68171215057373
2322,12,8,10.58596420288086
2323,1,12,10.60161304473877
2323,2,12,11.398022651672363
2323,3,12,11.38001823425293
2323,4,12,11.334136009216309
2323,5,12,10.88304328918457
2323,6,12,10.890645980834961
2323,7,12,10.815197944641113
2323,8,12,10.763351440429688
2323,9,12,10.905345916748047
2323,10,12,11.055394172668457
2323,11,12,10.86777114868164
2323,12,12,10.908014297485352
2324,1,,11.409454345703125
2324,2,,11.455981254577637
2324,3,,11.397686958312988
2324,4,,11.458903312683105
2324,5,,11.513443946838379
2324,6,,11.676448822021484
2324,7,,11.762882232666016
2324,8,,11.887775421142578
2324,9,,11.91690444946289
2324,10,,11.93281364440918
2324,11,,11.653200149536133
2324,12,,11.797147750854492
2325,1,12,8.933749198913574
2325,2,12,11.126462936401367
2325,3,12,8.982199668884277
2325,4,12,9.064014434814453
2325,5,12,8.966588020324707
2325,6,12,8.982491493225098
2325,7,12,8.918316841125488
2325,8,12,9.028534889221191
2325,9,12,9.229783058166504
2325,10,12,9.341824531555176
2325,11,12,9.373592376708984
2325,12,12,9.470124244689941
2326,1,6,15.325091361999512
2326,2,6,15.467190742492676
2326,3,6,15.396547317504883
2326,4,6,15.459519386291504
2326,5,6,15.541420936584473
2326,6,6,15.66048812866211
2326,7,6,15.670538902282715
2326,8,6,15.774191856384277
2326,9,6,15.770208358764648
2326,10,6,15.814285278320312
2326,11,6,15.853256225585938
2326,12,6,15.828781127929688
2327,1,5,10.461540222167969
2327,2,5,10.390769004821777
2327,3,5,10.612866401672363
2327,4,5,10.707315444946289
2327,5,5,10.929505348205566
2327,6,5,11.021818161010742
2327,7,5,10.94469928741455
2327,8,5,10.989673614501953
2327,9,5,10.917831420898438
2327,10,5,10.871212005615234
2327,11,5,10.878684997558594
2327,12,5,10.937850952148438
2328,1,3,12.42177677154541
2328,2,3,12.521858215332031
2328,3,3,12.609475135803223
2328,4,3,12.695362091064453
2328,5,3,12.600374221801758
2328,6,3,12.661783218383789
2328,7,3,12.754058837890625
2328,8,3,12.8572359085083
2328,9,3,12.955484390258789
2328,10,3,12.93896198272705
2328,11,3,12.951312065124512
2328,12,3,12.98544979095459
2329,1,11,9.652861595153809
2329,2,11,9.608817100524902
2329,3,11,9.868460655212402
2329,4,11,9.798182487487793
2329,5,11,9.879056930541992
2329,6,11,9.99915599822998
2329,7,11,10.09343433380127
2329,8,11,10.164939880371094
2329,9,11,10.164246559143066
2329,10,11,10.165565490722656
2329,11,11,10.226066589355469
2329,12,11,10.454742431640625
2330,1,7,10.75078296661377
2330,2,7,10.539167404174805
2330,3,7,10.60208511352539
2330,4,7,10.617549896240234
2330,5,7,10.63582706451416
2330,6,7,10.669073104858398
2330,7,7,10.571192741394043
2330,8,7,10.61665153503418
2330,9,7,10.663469314575195
2330,10,7,10.555120468139648
2330,11,7,10.727291107177734
2330,12,7,10.8374605178833
2331,1,10,13.553157806396484
2331,2,10,13.589492797851562
2331,3,10,13.518170356750488
2331,4,10,13.645429611206055
2331,5,10,13.620560646057129
2331,6,10,13.7207670211792
2331,7,10,14.027027130126953
2331,8,10,14.044669151306152
2331,9,10,14.040128707885742
2331,10,10,13.921337127685547
2331,11,10,14.069668769836426
2331,12,10,14.191422462463379
2332,1,12,10.970497131347656
2332,2,12,11.089804649353027
2332,3,12,11.07583236694336
2332,4,12,11.040070533752441
2332,5,12,11.202552795410156
2332,6,12,11.141915321350098
2332,7,12,11.12139892578125
2332,8,12,11.17774772644043
2332,9,12,11.212421417236328
2332,10,12,11.378034591674805
2332,11,12,11.802760124206543
2332,12,12,11.776247024536133
2333,1,7,11.564027786254883
2333,2,7,11.569612503051758
2333,3,7,11.572025299072266
2333,4,7,11.568601608276367
2333,5,7,11.600152969360352
2333,6,7,12.166662216186523
2333,7,7,12.073256492614746
2333,8,7,12.136967658996582
2333,9,7,12.166187286376953
2333,10,7,12.200626373291016
2333,11,7,12.263758659362793
2333,12,7,12.148738861083984
2334,1,11,8.852662086486816
2334,2,11,8.525463104248047
2334,3,11,8.610183715820312
2334,4,11,8.472599983215332
2334,5,11,8.698023796081543
2334,6,11,8.589702606201172
2334,7,11,9.25571060180664
2334,8,11,9.467432975769043
2334,9,11,9.664799690246582
2334,10,11,9.831186294555664
2334,11,11,10.08518123626709
2334,12,11,10.135194778442383
2335,1,3,11.986736297607422
2335,2,3,12.146689414978027
2335,3,3,12.21699047088623
2335,4,3,12.361973762512207
2335,5,3,12.329255104064941
2335,6,3,12.369665145874023
2335,7,3,12.5695219039917
2335,8,3,12.478803634643555
2335,9,3,12.52531909942627
2335,10,3,12.53459358215332
2335,11,3,12.545964241027832
2335,12,3,12.546996116638184
2336,1,6,15.476811408996582
2336,2,6,15.50665283203125
2336,3,6,15.526395797729492
2336,4,6,15.525716781616211
2336,5,6,15.547584533691406
2336,6,6,15.581015586853027
2336,7,6,15.585946083068848
2336,8,6,15.695948600769043
2336,9,6,15.778674125671387
2336,10,6,15.744268417358398
2336,11,6,15.768872261047363
2336,12,6,15.74785327911377
2337,1,10,14.983869552612305
2337,2,10,15.490811347961426
2337,3,10,15.5470609664917
2337,4,10,15.59311580657959
2337,5,10,15.649943351745605
2337,6,10,15.767139434814453
2337,7,10,15.821310997009277
2337,8,10,15.865310668945312
2337,9,10,16.08833122253418
2337,10,10,16.029281616210938
2337,11,10,16.166738510131836
2337,12,10,16.559049606323242
2338,1,5,10.50859260559082
2338,2,5,10.694750785827637
2338,3,5,10.636479377746582
2338,4,5,10.7722806930542
2338,5,5,10.788970947265625
2338,6,5,10.784249305725098
2338,7,5,10.999025344848633
2338,8,5,11.046197891235352
2338,9,5,11.091479301452637
2338,10,5,11.198777198791504
2338,11,5,11.301488876342773
2338,12,5,11.271217346191406
2339,1,11,12.215471267700195
2339,2,11,12.184130668640137
2339,3,11,12.207269668579102
2339,4,11,12.273508071899414
2339,5,11,12.26099681854248
2339,6,11,12.316324234008789
2339,7,11,12.345355987548828
2339,8,11,12.340599060058594
2339,9,11,12.343976020812988
2339,10,11,12.35345458984375
2339,11,11,12.372621536254883
2339,12,11,12.460108757019043
2340,1,12,11.168627738952637
2340,2,12,11.223097801208496
2340,3,12,11.277359008789062
2340,4,12,11.567781448364258
2340,5,12,11.604012489318848
2340,6,12,11.673678398132324
2340,7,12,11.710135459899902
2340,8,12,12.010626792907715
2340,9,12,11.839083671569824
2340,10,12,12.014434814453125
2340,11,12,12.010533332824707
2340,12,12,12.122888565063477
2341,1,11,14.721418380737305
2341,2,11,14.805404663085938
2341,3,11,14.817374229431152
2341,4,11,14.868694305419922
2341,5,11,14.876900672912598
2341,6,11,14.971453666687012
2341,7,11,15.070712089538574
2341,8,11,15.129220962524414
2341,9,11,15.174660682678223
2341,10,11,15.21738052368164
2341,11,11,15.267521858215332
2341,12,11,15.72854995727539
2342,1,10,10.951032638549805
2342,2,10,11.071825981140137
2342,3,10,11.057387351989746
2342,4,10,11.097831726074219
2342,5,10,11.209213256835938
2342,6,10,11.272114753723145
2342,7,10,11.25020694732666
2342,8,10,11.346343994140625
2342,9,10,11.42702579498291
2342,10,10,11.835737228393555
2342,11,10,11.907792091369629
2342,12,10,11.92406940460205
2343,1,7,10.859747886657715
2343,2,7,10.902233123779297
2343,3,7,10.88567066192627
2343,4,7,10.876775741577148
2343,5,7,10.902055740356445
2343,6,7,10.971030235290527
2343,7,7,11.549966812133789
2343,8,7,11.514517784118652
2343,9,7,11.444396018981934
2343,10,7,11.394926071166992
2343,11,7,11.554203987121582
2343,12,7,11.415849685668945
2344,1,3,10.729104995727539
2344,2,3,11.051189422607422
2344,3,3,10.9634428024292
2344,4,3,11.034846305847168
2344,5,3,11.080809593200684
2344,6,3,11.294084548950195
2344,7,3,11.306761741638184
2344,8,3,11.41457748413086
2344,9,3,11.41524887084961
2344,10,3,11.378715515136719
2344,11,3,11.368152618408203
2344,12,3,11.330878257751465
2345,1,3,13.184986114501953
2345,2,3,13.308369636535645
2345,3,3,13.108723640441895
2345,4,3,13.27377700805664
2345,5,3,13.345687866210938
2345,6,3,13.444503784179688
2345,7,3,13.37450122833252
2345,8,3,13.438558578491211
2345,9,3,13.503454208374023
2345,10,3,13.560525894165039
2345,11,3,13.533257484436035
2345,12,3,13.420584678649902
2346,1,11,11.97800064086914
2346,2,11,12.048689842224121
2346,3,11,12.080464363098145
2346,4,11,12.113236427307129
2346,5,11,12.149033546447754
2346,6,11,12.2169828414917
2346,7,11,12.212262153625488
2346,8,11,12.333622932434082
2346,9,11,12.374045372009277
2346,10,11,12.292898178100586
2346,11,11,12.347966194152832
2346,12,11,12.314486503601074
2347,1,2,16.20828628540039
2347,2,2,16.91044807434082
2347,3,2,16.282209396362305
2347,4,2,16.566852569580078
2347,5,2,16.748146057128906
2347,6,2,16.434295654296875
2347,7,2,17.343109130859375
2347,8,2,17.210371017456055
2347,9,2,17.28387451171875
2347,10,2,17.123626708984375
2347,11,2,17.600971221923828
2347,12,2,17.88971519470215
2348,1,7,8.923450469970703
2348,2,7,9.371273040771484
2348,3,7,9.395166397094727
2348,4,7,9.660265922546387
2348,5,7,9.74648380279541
2348,6,7,9.744747161865234
2348,7,7,9.551898956298828
2348,8,7,9.670554161071777
2348,9,7,9.63979434967041
2348,10,7,9.474333763122559
2348,11,7,9.760846138000488
2348,12,7,9.6265287399292
2349,1,11,16.532840728759766
2349,2,11,16.603376388549805
2349,3,11,16.68119239807129
2349,4,11,16.734413146972656
2349,5,11,16.715534210205078
2349,6,11,16.91826057434082
2349,7,11,16.931846618652344
2349,8,11,17.04713249206543
2349,9,11,17.087440490722656
2349,10,11,17.058286666870117
2349,11,11,17.144424438476562
2349,12,11,17.4588565826416
2350,1,3,11.264398574829102
2350,2,3,11.360037803649902
2350,3,3,11.640551567077637
2350,4,3,11.870941162109375
2350,5,3,11.884171485900879
2350,6,3,12.077043533325195
2350,7,3,12.033524513244629
2350,8,3,11.931650161743164
2350,9,3,12.005249977111816
2350,10,3,12.176389694213867
2350,11,3,12.214488983154297
2350,12,3,12.041787147521973
2351,1,10,14.701367378234863
2351,2,10,14.762717247009277
2351,3,10,14.817368507385254
2351,4,10,14.99317455291748
2351,5,10,14.952004432678223
2351,6,10,15.005694389343262
2351,7,10,15.215620040893555
2351,8,10,15.247614860534668
2351,9,10,15.273687362670898
2351,10,10,15.332216262817383
2351,11,10,15.534395217895508
2351,12,10,15.559410095214844
2352,1,11,8.534099578857422
2352,2,11,8.616336822509766
2352,3,11,8.624049186706543
2352,4,11,8.605916023254395
2352,5,11,8.574562072753906
2352,6,11,8.747179985046387
2352,7,11,8.82845401763916
2352,8,11,8.815814018249512
2352,9,11,8.996332168579102
2352,10,11,8.952216148376465
2352,11,11,8.956275939941406
2352,12,11,10.060538291931152
2353,1,8,11.833739280700684
2353,2,8,11.959410667419434
2353,3,8,11.793594360351562
2353,4,8,11.79598331451416
2353,5,8,11.84225082397461
2353,6,8,11.953089714050293
2353,7,8,11.983325004577637
2353,8,8,11.877471923828125
2353,9,8,11.96668529510498
2353,10,8,12.040574073791504
2353,11,8,12.031131744384766
2353,12,8,12.003283500671387
2354,1,10,12.500234603881836
2354,2,10,12.481866836547852
2354,3,10,12.574074745178223
2354,4,10,12.551726341247559
2354,5,10,12.503969192504883
2354,6,10,12.842297554016113
2354,7,10,12.826140403747559
2354,8,10,12.912785530090332
2354,9,10,12.955607414245605
2354,10,10,12.898513793945312
2354,11,10,13.127924919128418
2354,12,10,13.141647338867188
2355,1,11,10.197142601013184
2355,2,11,10.189258575439453
2355,3,11,10.239669799804688
2355,4,11,10.238443374633789
2355,5,11,10.367315292358398
2355,6,11,10.869114875793457
2355,7,11,11.033866882324219
2355,8,11,10.909346580505371
2355,9,11,10.919135093688965
2355,10,11,11.013309478759766
2355,11,11,11.127655029296875
2355,12,11,11.221238136291504
2356,1,10,10.67198657989502
2356,2,10,10.716915130615234
2356,3,10,10.885177612304688
2356,4,10,10.87020206451416
2356,5,10,10.917402267456055
2356,6,10,10.992552757263184
2356,7,10,10.9349946975708
2356,8,10,11.046135902404785
2356,9,10,11.019454002380371
2356,10,10,11.077314376831055
2356,11,10,11.072582244873047
2356,12,10,11.085246086120605
2357,1,11,13.333489418029785
2357,2,11,13.442111015319824
2357,3,11,13.422574996948242
2357,4,11,13.4677152633667
2357,5,11,13.432520866394043
2357,6,11,13.92983627319336
2357,7,11,13.845077514648438
2357,8,11,13.917156219482422
2357,9,11,13.970362663269043
2357,10,11,13.842846870422363
2357,11,11,13.908440589904785
2357,12,11,13.898290634155273
2358,1,12,12.295038223266602
2358,2,12,12.386398315429688
2358,3,12,12.360367774963379
2358,4,12,12.366029739379883
2358,5,12,12.352413177490234
2358,6,12,12.452896118164062
2358,7,12,12.455373764038086
2358,8,12,12.543431282043457
2358,9,12,12.552614212036133
2358,10,12,12.526920318603516
2358,11,12,12.527831077575684
2358,12,12,12.484322547912598
2359,1,8,14.888176918029785
2359,2,8,14.718432426452637
2359,3,8,12.927042007446289
2359,4,8,15.205183982849121
2359,5,8,14.355022430419922
2359,6,8,14.66518783569336
2359,7,8,14.783743858337402
2359,8,8,15.0483980178833
2359,9,8,14.80350399017334
2359,10,8,14.973601341247559
2359,11,8,15.089011192321777
2359,12,8,14.732933044433594
2360,1,10,10.782793045043945
2360,2,10,10.759705543518066
2360,3,10,10.871472358703613
2360,4,10,10.861385345458984
2360,5,10,10.884811401367188
2360,6,10,10.891922950744629
2360,7,10,10.939125061035156
2360,8,10,10.855963706970215
2360,9,10,11.010019302368164
2360,10,10,10.919193267822266
2360,11,10,11.120222091674805
2360,12,10,11.259596824645996
2361,1,12,7.520788669586182
2361,2,12,10.029077529907227
2361,3,12,9.016733169555664
2361,4,12,9.21863842010498
2361,5,12,8.984436988830566
2361,6,12,9.469581604003906
2361,7,12,9.571760177612305
2361,8,12,9.61108112335205
2361,9,12,9.648031234741211
2361,10,12,9.089418411254883
2361,11,12,9.95443058013916
2361,12,12,10.46996784210205
2362,1,12,14.860603332519531
2362,2,12,14.909159660339355
2362,3,12,15.4699068069458
2362,4,12,14.820363998413086
2362,5,12,15.338876724243164
2362,6,12,15.391319274902344
2362,7,12,14.820351600646973
2362,8,12,15.349760055541992
2362,9,12,15.484113693237305
2362,10,12,15.430200576782227
2362,11,12,15.269030570983887
2362,12,12,15.445915222167969
2363,1,5,11.060637474060059
2363,2,5,11.167874336242676
2363,3,5,11.206194877624512
2363,4,5,11.393147468566895
2363,5,5,11.23587417602539
2363,6,5,11.741676330566406
2363,7,5,11.437919616699219
2363,8,5,11.567327499389648
2363,9,5,11.468779563903809
2363,10,5,11.485074043273926
2363,11,5,11.59217643737793
2363,12,5,11.551534652709961
2364,1,10,13.03957748413086
2364,2,10,13.006443977355957
2364,3,10,13.169668197631836
2364,4,10,13.223160743713379
2364,5,10,13.198092460632324
2364,6,10,13.335926055908203
2364,7,10,13.413355827331543
2364,8,10,13.452659606933594
2364,9,10,13.493268966674805
2364,10,10,13.582420349121094
2364,11,10,13.728885650634766
2364,12,10,13.800944328308105
2365,1,3,10.35433578491211
2365,2,3,10.38011646270752
2365,3,3,10.326348304748535
2365,4,3,10.600207328796387
2365,5,3,10.814706802368164
2365,6,3,10.867711067199707
2365,7,3,10.877694129943848
2365,8,3,10.951098442077637
2365,9,3,11.061151504516602
2365,10,3,10.987040519714355
2365,11,3,11.02595329284668
2365,12,3,10.896310806274414
2366,1,12,11.032352447509766
2366,2,12,11.128239631652832
2366,3,12,11.13623046875
2366,4,12,11.191061973571777
2366,5,12,11.151189804077148
2366,6,12,11.331369400024414
2366,7,12,11.518054962158203
2366,8,12,12.125874519348145
2366,9,12,12.114989280700684
2366,10,12,11.880348205566406
2366,11,12,11.902993202209473
2366,12,12,11.856983184814453
2367,1,11,11.017308235168457
2367,2,11,10.947576522827148
2367,3,11,10.947877883911133
2367,4,11,10.966280937194824
2367,5,11,10.9647798538208
2367,6,11,11.022162437438965
2367,7,11,11.022726058959961
2367,8,11,11.148009300231934
2367,9,11,11.513460159301758
2367,10,11,11.584569931030273
2367,11,11,11.791858673095703
2367,12,11,11.920782089233398
2368,1,12,11.779220581054688
2368,2,12,11.783414840698242
2368,3,12,11.764680862426758
2368,4,12,11.735974311828613
2368,5,12,11.64576244354248
2368,6,12,11.69015884399414
2368,7,12,11.789759635925293
2368,8,12,12.1694917678833
2368,9,12,12.135615348815918
2368,10,12,12.00784969329834
2368,11,12,12.157087326049805
2368,12,12,11.908967018127441
2369,1,12,9.45775318145752
2369,2,12,9.545821189880371
2369,3,12,9.545230865478516
2369,4,12,9.509171485900879
2369,5,12,9.590479850769043
2369,6,12,9.758073806762695
2369,7,12,9.713348388671875
2369,8,12,9.747662544250488
2369,9,12,9.758101463317871
2369,10,12,9.763228416442871
2369,11,12,9.87309741973877
2369,12,12,9.912026405334473
2370,1,12,12.067790985107422
2370,2,12,12.116609573364258
2370,3,12,12.170336723327637
2370,4,12,12.188688278198242
2370,5,12,12.148624420166016
2370,6,12,12.187265396118164
2370,7,12,12.254326820373535
2370,8,12,12.293094635009766
2370,9,12,12.297991752624512
2370,10,12,12.26411247253418
2370,11,12,12.307385444641113
2370,12,12,12.309823989868164
2371,1,11,10.389430046081543
2371,2,11,10.346454620361328
2371,3,11,10.522994041442871
2371,4,11,10.556008338928223
2371,5,11,10.660673141479492
2371,6,11,10.661296844482422
2371,7,11,10.65742015838623
2371,8,11,10.735665321350098
2371,9,11,10.79092025756836
2371,10,11,11.252118110656738
2371,11,11,11.390878677368164
2371,12,11,11.405867576599121
2372,1,2,12.925930976867676
2372,2,2,13.108643531799316
2372,3,2,13.054752349853516
2372,4,2,13.231836318969727
2372,5,2,13.179326057434082
2372,6,2,13.24074935913086
2372,7,2,13.239972114562988
2372,8,2,13.340921401977539
2372,9,2,13.415444374084473
2372,10,2,13.398198127746582
2372,11,2,13.605441093444824
2372,12,2,13.423590660095215
2373,1,2,12.00814151763916
2373,2,2,11.978652000427246
2373,3,2,11.962794303894043
2373,4,2,12.276793479919434
2373,5,2,12.297080993652344
2373,6,2,12.282193183898926
2373,7,2,12.27514362335205
2373,8,2,12.149181365966797
2373,9,2,12.370847702026367
2373,10,2,12.461037635803223
2373,11,2,12.523431777954102
2373,12,2,12.49341106414795
2374,1,2,9.174762725830078
2374,2,2,9.13172721862793
2374,3,2,9.671183586120605
2374,4,2,9.75295352935791
2374,5,2,9.579453468322754
2374,6,2,9.61888599395752
2374,7,2,9.987544059753418
2374,8,2,9.959845542907715
2374,9,2,9.917232513427734
2374,10,2,9.905782699584961
2374,11,2,10.052335739135742
2374,12,2,10.013856887817383
2375,1,11,8.93292236328125
2375,2,11,9.18886947631836
2375,3,11,9.2554292678833
2375,4,11,9.217906951904297
2375,5,11,9.216254234313965
2375,6,11,9.905045509338379
2375,7,11,10.175076484680176
2375,8,11,10.245965003967285
2375,9,11,10.540182113647461
2375,10,11,10.791118621826172
2375,11,11,10.875730514526367
2375,12,11,11.073836326599121
2376,1,3,12.29347038269043
2376,2,3,12.289867401123047
2376,3,3,12.581932067871094
2376,4,3,13.04557991027832
2376,5,3,13.045294761657715
2376,6,3,13.152459144592285
2376,7,3,13.158203125
2376,8,3,13.182005882263184
2376,9,3,13.216662406921387
2376,10,3,13.165596961975098
2376,11,3,13.262674331665039
2376,12,3,12.996240615844727
2377,1,12,11.259705543518066
2377,2,12,11.288753509521484
2377,3,12,11.476170539855957
2377,4,12,11.524842262268066
2377,5,12,11.5670166015625
2377,6,12,11.729830741882324
2377,7,12,12.398998260498047
2377,8,12,12.366861343383789
2377,9,12,12.359448432922363
2377,10,12,12.330825805664062
2377,11,12,12.382075309753418
2377,12,12,12.35622501373291
2378,1,12,9.496194839477539
2378,2,12,9.572853088378906
2378,3,12,9.581061363220215
2378,4,12,9.701794624328613
2378,5,12,9.672843933105469
2378,6,12,9.792177200317383
2378,7,12,10.734173774719238
2378,8,12,10.9132661819458
2378,9,12,10.986174583435059
2378,10,12,10.978048324584961
2378,11,12,10.989968299865723
2378,12,12,12.875934600830078
2379,1,2,10.360928535461426
2379,2,2,10.531004905700684
2379,3,2,10.49949836730957
2379,4,2,10.576303482055664
2379,5,2,10.602256774902344
2379,6,2,10.87204360961914
2379,7,2,10.889766693115234
2379,8,2,10.945906639099121
2379,9,2,10.945695877075195
2379,10,2,10.761895179748535
2379,11,2,10.969218254089355
2379,12,2,10.789597511291504
2380,1,10,10.034411430358887
2380,2,10,10.223455429077148
2380,3,10,10.345528602600098
2380,4,10,10.315455436706543
2380,5,10,10.178598403930664
2380,6,10,10.341911315917969
2380,7,10,10.252324104309082
2380,8,10,10.115996360778809
2380,9,10,10.591873168945312
2380,10,10,10.3702974319458
2380,11,10,10.215944290161133
2380,12,10,9.90346622467041
2381,1,10,10.441534996032715
2381,2,10,10.510663986206055
2381,3,10,10.606012344360352
2381,4,10,10.654187202453613
2381,5,10,10.741092681884766
2381,6,10,10.76607894897461
2381,7,10,10.821081161499023
2381,8,10,10.729630470275879
2381,9,10,10.807268142700195
2381,10,10,10.96046257019043
2381,11,10,11.030749320983887
2381,12,10,10.904882431030273
2382,1,12,11.675958633422852
2382,2,12,11.770487785339355
2382,3,12,11.791078567504883
2382,4,12,11.7679443359375
2382,5,12,11.841608047485352
2382,6,12,11.872023582458496
2382,7,12,11.939905166625977
2382,8,12,11.997170448303223
2382,9,12,12.026707649230957
2382,10,12,12.024809837341309
2382,11,12,12.097941398620605
2382,12,12,12.136079788208008
2383,1,6,11.931824684143066
2383,2,6,12.014033317565918
2383,3,6,12.1510648727417
2383,4,6,12.341336250305176
2383,5,6,12.133855819702148
2383,6,6,12.478079795837402
2383,7,6,12.405511856079102
2383,8,6,12.52639389038086
2383,9,6,12.550768852233887
2383,10,6,12.625225067138672
2383,11,6,11.789410591125488
2383,12,6,11.744223594665527
2384,1,12,11.725321769714355
2384,2,12,11.806321144104004
2384,3,12,11.771291732788086
2384,4,12,11.777779579162598
2384,5,12,11.783041000366211
2384,6,12,11.839938163757324
2384,7,12,11.850433349609375
2384,8,12,12.001771926879883
2384,9,12,12.007384300231934
2384,10,12,11.935338973999023
2384,11,12,11.889692306518555
2384,12,12,11.901412010192871
2385,1,2,11.928661346435547
2385,2,2,11.876114845275879
2385,3,2,11.895082473754883
2385,4,2,11.924622535705566
2385,5,2,12.040266036987305
2385,6,2,12.067914962768555
2385,7,2,12.061481475830078
2385,8,2,12.093512535095215
2385,9,2,12.127351760864258
2385,10,2,12.068611145019531
2385,11,2,12.068445205688477
2385,12,2,12.079294204711914
2386,1,11,10.759127616882324
2386,2,11,10.901433944702148
2386,3,11,10.991848945617676
2386,4,11,11.06790542602539
2386,5,11,11.11055850982666
2386,6,11,11.229711532592773
2386,7,11,11.220742225646973
2386,8,11,11.341041564941406
2386,9,11,11.525866508483887
2386,10,11,11.615367889404297
2386,11,11,11.77236270904541
2386,12,11,11.81374454498291
2387,1,11,14.365204811096191
2387,2,11,14.432130813598633
2387,3,11,14.449399948120117
2387,4,11,14.494607925415039
2387,5,11,14.522354125976562
2387,6,11,14.690468788146973
2387,7,11,14.615964889526367
2387,8,11,15.124637603759766
2387,9,11,14.687204360961914
2387,10,11,15.248823165893555
2387,11,11,14.663830757141113
2387,12,11,15.757041931152344
2388,1,4,13.407405853271484
2388,2,4,13.507722854614258
2388,3,4,13.543920516967773
2388,4,4,13.676578521728516
2388,5,4,13.706212997436523
2388,6,4,13.603296279907227
2388,7,4,13.734522819519043
2388,8,4,13.774589538574219
2388,9,4,13.812382698059082
2388,10,4,13.726624488830566
2388,11,4,13.85254192352295
2388,12,4,13.81025218963623
2389,1,,9.723246574401855
2389,2,,9.844918251037598
2389,3,,9.756208419799805
2389,4,,9.907323837280273
2389,5,,9.956624984741211
2389,6,,9.981786727905273
2389,7,,9.85774040222168
2389,8,,9.945769309997559
2389,9,,9.654529571533203
2389,10,,10.038139343261719
2389,11,,10.042533874511719
2389,12,,9.997786521911621
2390,1,11,15.941693305969238
2390,2,11,16.02081298828125
2390,3,11,16.08063316345215
2390,4,11,16.159238815307617
2390,5,11,16.197175979614258
2390,6,11,16.271711349487305
2390,7,11,16.291046142578125
2390,8,11,16.32292366027832
2390,9,11,16.363788604736328
2390,10,11,16.35779571533203
2390,11,11,16.576385498046875
2390,12,11,16.755186080932617
2391,1,12,11.389166831970215
2391,2,12,11.327753067016602
2391,3,12,11.29123306274414
2391,4,12,11.693120956420898
2391,5,12,11.72956371307373
2391,6,12,11.804300308227539
2391,7,12,11.72730541229248
2391,8,12,11.787796974182129
2391,9,12,11.784424781799316
2391,10,12,11.747532844543457
2391,11,12,11.844829559326172
2391,12,12,11.859659194946289
2392,1,11,12.150432586669922
2392,2,11,12.394094467163086
2392,3,11,12.217927932739258
2392,4,11,12.155402183532715
2392,5,11,12.16624927520752
2392,6,11,12.165608406066895
2392,7,11,12.248568534851074
2392,8,11,12.150238037109375
2392,9,11,13.269376754760742
2392,10,11,12.306741714477539
2392,11,11,12.29969596862793
2392,12,11,12.988887786865234
2393,1,2,11.856181144714355
2393,2,2,11.813756942749023
2393,3,2,11.78945255279541
2393,4,2,11.916365623474121
2393,5,2,12.11136245727539
2393,6,2,12.171049118041992
2393,7,2,12.044170379638672
2393,8,2,12.108755111694336
2393,9,2,12.148213386535645
2393,10,2,12.107572555541992
2393,11,2,12.140599250793457
2393,12,2,12.12045955657959
2394,1,12,10.239171028137207
2394,2,12,10.309308052062988
2394,3,12,10.380842208862305
2394,4,12,10.41339111328125
2394,5,12,10.377391815185547
2394,6,12,10.798242568969727
2394,7,12,10.815877914428711
2394,8,12,10.914301872253418
2394,9,12,10.921137809753418
2394,10,12,10.934652328491211
2394,11,12,11.119784355163574
2394,12,12,11.172331809997559
2395,1,11,13.575173377990723
2395,2,11,13.52927017211914
2395,3,11,13.514935493469238
2395,4,11,13.51409912109375
2395,5,11,13.493202209472656
2395,6,11,13.56825065612793
2395,7,11,13.56613826751709
2395,8,11,13.65837287902832
2395,9,11,13.69691276550293
2395,10,11,13.704645156860352
2395,11,11,13.758152961730957
2395,12,11,14.349604606628418
2396,1,10,15.103800773620605
2396,2,10,14.789936065673828
2396,3,10,14.991653442382812
2396,4,10,15.049996376037598
2396,5,10,15.074645042419434
2396,6,10,15.11108112335205
2396,7,10,15.147605895996094
2396,8,10,15.20050048828125
2396,9,10,15.219450950622559
2396,10,10,15.235823631286621
2396,11,10,15.296382904052734
2396,12,10,15.25693416595459
2397,1,11,10.54666519165039
2397,2,11,10.31450080871582
2397,3,11,10.297224044799805
2397,4,11,10.406907081604004
2397,5,11,10.4569730758667
2397,6,11,10.567770004272461
2397,7,11,10.547548294067383
2397,8,11,10.517083168029785
2397,9,11,10.724906921386719
2397,10,11,10.741450309753418
2397,11,11,11.399391174316406
2397,12,11,11.31650161743164
2398,1,10,11.764893531799316
2398,2,10,11.763320922851562
2398,3,10,11.784550666809082
2398,4,10,11.839886665344238
2398,5,10,11.857336044311523
2398,6,10,12.010004997253418
2398,7,10,12.055270195007324
2398,8,10,12.047163963317871
2398,9,10,12.060858726501465
2398,10,10,12.116138458251953
2398,11,10,11.748658180236816
2398,12,10,12.168964385986328
2399,1,10,10.608909606933594
2399,2,10,10.538497924804688
2399,3,10,10.605579376220703
2399,4,10,10.616434097290039
2399,5,10,10.726713180541992
2399,6,10,10.684409141540527
2399,7,10,10.74466609954834
2399,8,10,10.860124588012695
2399,9,10,10.881011962890625
2399,10,10,10.976871490478516
2399,11,10,11.277414321899414
2399,12,10,12.020720481872559
2400,1,8,14.033679962158203
2400,2,8,14.07553482055664
2400,3,8,14.104768753051758
2400,4,8,14.138643264770508
2400,5,8,14.166114807128906
2400,6,8,14.187111854553223
2400,7,8,14.254866600036621
2400,8,8,14.421688079833984
2400,9,8,14.447248458862305
2400,10,8,14.484343528747559
2400,11,8,14.542194366455078
2400,12,8,14.548980712890625
2401,1,3,14.334457397460938
2401,2,3,14.42747688293457
2401,3,3,14.537810325622559
2401,4,3,14.532401084899902
2401,5,3,14.589750289916992
2401,6,3,14.672926902770996
2401,7,3,14.629395484924316
2401,8,3,14.705365180969238
2401,9,3,14.746232986450195
2401,10,3,14.885862350463867
2401,11,3,14.933900833129883
2401,12,3,14.951549530029297
2402,1,11,10.14255142211914
2402,2,11,10.240715980529785
2402,3,11,10.126251220703125
2402,4,11,10.213213920593262
2402,5,11,10.340487480163574
2402,6,11,10.442935943603516
2402,7,11,10.504166603088379
2402,8,11,10.284440994262695
2402,9,11,10.473150253295898
2402,10,11,10.52314281463623
2402,11,11,10.68113899230957
2402,12,11,10.914957046508789
2403,1,12,11.330705642700195
2403,2,12,10.991080284118652
2403,3,12,11.441993713378906
2403,4,12,10.818875312805176
2403,5,12,11.138439178466797
2403,6,12,11.48581314086914
2403,7,12,11.2570219039917
2403,8,12,11.425898551940918
2403,9,12,11.489496231079102
2403,10,12,11.642849922180176
2403,11,12,11.711167335510254
2403,12,12,11.497081756591797
2404,1,11,11.717721939086914
2404,2,11,11.746804237365723
2404,3,11,11.733492851257324
2404,4,11,11.720500946044922
2404,5,11,11.754372596740723
2404,6,11,11.775753021240234
2404,7,11,11.722525596618652
2404,8,11,11.702707290649414
2404,9,11,11.813833236694336
2404,10,11,11.771074295043945
2404,11,11,11.741924285888672
2404,12,11,11.736021995544434
2405,1,11,10.28238296508789
2405,2,11,10.324408531188965
2405,3,11,10.353312492370605
2405,4,11,10.432337760925293
2405,5,11,10.658644676208496
2405,6,11,10.5973539352417
2405,7,11,10.54856014251709
2405,8,11,10.577361106872559
2405,9,11,10.569127082824707
2405,10,11,10.74402904510498
2405,11,11,10.78377628326416
2405,12,11,11.376694679260254
2406,1,8,14.094430923461914
2406,2,8,14.14525318145752
2406,3,8,14.327125549316406
2406,4,8,14.364934921264648
2406,5,8,14.401772499084473
2406,6,8,14.597763061523438
2406,7,8,14.583747863769531
2406,8,8,14.63370132446289
2406,9,8,14.772836685180664
2406,10,8,14.69602108001709
2406,11,8,14.732834815979004
2406,12,8,14.737356185913086
2407,1,7,14.243245124816895
2407,2,7,14.42024040222168
2407,3,7,14.490690231323242
2407,4,7,14.5792236328125
2407,5,7,14.617817878723145
2407,6,7,14.69648265838623
2407,7,7,14.697245597839355
2407,8,7,14.802236557006836
2407,9,7,14.812865257263184
2407,10,7,14.858681678771973
2407,11,7,14.928059577941895
2407,12,7,14.924731254577637
2408,1,8,9.959036827087402
2408,2,8,9.875020027160645
2408,3,8,9.803071975708008
2408,4,8,9.726700782775879
2408,5,8,10.012837409973145
2408,6,8,9.6315336227417
2408,7,8,9.863442420959473
2408,8,8,9.923697471618652
2408,9,8,10.083538055419922
2408,10,8,10.248004913330078
2408,11,8,10.208273887634277
2408,12,8,10.043631553649902
2409,1,7,10.412846565246582
2409,2,7,10.623950958251953
2409,3,7,10.55302906036377
2409,4,7,10.490911483764648
2409,5,7,10.117485046386719
2409,6,7,10.577740669250488
2409,7,7,10.710811614990234
2409,8,7,10.672293663024902
2409,9,7,10.859541893005371
2409,10,7,10.772908210754395
2409,11,7,10.803281784057617
2409,12,7,10.863286972045898
2410,1,11,15.939384460449219
2410,2,11,16.084484100341797
2410,3,11,16.116943359375
2410,4,11,16.283100128173828
2410,5,11,16.308412551879883
2410,6,11,16.358884811401367
2410,7,11,16.582866668701172
2410,8,11,16.624113082885742
2410,9,11,16.69501304626465
2410,10,11,16.714052200317383
2410,11,11,16.778324127197266
2410,12,11,17.051755905151367
2411,1,11,10.06126594543457
2411,2,11,9.8888578414917
2411,3,11,9.784647941589355
2411,4,11,9.735577583312988
2411,5,11,9.745762825012207
2411,6,11,10.027938842773438
2411,7,11,10.11672592163086
2411,8,11,10.032649993896484
2411,9,11,9.927961349487305
2411,10,11,10.522692680358887
2411,11,11,10.581998825073242
2411,12,11,10.606354713439941
2412,1,10,10.326369285583496
2412,2,10,10.553709030151367
2412,3,10,10.445026397705078
2412,4,10,10.357983589172363
2412,5,10,10.290364265441895
2412,6,10,10.593205451965332
2412,7,10,10.530960083007812
2412,8,10,10.524850845336914
2412,9,10,10.547225952148438
2412,10,10,10.444748878479004
2412,11,10,10.188250541687012
2412,12,10,10.272848129272461
2413,1,7,10.122620582580566
2413,2,7,10.067455291748047
2413,3,7,10.063884735107422
2413,4,7,10.087519645690918
2413,5,7,10.080832481384277
2413,6,7,10.11980152130127
2413,7,7,10.194156646728516
2413,8,7,10.23382568359375
2413,9,7,10.251602172851562
2413,10,7,10.203179359436035
2413,11,7,10.260893821716309
2413,12,7,10.235280990600586
2414,1,9,14.370609283447266
2414,2,9,14.432866096496582
2414,3,9,14.717703819274902
2414,4,9,14.765976905822754
2414,5,9,14.773151397705078
2414,6,9,14.641657829284668
2414,7,9,15.279088973999023
2414,8,9,15.130688667297363
2414,9,9,15.239461898803711
2414,10,9,14.761354446411133
2414,11,9,14.72016429901123
2414,12,9,14.938178062438965
2415,1,7,12.818107604980469
2415,2,7,12.775014877319336
2415,3,7,12.768020629882812
2415,4,7,12.791586875915527
2415,5,7,12.833438873291016
2415,6,7,12.874747276306152
2415,7,7,13.062315940856934
2415,8,7,13.108874320983887
2415,9,7,13.091782569885254
2415,10,7,13.135604858398438
2415,11,7,13.138476371765137
2415,12,7,13.209731101989746
2416,1,10,12.196728706359863
2416,2,10,12.428445816040039
2416,3,10,12.36707878112793
2416,4,10,12.350687026977539
2416,5,10,12.361639022827148
2416,6,10,12.435382843017578
2416,7,10,12.499482154846191
2416,8,10,12.56301498413086
2416,9,10,12.549684524536133
2416,10,10,12.4807710647583
2416,11,10,12.706002235412598
2416,12,10,12.682168960571289
2417,1,5,10.04261302947998
2417,2,5,10.559823036193848
2417,3,5,10.471354484558105
2417,4,5,10.551759719848633
2417,5,5,10.473498344421387
2417,6,5,10.57311725616455
2417,7,5,10.775794982910156
2417,8,5,10.86620807647705
2417,9,5,10.845749855041504
2417,10,5,11.047039031982422
2417,11,5,11.043203353881836
2417,12,5,11.053715705871582
2418,1,7,11.620866775512695
2418,2,7,11.629352569580078
2418,3,7,11.65505313873291
2418,4,7,11.697135925292969
2418,5,7,11.679553031921387
2418,6,7,11.706927299499512
2418,7,7,12.125535011291504
2418,8,7,12.07313346862793
2418,9,7,12.386359214782715
2418,10,7,12.261618614196777
2418,11,7,12.271588325500488
2418,12,7,12.269342422485352
2419,1,7,10.880122184753418
2419,2,7,10.951276779174805
2419,3,7,10.993545532226562
2419,4,7,10.947307586669922
2419,5,7,11.023965835571289
2419,6,7,11.031097412109375
2419,7,7,11.081199645996094
2419,8,7,11.540538787841797
2419,9,7,11.515809059143066
2419,10,7,11.398000717163086
2419,11,7,11.420411109924316
2419,12,7,11.572610855102539
2420,1,12,11.243423461914062
2420,2,12,10.978309631347656
2420,3,12,10.770465850830078
2420,4,12,10.940678596496582
2420,5,12,11.03899097442627
2420,6,12,11.113771438598633
2420,7,12,11.185534477233887
2420,8,12,11.37606143951416
2420,9,12,11.384300231933594
2420,10,12,11.43826961517334
2420,11,12,11.519548416137695
2420,12,12,11.49466609954834
2421,1,9,13.569404602050781
2421,2,9,13.608908653259277
2421,3,9,13.586804389953613
2421,4,9,13.963963508605957
2421,5,9,13.647101402282715
2421,6,9,13.678038597106934
2421,7,9,13.760494232177734
2421,8,9,13.768411636352539
2421,9,9,13.863390922546387
2421,10,9,14.417437553405762
2421,11,9,14.449807167053223
2421,12,9,14.467146873474121
2422,1,10,14.60665225982666
2422,2,10,14.688373565673828
2422,3,10,14.771191596984863
2422,4,10,14.824833869934082
2422,5,10,14.84221076965332
2422,6,10,14.83950138092041
2422,7,10,14.867977142333984
2422,8,10,14.875287055969238
2422,9,10,14.91153335571289
2422,10,10,14.930780410766602
2422,11,10,15.018903732299805
2422,12,10,14.954174041748047
2423,1,11,15.924208641052246
2423,2,11,15.865547180175781
2423,3,11,16.077030181884766
2423,4,11,15.989200592041016
2423,5,11,15.999005317687988
2423,6,11,16.082551956176758
2423,7,11,16.18278694152832
2423,8,11,16.110191345214844
2423,9,11,15.927153587341309
2423,10,11,16.152870178222656
2423,11,11,16.249664306640625
2423,12,11,16.330059051513672
2424,1,4,11.903858184814453
2424,2,4,11.815625190734863
2424,3,4,11.974248886108398
2424,4,4,12.029158592224121
2424,5,4,12.178933143615723
2424,6,4,12.375913619995117
2424,7,4,12.363354682922363
2424,8,4,12.427616119384766
2424,9,4,12.35020637512207
2424,10,4,12.266036033630371
2424,11,4,12.227082252502441
2424,12,4,12.179620742797852
2425,1,6,10.20598030090332
2425,2,6,10.02910041809082
2425,3,6,10.008469581604004
2425,4,6,10.179475784301758
2425,5,6,10.137334823608398
2425,6,6,10.362411499023438
2425,7,6,10.417412757873535
2425,8,6,10.613853454589844
2425,9,6,10.434897422790527
2425,10,6,10.537898063659668
2425,11,6,10.442035675048828
2425,12,6,10.390660285949707
2426,1,11,11.049113273620605
2426,2,11,11.166183471679688
2426,3,11,11.151712417602539
2426,4,11,11.151996612548828
2426,5,11,11.164231300354004
2426,6,11,11.274188041687012
2426,7,11,11.237555503845215
2426,8,11,11.321782112121582
2426,9,11,11.360169410705566
2426,10,11,11.627655982971191
2426,11,11,11.729019165039062
2426,12,11,11.64467716217041
2427,1,12,13.943944931030273
2427,2,12,13.931303977966309
2427,3,12,13.856786727905273
2427,4,12,13.900279998779297
2427,5,12,13.84885311126709
2427,6,12,13.869932174682617
2427,7,12,13.901802062988281
2427,8,12,14.06908130645752
2427,9,12,14.097980499267578
2427,10,12,14.173492431640625
2427,11,12,14.154975891113281
2427,12,12,14.107645988464355
2428,1,12,0.0
2428,2,12,8.218408584594727
2428,3,12,8.235597610473633
2428,4,12,8.730597496032715
2428,5,12,8.31199836730957
2428,6,12,8.820345878601074
2428,7,12,9.151995658874512
2428,8,12,9.083502769470215
2428,9,12,8.603291511535645
2428,10,12,8.816688537597656
2428,11,12,8.837639808654785
2428,12,12,9.247802734375
2429,1,10,11.289653778076172
2429,2,10,11.269007682800293
2429,3,10,11.275625228881836
2429,4,10,11.457830429077148
2429,5,10,11.403264045715332
2429,6,10,11.540143013000488
2429,7,10,11.565369606018066
2429,8,10,11.63753890991211
2429,9,10,11.669665336608887
2429,10,10,11.724733352661133
2429,11,10,11.919122695922852
2429,12,10,11.916593551635742
2430,1,2,11.229963302612305
2430,2,2,11.416792869567871
2430,3,2,11.510356903076172
2430,4,2,11.5444974899292
2430,5,2,11.559662818908691
2430,6,2,11.618941307067871
2430,7,2,11.573610305786133
2430,8,2,11.721251487731934
2430,9,2,11.704668045043945
2430,10,2,11.753753662109375
2430,11,2,11.74087905883789
2430,12,2,11.775861740112305
2431,1,12,10.144538879394531
2431,2,12,10.299077033996582
2431,3,12,10.350661277770996
2431,4,12,10.241626739501953
2431,5,12,10.250083923339844
2431,6,12,10.602812767028809
2431,7,12,10.527436256408691
2431,8,12,10.574797630310059
2431,9,12,10.463127136230469
2431,10,12,10.62430191040039
2431,11,12,10.581774711608887
2431,12,12,11.224843978881836
2432,1,7,13.830216407775879
2432,2,7,13.780135154724121
2432,3,7,13.85460376739502
2432,4,7,13.799473762512207
2432,5,7,13.903799057006836
2432,6,7,13.72968864440918
2432,7,7,13.935397148132324
2432,8,7,13.991368293762207
2432,9,7,14.185681343078613
2432,10,7,14.435103416442871
2432,11,7,14.098258018493652
2432,12,7,14.120287895202637
2433,1,2,11.109373092651367
2433,2,2,11.427809715270996
2433,3,2,11.461742401123047
2433,4,2,11.495636940002441
2433,5,2,11.508678436279297
2433,6,2,11.54416561126709
2433,7,2,11.634664535522461
2433,8,2,11.73477840423584
2433,9,2,11.774288177490234
2433,10,2,11.834811210632324
2433,11,2,11.85644245147705
2433,12,2,11.865442276000977
2434,1,12,15.756209373474121
2434,2,12,15.795339584350586
2434,3,12,15.854203224182129
2434,4,12,15.904842376708984
2434,5,12,15.942984580993652
2434,6,12,15.996881484985352
2434,7,12,15.992883682250977
2434,8,12,16.423795700073242
2434,9,12,16.524991989135742
2434,10,12,16.567636489868164
2434,11,12,16.608474731445312
2434,12,12,16.632314682006836
2435,1,10,8.740743637084961
2435,2,10,9.320178985595703
2435,3,10,8.935982704162598
2435,4,10,9.879984855651855
2435,5,10,10.179537773132324
2435,6,10,8.788808822631836
2435,7,10,9.385102272033691
2435,8,10,9.506598472595215
2435,9,10,9.935586929321289
2435,10,10,10.101069450378418
2435,11,10,9.994930267333984
2435,12,10,10.026147842407227
2436,1,10,11.051475524902344
2436,2,10,11.522211074829102
2436,3,10,11.66425609588623
2436,4,10,11.33598518371582
2436,5,10,11.608331680297852
2436,6,10,11.545212745666504
2436,7,10,11.522031784057617
2436,8,10,11.336799621582031
2436,9,10,11.20332145690918
2436,10,10,11.521374702453613
2436,11,10,11.686319351196289
2436,12,10,11.783164024353027
2437,1,3,10.903644561767578
2437,2,3,11.319085121154785
2437,3,3,11.48727035522461
2437,4,3,11.757760047912598
2437,5,3,11.889874458312988
2437,6,3,11.837533950805664
2437,7,3,11.884159088134766
2437,8,3,11.927711486816406
2437,9,3,12.202075004577637
2437,10,3,12.352294921875
2437,11,3,12.541793823242188
2437,12,3,12.515965461730957
2438,1,11,10.687886238098145
2438,2,11,10.694849014282227
2438,3,11,10.789874076843262
2438,4,11,10.783153533935547
2438,5,11,10.774003028869629
2438,6,11,10.73719596862793
2438,7,11,10.688891410827637
2438,8,11,10.896514892578125
2438,9,11,10.869269371032715
2438,10,11,10.82652759552002
2438,11,11,10.747446060180664
2438,12,11,10.828686714172363
2439,1,12,10.847762107849121
2439,2,12,11.119383811950684
2439,3,12,11.051068305969238
2439,4,12,11.086055755615234
2439,5,12,10.980066299438477
2439,6,12,11.08674144744873
2439,7,12,11.15578842163086
2439,8,12,11.330873489379883
2439,9,12,11.3453369140625
2439,10,12,11.479928970336914
2439,11,12,11.512709617614746
2439,12,12,11.423321723937988
2440,1,8,9.205405235290527
2440,2,8,9.431495666503906
2440,3,8,9.286083221435547
2440,4,8,9.276076316833496
2440,5,8,9.208107948303223
2440,6,8,9.16712474822998
2440,7,8,9.413382530212402
2440,8,8,9.633021354675293
2440,9,8,9.7294340133667
2440,10,8,9.875494003295898
2440,11,8,9.898774147033691
2440,12,8,9.84296703338623
2441,1,8,10.962936401367188
2441,2,8,11.018366813659668
2441,3,8,11.013092994689941
2441,4,8,11.038591384887695
2441,5,8,10.983183860778809
2441,6,8,11.053094863891602
2441,7,8,11.055380821228027
2441,8,8,11.255253791809082
2441,9,8,11.362127304077148
2441,10,8,11.25709056854248
2441,11,8,11.222091674804688
2441,12,8,11.199487686157227
2442,1,2,10.39676284790039
2442,2,2,10.517815589904785
2442,3,2,10.556657791137695
2442,4,2,10.785558700561523
2442,5,2,10.76674747467041
2442,6,2,10.881049156188965
2442,7,2,11.319283485412598
2442,8,2,11.334696769714355
2442,9,2,11.443703651428223
2442,10,2,11.091293334960938
2442,11,2,11.113724708557129
2442,12,2,11.044637680053711
2443,1,5,11.656359672546387
2443,2,5,11.791910171508789
2443,3,5,11.78658390045166
2443,4,5,11.863248825073242
2443,5,5,11.897080421447754
2443,6,5,12.243148803710938
2443,7,5,12.573592185974121
2443,8,5,12.494454383850098
2443,9,5,12.508758544921875
2443,10,5,12.294540405273438
2443,11,5,12.388304710388184
2443,12,5,12.352763175964355
2444,1,,10.780593872070312
2444,2,,11.230289459228516
2444,3,,11.180191040039062
2444,4,,11.323432922363281
2444,5,,11.31153392791748
2444,6,,11.356040954589844
2444,7,,11.33319091796875
2444,8,,11.369169235229492
2444,9,,11.350281715393066
2444,10,,11.47459602355957
2444,11,,11.413753509521484
2444,12,,11.432066917419434
2445,1,10,11.845795631408691
2445,2,10,11.87719440460205
2445,3,10,11.865625381469727
2445,4,10,11.828063011169434
2445,5,10,11.83212661743164
2445,6,10,12.221149444580078
2445,7,10,12.266312599182129
2445,8,10,12.298412322998047
2445,9,10,12.325102806091309
2445,10,10,12.2780179977417
2445,11,10,12.583873748779297
2445,12,10,12.613760948181152
2446,1,6,10.67441463470459
2446,2,6,10.708047866821289
2446,3,6,10.816113471984863
2446,4,6,10.857002258300781
2446,5,6,10.825788497924805
2446,6,6,10.776395797729492
2446,7,6,10.912679672241211
2446,8,6,11.00518798828125
2446,9,6,11.09192943572998
2446,10,6,11.075051307678223
2446,11,6,11.228799819946289
2446,12,6,11.191459655761719
2447,1,10,11.042620658874512
2447,2,10,11.037158966064453
2447,3,10,11.062277793884277
2447,4,10,11.181633949279785
2447,5,10,11.212225914001465
2447,6,10,11.189188957214355
2447,7,10,11.4467134475708
2447,8,10,12.965988159179688
2447,9,10,11.560338973999023
2447,10,10,12.004693031311035
2447,11,10,12.012317657470703
2447,12,10,12.002455711364746
2448,1,3,11.794261932373047
2448,2,3,11.665863990783691
2448,3,3,11.696049690246582
2448,4,3,11.723133087158203
2448,5,3,12.02554702758789
2448,6,3,12.12692928314209
2448,7,3,12.349672317504883
2448,8,3,12.428451538085938
2448,9,3,12.453908920288086
2448,10,3,12.254117012023926
2448,11,3,12.260161399841309
2448,12,3,12.220597267150879
2449,1,10,10.488956451416016
2449,2,10,10.592759132385254
2449,3,10,10.57215690612793
2449,4,10,10.625679969787598
2449,5,10,10.688786506652832
2449,6,10,10.753488540649414
2449,7,10,10.78337287902832
2449,8,10,10.849309921264648
2449,9,10,10.822937965393066
2449,10,10,10.90414047241211
2449,11,10,11.425704002380371
2449,12,10,11.3862943649292
2450,1,3,11.613470077514648
2450,2,3,11.788339614868164
2450,3,3,11.808594703674316
2450,4,3,11.81062126159668
2450,5,3,11.817191123962402
2450,6,3,11.902308464050293
2450,7,3,12.224678039550781
2450,8,3,12.284246444702148
2450,9,3,12.265778541564941
2450,10,3,12.116479873657227
2450,11,3,12.262646675109863
2450,12,3,12.234212875366211
2451,1,10,15.147406578063965
2451,2,10,15.159514427185059
2451,3,10,15.256255149841309
2451,4,10,15.302425384521484
2451,5,10,15.21889591217041
2451,6,10,15.264004707336426
2451,7,10,15.287511825561523
2451,8,10,15.322038650512695
2451,9,10,15.371569633483887
2451,10,10,15.273422241210938
2451,11,10,15.296098709106445
2451,12,10,15.284838676452637
2452,1,11,10.247894287109375
2452,2,11,10.348264694213867
2452,3,11,10.370573043823242
2452,4,11,10.200922012329102
2452,5,11,10.279465675354004
2452,6,11,10.377399444580078
2452,7,11,10.492461204528809
2452,8,11,10.550467491149902
2452,9,11,10.567342758178711
2452,10,11,10.594749450683594
2452,11,11,10.707913398742676
2452,12,11,10.661775588989258
2453,1,9,10.387910842895508
2453,2,9,10.538544654846191
2453,3,9,10.549705505371094
2453,4,9,10.638608932495117
2453,5,9,10.650429725646973
2453,6,9,11.198603630065918
2453,7,9,11.162748336791992
2453,8,9,11.370048522949219
2453,9,9,11.373291015625
2453,10,9,12.243728637695312
2453,11,9,10.898139953613281
2453,12,9,10.809541702270508
2454,1,5,11.054642677307129
2454,2,5,11.10739803314209
2454,3,5,11.22707462310791
2454,4,5,11.325428009033203
2454,5,5,11.312666893005371
2454,6,5,11.745656967163086
2454,7,5,11.824666976928711
2454,8,5,11.806955337524414
2454,9,5,12.067086219787598
2454,10,5,12.071438789367676
2454,11,5,12.0805025100708
2454,12,5,12.052518844604492
2455,1,5,12.571304321289062
2455,2,5,12.573028564453125
2455,3,5,12.487037658691406
2455,4,5,12.431259155273438
2455,5,5,12.374994277954102
2455,6,5,12.466197967529297
2455,7,5,12.62269115447998
2455,8,5,12.811767578125
2455,9,5,12.846334457397461
2455,10,5,12.930205345153809
2455,11,5,12.936487197875977
2455,12,5,12.814306259155273
2456,1,10,12.549751281738281
2456,2,10,12.590963363647461
2456,3,10,12.665651321411133
2456,4,10,12.648561477661133
2456,5,10,12.669569969177246
2456,6,10,12.779396057128906
2456,7,10,12.813297271728516
2456,8,10,12.851361274719238
2456,9,10,12.835352897644043
2456,10,10,12.943656921386719
2456,11,10,12.998984336853027
2456,12,10,12.983596801757812
2457,1,4,9.853019714355469
2457,2,4,9.812469482421875
2457,3,4,9.95649242401123
2457,4,4,10.385716438293457
2457,5,4,10.36902141571045
2457,6,4,10.41947078704834
2457,7,4,10.387199401855469
2457,8,4,10.438882827758789
2457,9,4,10.466020584106445
2457,10,4,10.585493087768555
2457,11,4,10.50757122039795
2457,12,4,10.464824676513672
2458,1,3,13.434880256652832
2458,2,3,13.397886276245117
2458,3,3,13.46876335144043
2458,4,3,13.608715057373047
2458,5,3,13.683326721191406
2458,6,3,13.652393341064453
2458,7,3,14.140287399291992
2458,8,3,14.172687530517578
2458,9,3,14.256486892700195
2458,10,3,14.093904495239258
2458,11,3,14.645936012268066
2458,12,3,14.541613578796387
2459,1,10,10.984549522399902
2459,2,10,11.039502143859863
2459,3,10,11.082405090332031
2459,4,10,11.112317085266113
2459,5,10,11.15060043334961
2459,6,10,11.216520309448242
2459,7,10,11.1768217086792
2459,8,10,11.417854309082031
2459,9,10,11.481199264526367
2459,10,10,11.436813354492188
2459,11,10,11.58716869354248
2459,12,10,11.502095222473145
2460,1,3,11.554350852966309
2460,2,3,11.6121187210083
2460,3,3,11.618186950683594
2460,4,3,11.954739570617676
2460,5,3,12.154128074645996
2460,6,3,12.150941848754883
2460,7,3,12.107155799865723
2460,8,3,12.21040153503418
2460,9,3,12.253396987915039
2460,10,3,12.283997535705566
2460,11,3,12.300366401672363
2460,12,3,12.32314682006836
2461,1,12,12.669266700744629
2461,2,12,12.711565017700195
2461,3,12,12.834693908691406
2461,4,12,13.672069549560547
2461,5,12,13.053828239440918
2461,6,12,13.086152076721191
2461,7,12,13.390715599060059
2461,8,12,13.320429801940918
2461,9,12,13.408430099487305
2461,10,12,13.200834274291992
2461,11,12,13.215683937072754
2461,12,12,13.297172546386719
2462,1,7,10.32235050201416
2462,2,7,10.343353271484375
2462,3,7,10.650471687316895
2462,4,7,10.307096481323242
2462,5,7,10.285521507263184
2462,6,7,10.482629776000977
2462,7,7,10.465901374816895
2462,8,7,10.498615264892578
2462,9,7,10.631943702697754
2462,10,7,10.600519180297852
2462,11,7,10.5465087890625
2462,12,7,10.605284690856934
2463,1,10,10.394509315490723
2463,2,10,10.491493225097656
2463,3,10,10.52730941772461
2463,4,10,10.622038841247559
2463,5,10,11.094561576843262
2463,6,10,11.190047264099121
2463,7,10,11.214964866638184
2463,8,10,11.545134544372559
2463,9,10,11.670111656188965
2463,10,10,11.828756332397461
2463,11,10,11.933289527893066
2463,12,10,11.934508323669434
2464,1,6,13.421156883239746
2464,2,6,13.573539733886719
2464,3,6,13.534461975097656
2464,4,6,13.553926467895508
2464,5,6,13.479496002197266
2464,6,6,13.346813201904297
2464,7,6,14.040848731994629
2464,8,6,14.069395065307617
2464,9,6,14.009416580200195
2464,10,6,14.119044303894043
2464,11,6,14.138113975524902
2464,12,6,13.992855072021484
2465,1,11,12.611030578613281
2465,2,11,12.700547218322754
2465,3,11,12.801858901977539
2465,4,11,12.705709457397461
2465,5,11,12.752357482910156
2465,6,11,12.823445320129395
2465,7,11,12.92720890045166
2465,8,11,12.958466529846191
2465,9,11,12.985984802246094
2465,10,11,12.973997116088867
2465,11,11,13.391643524169922
2465,12,11,13.36137866973877
2466,1,3,10.664308547973633
2466,2,3,10.672718048095703
2466,3,3,10.641183853149414
2466,4,3,10.722739219665527
2466,5,3,10.965340614318848
2466,6,3,11.02550983428955
2466,7,3,11.025673866271973
2466,8,3,10.998351097106934
2466,9,3,10.959619522094727
2466,10,3,10.83216381072998
2466,11,3,10.788162231445312
2466,12,3,10.7149076461792
2467,1,12,12.899154663085938
2467,2,12,12.869808197021484
2467,3,12,13.485822677612305
2467,4,12,13.614575386047363
2467,5,12,13.729351043701172
2467,6,12,14.030774116516113
2467,7,12,14.029158592224121
2467,8,12,14.187382698059082
2467,9,12,14.286443710327148
2467,10,12,14.153268814086914
2467,11,12,14.295082092285156
2467,12,12,14.518739700317383
2468,1,9,10.57681655883789
2468,2,9,10.657454490661621
2468,3,9,10.69189453125
2468,4,9,10.920928001403809
2468,5,9,10.96543025970459
2468,6,9,11.067545890808105
2468,7,9,10.888472557067871
2468,8,9,10.889812469482422
2468,9,9,10.957551002502441
2468,10,9,11.167404174804688
2468,11,9,11.191179275512695
2468,12,9,11.186981201171875
2469,1,10,10.084196090698242
2469,2,10,10.207958221435547
2469,3,10,10.224961280822754
2469,4,10,10.145566940307617
2469,5,10,10.102433204650879
2469,6,10,10.376274108886719
2469,7,10,10.396090507507324
2469,8,10,10.873565673828125
2469,9,10,10.845166206359863
2469,10,10,10.96402359008789
2469,11,10,11.539613723754883
2469,12,10,11.476073265075684
2470,1,11,11.705724716186523
2470,2,11,11.78056812286377
2470,3,11,11.943096160888672
2470,4,11,12.025166511535645
2470,5,11,12.095796585083008
2470,6,11,12.164947509765625
2470,7,11,12.287590980529785
2470,8,11,12.339106559753418
2470,9,11,12.43242073059082
2470,10,11,12.461082458496094
2470,11,11,12.465250015258789
2470,12,11,12.470832824707031
2471,1,8,11.511456489562988
2471,2,8,11.580188751220703
2471,3,8,11.463151931762695
2471,4,8,11.649910926818848
2471,5,8,11.714377403259277
2471,6,8,11.589558601379395
2471,7,8,11.789058685302734
2471,8,8,12.023653984069824
2471,9,8,12.390107154846191
2471,10,8,12.464316368103027
2471,11,8,12.476703643798828
2471,12,8,12.400287628173828
2472,1,11,12.486858367919922
2472,2,11,12.584794998168945
2472,3,11,12.610219955444336
2472,4,11,12.667102813720703
2472,5,11,12.699118614196777
2472,6,11,12.735139846801758
2472,7,11,12.769671440124512
2472,8,11,12.863204956054688
2472,9,11,12.980393409729004
2472,10,11,12.97263240814209
2472,11,11,12.576887130737305
2472,12,11,13.332179069519043
2473,1,6,11.49122428894043
2473,2,6,11.472667694091797
2473,3,6,11.515961647033691
2473,4,6,11.517365455627441
2473,5,6,11.467494010925293
2473,6,6,11.492838859558105
2473,7,6,12.091479301452637
2473,8,6,12.293964385986328
2473,9,6,12.3353271484375
2473,10,6,12.02889633178711
2473,11,6,12.001177787780762
2473,12,6,11.997929573059082
2474,1,11,11.386031150817871
2474,2,11,11.712740898132324
2474,3,11,11.74868392944336
2474,4,11,11.72864055633545
2474,5,11,11.80684757232666
2474,6,11,11.899950981140137
2474,7,11,11.962947845458984
2474,8,11,13.355413436889648
2474,9,11,12.076332092285156
2474,10,11,13.671303749084473
2474,11,11,12.435898780822754
2474,12,11,12.568668365478516
2475,1,2,13.87423324584961
2475,2,2,13.902663230895996
2475,3,2,14.083558082580566
2475,4,2,13.939804077148438
2475,5,2,14.002031326293945
2475,6,2,14.077119827270508
2475,7,2,14.33952522277832
2475,8,2,14.470017433166504
2475,9,2,14.623659133911133
2475,10,2,14.584997177124023
2475,11,2,14.579504013061523
2475,12,2,14.51108455657959
2476,1,10,10.432920455932617
2476,2,10,10.38303279876709
2476,3,10,10.503376960754395
2476,4,10,10.51406478881836
2476,5,10,10.588747024536133
2476,6,10,10.780089378356934
2476,7,10,10.723758697509766
2476,8,10,10.63924789428711
2476,9,10,10.621337890625
2476,10,10,10.830727577209473
2476,11,10,10.911423683166504
2476,12,10,10.808661460876465
2477,1,10,11.494850158691406
2477,2,10,11.599994659423828
2477,3,10,11.581413269042969
2477,4,10,11.661152839660645
2477,5,10,11.607073783874512
2477,6,10,11.719396591186523
2477,7,10,11.710402488708496
2477,8,10,11.823310852050781
2477,9,10,11.8479642868042
2477,10,10,11.924200057983398
2477,11,10,11.970742225646973
2477,12,10,11.962387084960938
2478,1,9,16.68541717529297
2478,2,9,16.723159790039062
2478,3,9,16.69859504699707
2478,4,9,16.779151916503906
2478,5,9,16.87276268005371
2478,6,9,16.747663497924805
2478,7,9,17.084941864013672
2478,8,9,17.262470245361328
2478,9,9,17.319324493408203
2478,10,9,17.305171966552734
2478,11,9,17.337560653686523
2478,12,9,17.211240768432617
2479,1,,9.583002090454102
2479,2,,9.757177352905273
2479,3,,10.156496047973633
2479,4,,10.566104888916016
2479,5,,11.119894981384277
2479,6,,10.9580717086792
2479,7,,11.092730522155762
2479,8,,11.194684982299805
2479,9,,11.227437019348145
2479,10,,11.351448059082031
2479,11,,11.411502838134766
2479,12,,11.362396240234375
2480,1,4,12.16347885131836
2480,2,4,11.9474515914917
2480,3,4,11.917818069458008
2480,4,4,11.991175651550293
2480,5,4,11.911839485168457
2480,6,4,12.065606117248535
2480,7,4,12.04245662689209
2480,8,4,12.093689918518066
2480,9,4,12.154455184936523
2480,10,4,12.010845184326172
2480,11,4,12.096565246582031
2480,12,4,12.129929542541504
2481,1,12,17.003873825073242
2481,2,12,15.00100040435791
2481,3,12,16.97631072998047
2481,4,12,17.12555694580078
2481,5,12,17.110336303710938
2481,6,12,17.196271896362305
2481,7,12,17.32569694519043
2481,8,12,17.305171966552734
2481,9,12,17.338613510131836
2481,10,12,17.335758209228516
2481,11,12,16.996177673339844
2481,12,12,17.565204620361328
2482,1,10,11.043057441711426
2482,2,10,11.107696533203125
2482,3,10,11.201885223388672
2482,4,10,11.10607624053955
2482,5,10,11.160637855529785
2482,6,10,11.281473159790039
2482,7,10,11.2840576171875
2482,8,10,11.336532592773438
2482,9,10,11.426375389099121
2482,10,10,11.283724784851074
2482,11,10,11.49208927154541
2482,12,10,11.482741355895996
2483,1,6,9.30603313446045
2483,2,6,9.637829780578613
2483,3,6,9.464303970336914
2483,4,6,13.238755226135254
2483,5,6,9.447555541992188
2483,6,6,10.024630546569824
2483,7,6,9.916525840759277
2483,8,6,10.223357200622559
2483,9,6,9.962498664855957
2483,10,6,10.083209037780762
2483,11,6,10.063445091247559
2483,12,6,10.138873100280762
2484,1,11,11.852805137634277
2484,2,11,11.90385627746582
2484,3,11,12.01211166381836
2484,4,11,12.072360038757324
2484,5,11,11.626054763793945
2484,6,11,11.718812942504883
2484,7,11,11.517287254333496
2484,8,11,11.603218078613281
2484,9,11,11.55810832977295
2484,10,11,11.450634956359863
2484,11,11,11.525793075561523
2484,12,11,11.439437866210938
2485,1,3,10.600805282592773
2485,2,3,10.601577758789062
2485,3,3,10.644033432006836
2485,4,3,10.556358337402344
2485,5,3,10.603702545166016
2485,6,3,10.675849914550781
2485,7,3,10.688899040222168
2485,8,3,10.656911849975586
2485,9,3,10.7776460647583
2485,10,3,10.707704544067383
2485,11,3,10.874202728271484
2485,12,3,11.049434661865234
2486,1,7,12.56184196472168
2486,2,7,12.77586841583252
2486,3,7,12.625540733337402
2486,4,7,12.402005195617676
2486,5,7,12.507101058959961
2486,6,7,12.687261581420898
2486,7,7,13.30770492553711
2486,8,7,13.40397834777832
2486,9,7,13.531838417053223
2486,10,7,13.366318702697754
2486,11,7,13.397688865661621
2486,12,7,13.325186729431152
2487,1,11,10.081680297851562
2487,2,11,10.492114067077637
2487,3,11,10.60649299621582
2487,4,11,11.022395133972168
2487,5,11,11.116695404052734
2487,6,11,11.145495414733887
2487,7,11,11.383838653564453
2487,8,11,11.415621757507324
2487,9,11,11.422802925109863
2487,10,11,11.362808227539062
2487,11,11,11.764612197875977
2487,12,11,11.825870513916016
2488,1,11,10.619316101074219
2488,2,11,10.32374382019043
2488,3,11,10.520095825195312
2488,4,11,10.967528343200684
2488,5,11,10.911467552185059
2488,6,11,11.219441413879395
2488,7,11,11.071311950683594
2488,8,11,11.456620216369629
2488,9,11,11.46376895904541
2488,10,11,11.640355110168457
2488,11,11,11.659124374389648
2488,12,11,11.279762268066406
2489,1,4,10.305192947387695
2489,2,4,10.376531600952148
2489,3,4,10.343510627746582
2489,4,4,10.380817413330078
2489,5,4,10.691761016845703
2489,6,4,10.749074935913086
2489,7,4,10.756149291992188
2489,8,4,10.789881706237793
2489,9,4,10.87867259979248
2489,10,4,11.304901123046875
2489,11,4,10.875036239624023
2489,12,4,10.782242774963379
2490,1,12,19.365060806274414
2490,2,12,19.525543212890625
2490,3,12,19.556747436523438
2490,4,12,19.6253719329834
2490,5,12,19.733091354370117
2490,6,12,19.68575096130371
2490,7,12,19.762441635131836
2490,8,12,19.735177993774414
2490,9,12,19.668529510498047
2490,10,12,19.66463279724121
2490,11,12,19.72705078125
2490,12,12,19.67977523803711
2491,1,11,12.023089408874512
2491,2,11,12.172639846801758
2491,3,11,12.114264488220215
2491,4,11,12.165464401245117
2491,5,11,12.327248573303223
2491,6,11,12.349026679992676
2491,7,11,12.668082237243652
2491,8,11,12.84925651550293
2491,9,11,13.069046020507812
2491,10,11,12.994210243225098
2491,11,11,13.04494571685791
2491,12,11,13.005340576171875
2492,1,5,11.812520027160645
2492,2,5,11.892294883728027
2492,3,5,11.990002632141113
2492,4,5,12.004837036132812
2492,5,5,12.052350044250488
2492,6,5,12.074285507202148
2492,7,5,12.139470100402832
2492,8,5,12.189435958862305
2492,9,5,12.223457336425781
2492,10,5,12.290891647338867
2492,11,5,12.201465606689453
2492,12,5,12.199545860290527
2493,1,10,9.744850158691406
2493,2,10,9.66635799407959
2493,3,10,9.622318267822266
2493,4,10,9.654691696166992
2493,5,10,9.892620086669922
2493,6,10,9.995328903198242
2493,7,10,9.95883846282959
2493,8,10,9.950241088867188
2493,9,10,10.017101287841797
2493,10,10,10.002202033996582
2493,11,10,10.846259117126465
2493,12,10,10.769811630249023
2494,1,5,11.66059398651123
2494,2,5,11.679069519042969
2494,3,5,11.569964408874512
2494,4,5,11.667757987976074
2494,5,5,12.391182899475098
2494,6,5,12.349915504455566
2494,7,5,12.288516998291016
2494,8,5,12.342910766601562
2494,9,5,12.314722061157227
2494,10,5,11.999292373657227
2494,11,5,12.340263366699219
2494,12,5,12.32792854309082
2495,1,3,11.110123634338379
2495,2,3,11.146230697631836
2495,3,3,11.559699058532715
2495,4,3,11.56370735168457
2495,5,3,11.650742530822754
2495,6,3,11.699470520019531
2495,7,3,11.772475242614746
2495,8,3,11.821223258972168
2495,9,3,11.891266822814941
2495,10,3,11.912426948547363
2495,11,3,11.97206974029541
2495,12,3,12.053247451782227
2496,1,11,11.355445861816406
2496,2,11,11.219847679138184
2496,3,11,11.267709732055664
2496,4,11,11.271126747131348
2496,5,11,11.300658226013184
2496,6,11,11.242419242858887
2496,7,11,11.29848575592041
2496,8,11,11.386664390563965
2496,9,11,11.348581314086914
2496,10,11,11.416038513183594
2496,11,11,11.456472396850586
2496,12,11,11.501288414001465
2497,1,3,11.582361221313477
2497,2,3,11.703009605407715
2497,3,3,11.701436996459961
2497,4,3,11.904735565185547
2497,5,3,11.753986358642578
2497,6,3,11.945910453796387
2497,7,3,11.90471363067627
2497,8,3,12.073251724243164
2497,9,3,11.961037635803223
2497,10,3,11.86993408203125
2497,11,3,11.966816902160645
2497,12,3,12.086356163024902
2498,1,11,12.732343673706055
2498,2,11,12.786829948425293
2498,3,11,12.796656608581543
2498,4,11,12.796268463134766
2498,5,11,12.868452072143555
2498,6,11,12.950077056884766
2498,7,11,12.940210342407227
2498,8,11,13.019030570983887
2498,9,11,13.067584991455078
2498,10,11,13.113605499267578
2498,11,11,13.160897254943848
2498,12,11,13.13125228881836
2499,1,8,11.836508750915527
2499,2,8,11.807600021362305
2499,3,8,11.913140296936035
2499,4,8,11.957616806030273
2499,5,8,11.994418144226074
2499,6,8,12.21485424041748
2499,7,8,12.228483200073242
2499,8,8,12.317549705505371
2499,9,8,12.328263282775879
2499,10,8,12.283491134643555
2499,11,8,12.330619812011719
2499,12,8,12.397540092468262
2500,1,10,11.956676483154297
2500,2,10,11.995230674743652
2500,3,10,12.4923677444458
2500,4,10,12.215341567993164
2500,5,10,12.549628257751465
2500,6,10,12.52288818359375
2500,7,10,12.564254760742188
2500,8,10,12.619112014770508
2500,9,10,12.671430587768555
2500,10,10,12.94399642944336
2500,11,10,13.265833854675293
2500,12,10,12.943294525146484
2501,1,2,11.426358222961426
2501,2,2,11.437891960144043
2501,3,2,11.468029022216797
2501,4,2,11.534111022949219
2501,5,2,11.592166900634766
2501,6,2,11.648211479187012
2501,7,2,11.633408546447754
2501,8,2,11.697940826416016
2501,9,2,11.719775199890137
2501,10,2,11.775834083557129
2501,11,2,11.83941650390625
2501,12,2,11.883517265319824
2502,1,8,10.801055908203125
2502,2,8,10.858699798583984
2502,3,8,10.940994262695312
2502,4,8,10.908467292785645
2502,5,8,10.886749267578125
2502,6,8,11.021632194519043
2502,7,8,11.150317192077637
2502,8,8,11.233031272888184
2502,9,8,11.320510864257812
2502,10,8,11.500414848327637
2502,11,8,11.406336784362793
2502,12,8,11.424872398376465
2503,1,12,9.421191215515137
2503,2,12,9.528911590576172
2503,3,12,9.651878356933594
2503,4,12,9.596404075622559
2503,5,12,9.637613296508789
2503,6,12,7.287250518798828
2503,7,12,9.599560737609863
2503,8,12,9.43639850616455
2503,9,12,4.031527996063232
2503,10,12,10.493184089660645
2503,11,12,9.714459419250488
2503,12,12,10.386276245117188
2504,1,11,12.589911460876465
2504,2,11,12.262032508850098
2504,3,11,12.615388870239258
2504,4,11,12.630664825439453
2504,5,11,12.623472213745117
2504,6,11,12.72845458984375
2504,7,11,12.857658386230469
2504,8,11,12.951981544494629
2504,9,11,12.855978965759277
2504,10,11,12.841695785522461
2504,11,11,12.889544486999512
2504,12,11,12.995711326599121
2505,1,3,10.175559997558594
2505,2,3,9.410218238830566
2505,3,3,10.055801391601562
2505,4,3,9.802367210388184
2505,5,3,10.294777870178223
2505,6,3,10.23386001586914
2505,7,3,9.809113502502441
2505,8,3,9.932355880737305
2505,9,3,9.894091606140137
2505,10,3,9.839497566223145
2505,11,3,10.148520469665527
2505,12,3,10.034306526184082
2506,1,12,14.941522598266602
2506,2,12,15.019000053405762
2506,3,12,15.007570266723633
2506,4,12,15.098976135253906
2506,5,12,15.165807723999023
2506,6,12,15.23794937133789
2506,7,12,15.29786491394043
2506,8,12,15.492234230041504
2506,9,12,15.288543701171875
2506,10,12,15.054047584533691
2506,11,12,15.20011043548584
2506,12,12,15.220383644104004
2507,1,12,15.298714637756348
2507,2,12,15.349373817443848
2507,3,12,15.38607120513916
2507,4,12,15.46651554107666
2507,5,12,15.481717109680176
2507,6,12,15.659485816955566
2507,7,12,15.83758544921875
2507,8,12,15.76221752166748
2507,9,12,15.795772552490234
2507,10,12,15.785832405090332
2507,11,12,15.85599136352539
2507,12,12,16.02214813232422
2508,1,7,14.257318496704102
2508,2,7,14.286696434020996
2508,3,7,14.267487525939941
2508,4,7,14.353981971740723
2508,5,7,14.45269775390625
2508,6,7,14.330178260803223
2508,7,7,14.922709465026855
2508,8,7,14.897354125976562
2508,9,7,14.864129066467285
2508,10,7,14.82205581665039
2508,11,7,14.87743091583252
2508,12,7,14.795241355895996
2509,1,11,15.226938247680664
2509,2,11,14.49073314666748
2509,3,11,14.997274398803711
2509,4,11,15.304378509521484
2509,5,11,14.486127853393555
2509,6,11,15.001982688903809
2509,7,11,15.043853759765625
2509,8,11,15.07077407836914
2509,9,11,15.197122573852539
2509,10,11,15.12002944946289
2509,11,11,15.242937088012695
2509,12,11,15.208572387695312
2510,1,8,10.406042098999023
2510,2,8,10.427301406860352
2510,3,8,10.473370552062988
2510,4,8,10.5198335647583
2510,5,8,10.629822731018066
2510,6,8,10.71468734741211
2510,7,8,10.950979232788086
2510,8,8,11.091909408569336
2510,9,8,10.972433090209961
2510,10,8,11.274985313415527
2510,11,8,11.291473388671875
2510,12,8,11.186700820922852
2511,1,8,9.460859298706055
2511,2,8,9.495833396911621
2511,3,8,9.50255012512207
2511,4,8,9.673956871032715
2511,5,8,9.693098068237305
2511,6,8,9.74453353881836
2511,7,8,10.222168922424316
2511,8,8,10.205018043518066
2511,9,8,10.220186233520508
2511,10,8,10.194144248962402
2511,11,8,10.224815368652344
2511,12,8,10.177793502807617
2512,1,12,14.722187042236328
2512,2,12,14.742867469787598
2512,3,12,14.73652458190918
2512,4,12,14.725481033325195
2512,5,12,14.73792552947998
2512,6,12,14.824149131774902
2512,7,12,14.74892807006836
2512,8,12,14.81799030303955
2512,9,12,14.831954956054688
2512,10,12,14.882551193237305
2512,11,12,14.929405212402344
2512,12,12,14.884100914001465
2513,1,6,13.124868392944336
2513,2,6,13.201624870300293
2513,3,6,13.212573051452637
2513,4,6,13.21973705291748
2513,5,6,13.192107200622559
2513,6,6,13.239156723022461
2513,7,6,13.761372566223145
2513,8,6,13.72688102722168
2513,9,6,13.698697090148926
2513,10,6,13.627776145935059
2513,11,6,13.6320219039917
2513,12,6,13.622827529907227
2514,1,10,10.217733383178711
2514,2,10,10.364363670349121
2514,3,10,10.370840072631836
2514,4,10,10.381847381591797
2514,5,10,10.392672538757324
2514,6,10,10.438631057739258
2514,7,10,10.438472747802734
2514,8,10,10.453330993652344
2514,9,10,10.459626197814941
2514,10,10,10.425127029418945
2514,11,10,11.620542526245117
2514,12,10,11.571721076965332
2515,1,11,9.594098091125488
2515,2,11,9.61781120300293
2515,3,11,8.884072303771973
2515,4,11,9.733479499816895
2515,5,11,9.61055850982666
2515,6,11,9.892056465148926
2515,7,11,9.94422721862793
2515,8,11,10.008001327514648
2515,9,11,10.13066291809082
2515,10,11,10.1553316116333
2515,11,11,10.304506301879883
2515,12,11,10.34190845489502
2516,1,11,10.626296043395996
2516,2,11,10.735818862915039
2516,3,11,10.671285629272461
2516,4,11,10.728438377380371
2516,5,11,10.778608322143555
2516,6,11,10.95926284790039
2516,7,11,10.892844200134277
2516,8,11,10.98597240447998
2516,9,11,10.992033004760742
2516,10,11,10.87858772277832
2516,11,11,10.850893020629883
2516,12,11,10.791801452636719
2517,1,11,12.148521423339844
2517,2,11,12.141704559326172
2517,3,11,12.158587455749512
2517,4,11,12.086488723754883
2517,5,11,12.055170059204102
2517,6,11,12.033332824707031
2517,7,11,12.009929656982422
2517,8,11,12.079333305358887
2517,9,11,12.132749557495117
2517,10,11,12.110136032104492
2517,11,11,12.141335487365723
2517,12,11,12.106324195861816
2518,1,7,11.297849655151367
2518,2,7,11.320444107055664
2518,3,7,11.341948509216309
2518,4,7,11.373933792114258
2518,5,7,11.282395362854004
2518,6,7,11.359371185302734
2518,7,7,11.400774002075195
2518,8,7,11.566388130187988
2518,9,7,11.639155387878418
2518,10,7,11.643431663513184
2518,11,7,11.640624046325684
2518,12,7,11.56712818145752
2519,1,6,12.526390075683594
2519,2,6,12.687356948852539
2519,3,6,12.72839069366455
2519,4,6,12.896183967590332
2519,5,6,12.869709968566895
2519,6,6,13.025071144104004
2519,7,6,13.214872360229492
2519,8,6,13.308554649353027
2519,9,6,13.348224639892578
2519,10,6,13.21255111694336
2519,11,6,14.247472763061523
2519,12,6,14.295686721801758
2520,1,12,11.798173904418945
2520,2,12,11.75275993347168
2520,3,12,11.87637996673584
2520,4,12,11.955425262451172
2520,5,12,11.906929016113281
2520,6,12,11.933915138244629
2520,7,12,11.83939266204834
2520,8,12,11.790776252746582
2520,9,12,11.723416328430176
2520,10,12,11.855405807495117
2520,11,12,11.868133544921875
2520,12,12,11.60693645477295
2521,1,3,9.621618270874023
2521,2,3,9.782876014709473
2521,3,3,9.732361793518066
2521,4,3,10.557347297668457
2521,5,3,10.577312469482422
2521,6,3,10.62230396270752
2521,7,3,10.76535701751709
2521,8,3,10.531816482543945
2521,9,3,10.57426643371582
2521,10,3,10.697062492370605
2521,11,3,10.751309394836426
2521,12,3,10.710634231567383
2522,1,4,13.839759826660156
2522,2,4,13.877896308898926
2522,3,4,13.824454307556152
2522,4,4,13.927021980285645
2522,5,4,13.919949531555176
2522,6,4,14.1770601272583
2522,7,4,14.01595687866211
2522,8,4,14.237290382385254
2522,9,4,14.225759506225586
2522,10,4,14.082487106323242
2522,11,4,14.040634155273438
2522,12,4,14.116216659545898
2523,1,2,13.746511459350586
2523,2,2,13.927191734313965
2523,3,2,13.95930004119873
2523,4,2,13.982222557067871
2523,5,2,13.976984024047852
2523,6,2,14.007791519165039
2523,7,2,14.0234375
2523,8,2,14.018692970275879
2523,9,2,14.031940460205078
2523,10,2,14.072794914245605
2523,11,2,14.09308910369873
2523,12,2,14.055957794189453
2524,1,11,10.829387664794922
2524,2,11,10.840404510498047
2524,3,11,10.82520580291748
2524,4,11,11.095840454101562
2524,5,11,11.097962379455566
2524,6,11,11.087851524353027
2524,7,11,11.176342964172363
2524,8,11,11.03208065032959
2524,9,11,11.43555736541748
2524,10,11,11.042867660522461
2524,11,11,10.839451789855957
2524,12,11,10.976263999938965
2525,1,12,11.835216522216797
2525,2,12,11.905594825744629
2525,3,12,12.12748908996582
2525,4,12,12.155219078063965
2525,5,12,12.40934944152832
2525,6,12,12.598093032836914
2525,7,12,12.570770263671875
2525,8,12,12.627527236938477
2525,9,12,12.62657642364502
2525,10,12,12.696005821228027
2525,11,12,12.802960395812988
2525,12,12,13.078794479370117
2526,1,11,11.644413948059082
2526,2,11,11.872688293457031
2526,3,11,11.769607543945312
2526,4,11,11.923019409179688
2526,5,11,11.888348579406738
2526,6,11,11.99743366241455
2526,7,11,12.1194429397583
2526,8,11,12.187101364135742
2526,9,11,12.119354248046875
2526,10,11,12.258309364318848
2526,11,11,12.06240463256836
2526,12,11,12.22061824798584
2527,1,4,11.815566062927246
2527,2,4,11.825343132019043
2527,3,4,11.849101066589355
2527,4,4,12.142419815063477
2527,5,4,12.13553237915039
2527,6,4,12.188225746154785
2527,7,4,12.19581127166748
2527,8,4,12.215938568115234
2527,9,4,12.301982879638672
2527,10,4,12.291561126708984
2527,11,4,12.299958229064941
2527,12,4,11.76205825805664
2528,1,11,11.53618049621582
2528,2,11,11.612664222717285
2528,3,11,11.835638999938965
2528,4,11,12.032061576843262
2528,5,11,12.068418502807617
2528,6,11,12.218188285827637
2528,7,11,12.471755981445312
2528,8,11,12.489529609680176
2528,9,11,12.51613712310791
2528,10,11,12.479927062988281
2528,11,11,12.528780937194824
2528,12,11,12.518013954162598
2529,1,11,9.298364639282227
2529,2,11,9.152585983276367
2529,3,11,9.347085952758789
2529,4,11,9.47560977935791
2529,5,11,9.555479049682617
2529,6,11,10.009127616882324
2529,7,11,10.361627578735352
2529,8,11,10.4739408493042
2529,9,11,9.811227798461914
2529,10,11,10.043912887573242
2529,11,11,10.006112098693848
2529,12,11,10.177766799926758
2530,1,12,11.700846672058105
2530,2,12,11.683382987976074
2530,3,12,11.69406509399414
2530,4,12,11.749924659729004
2530,5,12,11.82054615020752
2530,6,12,11.864310264587402
2530,7,12,11.932921409606934
2530,8,12,11.994867324829102
2530,9,12,12.054561614990234
2530,10,12,12.089367866516113
2530,11,12,12.107133865356445
2530,12,12,12.133221626281738
2531,1,6,14.019643783569336
2531,2,6,13.847344398498535
2531,3,6,13.824172973632812
2531,4,6,13.83665657043457
2531,5,6,13.757340431213379
2531,6,6,13.889192581176758
2531,7,6,13.990203857421875
2531,8,6,14.052837371826172
2531,9,6,13.47313117980957
2531,10,6,13.59564208984375
2531,11,6,14.301298141479492
2531,12,6,14.31309986114502
2532,1,6,13.946746826171875
2532,2,6,13.996784210205078
2532,3,6,14.019556045532227
2532,4,6,14.067976951599121
2532,5,6,14.115202903747559
2532,6,6,14.152467727661133
2532,7,6,14.584806442260742
2532,8,6,14.630298614501953
2532,9,6,14.614662170410156
2532,10,6,14.553157806396484
2532,11,6,14.610297203063965
2532,12,6,14.586830139160156
2533,1,12,11.071681022644043
2533,2,12,11.195573806762695
2533,3,12,11.344721794128418
2533,4,12,11.403103828430176
2533,5,12,11.435807228088379
2533,6,12,11.393210411071777
2533,7,12,11.467196464538574
2533,8,12,11.531556129455566
2533,9,12,11.599967002868652
2533,10,12,11.551328659057617
2533,11,12,11.57238483428955
2533,12,12,11.610344886779785
2534,1,7,10.354690551757812
2534,2,7,10.476363182067871
2534,3,7,10.502002716064453
2534,4,7,10.453450202941895
2534,5,7,10.400699615478516
2534,6,7,10.490079879760742
2534,7,7,11.200864791870117
2534,8,7,11.323575019836426
2534,9,7,11.340760231018066
2534,10,7,11.325690269470215
2534,11,7,11.388720512390137
2534,12,7,11.341672897338867
2535,1,3,10.327468872070312
2535,2,3,10.260201454162598
2535,3,3,10.391082763671875
2535,4,3,10.414735794067383
2535,5,3,10.442363739013672
2535,6,3,10.618616104125977
2535,7,3,10.609423637390137
2535,8,3,10.581941604614258
2535,9,3,10.501526832580566
2535,10,3,10.370750427246094
2535,11,3,10.381647109985352
2535,12,3,9.77793025970459
2536,1,6,13.677607536315918
2536,2,6,13.702929496765137
2536,3,6,13.605524063110352
2536,4,6,13.669644355773926
2536,5,6,13.756723403930664
2536,6,6,13.767592430114746
2536,7,6,13.88476276397705
2536,8,6,14.198566436767578
2536,9,6,14.227642059326172
2536,10,6,14.177289009094238
2536,11,6,14.212889671325684
2536,12,6,14.176984786987305
2537,1,10,10.190787315368652
2537,2,10,10.322588920593262
2537,3,10,10.0651273727417
2537,4,10,10.4233980178833
2537,5,10,10.359909057617188
2537,6,10,10.369132041931152
2537,7,10,10.307703018188477
2537,8,10,10.669705390930176
2537,9,10,10.663789749145508
2537,10,10,10.511347770690918
2537,11,10,11.039653778076172
2537,12,10,11.097888946533203
2538,1,11,11.98364543914795
2538,2,11,11.719375610351562
2538,3,11,11.332767486572266
2538,4,11,11.244283676147461
2538,5,11,11.381025314331055
2538,6,11,11.628860473632812
2538,7,11,11.682539939880371
2538,8,11,11.62085247039795
2538,9,11,11.671384811401367
2538,10,11,11.632784843444824
2538,11,11,11.748226165771484
2538,12,11,11.90880298614502
2539,1,7,12.351007461547852
2539,2,7,12.41424560546875
2539,3,7,12.392457008361816
2539,4,7,12.407014846801758
2539,5,7,12.410903930664062
2539,6,7,12.482438087463379
2539,7,7,12.582064628601074
2539,8,7,13.07895278930664
2539,9,7,13.096647262573242
2539,10,7,13.106282234191895
2539,11,7,13.124550819396973
2539,12,7,13.113898277282715
2540,1,11,10.559480667114258
2540,2,11,10.489002227783203
2540,3,11,10.692240715026855
2540,4,11,11.036701202392578
2540,5,11,10.924785614013672
2540,6,11,10.763457298278809
2540,7,11,10.86185073852539
2540,8,11,10.996734619140625
2540,9,11,11.055728912353516
2540,10,11,11.16978931427002
2540,11,11,11.165827751159668
2540,12,11,11.136425018310547
2541,1,10,13.481585502624512
2541,2,10,13.551527976989746
2541,3,10,13.5812406539917
2541,4,10,13.663932800292969
2541,5,10,13.783379554748535
2541,6,10,13.95938491821289
2541,7,10,13.984498023986816
2541,8,10,14.102831840515137
2541,9,10,14.183722496032715
2541,10,10,14.402714729309082
2541,11,10,14.438444137573242
2541,12,10,14.507491111755371
2542,1,11,10.711047172546387
2542,2,11,10.715495109558105
2542,3,11,10.827072143554688
2542,4,11,10.702268600463867
2542,5,11,10.767229080200195
2542,6,11,10.725669860839844
2542,7,11,10.81310749053955
2542,8,11,10.795681953430176
2542,9,11,10.813384056091309
2542,10,11,10.87481689453125
2542,11,11,10.899114608764648
2542,12,11,10.932381629943848
2543,1,12,11.053678512573242
2543,2,12,11.201560020446777
2543,3,12,11.239130973815918
2543,4,12,11.392733573913574
2543,5,12,11.43494701385498
2543,6,12,11.640451431274414
2543,7,12,11.638311386108398
2543,8,12,11.60110092163086
2543,9,12,11.768763542175293
2543,10,12,11.66236686706543
2543,11,12,11.78070068359375
2543,12,12,11.92857551574707
2544,1,3,11.5213623046875
2544,2,3,11.443471908569336
2544,3,3,11.911649703979492
2544,4,3,11.382464408874512
2544,5,3,11.634288787841797
2544,6,3,11.743853569030762
2544,7,3,11.800024032592773
2544,8,3,11.851292610168457
2544,9,3,11.919255256652832
2544,10,3,11.746021270751953
2544,11,3,11.751429557800293
2544,12,3,11.816207885742188
2545,1,2,11.432873725891113
2545,2,2,11.550871849060059
2545,3,2,12.08972454071045
2545,4,2,12.059982299804688
2545,5,2,12.100695610046387
2545,6,2,12.163900375366211
2545,7,2,12.128914833068848
2545,8,2,12.225729942321777
2545,9,2,12.25085163116455
2545,10,2,12.294294357299805
2545,11,2,12.360163688659668
2545,12,2,12.285197257995605
2546,1,9,13.535684585571289
2546,2,9,13.535370826721191
2546,3,9,13.554285049438477
2546,4,9,13.544120788574219
2546,5,9,13.573819160461426
2546,6,9,13.630213737487793
2546,7,9,13.661149024963379
2546,8,9,13.702677726745605
2546,9,9,13.76255989074707
2546,10,9,13.775166511535645
2546,11,9,13.831652641296387
2546,12,9,13.836335182189941
2547,1,2,13.875678062438965
2547,2,2,13.917603492736816
2547,3,2,14.023924827575684
2547,4,2,14.2496919631958
2547,5,2,14.22904109954834
2547,6,2,14.26420783996582
2547,7,2,14.48403263092041
2547,8,2,14.521283149719238
2547,9,2,14.4713773727417
2547,10,2,14.297527313232422
2547,11,2,14.443893432617188
2547,12,2,14.42811393737793
2548,1,12,14.280449867248535
2548,2,12,14.453185081481934
2548,3,12,14.558221817016602
2548,4,12,14.670358657836914
2548,5,12,14.685808181762695
2548,6,12,14.71318531036377
2548,7,12,15.067780494689941
2548,8,12,15.100345611572266
2548,9,12,15.333346366882324
2548,10,12,14.98134994506836
2548,11,12,14.936026573181152
2548,12,12,14.965575218200684
2549,1,3,13.385456085205078
2549,2,3,13.38858413696289
2549,3,3,13.55859088897705
2549,4,3,13.544807434082031
2549,5,3,13.65463638305664
2549,6,3,13.672622680664062
2549,7,3,13.797929763793945
2549,8,3,13.782126426696777
2549,9,3,13.816847801208496
2549,10,3,13.698923110961914
2549,11,3,13.814573287963867
2549,12,3,13.848615646362305
2550,1,10,13.853567123413086
2550,2,10,13.913644790649414
2550,3,10,13.783458709716797
2550,4,10,13.921701431274414
2550,5,10,14.061612129211426
2550,6,10,13.928826332092285
2550,7,10,13.999890327453613
2550,8,10,14.054298400878906
2550,9,10,14.060615539550781
2550,10,10,14.027915954589844
2550,11,10,14.080528259277344
2550,12,10,14.177103996276855
2551,1,9,14.714153289794922
2551,2,9,14.859095573425293
2551,3,9,14.752068519592285
2551,4,9,14.900985717773438
2551,5,9,14.901529312133789
2551,6,9,15.026360511779785
2551,7,9,15.090871810913086
2551,8,9,15.22946834564209
2551,9,9,15.10359001159668
2551,10,9,15.051175117492676
2551,11,9,15.185040473937988
2551,12,9,14.95613956451416
2552,1,12,13.411242485046387
2552,2,12,13.552541732788086
2552,3,12,13.57027816772461
2552,4,12,13.63658618927002
2552,5,12,13.713427543640137
2552,6,12,13.699031829833984
2552,7,12,13.747578620910645
2552,8,12,13.805622100830078
2552,9,12,13.802507400512695
2552,10,12,13.838232040405273
2552,11,12,14.016152381896973
2552,12,12,14.111536026000977
2553,1,11,11.01637077331543
2553,2,11,11.076233863830566
2553,3,11,11.146944046020508
2553,4,11,11.021129608154297
2553,5,11,11.133140563964844
2553,6,11,11.184608459472656
2553,7,11,11.217714309692383
2553,8,11,11.252458572387695
2553,9,11,11.355171203613281
2553,10,11,11.3840913772583
2553,11,11,11.40537166595459
2553,12,11,11.527918815612793
2554,1,12,12.739824295043945
2554,2,12,12.658714294433594
2554,3,12,12.703091621398926
2554,4,12,12.620939254760742
2554,5,12,12.639432907104492
2554,6,12,12.652050971984863
2554,7,12,12.939960479736328
2554,8,12,13.395689964294434
2554,9,12,13.479416847229004
2554,10,12,13.555410385131836
2554,11,12,13.628558158874512
2554,12,12,13.690390586853027
2555,1,10,12.854025840759277
2555,2,10,13.027545928955078
2555,3,10,12.940536499023438
2555,4,10,12.950358390808105
2555,5,10,12.939803123474121
2555,6,10,13.10403823852539
2555,7,10,13.017446517944336
2555,8,10,13.090057373046875
2555,9,10,13.019493103027344
2555,10,10,12.857691764831543
2555,11,10,13.56350326538086
2555,12,10,13.844414710998535
2556,1,12,11.254286766052246
2556,2,12,11.360261917114258
2556,3,12,11.171036720275879
2556,4,12,11.257347106933594
2556,5,12,11.315916061401367
2556,6,12,11.480474472045898
2556,7,12,11.589043617248535
2556,8,12,11.788177490234375
2556,9,12,11.783012390136719
2556,10,12,11.905965805053711
2556,11,12,12.143568992614746
2556,12,12,12.04698657989502
2557,1,11,10.571493148803711
2557,2,11,10.551867485046387
2557,3,11,10.560437202453613
2557,4,11,10.581769943237305
2557,5,11,10.604992866516113
2557,6,11,10.81334114074707
2557,7,11,10.947840690612793
2557,8,11,10.99323844909668
2557,9,11,10.826226234436035
2557,10,11,10.717172622680664
2557,11,11,10.840471267700195
2557,12,11,10.829374313354492
2558,1,6,10.19231128692627
2558,2,6,10.231922149658203
2558,3,6,10.358715057373047
2558,4,6,10.568209648132324
2558,5,6,10.687713623046875
2558,6,6,10.705451011657715
2558,7,6,10.959118843078613
2558,8,6,10.974210739135742
2558,9,6,11.037349700927734
2558,10,6,11.124312400817871
2558,11,6,11.166454315185547
2558,12,6,11.136914253234863
2559,1,10,15.80284595489502
2559,2,10,15.979965209960938
2559,3,10,16.01726531982422
2559,4,10,16.06271743774414
2559,5,10,16.111692428588867
2559,6,10,16.311716079711914
2559,7,10,16.499650955200195
2559,8,10,16.594606399536133
2559,9,10,16.639110565185547
2559,10,10,16.564180374145508
2559,11,10,16.596342086791992
2559,12,10,16.600582122802734
2560,1,10,11.644161224365234
2560,2,10,11.710633277893066
2560,3,10,11.777981758117676
2560,4,10,11.768354415893555
2560,5,10,11.760504722595215
2560,6,10,11.820907592773438
2560,7,10,11.847569465637207
2560,8,10,11.895644187927246
2560,9,10,11.968759536743164
2560,10,10,11.951498985290527
2560,11,10,12.318222045898438
2560,12,10,12.493183135986328
2561,1,5,12.743413925170898
2561,2,5,12.83724594116211
2561,3,5,12.926349639892578
2561,4,5,13.015117645263672
2561,5,5,13.061049461364746
2561,6,5,13.210110664367676
2561,7,5,13.201930046081543
2561,8,5,13.152848243713379
2561,9,5,13.165037155151367
2561,10,5,13.247800827026367
2561,11,5,13.230206489562988
2561,12,5,13.270807266235352
2562,1,10,13.567811965942383
2562,2,10,13.641962051391602
2562,3,10,13.669351577758789
2562,4,10,13.745040893554688
2562,5,10,13.848407745361328
2562,6,10,13.901863098144531
2562,7,10,13.908096313476562
2562,8,10,13.94756031036377
2562,9,10,14.083453178405762
2562,10,10,14.016973495483398
2562,11,10,13.368457794189453
2562,12,10,14.115692138671875
2563,1,11,9.499810218811035
2563,2,11,9.441436767578125
2563,3,11,9.709912300109863
2563,4,11,9.620882034301758
2563,5,11,9.650026321411133
2563,6,11,9.92283821105957
2563,7,11,9.871294021606445
2563,8,11,9.83018970489502
2563,9,11,9.886119842529297
2563,10,11,10.039019584655762
2563,11,11,10.29892635345459
2563,12,11,10.48332405090332
2564,1,7,10.934235572814941
2564,2,7,11.04948902130127
2564,3,7,11.099295616149902
2564,4,7,11.125638008117676
2564,5,7,11.164557456970215
2564,6,7,11.389244079589844
2564,7,7,11.402257919311523
2564,8,7,11.703996658325195
2564,9,7,11.56922435760498
2564,10,7,11.579236030578613
2564,11,7,11.589560508728027
2564,12,7,11.80461597442627
2565,1,11,9.679814338684082
2565,2,11,9.375982284545898
2565,3,11,9.29401969909668
2565,4,11,9.302475929260254
2565,5,11,8.986052513122559
2565,6,11,9.289196014404297
2565,7,11,9.49280071258545
2565,8,11,9.248690605163574
2565,9,11,9.192359924316406
2565,10,11,9.288582801818848
2565,11,11,9.454477310180664
2565,12,11,9.341083526611328
2566,1,8,11.484540939331055
2566,2,8,11.569272994995117
2566,3,8,11.751142501831055
2566,4,8,11.965337753295898
2566,5,8,12.009196281433105
2566,6,8,12.05916690826416
2566,7,8,12.428911209106445
2566,8,8,12.460334777832031
2566,9,8,12.54285717010498
2566,10,8,12.64721965789795
2566,11,8,12.678202629089355
2566,12,8,12.818578720092773
2567,1,5,12.675437927246094
2567,2,5,12.622800827026367
2567,3,5,12.668423652648926
2567,4,5,12.697168350219727
2567,5,5,12.746550559997559
2567,6,5,12.982390403747559
2567,7,5,12.974422454833984
2567,8,5,13.100814819335938
2567,9,5,13.099263191223145
2567,10,5,13.15605640411377
2567,11,5,13.306947708129883
2567,12,5,13.46868896484375
2568,1,8,10.336756706237793
2568,2,8,10.277688026428223
2568,3,8,10.183422088623047
2568,4,8,10.407268524169922
2568,5,8,10.553217887878418
2568,6,8,10.690427780151367
2568,7,8,10.853036880493164
2568,8,8,10.524846076965332
2568,9,8,10.555379867553711
2568,10,8,10.583158493041992
2568,11,8,10.41565227508545
2568,12,8,10.3590669631958
2569,1,5,10.649419784545898
2569,2,5,11.021812438964844
2569,3,5,10.997797012329102
2569,4,5,11.183536529541016
2569,5,5,11.102774620056152
2569,6,5,11.187186241149902
2569,7,5,11.368977546691895
2569,8,5,11.16199779510498
2569,9,5,11.177559852600098
2569,10,5,11.167559623718262
2569,11,5,11.094300270080566
2569,12,5,11.057259559631348
2570,1,3,12.969395637512207
2570,2,3,13.040706634521484
2570,3,3,13.092016220092773
2570,4,3,13.041475296020508
2570,5,3,13.063175201416016
2570,6,3,13.114143371582031
2570,7,3,13.164347648620605
2570,8,3,13.286754608154297
2570,9,3,13.279939651489258
2570,10,3,13.417093276977539
2570,11,3,13.515445709228516
2570,12,3,13.473673820495605
2571,1,12,10.82311725616455
2571,2,12,10.844236373901367
2571,3,12,11.011993408203125
2571,4,12,11.060651779174805
2571,5,12,11.094709396362305
2571,6,12,11.045449256896973
2571,7,12,11.027726173400879
2571,8,12,10.956944465637207
2571,9,12,11.001713752746582
2571,10,12,11.002894401550293
2571,11,12,11.265329360961914
2571,12,12,11.18110179901123
2572,1,8,13.5062894821167
2572,2,8,13.453128814697266
2572,3,8,13.536373138427734
2572,4,8,13.579463958740234
2572,5,8,13.676637649536133
2572,6,8,13.684012413024902
2572,7,8,13.608803749084473
2572,8,8,13.331955909729004
2572,9,8,14.072271347045898
2572,10,8,14.18697452545166
2572,11,8,14.277153968811035
2572,12,8,14.309361457824707
2573,1,11,14.525314331054688
2573,2,11,14.697413444519043
2573,3,11,14.728254318237305
2573,4,11,14.81688404083252
2573,5,11,14.84494400024414
2573,6,11,15.08888053894043
2573,7,11,15.0078125
2573,8,11,15.021990776062012
2573,9,11,15.053563117980957
2573,10,11,15.076849937438965
2573,11,11,15.091708183288574
2573,12,11,15.116560935974121
2574,1,12,10.522271156311035
2574,2,12,10.769818305969238
2574,3,12,10.796588897705078
2574,4,12,10.772799491882324
2574,5,12,10.812722206115723
2574,6,12,10.903935432434082
2574,7,12,10.973654747009277
2574,8,12,11.021649360656738
2574,9,12,11.163285255432129
2574,10,12,11.24109935760498
2574,11,12,11.283121109008789
2574,12,12,11.235466003417969
2575,1,12,15.248358726501465
2575,2,12,15.116728782653809
2575,3,12,15.13753890991211
2575,4,12,15.113670349121094
2575,5,12,15.093883514404297
2575,6,12,15.254108428955078
2575,7,12,15.238112449645996
2575,8,12,15.585827827453613
2575,9,12,15.593450546264648
2575,10,12,15.373441696166992
2575,11,12,15.317462921142578
2575,12,12,15.331698417663574
2576,1,11,11.072731018066406
2576,2,11,11.088117599487305
2576,3,11,10.915960311889648
2576,4,11,10.925371170043945
2576,5,11,10.92208480834961
2576,6,11,11.009946823120117
2576,7,11,10.982354164123535
2576,8,11,11.090588569641113
2576,9,11,11.040801048278809
2576,10,11,11.469820976257324
2576,11,11,11.462020874023438
2576,12,11,11.423995018005371
2577,1,12,9.072184562683105
2577,2,12,9.347054481506348
2577,3,12,9.446497917175293
2577,4,12,9.457597732543945
2577,5,12,9.571040153503418
2577,6,12,9.847599029541016
2577,7,12,9.829103469848633
2577,8,12,10.136409759521484
2577,9,12,10.034331321716309
2577,10,12,10.229162216186523
2577,11,12,10.266193389892578
2577,12,12,10.20116138458252
2578,1,,11.419831275939941
2578,2,,11.465060234069824
2578,3,,11.541309356689453
2578,4,,11.655352592468262
2578,5,,11.726226806640625
2578,6,,11.76077651977539
2578,7,,11.814000129699707
2578,8,,11.913233757019043
2578,9,,12.003226280212402
2578,10,,12.122406959533691
2578,11,,12.233695983886719
2578,12,,12.212271690368652
2579,1,12,10.334366798400879
2579,2,12,10.092108726501465
2579,3,12,10.390817642211914
2579,4,12,10.417949676513672
2579,5,12,10.408525466918945
2579,6,12,10.418662071228027
2579,7,12,10.445319175720215
2579,8,12,10.358794212341309
2579,9,12,10.452781677246094
2579,10,12,10.64521312713623
2579,11,12,11.079934120178223
2579,12,12,10.698854446411133
2580,1,11,10.465977668762207
2580,2,11,10.511102676391602
2580,3,11,10.58678913116455
2580,4,11,11.014001846313477
2580,5,11,10.804160118103027
2580,6,11,11.281779289245605
2580,7,11,11.228178977966309
2580,8,11,11.28210735321045
2580,9,11,11.374624252319336
2580,10,11,11.510278701782227
2580,11,11,11.487114906311035
2580,12,11,11.59104061126709
2581,1,2,8.95399284362793
2581,2,2,11.074541091918945
2581,3,2,10.852112770080566
2581,4,2,10.846135139465332
2581,5,2,8.929826736450195
2581,6,2,10.86712646484375
2581,7,2,10.946463584899902
2581,8,2,11.044889450073242
2581,9,2,10.987990379333496
2581,10,2,11.181218147277832
2581,11,2,11.029681205749512
2581,12,2,10.958559036254883
2582,1,7,11.061083793640137
2582,2,7,11.272651672363281
2582,3,7,11.530014991760254
2582,4,7,11.53385066986084
2582,5,7,11.565433502197266
2582,6,7,11.586812019348145
2582,7,7,11.72742748260498
2582,8,7,11.865509986877441
2582,9,7,11.976211547851562
2582,10,7,12.032440185546875
2582,11,7,12.016953468322754
2582,12,7,11.666444778442383
2583,1,10,10.751520156860352
2583,2,10,11.444416046142578
2583,3,10,10.996916770935059
2583,4,10,11.282635688781738
2583,5,10,11.858747482299805
2583,6,10,11.421740531921387
2583,7,10,11.535682678222656
2583,8,10,11.662199020385742
2583,9,10,12.05298900604248
2583,10,10,12.464065551757812
2583,11,10,12.78149700164795
2583,12,10,12.72382640838623
2584,1,11,11.113296508789062
2584,2,11,11.053404808044434
2584,3,11,11.442273139953613
2584,4,11,11.256446838378906
2584,5,11,11.369001388549805
2584,6,11,11.380674362182617
2584,7,11,12.179693222045898
2584,8,11,11.787283897399902
2584,9,11,12.095409393310547
2584,10,11,12.356189727783203
2584,11,11,12.26662826538086
2584,12,11,12.3471040725708
2585,1,10,13.72362232208252
2585,2,10,13.728777885437012
2585,3,10,13.961252212524414
2585,4,10,13.931357383728027
2585,5,10,13.775370597839355
2585,6,10,13.927385330200195
2585,7,10,14.361249923706055
2585,8,10,14.27402400970459
2585,9,10,14.294137954711914
2585,10,10,14.289917945861816
2585,11,10,14.251726150512695
2585,12,10,14.449533462524414
2586,1,12,10.62192153930664
2586,2,12,10.785833358764648
2586,3,12,10.799494743347168
2586,4,12,9.725049018859863
2586,5,12,10.730694770812988
2586,6,12,11.370290756225586
2586,7,12,11.407170295715332
2586,8,12,11.352587699890137
2586,9,12,11.57594108581543
2586,10,12,11.474044799804688
2586,11,12,11.527243614196777
2586,12,12,11.544658660888672
2587,1,7,13.072011947631836
2587,2,7,12.63414478302002
2587,3,7,12.35050106048584
2587,4,7,12.422677040100098
2587,5,7,12.550650596618652
2587,6,7,12.624372482299805
2587,7,7,12.692192077636719
2587,8,7,13.794100761413574
2587,9,7,13.427021026611328
2587,10,7,14.291309356689453
2587,11,7,14.197351455688477
2587,12,7,14.257959365844727
2588,1,12,11.585447311401367
2588,2,12,11.420825004577637
2588,3,12,11.699456214904785
2588,4,12,11.748969078063965
2588,5,12,11.75558853149414
2588,6,12,11.781508445739746
2588,7,12,11.76394271850586
2588,8,12,11.677640914916992
2588,9,12,11.62438678741455
2588,10,12,11.725454330444336
2588,11,12,12.431427001953125
2588,12,12,12.517267227172852
2589,1,5,12.988189697265625
2589,2,5,13.305026054382324
2589,3,5,12.942150115966797
2589,4,5,13.432254791259766
2589,5,5,13.420994758605957
2589,6,5,13.39945125579834
2589,7,5,13.45030689239502
2589,8,5,13.627915382385254
2589,9,5,13.744902610778809
2589,10,5,11.164496421813965
2589,11,5,13.87820053100586
2589,12,5,14.011173248291016
2590,1,3,12.39279556274414
2590,2,3,12.509356498718262
2590,3,3,12.62929630279541
2590,4,3,12.582478523254395
2590,5,3,12.573287010192871
2590,6,3,12.70018196105957
2590,7,3,12.877226829528809
2590,8,3,12.940716743469238
2590,9,3,12.967167854309082
2590,10,3,13.172327041625977
2590,11,3,13.103336334228516
2590,12,3,13.086599349975586
2591,1,11,12.75812816619873
2591,2,11,13.064043998718262
2591,3,11,13.023353576660156
2591,4,11,6.119044303894043
2591,5,11,13.393994331359863
2591,6,11,13.424702644348145
2591,7,11,13.691999435424805
2591,8,11,14.261460304260254
2591,9,11,13.906083106994629
2591,10,11,13.675111770629883
2591,11,11,13.84604263305664
2591,12,11,13.827723503112793
2592,1,8,18.3775691986084
2592,2,8,18.4771728515625
2592,3,8,18.503511428833008
2592,4,8,18.56733512878418
2592,5,8,18.76415252685547
2592,6,8,19.084693908691406
2592,7,8,19.243600845336914
2592,8,8,19.352569580078125
2592,9,8,19.457300186157227
2592,10,8,19.417552947998047
2592,11,8,19.565610885620117
2592,12,8,19.248138427734375
2593,1,6,10.598323822021484
2593,2,6,10.571700096130371
2593,3,6,10.539631843566895
2593,4,6,10.434874534606934
2593,5,6,10.44587230682373
2593,6,6,10.558015823364258
2593,7,6,10.824566841125488
2593,8,6,10.726518630981445
2593,9,6,10.751175880432129
2593,10,6,10.726910591125488
2593,11,6,10.765569686889648
2593,12,6,10.926472663879395
2594,1,12,13.110917091369629
2594,2,12,13.142316818237305
2594,3,12,13.129225730895996
2594,4,12,13.088157653808594
2594,5,12,13.073996543884277
2594,6,12,13.167474746704102
2594,7,12,13.099467277526855
2594,8,12,13.114591598510742
2594,9,12,13.475687026977539
2594,10,12,13.534912109375
2594,11,12,13.592141151428223
2594,12,12,13.612768173217773
2595,1,4,14.178372383117676
2595,2,4,14.362688064575195
2595,3,4,14.358458518981934
2595,4,4,14.407062530517578
2595,5,4,14.382220268249512
2595,6,4,14.589957237243652
2595,7,4,14.63862419128418
2595,8,4,14.864967346191406
2595,9,4,14.901444435119629
2595,10,4,14.971755981445312
2595,11,4,14.928873062133789
2595,12,4,14.791788101196289
2596,1,5,12.340755462646484
2596,2,5,11.034089088439941
2596,3,5,10.864583969116211
2596,4,5,11.066720962524414
2596,5,5,10.902302742004395
2596,6,5,11.002591133117676
2596,7,5,11.446141242980957
2596,8,5,11.427716255187988
2596,9,5,11.301248550415039
2596,10,5,11.350831985473633
2596,11,5,11.84730339050293
2596,12,5,11.541935920715332
2597,1,10,11.554738998413086
2597,2,10,11.006340026855469
2597,3,10,11.06464672088623
2597,4,10,10.811076164245605
2597,5,10,10.860214233398438
2597,6,10,11.774913787841797
2597,7,10,11.268423080444336
2597,8,10,10.998590469360352
2597,9,10,10.872586250305176
2597,10,10,11.182191848754883
2597,11,10,11.09552001953125
2597,12,10,11.431245803833008
2598,1,11,12.80794906616211
2598,2,11,13.225028991699219
2598,3,11,13.352750778198242
2598,4,11,13.247803688049316
2598,5,11,13.64095401763916
2598,6,11,13.61308479309082
2598,7,11,13.722833633422852
2598,8,11,13.278024673461914
2598,9,11,13.563694953918457
2598,10,11,13.932677268981934
2598,11,11,14.169013977050781
2598,12,11,14.135576248168945
2599,1,12,10.630239486694336
2599,2,12,10.638460159301758
2599,3,12,10.8921480178833
2599,4,12,11.782256126403809
2599,5,12,11.786306381225586
2599,6,12,11.709754943847656
2599,7,12,11.870742797851562
2599,8,12,11.763901710510254
2599,9,12,11.788322448730469
2599,10,12,12.042305946350098
2599,11,12,12.648421287536621
2599,12,12,12.37826919555664
2600,1,4,16.462440490722656
2600,2,4,16.621509552001953
2600,3,4,16.81842803955078
2600,4,4,16.969085693359375
2600,5,4,17.019886016845703
2600,6,4,17.070446014404297
2600,7,4,17.125295639038086
2600,8,4,17.189788818359375
2600,9,4,17.290590286254883
2600,10,4,14.603178024291992
2600,11,4,17.489797592163086
2600,12,4,17.746368408203125
2601,1,9,12.423169136047363
2601,2,9,12.31387996673584
2601,3,9,12.350727081298828
2601,4,9,12.384860038757324
2601,5,9,12.56430435180664
2601,6,9,12.289047241210938
2601,7,9,12.195854187011719
2601,8,9,12.238149642944336
2601,9,9,12.39206314086914
2601,10,9,12.832147598266602
2601,11,9,12.935382843017578
2601,12,9,12.882519721984863
2602,1,6,12.04503345489502
2602,2,6,12.551934242248535
2602,3,6,12.662081718444824
2602,4,6,12.800189971923828
2602,5,6,12.953907012939453
2602,6,6,12.451845169067383
2602,7,6,12.503741264343262
2602,8,6,12.542073249816895
2602,9,6,12.54480266571045
2602,10,6,12.694967269897461
2602,11,6,12.660287857055664
2602,12,6,12.659939765930176
2603,1,10,11.48888874053955
2603,2,10,11.51062297821045
2603,3,10,11.825056076049805
2603,4,10,11.87514591217041
2603,5,10,11.874735832214355
2603,6,10,11.888981819152832
2603,7,10,11.936203002929688
2603,8,10,12.825510025024414
2603,9,10,13.018219947814941
2603,10,10,13.3884859085083
2603,11,10,13.46578311920166
2603,12,10,13.387486457824707
2604,1,12,9.575777053833008
2604,2,12,9.436639785766602
2604,3,12,8.981399536132812
2604,4,12,9.264069557189941
2604,5,12,9.432666778564453
2604,6,12,9.718849182128906
2604,7,12,10.290448188781738
2604,8,12,10.227909088134766
2604,9,12,10.382990837097168
2604,10,12,10.658187866210938
2604,11,12,11.51966381072998
2604,12,12,11.074504852294922
2605,1,11,8.965539932250977
2605,2,11,9.955707550048828
2605,3,11,10.081694602966309
2605,4,11,9.484184265136719
2605,5,11,9.543563842773438
2605,6,11,10.842851638793945
2605,7,11,10.385851860046387
2605,8,11,10.809372901916504
2605,9,11,10.062142372131348
2605,10,11,10.497075080871582
2605,11,11,10.730792999267578
2605,12,11,10.808815956115723
2606,1,11,12.113642692565918
2606,2,11,11.73998737335205
2606,3,11,11.922444343566895
2606,4,11,12.021343231201172
2606,5,11,12.373892784118652
2606,6,11,11.895721435546875
2606,7,11,11.909533500671387
2606,8,11,11.956680297851562
2606,9,11,12.069153785705566
2606,10,11,11.97005844116211
2606,11,11,12.115257263183594
2606,12,11,12.052623748779297
2607,1,7,12.576257705688477
2607,2,7,12.578198432922363
2607,3,7,12.637090682983398
2607,4,7,12.713491439819336
2607,5,7,12.726320266723633
2607,6,7,12.855854988098145
2607,7,7,12.964608192443848
2607,8,7,12.981443405151367
2607,9,7,13.177300453186035
2607,10,7,13.188227653503418
2607,11,7,13.355731964111328
2607,12,7,13.221416473388672
2608,1,3,14.58587646484375
2608,2,3,14.655341148376465
2608,3,3,14.7514009475708
2608,4,3,15.09577751159668
2608,5,3,15.063097953796387
2608,6,3,15.065695762634277
2608,7,3,15.038128852844238
2608,8,3,15.104231834411621
2608,9,3,15.266904830932617
2608,10,3,15.331588745117188
2608,11,3,15.604517936706543
2608,12,3,15.649917602539062
2609,1,9,11.337369918823242
2609,2,9,11.932170867919922
2609,3,9,11.678256034851074
2609,4,9,11.84784984588623
2609,5,9,11.66732120513916
2609,6,9,11.797262191772461
2609,7,9,11.778350830078125
2609,8,9,11.963980674743652
2609,9,9,12.273364067077637
2609,10,9,12.638700485229492
2609,11,9,12.302071571350098
2609,12,9,12.159429550170898
2610,1,10,12.286953926086426
2610,2,10,12.612701416015625
2610,3,10,12.62145709991455
2610,4,10,12.7658052444458
2610,5,10,13.066131591796875
2610,6,10,12.390084266662598
2610,7,10,13.749128341674805
2610,8,10,13.913901329040527
2610,9,10,14.047718048095703
2610,10,10,14.15593147277832
2610,11,10,14.16865062713623
2610,12,10,14.011236190795898
2611,1,11,14.41340446472168
2611,2,11,14.564002990722656
2611,3,11,14.544204711914062
2611,4,11,13.42255973815918
2611,5,11,14.524255752563477
2611,6,11,14.592185974121094
2611,7,11,14.582315444946289
2611,8,11,14.783665657043457
2611,9,11,14.869064331054688
2611,10,11,15.016892433166504
2611,11,11,14.97310733795166
2611,12,11,15.013466835021973
2612,1,12,9.62016487121582
2612,2,12,11.54198932647705
2612,3,12,10.790044784545898
2612,4,12,10.792853355407715
2612,5,12,10.8633394241333
2612,6,12,10.640464782714844
2612,7,12,10.617149353027344
2612,8,12,10.691813468933105
2612,9,12,10.766352653503418
2612,10,12,10.949284553527832
2612,11,12,10.882782936096191
2612,12,12,11.057257652282715
2613,1,12,11.320569038391113
2613,2,12,11.434469223022461
2613,3,12,11.555230140686035
2613,4,12,11.587272644042969
2613,5,12,11.533825874328613
2613,6,12,11.423538208007812
2613,7,12,10.973729133605957
2613,8,12,11.20095157623291
2613,9,12,11.14876651763916
2613,10,12,12.54621410369873
2613,11,12,11.900677680969238
2613,12,12,12.62449836730957
2614,1,3,11.807552337646484
2614,2,3,11.89816951751709
2614,3,3,11.846624374389648
2614,4,3,15.826752662658691
2614,5,3,12.12708568572998
2614,6,3,12.226644515991211
2614,7,3,12.278104782104492
2614,8,3,12.190688133239746
2614,9,3,12.287492752075195
2614,10,3,12.359375953674316
2614,11,3,12.398128509521484
2614,12,3,12.427068710327148
2615,1,3,14.634041786193848
2615,2,3,14.801809310913086
2615,3,3,14.932759284973145
2615,4,3,14.879377365112305
2615,5,3,15.07346248626709
2615,6,3,15.090205192565918
2615,7,3,15.363043785095215
2615,8,3,15.58785629272461
2615,9,3,15.577974319458008
2615,10,3,15.58409309387207
2615,11,3,15.688843727111816
2615,12,3,15.684196472167969
2616,1,12,12.10012435913086
2616,2,12,12.187501907348633
2616,3,12,12.586071014404297
2616,4,12,12.528942108154297
2616,5,12,12.515771865844727
2616,6,12,12.36814022064209
2616,7,12,12.567051887512207
2616,8,12,12.430662155151367
2616,9,12,12.526935577392578
2616,10,12,12.824124336242676
2616,11,12,12.649703979492188
2616,12,12,12.681177139282227
2617,1,11,13.730679512023926
2617,2,11,13.65455436706543
2617,3,11,13.6995267868042
2617,4,11,13.722184181213379
2617,5,11,13.764446258544922
2617,6,11,13.800032615661621
2617,7,11,13.856666564941406
2617,8,11,13.921201705932617
2617,9,11,13.99397087097168
2617,10,11,14.084299087524414
2617,11,11,14.465325355529785
2617,12,11,14.272317886352539
2618,1,8,10.480947494506836
2618,2,8,11.158421516418457
2618,3,8,11.008039474487305
2618,4,8,11.003665924072266
2618,5,8,11.17812728881836
2618,6,8,11.098591804504395
2618,7,8,11.370567321777344
2618,8,8,11.720417976379395
2618,9,8,11.991863250732422
2618,10,8,12.031315803527832
2618,11,8,11.922883033752441
2618,12,8,11.913966178894043
2619,1,10,10.988039016723633
2619,2,10,11.125981330871582
2619,3,10,10.861974716186523
2619,4,10,10.734360694885254
2619,5,10,10.667173385620117
2619,6,10,13.77092456817627
2619,7,10,14.235751152038574
2619,8,10,14.26240062713623
2619,9,10,10.638398170471191
2619,10,10,11.029291152954102
2619,11,10,11.499541282653809
2619,12,10,11.936905860900879
2620,1,5,11.713092803955078
2620,2,5,11.787281036376953
2620,3,5,11.807927131652832
2620,4,5,12.194031715393066
2620,5,5,12.185681343078613
2620,6,5,12.199392318725586
2620,7,5,12.46438217163086
2620,8,5,12.534235000610352
2620,9,5,12.70623779296875
2620,10,5,12.920710563659668
2620,11,5,12.915218353271484
2620,12,5,12.826019287109375
2621,1,11,10.176240921020508
2621,2,11,10.105611801147461
2621,3,11,10.547057151794434
2621,4,11,10.49158000946045
2621,5,11,10.455121040344238
2621,6,11,10.63127613067627
2621,7,11,10.804118156433105
2621,8,11,10.924015998840332
2621,9,11,11.029911994934082
2621,10,11,11.1641206741333
2621,11,11,11.604523658752441
2621,12,11,11.356736183166504
2622,1,11,10.31728744506836
2622,2,11,10.415218353271484
2622,3,11,10.669103622436523
2622,4,11,10.649168014526367
2622,5,11,10.703783988952637
2622,6,11,10.564041137695312
2622,7,11,10.618154525756836
2622,8,11,10.440025329589844
2622,9,11,10.447348594665527
2622,10,11,10.354144096374512
2622,11,11,10.946698188781738
2622,12,11,11.323336601257324
2623,1,2,12.034772872924805
2623,2,2,12.609959602355957
2623,3,2,12.62852668762207
2623,4,2,12.944432258605957
2623,5,2,12.867974281311035
2623,6,2,13.100273132324219
2623,7,2,12.690404891967773
2623,8,2,13.182938575744629
2623,9,2,13.227307319641113
2623,10,2,13.329585075378418
2623,11,2,13.460114479064941
2623,12,2,13.99032974243164
2624,1,12,13.983795166015625
2624,2,12,13.793078422546387
2624,3,12,14.0053071975708
2624,4,12,14.234525680541992
2624,5,12,14.329842567443848
2624,6,12,14.376099586486816
2624,7,12,14.375211715698242
2624,8,12,14.40312671661377
2624,9,12,14.529436111450195
2624,10,12,14.493226051330566
2624,11,12,14.565677642822266
2624,12,12,14.48092269897461
2625,1,10,12.07065200805664
2625,2,10,12.290438652038574
2625,3,10,12.244827270507812
2625,4,10,12.298921585083008
2625,5,10,12.340116500854492
2625,6,10,12.278254508972168
2625,7,10,12.36732292175293
2625,8,10,12.547032356262207
2625,9,10,12.754219055175781
2625,10,10,12.6144380569458
2625,11,10,12.462929725646973
2625,12,10,12.481436729431152
2626,1,11,9.363122940063477
2626,2,11,8.466169357299805
2626,3,11,10.060294151306152
2626,4,11,9.364558219909668
2626,5,11,10.978157043457031
2626,6,11,9.525459289550781
2626,7,11,9.781892776489258
2626,8,11,9.790572166442871
2626,9,11,9.93432903289795
2626,10,11,10.165529251098633
2626,11,11,10.091788291931152
2626,12,11,10.247483253479004
2627,1,10,11.901643753051758
2627,2,10,11.967580795288086
2627,3,10,11.68083381652832
2627,4,10,12.280891418457031
2627,5,10,12.30398178100586
2627,6,10,12.949729919433594
2627,7,10,12.434926986694336
2627,8,10,12.300986289978027
2627,9,10,12.35089111328125
2627,10,10,12.396154403686523
2627,11,10,12.23270320892334
2627,12,10,12.152019500732422
2628,1,11,9.765759468078613
2628,2,11,9.762975692749023
2628,3,11,9.714010238647461
2628,4,11,9.749763488769531
2628,5,11,9.744379043579102
2628,6,11,10.001032829284668
2628,7,11,10.001504898071289
2628,8,11,9.766493797302246
2628,9,11,9.709839820861816
2628,10,11,9.876996994018555
2628,11,11,10.704236030578613
2628,12,11,10.817269325256348
2629,1,12,12.09560489654541
2629,2,12,12.082743644714355
2629,3,12,12.135197639465332
2629,4,12,12.176212310791016
2629,5,12,12.170100212097168
2629,6,12,12.260940551757812
2629,7,12,12.213473320007324
2629,8,12,12.352808952331543
2629,9,12,12.397222518920898
2629,10,12,12.517860412597656
2629,11,12,12.531299591064453
2629,12,12,12.49814224243164
2630,1,11,12.176525115966797
2630,2,11,12.144819259643555
2630,3,11,12.110642433166504
2630,4,11,12.177281379699707
2630,5,11,12.212597846984863
2630,6,11,12.323217391967773
2630,7,11,12.266515731811523
2630,8,11,12.02486515045166
2630,9,11,12.065665245056152
2630,10,11,12.164844512939453
2630,11,11,13.220502853393555
2630,12,11,13.323513984680176
2631,1,11,12.421672821044922
2631,2,11,12.53453254699707
2631,3,11,12.550739288330078
2631,4,11,12.822742462158203
2631,5,11,12.574691772460938
2631,6,11,12.830985069274902
2631,7,11,12.747458457946777
2631,8,11,12.85715103149414
2631,9,11,12.88673210144043
2631,10,11,13.06830883026123
2631,11,11,13.22830867767334
2631,12,11,13.289907455444336
2632,1,5,7.126499176025391
2632,2,5,8.659661293029785
2632,3,5,9.095569610595703
2632,4,5,11.08492660522461
2632,5,5,10.265344619750977
2632,6,5,9.762701988220215
2632,7,5,10.351336479187012
2632,8,5,6.837679862976074
2632,9,5,10.686717987060547
2632,10,5,9.651468276977539
2632,11,5,10.318257331848145
2632,12,5,10.49064826965332
2633,1,11,11.600434303283691
2633,2,11,11.497804641723633
2633,3,11,11.809158325195312
2633,4,11,12.078213691711426
2633,5,11,12.015281677246094
2633,6,11,12.12498664855957
2633,7,11,12.46456527709961
2633,8,11,12.355053901672363
2633,9,11,12.278239250183105
2633,10,11,12.451231956481934
2633,11,11,12.52716064453125
2633,12,11,12.405510902404785
2634,1,5,13.612773895263672
2634,2,5,13.550382614135742
2634,3,5,13.715920448303223
2634,4,5,14.13959789276123
2634,5,5,14.327589988708496
2634,6,5,14.234734535217285
2634,7,5,14.27031135559082
2634,8,5,14.238365173339844
2634,9,5,14.303531646728516
2634,10,5,14.444140434265137
2634,11,5,14.531981468200684
2634,12,5,14.951759338378906
2635,1,9,13.362217903137207
2635,2,9,13.549436569213867
2635,3,9,13.611798286437988
2635,4,9,13.648490905761719
2635,5,9,13.719246864318848
2635,6,9,14.052681922912598
2635,7,9,14.049064636230469
2635,8,9,14.220081329345703
2635,9,9,14.380258560180664
2635,10,9,14.210702896118164
2635,11,9,14.25188159942627
2635,12,9,14.351842880249023
2636,1,12,14.047467231750488
2636,2,12,13.919533729553223
2636,3,12,13.9605131149292
2636,4,12,13.99671745300293
2636,5,12,14.001774787902832
2636,6,12,14.081048011779785
2636,7,12,14.21225643157959
2636,8,12,14.189160346984863
2636,9,12,14.296891212463379
2636,10,12,14.429347038269043
2636,11,12,14.516751289367676
2636,12,12,14.657655715942383
2637,1,11,10.535168647766113
2637,2,11,10.926799774169922
2637,3,11,10.947553634643555
2637,4,11,11.163919448852539
2637,5,11,10.799356460571289
2637,6,11,10.842519760131836
2637,7,11,10.66265869140625
2637,8,11,10.800263404846191
2637,9,11,10.754801750183105
2637,10,11,11.393359184265137
2637,11,11,10.820877075195312
2637,12,11,11.822309494018555
2638,1,10,11.204179763793945
2638,2,10,11.770768165588379
2638,3,10,11.039674758911133
2638,4,10,11.326391220092773
2638,5,10,11.364249229431152
2638,6,10,11.157855033874512
2638,7,10,11.158696174621582
2638,8,10,11.245051383972168
2638,9,10,11.348621368408203
2638,10,10,11.314845085144043
2638,11,10,11.447172164916992
2638,12,10,11.383328437805176
2639,1,11,12.596687316894531
2639,2,11,12.705453872680664
2639,3,11,12.67320728302002
2639,4,11,12.740297317504883
2639,5,11,12.778040885925293
2639,6,11,12.741399765014648
2639,7,11,12.579283714294434
2639,8,11,12.639811515808105
2639,9,11,12.629608154296875
2639,10,11,12.778491020202637
2639,11,11,12.968827247619629
2639,12,11,13.038951873779297
2640,1,9,12.056748390197754
2640,2,9,10.841373443603516
2640,3,9,11.137480735778809
2640,4,9,11.278501510620117
2640,5,9,11.095748901367188
2640,6,9,11.110380172729492
2640,7,9,11.416555404663086
2640,8,9,11.700847625732422
2640,9,9,11.600625991821289
2640,10,9,11.461139678955078
2640,11,9,11.737903594970703
2640,12,9,12.284327507019043
2641,1,2,11.954273223876953
2641,2,2,13.142109870910645
2641,3,2,13.226508140563965
2641,4,2,13.297350883483887
2641,5,2,13.210071563720703
2641,6,2,12.639693260192871
2641,7,2,12.957212448120117
2641,8,2,12.97960376739502
2641,9,2,13.216826438903809
2641,10,2,12.796857833862305
2641,11,2,12.953421592712402
2641,12,2,11.747553825378418
2642,1,4,16.738510131835938
2642,2,4,16.98764991760254
2642,3,4,17.087621688842773
2642,4,4,17.20353889465332
2642,5,4,17.128267288208008
2642,6,4,17.235809326171875
2642,7,4,17.262042999267578
2642,8,4,17.868669509887695
2642,9,4,18.20745086669922
2642,10,4,18.410730361938477
2642,11,4,18.477096557617188
2642,12,4,18.484487533569336
2643,1,9,10.517402648925781
2643,2,9,10.41249942779541
2643,3,9,10.113785743713379
2643,4,9,10.212349891662598
2643,5,9,11.757335662841797
2643,6,9,10.676280975341797
2643,7,9,10.567414283752441
2643,8,9,10.841464042663574
2643,9,9,10.97000789642334
2643,10,9,10.89399528503418
2643,11,9,11.160202026367188
2643,12,9,11.785460472106934
2644,1,3,10.926774024963379
2644,2,3,10.679338455200195
2644,3,3,9.369173049926758
2644,4,3,11.191608428955078
2644,5,3,11.53437328338623
2644,6,3,10.967366218566895
2644,7,3,10.906852722167969
2644,8,3,10.596123695373535
2644,9,3,10.266531944274902
2644,10,3,10.844935417175293
2644,11,3,10.671895980834961
2644,12,3,10.803609848022461
2645,1,10,10.486576080322266
2645,2,10,10.894634246826172
2645,3,10,11.45497989654541
2645,4,10,11.547152519226074
2645,5,10,11.295111656188965
2645,6,10,11.409200668334961
2645,7,10,11.473100662231445
2645,8,10,11.573457717895508
2645,9,10,11.817283630371094
2645,10,10,11.850300788879395
2645,11,10,12.884986877441406
2645,12,10,12.763278007507324
2646,1,2,9.031189918518066
2646,2,2,9.021946907043457
2646,3,2,9.046542167663574
2646,4,2,9.154351234436035
2646,5,2,9.091845512390137
2646,6,2,9.702191352844238
2646,7,2,10.076534271240234
2646,8,2,10.149916648864746
2646,9,2,9.807726860046387
2646,10,2,9.829548835754395
2646,11,2,10.204036712646484
2646,12,2,9.909913063049316
2647,1,11,13.199967384338379
2647,2,11,13.510132789611816
2647,3,11,13.492109298706055
2647,4,11,13.49007797241211
2647,5,11,13.485369682312012
2647,6,11,13.449443817138672
2647,7,11,13.398551940917969
2647,8,11,12.820591926574707
2647,9,11,12.856597900390625
2647,10,11,12.980674743652344
2647,11,11,13.353479385375977
2647,12,11,13.342116355895996
2648,1,12,9.318864822387695
2648,2,12,9.100187301635742
2648,3,12,9.501164436340332
2648,4,12,7.869234561920166
2648,5,12,7.238793849945068
2648,6,12,8.769107818603516
2648,7,12,8.63576889038086
2648,8,12,9.08060359954834
2648,9,12,8.710235595703125
2648,10,12,9.188825607299805
2648,11,12,8.728436470031738
2648,12,12,8.718449592590332
2649,1,11,11.481365203857422
2649,2,11,11.445124626159668
2649,3,11,10.957938194274902
2649,4,11,11.101983070373535
2649,5,11,10.758129119873047
2649,6,11,10.741132736206055
2649,7,11,11.279952049255371
2649,8,11,11.322967529296875
2649,9,11,11.317427635192871
2649,10,11,11.295878410339355
2649,11,11,11.579093933105469
2649,12,11,12.067743301391602
2650,1,12,10.51336669921875
2650,2,12,12.975409507751465
2650,3,12,12.017117500305176
2650,4,12,11.140164375305176
2650,5,12,11.340399742126465
2650,6,12,11.375617027282715
2650,7,12,11.692185401916504
2650,8,12,11.950392723083496
2650,9,12,11.706605911254883
2650,10,12,11.701311111450195
2650,11,12,11.722342491149902
2650,12,12,11.729375839233398
2651,1,7,10.84219741821289
2651,2,7,10.225967407226562
2651,3,7,10.736000061035156
2651,4,7,10.966593742370605
2651,5,7,9.869959831237793
2651,6,7,10.0685453414917
2651,7,7,10.862090110778809
2651,8,7,8.8818998336792
2651,9,7,9.160348892211914
2651,10,7,9.511070251464844
2651,11,7,8.805977821350098
2651,12,7,6.95709753036499
2652,1,11,10.838212013244629
2652,2,11,11.333559036254883
2652,3,11,11.422124862670898
2652,4,11,11.442489624023438
2652,5,11,11.38201904296875
2652,6,11,11.857451438903809
2652,7,11,11.805862426757812
2652,8,11,11.883773803710938
2652,9,11,12.05957317352295
2652,10,11,11.965916633605957
2652,11,11,12.019976615905762
2652,12,11,11.760640144348145
2653,1,11,13.619232177734375
2653,2,11,13.625500679016113
2653,3,11,13.650297164916992
2653,4,11,13.70084285736084
2653,5,11,13.833320617675781
2653,6,11,13.821165084838867
2653,7,11,13.910451889038086
2653,8,11,13.971869468688965
2653,9,11,14.045938491821289
2653,10,11,14.092340469360352
2653,11,11,14.415780067443848
2653,12,11,14.52166748046875
2654,1,11,13.724919319152832
2654,2,11,13.805183410644531
2654,3,11,13.882485389709473
2654,4,11,13.960622787475586
2654,5,11,13.910558700561523
2654,6,11,14.146224975585938
2654,7,11,14.13474178314209
2654,8,11,14.338431358337402
2654,9,11,14.657021522521973
2654,10,11,14.868599891662598
2654,11,11,14.847251892089844
2654,12,11,14.905216217041016
2655,1,11,10.258523941040039
2655,2,11,10.177672386169434
2655,3,11,10.047789573669434
2655,4,11,10.365961074829102
2655,5,11,10.913566589355469
2655,6,11,10.630159378051758
2655,7,11,10.832374572753906
2655,8,11,10.703006744384766
2655,9,11,10.845654487609863
2655,10,11,10.764876365661621
2655,11,11,10.66660213470459
2655,12,11,10.409561157226562
2656,1,11,7.902068138122559
2656,2,11,9.489731788635254
2656,3,11,9.665985107421875
2656,4,11,9.260218620300293
2656,5,11,9.545624732971191
2656,6,11,5.363685607910156
2656,7,11,9.926246643066406
2656,8,11,9.838543891906738
2656,9,11,9.850898742675781
2656,10,11,10.206819534301758
2656,11,11,10.015560150146484
2656,12,11,9.838188171386719
2657,1,12,14.21704387664795
2657,2,12,14.316546440124512
2657,3,12,14.378283500671387
2657,4,12,14.712403297424316
2657,5,12,14.753206253051758
2657,6,12,14.995614051818848
2657,7,12,15.08735179901123
2657,8,12,15.621003150939941
2657,9,12,15.552936553955078
2657,10,12,15.870983123779297
2657,11,12,16.104034423828125
2657,12,12,16.209016799926758
2658,1,11,12.600353240966797
2658,2,11,11.951255798339844
2658,3,11,12.405019760131836
2658,4,11,12.311898231506348
2658,5,11,12.294157028198242
2658,6,11,12.35158634185791
2658,7,11,12.416172981262207
2658,8,11,12.560600280761719
2658,9,11,12.44141674041748
2658,10,11,12.911554336547852
2658,11,11,12.749347686767578
2658,12,11,12.851195335388184
2659,1,11,13.354233741760254
2659,2,11,13.367183685302734
2659,3,11,13.378600120544434
2659,4,11,13.325026512145996
2659,5,11,13.370614051818848
2659,6,11,13.349027633666992
2659,7,11,13.302128791809082
2659,8,11,13.581855773925781
2659,9,11,13.586432456970215
2659,10,11,13.830034255981445
2659,11,11,14.060009956359863
2659,12,11,14.024580955505371
2660,1,11,13.145030975341797
2660,2,11,13.067059516906738
2660,3,11,13.583178520202637
2660,4,11,13.569695472717285
2660,5,11,13.601730346679688
2660,6,11,13.656843185424805
2660,7,11,13.726567268371582
2660,8,11,13.743056297302246
2660,9,11,13.767403602600098
2660,10,11,13.863147735595703
2660,11,11,14.17628288269043
2660,12,11,14.232370376586914
2661,1,10,11.686899185180664
2661,2,10,11.703156471252441
2661,3,10,0.0
2661,4,10,11.646724700927734
2661,5,10,11.611896514892578
2661,6,10,11.970243453979492
2661,7,10,11.880233764648438
2661,8,10,11.821732521057129
2661,9,10,11.808880805969238
2661,10,10,11.686004638671875
2661,11,10,12.271238327026367
2661,12,10,12.08291244506836
2662,1,11,10.8301362991333
2662,2,11,11.82662296295166
2662,3,11,11.554069519042969
2662,4,11,11.628514289855957
2662,5,11,11.490302085876465
2662,6,11,11.258722305297852
2662,7,11,10.89697551727295
2662,8,11,10.96928882598877
2662,9,11,10.700957298278809
2662,10,11,11.47158145904541
2662,11,11,11.436707496643066
2662,12,11,11.050064086914062
2663,1,11,10.861099243164062
2663,2,11,11.018364906311035
2663,3,11,11.173116683959961
2663,4,11,11.400794982910156
2663,5,11,11.114521980285645
2663,6,11,11.287931442260742
2663,7,11,11.464068412780762
2663,8,11,11.692211151123047
2663,9,11,11.503973960876465
2663,10,11,11.739720344543457
2663,11,11,12.182633399963379
2663,12,11,12.047650337219238
2664,1,11,9.720381736755371
2664,2,11,10.459190368652344
2664,3,11,10.703457832336426
2664,4,11,10.44382381439209
2664,5,11,10.266290664672852
2664,6,11,11.136523246765137
2664,7,11,11.092095375061035
2664,8,11,10.890034675598145
2664,9,11,11.033365249633789
2664,10,11,11.22684097290039
2664,11,11,11.462008476257324
2664,12,11,11.592196464538574
2665,1,11,10.030296325683594
2665,2,11,10.066168785095215
2665,3,11,10.346866607666016
2665,4,11,10.618398666381836
2665,5,11,10.785441398620605
2665,6,11,10.586636543273926
2665,7,11,10.597332000732422
2665,8,11,10.773917198181152
2665,9,11,10.91170597076416
2665,10,11,10.828242301940918
2665,11,11,11.16843032836914
2665,12,11,11.094319343566895
2666,1,11,8.877598762512207
2666,2,11,9.653582572937012
2666,3,11,9.66331958770752
2666,4,11,9.828079223632812
2666,5,11,9.674260139465332
2666,6,11,9.746678352355957
2666,7,11,9.22114086151123
2666,8,11,9.692950248718262
2666,9,11,9.694626808166504
2666,10,11,9.712916374206543
2666,11,11,12.014521598815918
2666,12,11,10.145278930664062
2667,1,12,11.996782302856445
2667,2,12,11.824271202087402
2667,3,12,12.324153900146484
2667,4,12,12.154516220092773
2667,5,12,12.042008399963379
2667,6,12,12.050297737121582
2667,7,12,11.953938484191895
2667,8,12,12.118273735046387
2667,9,12,12.018196105957031
2667,10,12,12.189740180969238
2667,11,12,12.098565101623535
2667,12,12,11.915966987609863
2668,1,11,13.924293518066406
2668,2,11,13.5809907913208
2668,3,11,14.201841354370117
2668,4,11,14.201981544494629
2668,5,11,14.203843116760254
2668,6,11,14.40062141418457
2668,7,11,14.874175071716309
2668,8,11,15.021241188049316
2668,9,11,15.186200141906738
2668,10,11,15.348295211791992
2668,11,11,15.59057903289795
2668,12,11,15.572921752929688
2669,1,10,10.474449157714844
2669,2,10,10.969147682189941
2669,3,10,10.906180381774902
2669,4,10,10.883833885192871
2669,5,10,10.828559875488281
2669,6,10,10.617583274841309
2669,7,10,10.740118026733398
2669,8,10,10.822174072265625
2669,9,10,10.956415176391602
2669,10,10,11.273241996765137
2669,11,10,12.372518539428711
2669,12,10,12.440644264221191
2670,1,11,11.010674476623535
2670,2,11,11.347168922424316
2670,3,11,11.591556549072266
2670,4,11,11.581624031066895
2670,5,11,11.454054832458496
2670,6,11,11.582409858703613
2670,7,11,11.252429008483887
2670,8,11,11.341856956481934
2670,9,11,11.729557037353516
2670,10,11,11.821383476257324
2670,11,11,12.367661476135254
2670,12,11,12.384509086608887
2671,1,11,10.969771385192871
2671,2,11,11.06285285949707
2671,3,11,11.232895851135254
2671,4,11,11.237542152404785
2671,5,11,11.425357818603516
2671,6,11,11.21737003326416
2671,7,11,10.805253028869629
2671,8,11,11.309799194335938
2671,9,11,11.403220176696777
2671,10,11,11.589215278625488
2671,11,11,11.6594820022583
2671,12,11,11.600735664367676
2672,1,12,9.85927677154541
2672,2,12,10.681445121765137
2672,3,12,10.466743469238281
2672,4,12,9.93763256072998
2672,5,12,9.95001220703125
2672,6,12,10.741743087768555
2672,7,12,10.69792366027832
2672,8,12,10.63852596282959
2672,9,12,10.565747261047363
2672,10,12,9.836021423339844
2672,11,12,9.872322082519531
2672,12,12,9.811955451965332
2673,1,12,12.326424598693848
2673,2,12,10.909751892089844
2673,3,12,10.662948608398438
2673,4,12,10.695807456970215
2673,5,12,10.572680473327637
2673,6,12,10.72882080078125
2673,7,12,11.884612083435059
2673,8,12,11.721356391906738
2673,9,12,11.586339950561523
2673,10,12,11.297561645507812
2673,11,12,11.4259033203125
2673,12,12,11.202202796936035
2674,1,10,12.161704063415527
2674,2,10,12.440558433532715
2674,3,10,12.153007507324219
2674,4,10,11.990015029907227
2674,5,10,12.074299812316895
2674,6,10,12.724702835083008
2674,7,10,12.711080551147461
2674,8,10,12.761438369750977
2674,9,10,12.659968376159668
2674,10,10,12.922569274902344
2674,11,10,13.456202507019043
2674,12,10,13.617205619812012
2675,1,12,10.990476608276367
2675,2,12,11.113846778869629
2675,3,12,11.379115104675293
2675,4,12,11.398786544799805
2675,5,12,11.265726089477539
2675,6,12,11.301494598388672
2675,7,12,11.366976737976074
2675,8,12,11.360251426696777
2675,9,12,11.469118118286133
2675,10,12,12.35862922668457
2675,11,12,12.016637802124023
2675,12,12,12.023138999938965
2676,1,3,12.228279113769531
2676,2,3,12.405323028564453
2676,3,3,12.157605171203613
2676,4,3,12.181638717651367
2676,5,3,11.527118682861328
2676,6,3,11.883339881896973
2676,7,3,12.123647689819336
2676,8,3,12.035943031311035
2676,9,3,12.285025596618652
2676,10,3,12.256158828735352
2676,11,3,12.168761253356934
2676,12,3,12.26721477508545
2677,1,11,9.978388786315918
2677,2,11,10.38244342803955
2677,3,11,10.111370086669922
2677,4,11,10.12519645690918
2677,5,11,10.309090614318848
2677,6,11,10.23710823059082
2677,7,11,10.78740406036377
2677,8,11,11.442411422729492
2677,9,11,11.426796913146973
2677,10,11,11.335518836975098
2677,11,11,11.51546859741211
2677,12,11,11.428018569946289
2678,1,12,13.199055671691895
2678,2,12,13.190352439880371
2678,3,12,13.377674102783203
2678,4,12,13.415689468383789
2678,5,12,13.447582244873047
2678,6,12,13.553656578063965
2678,7,12,13.59055233001709
2678,8,12,13.630617141723633
2678,9,12,13.679112434387207
2678,10,12,13.785846710205078
2678,11,12,13.787032127380371
2678,12,12,13.670470237731934
2679,1,12,10.779890060424805
2679,2,12,10.054832458496094
2679,3,12,10.258691787719727
2679,4,12,10.029253005981445
2679,5,12,9.955207824707031
2679,6,12,10.312185287475586
2679,7,12,10.274442672729492
2679,8,12,12.104399681091309
2679,9,12,11.692526817321777
2679,10,12,11.633991241455078
2679,11,12,11.945539474487305
2679,12,12,11.737503051757812
2680,1,6,11.187163352966309
2680,2,6,11.269204139709473
2680,3,6,10.99551773071289
2680,4,6,11.03515625
2680,5,6,10.96410083770752
2680,6,6,11.46247386932373
2680,7,6,11.342477798461914
2680,8,6,11.294641494750977
2680,9,6,11.304381370544434
2680,10,6,11.4680814743042
2680,11,6,11.349555969238281
2680,12,6,11.373292922973633
2681,1,11,9.235101699829102
2681,2,11,10.563395500183105
2681,3,11,11.13232135772705
2681,4,11,11.127965927124023
2681,5,11,10.997825622558594
2681,6,11,11.12766170501709
2681,7,11,11.465195655822754
2681,8,11,11.063408851623535
2681,9,11,10.92082405090332
2681,10,11,11.451817512512207
2681,11,11,11.896697044372559
2681,12,11,11.882198333740234
2682,1,3,11.447524070739746
2682,2,3,11.490406036376953
2682,3,3,11.427000045776367
2682,4,3,11.583236694335938
2682,5,3,11.489437103271484
2682,6,3,11.22114372253418
2682,7,3,11.018046379089355
2682,8,3,11.37554931640625
2682,9,3,11.57847785949707
2682,10,3,11.591397285461426
2682,11,3,11.438373565673828
2682,12,3,11.36368179321289
2683,1,12,11.854750633239746
2683,2,12,13.008763313293457
2683,3,12,13.17181396484375
2683,4,12,13.17806625366211
2683,5,12,13.209258079528809
2683,6,12,13.420049667358398
2683,7,12,13.365901947021484
2683,8,12,13.44749927520752
2683,9,12,13.62897777557373
2683,10,12,13.686887741088867
2683,11,12,14.093138694763184
2683,12,12,14.302428245544434
2684,1,7,11.8223295211792
2684,2,7,11.793111801147461
2684,3,7,11.738268852233887
2684,4,7,11.80933666229248
2684,5,7,11.75124454498291
2684,6,7,12.545440673828125
2684,7,7,12.163252830505371
2684,8,7,12.235078811645508
2684,9,7,12.358677864074707
2684,10,7,12.44243335723877
2684,11,7,12.452049255371094
2684,12,7,12.848966598510742
2685,1,11,9.954216003417969
2685,2,11,9.761688232421875
2685,3,11,9.62210750579834
2685,4,11,9.588191032409668
2685,5,11,9.32567310333252
2685,6,11,9.47250747680664
2685,7,11,9.58185863494873
2685,8,11,10.337806701660156
2685,9,11,10.03967571258545
2685,10,11,0.0
2685,11,11,10.1463623046875
2685,12,11,9.803396224975586
2686,1,12,9.167356491088867
2686,2,12,10.359151840209961
2686,3,12,10.07544231414795
2686,4,12,10.293821334838867
2686,5,12,10.737289428710938
2686,6,12,10.402276992797852
2686,7,12,10.437315940856934
2686,8,12,10.853764533996582
2686,9,12,10.81462574005127
2686,10,12,10.68117904663086
2686,11,12,10.601188659667969
2686,12,12,10.625988960266113
2687,1,12,10.78528881072998
2687,2,12,10.422017097473145
2687,3,12,10.706119537353516
2687,4,12,10.599838256835938
2687,5,12,10.571405410766602
2687,6,12,10.579212188720703
2687,7,12,11.236465454101562
2687,8,12,11.414061546325684
2687,9,12,11.506611824035645
2687,10,12,12.202149391174316
2687,11,12,12.259767532348633
2687,12,12,12.12285327911377
2688,1,,10.073969841003418
2688,2,,9.952115058898926
2688,3,,9.97201919555664
2688,4,,9.830571174621582
2688,5,,9.666872024536133
2688,6,,9.812724113464355
2688,7,,9.915616035461426
2688,8,,9.90571117401123
2688,9,,10.09366512298584
2688,10,,10.016563415527344
2688,11,,10.655204772949219
2688,12,,10.867168426513672
2689,1,3,11.647906303405762
2689,2,3,11.726432800292969
2689,3,3,12.600162506103516
2689,4,3,12.648998260498047
2689,5,3,12.610431671142578
2689,6,3,12.610954284667969
2689,7,3,12.824217796325684
2689,8,3,12.881072998046875
2689,9,3,12.782675743103027
2689,10,3,12.832950592041016
2689,11,3,12.782365798950195
2689,12,3,12.818581581115723
2690,1,11,8.577659606933594
2690,2,11,9.857365608215332
2690,3,11,9.681912422180176
2690,4,11,9.620966911315918
2690,5,11,9.875732421875
2690,6,11,8.980032920837402
2690,7,11,9.9174222946167
2690,8,11,9.454212188720703
2690,9,11,9.191117286682129
2690,10,11,10.476627349853516
2690,11,11,10.459657669067383
2690,12,11,10.78576374053955
2691,1,12,8.71884536743164
2691,2,12,8.781158447265625
2691,3,12,8.824667930603027
2691,4,12,9.83017349243164
2691,5,12,9.489542007446289
2691,6,12,9.508904457092285
2691,7,12,9.90246295928955
2691,8,12,9.691824913024902
2691,9,12,9.096612930297852
2691,10,12,9.57482624053955
2691,11,12,10.161540031433105
2691,12,12,10.42447566986084
2692,1,12,15.74246883392334
2692,2,12,15.79400634765625
2692,3,12,16.215579986572266
2692,4,12,16.26327896118164
2692,5,12,16.282270431518555
2692,6,12,16.28797149658203
2692,7,12,16.3664608001709
2692,8,12,16.4395751953125
2692,9,12,16.502840042114258
2692,10,12,16.693979263305664
2692,11,12,17.066980361938477
2692,12,12,17.118125915527344
2693,1,10,10.435264587402344
2693,2,10,12.938358306884766
2693,3,10,12.221268653869629
2693,4,10,11.227380752563477
2693,5,10,11.35515308380127
2693,6,10,11.553544998168945
2693,7,10,11.479448318481445
2693,8,10,13.177108764648438
2693,9,10,11.58378791809082
2693,10,10,12.190253257751465
2693,11,10,12.013460159301758
2693,12,10,12.173080444335938
2694,1,6,9.5272216796875
2694,2,6,10.5045166015625
2694,3,6,10.447792053222656
2694,4,6,10.258925437927246
2694,5,6,10.381950378417969
2694,6,6,10.427591323852539
2694,7,6,10.173894882202148
2694,8,6,10.226462364196777
2694,9,6,9.902094841003418
2694,10,6,10.163496017456055
2694,11,6,10.220080375671387
2694,12,6,9.810548782348633
2695,1,12,11.176835060119629
2695,2,12,11.127518653869629
2695,3,12,11.156194686889648
2695,4,12,11.176261901855469
2695,5,12,10.611099243164062
2695,6,12,11.05271053314209
2695,7,12,11.3219575881958
2695,8,12,11.199803352355957
2695,9,12,11.227280616760254
2695,10,12,11.133712768554688
2695,11,12,11.404914855957031
2695,12,12,10.881047248840332
2696,1,7,10.83222484588623
2696,2,7,11.513257026672363
2696,3,7,11.654097557067871
2696,4,7,11.21348762512207
2696,5,7,11.371034622192383
2696,6,7,11.398107528686523
2696,7,7,11.439421653747559
2696,8,7,11.920597076416016
2696,9,7,12.052237510681152
2696,10,7,11.832917213439941
2696,11,7,11.635350227355957
2696,12,7,11.555190086364746
2697,1,11,15.943279266357422
2697,2,11,15.76134204864502
2697,3,11,15.579689025878906
2697,4,11,15.626742362976074
2697,5,11,15.923757553100586
2697,6,11,16.12327766418457
2697,7,11,16.105188369750977
2697,8,11,16.251155853271484
2697,9,11,16.307212829589844
2697,10,11,16.549556732177734
2697,11,11,16.61944580078125
2697,12,11,16.945873260498047
2698,1,7,14.704008102416992
2698,2,7,14.663984298706055
2698,3,7,14.70625114440918
2698,4,7,14.760302543640137
2698,5,7,14.78133487701416
2698,6,7,14.819723129272461
2698,7,7,14.903886795043945
2698,8,7,14.983306884765625
2698,9,7,15.000340461730957
2698,10,7,15.091015815734863
2698,11,7,15.922110557556152
2698,12,7,15.84384536743164
2699,1,7,14.374067306518555
2699,2,7,14.407114028930664
2699,3,7,14.32046890258789
2699,4,7,14.87917423248291
2699,5,7,15.071595191955566
2699,6,7,15.224559783935547
2699,7,7,15.227227210998535
2699,8,7,15.540802955627441
2699,9,7,15.575752258300781
2699,10,7,15.732791900634766
2699,11,7,16.070785522460938
2699,12,7,15.936296463012695
2700,1,8,11.911498069763184
2700,2,8,11.855483055114746
2700,3,8,12.760363578796387
2700,4,8,13.085566520690918
2700,5,8,13.00540542602539
2700,6,8,13.081703186035156
2700,7,8,13.032697677612305
2700,8,8,13.071706771850586
2700,9,8,13.350433349609375
2700,10,8,13.403982162475586
2700,11,8,13.861579895019531
2700,12,8,13.72739315032959
2701,1,11,11.5028076171875
2701,2,11,11.397497177124023
2701,3,11,11.441829681396484
2701,4,11,11.573945999145508
2701,5,11,11.575637817382812
2701,6,11,11.394993782043457
2701,7,11,11.389202117919922
2701,8,11,11.603699684143066
2701,9,11,11.360391616821289
2701,10,11,11.374231338500977
2701,11,11,11.702184677124023
2701,12,11,11.948397636413574
2702,1,4,10.915606498718262
2702,2,4,11.085058212280273
2702,3,4,10.31640338897705
2702,4,4,10.922141075134277
2702,5,4,10.656533241271973
2702,6,4,10.110062599182129
2702,7,4,10.366070747375488
2702,8,4,10.420439720153809
2702,9,4,10.190709114074707
2702,10,4,10.770462036132812
2702,11,4,10.751063346862793
2702,12,4,10.56436538696289
2703,1,11,9.059405326843262
2703,2,11,7.609776020050049
2703,3,11,7.932069778442383
2703,4,11,7.956941604614258
2703,5,11,7.338947296142578
2703,6,11,7.846958637237549
2703,7,11,6.619367599487305
2703,8,11,7.011940956115723
2703,9,11,7.437154293060303
2703,10,11,8.383212089538574
2703,11,11,8.237809181213379
2703,12,11,7.870903015136719
2704,1,6,15.32204532623291
2704,2,6,15.203964233398438
2704,3,6,15.338784217834473
2704,4,6,15.223028182983398
2704,5,6,15.185203552246094
2704,6,6,15.3269624710083
2704,7,6,15.716140747070312
2704,8,6,15.874664306640625
2704,9,6,15.995199203491211
2704,10,6,16.044904708862305
2704,11,6,16.425785064697266
2704,12,6,16.269359588623047
2705,1,10,11.92935562133789
2705,2,10,11.928054809570312
2705,3,10,11.806347846984863
2705,4,10,11.772274017333984
2705,5,10,11.748294830322266
2705,6,10,11.795879364013672
2705,7,10,11.89550495147705
2705,8,10,11.932068824768066
2705,9,10,12.073949813842773
2705,10,10,12.057265281677246
2705,11,10,12.573244094848633
2705,12,10,12.776054382324219
2706,1,11,9.339147567749023
2706,2,11,9.531521797180176
2706,3,11,10.344786643981934
2706,4,11,10.95971393585205
2706,5,11,10.79672908782959
2706,6,11,10.634074211120605
2706,7,11,10.61757755279541
2706,8,11,10.68896770477295
2706,9,11,10.694159507751465
2706,10,11,10.70086669921875
2706,11,11,10.71588134765625
2706,12,11,11.231810569763184
2707,1,10,11.750614166259766
2707,2,10,11.374377250671387
2707,3,10,12.165064811706543
2707,4,10,12.274727821350098
2707,5,10,12.284382820129395
2707,6,10,12.127275466918945
2707,7,10,12.151886940002441
2707,8,10,12.715219497680664
2707,9,10,13.204479217529297
2707,10,10,12.40374755859375
2707,11,10,12.99685287475586
2707,12,10,14.282065391540527
2708,1,6,13.02794361114502
2708,2,6,13.15379810333252
2708,3,6,13.202505111694336
2708,4,6,13.22100830078125
2708,5,6,13.15963077545166
2708,6,6,13.251392364501953
2708,7,6,13.546365737915039
2708,8,6,13.832937240600586
2708,9,6,13.739365577697754
2708,10,6,13.916394233703613
2708,11,6,13.84183120727539
2708,12,6,13.876143455505371
2709,1,11,9.703388214111328
2709,2,11,9.991893768310547
2709,3,11,10.188691139221191
2709,4,11,9.963290214538574
2709,5,11,10.435133934020996
2709,6,11,10.232267379760742
2709,7,11,10.682544708251953
2709,8,11,10.485718727111816
2709,9,11,10.967671394348145
2709,10,11,11.031829833984375
2709,11,11,11.048480987548828
2709,12,11,10.978865623474121
2710,1,11,10.896858215332031
2710,2,11,10.438858985900879
2710,3,11,10.78763198852539
2710,4,11,11.567378044128418
2710,5,11,11.299433708190918
2710,6,11,10.289441108703613
2710,7,11,11.500192642211914
2710,8,11,11.33012580871582
2710,9,11,10.85785961151123
2710,10,11,10.636308670043945
2710,11,11,11.061951637268066
2710,12,11,10.46211051940918
2711,1,12,13.250639915466309
2711,2,12,14.895195960998535
2711,3,12,14.79952621459961
2711,4,12,14.54211711883545
2711,5,12,14.582862854003906
2711,6,12,15.925968170166016
2711,7,12,15.542826652526855
2711,8,12,15.226116180419922
2711,9,12,16.061397552490234
2711,10,12,15.38711166381836
2711,11,12,15.198909759521484
2711,12,12,15.680856704711914
2712,1,10,12.593147277832031
2712,2,10,13.672673225402832
2712,3,10,13.364409446716309
2712,4,10,12.980838775634766
2712,5,10,12.695088386535645
2712,6,10,12.777300834655762
2712,7,10,13.142613410949707
2712,8,10,13.594204902648926
2712,9,10,13.812670707702637
2712,10,10,14.002935409545898
2712,11,10,14.097848892211914
2712,12,10,14.315483093261719
2713,1,9,9.61391830444336
2713,2,9,10.338067054748535
2713,3,9,9.897932052612305
2713,4,9,9.902318954467773
2713,5,9,10.151261329650879
2713,6,9,9.967803955078125
2713,7,9,10.01059627532959
2713,8,9,9.872050285339355
2713,9,9,9.587686538696289
2713,10,9,10.790491104125977
2713,11,9,10.665976524353027
2713,12,9,10.504472732543945
2714,1,12,9.456335067749023
2714,2,12,6.963561534881592
2714,3,12,8.759809494018555
2714,4,12,8.664692878723145
2714,5,12,8.461873054504395
2714,6,12,8.708552360534668
2714,7,12,11.716238021850586
2714,8,12,11.678642272949219
2714,9,12,11.66462516784668
2714,10,12,11.566495895385742
2714,11,12,11.689008712768555
2714,12,12,11.808452606201172
2715,1,11,5.761106491088867
2715,2,11,7.055067539215088
2715,3,11,6.565360069274902
2715,4,11,9.009819984436035
2715,5,11,8.48522663116455
2715,6,11,10.565956115722656
2715,7,11,9.723795890808105
2715,8,11,9.637434005737305
2715,9,11,9.697965621948242
2715,10,11,9.899260520935059
2715,11,11,9.30317497253418
2715,12,11,9.446990966796875
2716,1,9,9.599739074707031
2716,2,9,9.492721557617188
2716,3,9,9.880189895629883
2716,4,9,9.757039070129395
2716,5,9,9.90667724609375
2716,6,9,10.229660034179688
2716,7,9,10.300777435302734
2716,8,9,9.313756942749023
2716,9,9,9.825488090515137
2716,10,9,11.139660835266113
2716,11,9,10.875261306762695
2716,12,9,10.486391067504883
2717,1,11,17.104705810546875
2717,2,11,17.043598175048828
2717,3,11,17.15707778930664
2717,4,11,17.10381507873535
2717,5,11,17.369619369506836
2717,6,11,17.368345260620117
2717,7,11,17.295589447021484
2717,8,11,17.465730667114258
2717,9,11,17.505441665649414
2717,10,11,17.55892562866211
2717,11,11,17.606067657470703
2717,12,11,17.58500099182129
2718,1,8,16.715524673461914
2718,2,8,16.86127471923828
2718,3,8,17.04484748840332
2718,4,8,17.371362686157227
2718,5,8,17.62616539001465
2718,6,8,17.617578506469727
2718,7,8,17.810646057128906
2718,8,8,17.850282669067383
2718,9,8,17.931453704833984
2718,10,8,18.152496337890625
2718,11,8,18.251340866088867
2718,12,8,18.269683837890625
2719,1,,10.74309253692627
2719,2,,10.458938598632812
2719,3,,10.627128601074219
2719,4,,10.532256126403809
2719,5,,10.59045696258545
2719,6,,10.590239524841309
2719,7,,11.055095672607422
2719,8,,10.660882949829102
2719,9,,10.816052436828613
2719,10,,10.499029159545898
2719,11,,11.325492858886719
2719,12,,10.877898216247559
2720,1,9,9.996253967285156
2720,2,9,10.627839088439941
2720,3,9,10.502463340759277
2720,4,9,10.557958602905273
2720,5,9,10.671968460083008
2720,6,9,10.97409725189209
2720,7,9,10.806941032409668
2720,8,9,10.922052383422852
2720,9,9,10.864554405212402
2720,10,9,10.90456771850586
2720,11,9,11.046268463134766
2720,12,9,10.911566734313965
2721,1,6,12.293718338012695
2721,2,6,12.501888275146484
2721,3,6,12.135479927062988
2721,4,6,12.366945266723633
2721,5,6,12.555953025817871
2721,6,6,12.46409797668457
2721,7,6,12.661886215209961
2721,8,6,13.494182586669922
2721,9,6,13.221514701843262
2721,10,6,13.37915325164795
2721,11,6,13.400691986083984
2721,12,6,13.44723892211914
2722,1,12,11.100273132324219
2722,2,12,11.497926712036133
2722,3,12,11.328313827514648
2722,4,12,10.93908405303955
2722,5,12,10.934425354003906
2722,6,12,11.559516906738281
2722,7,12,11.99743938446045
2722,8,12,11.26425552368164
2722,9,12,11.53757381439209
2722,10,12,11.464094161987305
2722,11,12,11.481429100036621
2722,12,12,11.09923267364502
2723,1,10,12.670037269592285
2723,2,10,12.915407180786133
2723,3,10,12.885579109191895
2723,4,10,13.578683853149414
2723,5,10,13.547484397888184
2723,6,10,13.686534881591797
2723,7,10,13.60677719116211
2723,8,10,13.57275390625
2723,9,10,13.842194557189941
2723,10,10,13.47946548461914
2723,11,10,13.935891151428223
2723,12,10,13.378341674804688
2724,1,12,10.812357902526855
2724,2,12,10.747733116149902
2724,3,12,10.814976692199707
2724,4,12,10.514456748962402
2724,5,12,9.809442520141602
2724,6,12,10.767215728759766
2724,7,12,10.966187477111816
2724,8,12,10.819366455078125
2724,9,12,10.47027587890625
2724,10,12,10.891400337219238
2724,11,12,10.878864288330078
2724,12,12,11.068424224853516
2725,1,10,9.268126487731934
2725,2,10,10.204885482788086
2725,3,10,9.652379989624023
2725,4,10,9.892197608947754
2725,5,10,9.652717590332031
2725,6,10,10.152180671691895
2725,7,10,9.757080078125
2725,8,10,9.77536392211914
2725,9,10,9.859598159790039
2725,10,10,9.88904857635498
2725,11,10,12.631797790527344
2725,12,10,9.90498161315918
2726,1,,8.891327857971191
2726,2,,8.744606018066406
2726,3,,9.157562255859375
2726,4,,8.930959701538086
2726,5,,8.868496894836426
2726,6,,7.929444789886475
2726,7,,9.656522750854492
2726,8,,9.21139907836914
2726,9,,8.343852996826172
2726,10,,8.553265571594238
2726,11,,8.687675476074219
2726,12,,10.263731956481934
2727,1,10,10.293330192565918
2727,2,10,10.633763313293457
2727,3,10,10.552932739257812
2727,4,10,10.710197448730469
2727,5,10,10.24799919128418
2727,6,10,10.493102073669434
2727,7,10,10.950730323791504
2727,8,10,11.62685489654541
2727,9,10,11.518706321716309
2727,10,10,12.425374031066895
2727,11,10,12.711275100708008
2727,12,10,11.75068187713623
2728,1,6,13.271595001220703
2728,2,6,13.270577430725098
2728,3,6,13.069372177124023
2728,4,6,12.686767578125
2728,5,6,12.894425392150879
2728,6,6,13.299707412719727
2728,7,6,13.583683013916016
2728,8,6,13.806029319763184
2728,9,6,13.678365707397461
2728,10,6,13.824910163879395
2728,11,6,13.603321075439453
2728,12,6,13.970226287841797
2729,1,6,11.949089050292969
2729,2,6,11.851004600524902
2729,3,6,11.99260139465332
2729,4,6,12.239386558532715
2729,5,6,11.968354225158691
2729,6,6,11.4518404006958
2729,7,6,11.997173309326172
2729,8,6,12.181239128112793
2729,9,6,11.727089881896973
2729,10,6,12.392417907714844
2729,11,6,12.349324226379395
2729,12,6,11.915666580200195
2730,1,12,9.211212158203125
2730,2,12,8.994328498840332
2730,3,12,9.550566673278809
2730,4,12,9.583215713500977
2730,5,12,9.765340805053711
2730,6,12,9.658533096313477
2730,7,12,0.0
2730,8,12,3.8089747428894043
2730,9,12,6.177443504333496
2730,10,12,8.321216583251953
2730,11,12,9.563874244689941
2730,12,12,10.682482719421387
2731,1,11,10.769563674926758
2731,2,11,10.536348342895508
2731,3,11,10.801612854003906
2731,4,11,9.881583213806152
2731,5,11,10.460897445678711
2731,6,11,10.424927711486816
2731,7,11,10.827548027038574
2731,8,11,10.640996932983398
2731,9,11,10.422578811645508
2731,10,11,10.623335838317871
2731,11,11,11.023750305175781
2731,12,11,11.180914878845215
2732,1,8,11.074060440063477
2732,2,8,11.056709289550781
2732,3,8,11.784587860107422
2732,4,8,11.764069557189941
2732,5,8,11.728286743164062
2732,6,8,11.634183883666992
2732,7,8,11.340642929077148
2732,8,8,10.978876113891602
2732,9,8,11.201043128967285
2732,10,8,11.5076322555542
2732,11,8,12.01307487487793
2732,12,8,10.535006523132324
2733,1,2,10.94964599609375
2733,2,2,12.204221725463867
2733,3,2,12.638810157775879
2733,4,2,12.561576843261719
2733,5,2,12.654535293579102
2733,6,2,13.564741134643555
2733,7,2,13.505859375
2733,8,2,13.368175506591797
2733,9,2,13.449602127075195
2733,10,2,12.943135261535645
2733,11,2,13.043900489807129
2733,12,2,13.153369903564453
2734,1,,6.484715938568115
2734,2,,6.719515323638916
2734,3,,8.229875564575195
2734,4,,9.5883207321167
2734,5,,8.542312622070312
2734,6,,8.083462715148926
2734,7,,8.513734817504883
2734,8,,7.87962532043457
2734,9,,7.842083930969238
2734,10,,7.257666110992432
2734,11,,9.30229663848877
2734,12,,8.734501838684082
2735,1,11,8.44199275970459
2735,2,11,10.595590591430664
2735,3,11,10.83742904663086
2735,4,11,11.680964469909668
2735,5,11,10.571794509887695
2735,6,11,10.75114631652832
2735,7,11,10.94459342956543
2735,8,11,10.65203857421875
2735,9,11,10.60525131225586
2735,10,11,10.73266887664795
2735,11,11,10.997672080993652
2735,12,11,10.69568920135498
2736,1,12,9.367578506469727
2736,2,12,9.360589027404785
2736,3,12,8.855587005615234
2736,4,12,9.584671974182129
2736,5,12,9.355293273925781
2736,6,12,9.460511207580566
2736,7,12,9.615530014038086
2736,8,12,9.791895866394043
2736,9,12,10.73061752319336
2736,10,12,9.712960243225098
2736,11,12,9.18012523651123
2736,12,12,9.58851146697998
2737,1,11,13.095318794250488
2737,2,11,12.907483100891113
2737,3,11,12.909388542175293
2737,4,11,12.528030395507812
2737,5,11,12.734871864318848
2737,6,11,12.65037727355957
2737,7,11,12.730582237243652
2737,8,11,12.511414527893066
2737,9,11,12.532293319702148
2737,10,11,12.754441261291504
2737,11,11,12.605305671691895
2737,12,11,12.564297676086426
2738,1,6,11.552860260009766
2738,2,6,11.694205284118652
2738,3,6,11.617835998535156
2738,4,6,11.31903076171875
2738,5,6,11.461055755615234
2738,6,6,9.393166542053223
2738,7,6,11.95158863067627
2738,8,6,11.930317878723145
2738,9,6,11.726980209350586
2738,10,6,11.975815773010254
2738,11,6,12.15503978729248
2738,12,6,12.000438690185547
2739,1,12,11.407992362976074
2739,2,12,11.519033432006836
2739,3,12,12.039617538452148
2739,4,12,11.154742240905762
2739,5,12,11.343987464904785
2739,6,12,11.623157501220703
2739,7,12,11.75522232055664
2739,8,12,11.449029922485352
2739,9,12,11.518914222717285
2739,10,12,11.988744735717773
2739,11,12,12.093640327453613
2739,12,12,12.648272514343262
2740,1,12,12.10710620880127
2740,2,12,12.624764442443848
2740,3,12,12.752647399902344
2740,4,12,12.814023971557617
2740,5,12,12.782965660095215
2740,6,12,12.659043312072754
2740,7,12,12.321642875671387
2740,8,12,12.659224510192871
2740,9,12,12.423762321472168
2740,10,12,12.940166473388672
2740,11,12,12.919879913330078
2740,12,12,12.537097930908203
2741,1,12,14.56827163696289
2741,2,12,14.973794937133789
2741,3,12,14.77460765838623
2741,4,12,14.6751708984375
2741,5,12,15.020390510559082
2741,6,12,14.801896095275879
2741,7,12,14.80218505859375
2741,8,12,14.88846492767334
2741,9,12,14.980278968811035
2741,10,12,15.05720329284668
2741,11,12,15.36381721496582
2741,12,12,15.686871528625488
2742,1,12,12.145569801330566
2742,2,12,11.610989570617676
2742,3,12,11.736827850341797
2742,4,12,11.02663803100586
2742,5,12,10.933993339538574
2742,6,12,11.320719718933105
2742,7,12,11.838476181030273
2742,8,12,12.4793119430542
2742,9,12,13.470626831054688
2742,10,12,13.016866683959961
2742,11,12,13.472369194030762
2742,12,12,12.30908489227295
2743,1,10,12.377742767333984
2743,2,10,12.811317443847656
2743,3,10,12.906700134277344
2743,4,10,13.048810005187988
2743,5,10,12.962943077087402
2743,6,10,12.937905311584473
2743,7,10,12.814098358154297
2743,8,10,12.872695922851562
2743,9,10,12.993047714233398
2743,10,10,13.202017784118652
2743,11,10,13.992008209228516
2743,12,10,13.923008918762207
2744,1,11,11.660510063171387
2744,2,11,11.81492805480957
2744,3,11,11.799113273620605
2744,4,11,12.177407264709473
2744,5,11,9.059243202209473
2744,6,11,12.225057601928711
2744,7,11,12.88003158569336
2744,8,11,12.905826568603516
2744,9,11,13.127485275268555
2744,10,11,12.81662368774414
2744,11,11,12.89350700378418
2744,12,11,13.028209686279297
2745,1,7,10.074707984924316
2745,2,7,10.023869514465332
2745,3,7,10.15179443359375
2745,4,7,10.055694580078125
2745,5,7,0.0
2745,6,7,10.23719310760498
2745,7,7,10.359453201293945
2745,8,7,10.270184516906738
2745,9,7,10.187496185302734
2745,10,7,12.327471733093262
2745,11,7,10.807446479797363
2745,12,7,10.52159595489502
2746,1,11,11.709856033325195
2746,2,11,11.972382545471191
2746,3,11,11.839423179626465
2746,4,11,11.799677848815918
2746,5,11,11.752338409423828
2746,6,11,11.762007713317871
2746,7,11,11.60086727142334
2746,8,11,11.854745864868164
2746,9,11,12.087784767150879
2746,10,11,12.066888809204102
2746,11,11,11.977514266967773
2746,12,11,12.114702224731445
2747,1,11,9.560993194580078
2747,2,11,12.008834838867188
2747,3,11,11.79776668548584
2747,4,11,12.301872253417969
2747,5,11,12.39382266998291
2747,6,11,12.725414276123047
2747,7,11,12.950418472290039
2747,8,11,12.634642601013184
2747,9,11,12.484474182128906
2747,10,11,12.680340766906738
2747,11,11,11.838456153869629
2747,12,11,11.877426147460938
2748,1,6,12.615617752075195
2748,2,6,12.6253080368042
2748,3,6,12.720440864562988
2748,4,6,12.517404556274414
2748,5,6,12.471617698669434
2748,6,6,12.620737075805664
2748,7,6,12.759757041931152
2748,8,6,12.775506019592285
2748,9,6,12.903962135314941
2748,10,6,14.462247848510742
2748,11,6,14.15380573272705
2748,12,6,12.69091510772705
2749,1,11,10.755630493164062
2749,2,11,10.20167064666748
2749,3,11,10.384520530700684
2749,4,11,9.781463623046875
2749,5,11,9.72475814819336
2749,6,11,9.97727108001709
2749,7,11,10.449305534362793
2749,8,11,10.851405143737793
2749,9,11,10.845839500427246
2749,10,11,10.945384979248047
2749,11,11,10.843908309936523
2749,12,11,12.035748481750488
2750,1,12,10.330671310424805
2750,2,12,10.574771881103516
2750,3,12,10.556272506713867
2750,4,12,10.170601844787598
2750,5,12,9.991024017333984
2750,6,12,10.170500755310059
2750,7,12,10.164650917053223
2750,8,12,10.101593017578125
2750,9,12,10.141853332519531
2750,10,12,9.964341163635254
2750,11,12,9.829394340515137
2750,12,12,10.13000202178955
2751,1,,10.93114948272705
2751,2,,11.010645866394043
2751,3,,10.936904907226562
2751,4,,11.332603454589844
2751,5,,11.280884742736816
2751,6,,11.387201309204102
2751,7,,11.521834373474121
2751,8,,11.246188163757324
2751,9,,11.883822441101074
2751,10,,12.110383033752441
2751,11,,11.400687217712402
2751,12,,12.913605690002441
2752,1,9,9.32710075378418
2752,2,9,8.778502464294434
2752,3,9,8.633666038513184
2752,4,9,8.025308609008789
2752,5,9,8.484354019165039
2752,6,9,8.620027542114258
2752,7,9,8.489253997802734
2752,8,9,8.591618537902832
2752,9,9,7.575587749481201
2752,10,9,8.969371795654297
2752,11,9,9.298460006713867
2752,12,9,8.615045547485352
2753,1,,10.850329399108887
2753,2,,11.124309539794922
2753,3,,11.306519508361816
2753,4,,11.43584156036377
2753,5,,10.7560396194458
2753,6,,11.206284523010254
2753,7,,11.070267677307129
2753,8,,11.203876495361328
2753,9,,11.326006889343262
2753,10,,11.379281044006348
2753,11,,11.545867919921875
2753,12,,11.364715576171875
2754,1,12,10.911980628967285
2754,2,12,10.197916984558105
2754,3,12,10.358989715576172
2754,4,12,10.602581977844238
2754,5,12,10.260564804077148
2754,6,12,10.756882667541504
2754,7,12,10.470993041992188
2754,8,12,10.38064193725586
2754,9,12,10.2843017578125
2754,10,12,10.550216674804688
2754,11,12,10.893326759338379
2754,12,12,10.80708122253418
2755,1,12,11.372925758361816
2755,2,12,11.583024978637695
2755,3,12,11.59306812286377
2755,4,12,11.598587989807129
2755,5,12,11.44544792175293
2755,6,12,12.261841773986816
2755,7,12,11.591169357299805
2755,8,12,12.620511054992676
2755,9,12,11.050432205200195
2755,10,12,11.263337135314941
2755,11,12,11.507963180541992
2755,12,12,11.416808128356934
2756,1,12,14.249977111816406
2756,2,12,14.388786315917969
2756,3,12,14.283051490783691
2756,4,12,14.393348693847656
2756,5,12,14.519755363464355
2756,6,12,14.826227188110352
2756,7,12,15.089519500732422
2756,8,12,15.74898624420166
2756,9,12,15.432747840881348
2756,10,12,15.11167049407959
2756,11,12,15.524181365966797
2756,12,12,15.434893608093262
2757,1,12,9.923497200012207
2757,2,12,9.74322509765625
2757,3,12,8.589037895202637
2757,4,12,7.5722832679748535
2757,5,12,9.919015884399414
2757,6,12,10.0555419921875
2757,7,12,10.390057563781738
2757,8,12,10.11715030670166
2757,9,12,10.056857109069824
2757,10,12,9.601184844970703
2757,11,12,9.972521781921387
2757,12,12,10.007568359375
2758,1,12,8.260778427124023
2758,2,12,8.577049255371094
2758,3,12,7.938625335693359
2758,4,12,8.104303359985352
2758,5,12,10.521133422851562
2758,6,12,9.677456855773926
2758,7,12,10.255908966064453
2758,8,12,10.473291397094727
2758,9,12,10.412375450134277
2758,10,12,10.794845581054688
2758,11,12,11.064474105834961
2758,12,12,12.366826057434082
2759,1,11,14.33041000366211
2759,2,11,14.53421688079834
2759,3,11,14.629998207092285
2759,4,11,14.699687004089355
2759,5,11,14.73448657989502
2759,6,11,15.112811088562012
2759,7,11,14.966490745544434
2759,8,11,14.98594856262207
2759,9,11,14.939986228942871
2759,10,11,15.115635871887207
2759,11,11,15.618828773498535
2759,12,11,16.01447105407715
2760,1,12,19.081165313720703
2760,2,12,19.171043395996094
2760,3,12,19.42693519592285
2760,4,12,19.549697875976562
2760,5,12,19.56712532043457
2760,6,12,19.562143325805664
2760,7,12,19.571495056152344
2760,8,12,19.578563690185547
2760,9,12,19.609771728515625
2760,10,12,19.62038803100586
2760,11,12,19.673545837402344
2760,12,12,19.67342758178711
2761,1,7,0.0
2761,2,7,13.50376033782959
2761,3,7,13.527881622314453
2761,4,7,13.239255905151367
2761,5,7,12.989323616027832
2761,6,7,13.92301082611084
2761,7,7,14.206517219543457
2761,8,7,13.954906463623047
2761,9,7,14.574182510375977
2761,10,7,14.66313362121582
2761,11,7,14.521244049072266
2761,12,7,14.853816986083984
2762,1,2,12.788633346557617
2762,2,2,13.57886028289795
2762,3,2,13.742158889770508
2762,4,2,13.739054679870605
2762,5,2,13.56018352508545
2762,6,2,14.075783729553223
2762,7,2,13.398148536682129
2762,8,2,13.71141529083252
2762,9,2,13.360369682312012
2762,10,2,13.773726463317871
2762,11,2,13.446788787841797
2762,12,2,13.228835105895996
2763,1,8,10.677879333496094
2763,2,8,10.669316291809082
2763,3,8,10.807148933410645
2763,4,8,11.213035583496094
2763,5,8,10.844008445739746
2763,6,8,10.530155181884766
2763,7,8,10.473973274230957
2763,8,8,10.427994728088379
2763,9,8,9.91373062133789
2763,10,8,10.610273361206055
2763,11,8,10.579267501831055
2763,12,8,11.21080207824707
2764,1,10,8.354759216308594
2764,2,10,9.361231803894043
2764,3,10,9.20879077911377
2764,4,10,9.911994934082031
2764,5,10,9.68784236907959
2764,6,10,9.595816612243652
2764,7,10,9.512855529785156
2764,8,10,9.912020683288574
2764,9,10,9.429393768310547
2764,10,10,10.472383499145508
2764,11,10,10.254716873168945
2764,12,10,10.294638633728027
2765,1,5,13.898914337158203
2765,2,5,13.00875186920166
2765,3,5,13.308449745178223
2765,4,5,13.528605461120605
2765,5,5,13.741225242614746
2765,6,5,14.021918296813965
2765,7,5,14.266454696655273
2765,8,5,14.101704597473145
2765,9,5,14.19943618774414
2765,10,5,14.658785820007324
2765,11,5,13.9987154006958
2765,12,5,13.70752239227295
2766,1,12,8.610966682434082
2766,2,12,7.799588680267334
2766,3,12,9.929848670959473
2766,4,12,8.434734344482422
2766,5,12,8.044862747192383
2766,6,12,10.107719421386719
2766,7,12,10.09570026397705
2766,8,12,9.38239574432373
2766,9,12,9.463844299316406
2766,10,12,9.664463996887207
2766,11,12,10.735088348388672
2766,12,12,10.191232681274414
2767,1,12,14.127370834350586
2767,2,12,14.221159934997559
2767,3,12,14.246661186218262
2767,4,12,13.48914623260498
2767,5,12,14.037678718566895
2767,6,12,14.160829544067383
2767,7,12,14.310649871826172
2767,8,12,14.158507347106934
2767,9,12,14.28915786743164
2767,10,12,14.323351860046387
2767,11,12,14.507813453674316
2767,12,12,14.23719596862793
2768,1,11,13.797932624816895
2768,2,11,13.996257781982422
2768,3,11,14.145308494567871
2768,4,11,14.110713958740234
2768,5,11,14.193976402282715
2768,6,11,14.499492645263672
2768,7,11,14.455198287963867
2768,8,11,14.206343650817871
2768,9,11,14.912057876586914
2768,10,11,15.36007308959961
2768,11,11,15.454689025878906
2768,12,11,15.365439414978027
2769,1,10,8.484835624694824
2769,2,10,9.335289001464844
2769,3,10,9.808980941772461
2769,4,10,9.819469451904297
2769,5,10,9.782174110412598
2769,6,10,10.25456714630127
2769,7,10,10.058661460876465
2769,8,10,9.232043266296387
2769,9,10,10.918355941772461
2769,10,10,10.922628402709961
2769,11,10,10.199949264526367
2769,12,10,9.490330696105957
2770,1,6,13.944449424743652
2770,2,6,13.142948150634766
2770,3,6,13.205551147460938
2770,4,6,13.25733470916748
2770,5,6,13.231256484985352
2770,6,6,13.303821563720703
2770,7,6,14.005293846130371
2770,8,6,14.11773681640625
2770,9,6,14.25084114074707
2770,10,6,14.25318431854248
2770,11,6,14.28564453125
2770,12,6,14.277131080627441
2771,1,11,12.905367851257324
2771,2,11,12.837661743164062
2771,3,11,13.03049373626709
2771,4,11,13.348355293273926
2771,5,11,12.964301109313965
2771,6,11,13.077109336853027
2771,7,11,13.152721405029297
2771,8,11,13.382770538330078
2771,9,11,13.064173698425293
2771,10,11,12.816131591796875
2771,11,11,13.590584754943848
2771,12,11,14.338144302368164
2772,1,11,11.3233003616333
2772,2,11,11.439881324768066
2772,3,11,11.367277145385742
2772,4,11,11.721698760986328
2772,5,11,11.845705032348633
2772,6,11,12.02426528930664
2772,7,11,11.727008819580078
2772,8,11,12.322159767150879
2772,9,11,12.707195281982422
2772,10,11,12.460905075073242
2772,11,11,12.368256568908691
2772,12,11,12.148247718811035
2773,1,11,11.560383796691895
2773,2,11,12.060728073120117
2773,3,11,11.968243598937988
2773,4,11,11.928204536437988
2773,5,11,11.810734748840332
2773,6,11,11.984664916992188
2773,7,11,11.720544815063477
2773,8,11,11.954647064208984
2773,9,11,11.869425773620605
2773,10,11,12.074275970458984
2773,11,11,11.903319358825684
2773,12,11,11.949287414550781
2774,1,12,10.747870445251465
2774,2,12,10.956876754760742
2774,3,12,10.850879669189453
2774,4,12,10.800088882446289
2774,5,12,10.90958309173584
2774,6,12,11.066218376159668
2774,7,12,11.760068893432617
2774,8,12,11.499631881713867
2774,9,12,11.481475830078125
2774,10,12,12.349998474121094
2774,11,12,11.83062744140625
2774,12,12,11.772310256958008
2775,1,12,13.346529960632324
2775,2,12,13.546585083007812
2775,3,12,12.88200855255127
2775,4,12,13.289434432983398
2775,5,12,13.231776237487793
2775,6,12,13.50243091583252
2775,7,12,13.66752815246582
2775,8,12,13.438791275024414
2775,9,12,13.73609733581543
2775,10,12,14.40658187866211
2775,11,12,14.072454452514648
2775,12,12,13.923140525817871
2776,1,12,11.25940227508545
2776,2,12,11.830333709716797
2776,3,12,11.592269897460938
2776,4,12,11.505781173706055
2776,5,12,11.47576904296875
2776,6,12,12.743453979492188
2776,7,12,12.427889823913574
2776,8,12,11.534146308898926
2776,9,12,12.686863899230957
2776,10,12,10.373927116394043
2776,11,12,12.176875114440918
2776,12,12,12.101561546325684
2777,1,12,14.980091094970703
2777,2,12,15.46761703491211
2777,3,12,15.240412712097168
2777,4,12,15.407983779907227
2777,5,12,15.476204872131348
2777,6,12,15.624785423278809
2777,7,12,15.49958610534668
2777,8,12,15.535362243652344
2777,9,12,15.583267211914062
2777,10,12,15.988109588623047
2777,11,12,15.972286224365234
2777,12,12,16.027204513549805
2778,1,9,9.032955169677734
2778,2,9,8.879284858703613
2778,3,9,9.515270233154297
2778,4,9,9.406161308288574
2778,5,9,7.63083553314209
2778,6,9,6.068480014801025
2778,7,9,6.409278869628906
2778,8,9,11.185274124145508
2778,9,9,7.28564977645874
2778,10,9,6.851487159729004
2778,11,9,10.217659950256348
2778,12,9,10.595609664916992
2779,1,11,13.573183059692383
2779,2,11,14.10995864868164
2779,3,11,13.952475547790527
2779,4,11,13.858465194702148
2779,5,11,13.873984336853027
2779,6,11,13.849973678588867
2779,7,11,13.961713790893555
2779,8,11,14.06123161315918
2779,9,11,14.38845157623291
2779,10,11,14.19945240020752
2779,11,11,14.374719619750977
2779,12,11,14.253974914550781
2780,1,10,15.422090530395508
2780,2,10,15.366044998168945
2780,3,10,15.333975791931152
2780,4,10,15.380265235900879
2780,5,10,15.326984405517578
2780,6,10,15.437936782836914
2780,7,10,15.802140235900879
2780,8,10,15.94088077545166
2780,9,10,15.839274406433105
2780,10,10,15.780312538146973
2780,11,10,16.297273635864258
2780,12,10,16.342601776123047
2781,1,12,9.18395709991455
2781,2,12,10.070341110229492
2781,3,12,10.116972923278809
2781,4,12,9.404277801513672
2781,5,12,10.28225040435791
2781,6,12,11.336718559265137
2781,7,12,11.432699203491211
2781,8,12,11.160287857055664
2781,9,12,11.027860641479492
2781,10,12,10.882750511169434
2781,11,12,10.86921501159668
2781,12,12,10.878594398498535
2782,1,8,12.157846450805664
2782,2,8,12.60303783416748
2782,3,8,12.570969581604004
2782,4,8,13.024321556091309
2782,5,8,12.893014907836914
2782,6,8,13.075196266174316
2782,7,8,13.029723167419434
2782,8,8,13.163850784301758
2782,9,8,13.110930442810059
2782,10,8,13.274011611938477
2782,11,8,12.831395149230957
2782,12,8,13.50986385345459
2783,1,12,15.670741081237793
2783,2,12,15.416739463806152
2783,3,12,15.51757526397705
2783,4,12,15.702301025390625
2783,5,12,15.705605506896973
2783,6,12,15.860745429992676
2783,7,12,16.195463180541992
2783,8,12,16.150753021240234
2783,9,12,16.095548629760742
2783,10,12,16.19373893737793
2783,11,12,16.09097671508789
2783,12,12,16.68022918701172
2784,1,12,8.417752265930176
2784,2,12,8.399107933044434
2784,3,12,10.114775657653809
2784,4,12,10.439181327819824
2784,5,12,10.368535995483398
2784,6,12,10.41086483001709
2784,7,12,10.34268856048584
2784,8,12,10.587325096130371
2784,9,12,10.567022323608398
2784,10,12,9.969439506530762
2784,11,12,10.590184211730957
2784,12,12,10.546781539916992
2785,1,7,9.88386344909668
2785,2,7,10.554636001586914
2785,3,7,10.089512825012207
2785,4,7,9.591511726379395
2785,5,7,10.419096946716309
2785,6,7,10.492547035217285
2785,7,7,10.43374252319336
2785,8,7,10.185070991516113
2785,9,7,10.701526641845703
2785,10,7,10.30251693725586
2785,11,7,10.297335624694824
2785,12,7,11.212614059448242
2786,1,9,9.168396949768066
2786,2,9,8.922812461853027
2786,3,9,9.657809257507324
2786,4,9,9.634171485900879
2786,5,9,10.131850242614746
2786,6,9,8.600733757019043
2786,7,9,8.636709213256836
2786,8,9,7.898138046264648
2786,9,9,6.065791606903076
2786,10,9,6.447702407836914
2786,11,9,7.883485317230225
2786,12,9,7.664374828338623
2787,1,12,8.305212020874023
2787,2,12,7.88006067276001
2787,3,12,8.114839553833008
2787,4,12,8.44905948638916
2787,5,12,8.962900161743164
2787,6,12,9.225781440734863
2787,7,12,10.31745719909668
2787,8,12,9.897296905517578
2787,9,12,10.422578811645508
2787,10,12,9.382383346557617
2787,11,12,10.365104675292969
2787,12,12,10.820873260498047
2788,1,12,11.58041763305664
2788,2,12,11.833386421203613
2788,3,12,11.9286527633667
2788,4,12,11.038743019104004
2788,5,12,11.848197937011719
2788,6,12,11.782683372497559
2788,7,12,12.07882308959961
2788,8,12,12.445688247680664
2788,9,12,12.163108825683594
2788,10,12,12.639540672302246
2788,11,12,11.879486083984375
2788,12,12,11.764030456542969
2789,1,7,12.574957847595215
2789,2,7,12.778938293457031
2789,3,7,12.817222595214844
2789,4,7,13.145959854125977
2789,5,7,12.784130096435547
2789,6,7,12.729275703430176
2789,7,7,8.182783126831055
2789,8,7,12.181828498840332
2789,9,7,13.81587028503418
2789,10,7,13.359943389892578
2789,11,7,13.190814971923828
2789,12,7,14.44461727142334
2790,1,11,13.864897727966309
2790,2,11,13.824936866760254
2790,3,11,13.967084884643555
2790,4,11,14.076704978942871
2790,5,11,13.973215103149414
2790,6,11,14.077459335327148
2790,7,11,14.006616592407227
2790,8,11,14.04980182647705
2790,9,11,14.090350151062012
2790,10,11,14.265480041503906
2790,11,11,14.384900093078613
2790,12,11,14.579252243041992
2791,1,12,10.520857810974121
2791,2,12,9.204020500183105
2791,3,12,7.44950532913208
2791,4,12,7.834941864013672
2791,5,12,6.697134971618652
2791,6,12,7.125110626220703
2791,7,12,9.056116104125977
2791,8,12,8.172090530395508
2791,9,12,6.987436294555664
2791,10,12,11.227115631103516
2791,11,12,10.574193954467773
2791,12,12,10.393430709838867
2792,1,12,10.237076759338379
2792,2,12,10.689535140991211
2792,3,12,10.942671775817871
2792,4,12,11.547164916992188
2792,5,12,10.528414726257324
2792,6,12,11.148384094238281
2792,7,12,11.036942481994629
2792,8,12,11.139202117919922
2792,9,12,10.833548545837402
2792,10,12,11.931336402893066
2792,11,12,12.099593162536621
2792,12,12,11.105752944946289
2793,1,2,12.473862648010254
2793,2,2,12.42613410949707
2793,3,2,11.871480941772461
2793,4,2,11.83434009552002
2793,5,2,11.615188598632812
2793,6,2,11.379190444946289
2793,7,2,10.987274169921875
2793,8,2,11.693078994750977
2793,9,2,12.25832748413086
2793,10,2,11.786356925964355
2793,11,2,11.62297248840332
2793,12,2,11.687925338745117
2794,1,11,10.546305656433105
2794,2,11,11.584685325622559
2794,3,11,11.55710506439209
2794,4,11,12.299500465393066
2794,5,11,10.70328140258789
2794,6,11,10.420022964477539
2794,7,11,10.630090713500977
2794,8,11,11.024869918823242
2794,9,11,10.471382141113281
2794,10,11,10.455303192138672
2794,11,11,10.395760536193848
2794,12,11,10.462698936462402
2795,1,11,11.462419509887695
2795,2,11,11.517250061035156
2795,3,11,11.665565490722656
2795,4,11,11.304308891296387
2795,5,11,11.31772518157959
2795,6,11,11.327672958374023
2795,7,11,11.357002258300781
2795,8,11,11.312699317932129
2795,9,11,11.287544250488281
2795,10,11,11.06006908416748
2795,11,11,11.955679893493652
2795,12,11,12.214756965637207
2796,1,12,13.647029876708984
2796,2,12,13.626237869262695
2796,3,12,13.784369468688965
2796,4,12,13.729379653930664
2796,5,12,13.7340087890625
2796,6,12,13.893050193786621
2796,7,12,13.976960182189941
2796,8,12,14.157553672790527
2796,9,12,14.297989845275879
2796,10,12,14.544328689575195
2796,11,12,14.830801010131836
2796,12,12,14.568387985229492
2797,1,8,12.837030410766602
2797,2,8,13.22055435180664
2797,3,8,14.165053367614746
2797,4,8,14.182302474975586
2797,5,8,12.722737312316895
2797,6,8,14.14724349975586
2797,7,8,13.73159408569336
2797,8,8,13.992959976196289
2797,9,8,13.180296897888184
2797,10,8,14.449356079101562
2797,11,8,14.333527565002441
2797,12,8,13.98827075958252
2798,1,12,9.942488670349121
2798,2,12,10.003843307495117
2798,3,12,10.122208595275879
2798,4,12,10.213306427001953
2798,5,12,9.949374198913574
2798,6,12,10.14832878112793
2798,7,12,10.04493522644043
2798,8,12,10.318263053894043
2798,9,12,10.133866310119629
2798,10,12,12.397031784057617
2798,11,12,10.410730361938477
2798,12,12,10.33729362487793
2799,1,11,7.232577800750732
2799,2,11,9.625136375427246
2799,3,11,10.053065299987793
2799,4,11,9.869766235351562
2799,5,11,9.753120422363281
2799,6,11,10.256706237792969
2799,7,11,9.394526481628418
2799,8,11,9.384859085083008
2799,9,11,9.69819450378418
2799,10,11,10.50864315032959
2799,11,11,10.526708602905273
2799,12,11,10.270317077636719
2800,1,12,11.64466667175293
2800,2,12,11.484841346740723
2800,3,12,11.551689147949219
2800,4,12,10.742425918579102
2800,5,12,11.774459838867188
2800,6,12,11.61162281036377
2800,7,12,11.35578441619873
2800,8,12,12.411324501037598
2800,9,12,13.157445907592773
2800,10,12,13.156012535095215
2800,11,12,12.786020278930664
2800,12,12,12.823945999145508
2801,1,2,9.970428466796875
2801,2,2,10.601486206054688
2801,3,2,10.678008079528809
2801,4,2,10.879842758178711
2801,5,2,10.668493270874023
2801,6,2,10.725646018981934
2801,7,2,10.776203155517578
2801,8,2,10.7264404296875
2801,9,2,10.52894115447998
2801,10,2,10.892986297607422
2801,11,2,11.189519882202148
2801,12,2,11.152200698852539
2802,1,7,14.826355934143066
2802,2,7,13.459599494934082
2802,3,7,14.661018371582031
2802,4,7,14.959851264953613
2802,5,7,14.977858543395996
2802,6,7,14.868168830871582
2802,7,7,15.002534866333008
2802,8,7,14.575439453125
2802,9,7,14.79160213470459
2802,10,7,15.146753311157227
2802,11,7,14.478171348571777
2802,12,7,14.388921737670898
2803,1,12,12.201438903808594
2803,2,12,12.473206520080566
2803,3,12,12.160792350769043
2803,4,12,12.068095207214355
2803,5,12,12.184653282165527
2803,6,12,12.486503601074219
2803,7,12,12.20947265625
2803,8,12,11.765268325805664
2803,9,12,12.163411140441895
2803,10,12,12.212906837463379
2803,11,12,11.99021053314209
2803,12,12,11.954188346862793
2804,1,11,13.757560729980469
2804,2,11,13.476624488830566
2804,3,11,13.348055839538574
2804,4,11,13.496587753295898
2804,5,11,13.340097427368164
2804,6,11,13.586570739746094
2804,7,11,13.700751304626465
2804,8,11,13.536469459533691
2804,9,11,13.312880516052246
2804,10,11,13.757692337036133
2804,11,11,13.220705032348633
2804,12,11,12.732802391052246
2805,1,,9.716172218322754
2805,2,,10.319226264953613
2805,3,,10.640521049499512
2805,4,,9.538880348205566
2805,5,,10.430861473083496
2805,6,,11.125431060791016
2805,7,,10.048758506774902
2805,8,,9.644766807556152
2805,9,,9.321207046508789
2805,10,,9.681852340698242
2805,11,,12.783308982849121
2805,12,,10.148512840270996
2806,1,10,12.118606567382812
2806,2,10,12.376028060913086
2806,3,10,12.565685272216797
2806,4,10,12.963541984558105
2806,5,10,12.82079792022705
2806,6,10,13.284137725830078
2806,7,10,13.484220504760742
2806,8,10,13.656783103942871
2806,9,10,13.480265617370605
2806,10,10,13.520953178405762
2806,11,10,13.457801818847656
2806,12,10,13.563615798950195
2807,1,2,10.308784484863281
2807,2,2,10.848442077636719
2807,3,2,11.061676025390625
2807,4,2,10.5272855758667
2807,5,2,10.593499183654785
2807,6,2,10.779505729675293
2807,7,2,10.492643356323242
2807,8,2,10.696245193481445
2807,9,2,10.559359550476074
2807,10,2,11.025710105895996
2807,11,2,10.466444969177246
2807,12,2,10.175650596618652
2808,1,10,11.099085807800293
2808,2,10,10.717190742492676
2808,3,10,10.403512001037598
2808,4,10,10.317215919494629
2808,5,10,10.605283737182617
2808,6,10,11.315115928649902
2808,7,10,10.990365982055664
2808,8,10,10.993142127990723
2808,9,10,10.829877853393555
2808,10,10,10.850651741027832
2808,11,10,10.856558799743652
2808,12,10,11.00224494934082
2809,1,11,11.963510513305664
2809,2,11,11.956897735595703
2809,3,11,12.096755027770996
2809,4,11,12.056477546691895
2809,5,11,12.297187805175781
2809,6,11,11.940739631652832
2809,7,11,12.07992935180664
2809,8,11,11.84411334991455
2809,9,11,11.785567283630371
2809,10,11,11.883360862731934
2809,11,11,12.412720680236816
2809,12,11,12.160400390625
2810,1,2,13.461389541625977
2810,2,2,12.474824905395508
2810,3,2,12.810986518859863
2810,4,2,12.717334747314453
2810,5,2,12.515389442443848
2810,6,2,13.12305736541748
2810,7,2,12.6979398727417
2810,8,2,11.536799430847168
2810,9,2,13.075674057006836
2810,10,2,13.30937385559082
2810,11,2,13.273443222045898
2810,12,2,13.931402206420898
2811,1,3,11.340389251708984
2811,2,3,11.418025016784668
2811,3,3,11.642269134521484
2811,4,3,12.025592803955078
2811,5,3,12.072526931762695
2811,6,3,12.463296890258789
2811,7,3,12.450912475585938
2811,8,3,12.295125961303711
2811,9,3,12.258756637573242
2811,10,3,12.344354629516602
2811,11,3,12.351763725280762
2811,12,3,12.306158065795898
2812,1,12,13.374263763427734
2812,2,12,13.37682056427002
2812,3,12,13.45488166809082
2812,4,12,13.465633392333984
2812,5,12,13.611486434936523
2812,6,12,13.59115219116211
2812,7,12,13.698689460754395
2812,8,12,13.277015686035156
2812,9,12,13.14130687713623
2812,10,12,13.241472244262695
2812,11,12,13.511897087097168
2812,12,12,13.581269264221191
2813,1,12,12.651926040649414
2813,2,12,13.810565948486328
2813,3,12,13.289032936096191
2813,4,12,13.779903411865234
2813,5,12,12.994203567504883
2813,6,12,12.849088668823242
2813,7,12,12.95514965057373
2813,8,12,12.796388626098633
2813,9,12,12.975069999694824
2813,10,12,13.354625701904297
2813,11,12,13.140536308288574
2813,12,12,13.321246147155762
2814,1,11,8.166120529174805
2814,2,11,9.879115104675293
2814,3,11,10.475846290588379
2814,4,11,9.791596412658691
2814,5,11,10.920341491699219
2814,6,11,10.187126159667969
2814,7,11,10.16468334197998
2814,8,11,10.564584732055664
2814,9,11,9.82999038696289
2814,10,11,12.083961486816406
2814,11,11,12.662965774536133
2814,12,11,11.307229042053223
2815,1,11,9.830781936645508
2815,2,11,10.376197814941406
2815,3,11,9.864310264587402
2815,4,11,9.136330604553223
2815,5,11,7.3578691482543945
2815,6,11,9.825467109680176
2815,7,11,9.32166576385498
2815,8,11,10.31482982635498
2815,9,11,9.575102806091309
2815,10,11,10.731529235839844
2815,11,11,10.920794486999512
2815,12,11,10.225154876708984
2816,1,11,14.173534393310547
2816,2,11,14.152788162231445
2816,3,11,13.561570167541504
2816,4,11,13.43213176727295
2816,5,11,13.549500465393066
2816,6,11,14.086565971374512
2816,7,11,13.739564895629883
2816,8,11,13.956546783447266
2816,9,11,13.993562698364258
2816,10,11,14.55364990234375
2816,11,11,14.250673294067383
2816,12,11,14.804610252380371
2817,1,12,13.189711570739746
2817,2,12,12.686762809753418
2817,3,12,13.08104133605957
2817,4,12,13.79979133605957
2817,5,12,13.669994354248047
2817,6,12,13.857524871826172
2817,7,12,13.903708457946777
2817,8,12,13.594132423400879
2817,9,12,14.489749908447266
2817,10,12,14.456626892089844
2817,11,12,14.068368911743164
2817,12,12,13.456571578979492
2818,1,11,16.114473342895508
2818,2,11,16.116046905517578
2818,3,11,16.208126068115234
2818,4,11,16.37006950378418
2818,5,11,16.40526008605957
2818,6,11,16.61768341064453
2818,7,11,16.576480865478516
2818,8,11,16.6749324798584
2818,9,11,16.70467185974121
2818,10,11,16.763891220092773
2818,11,11,16.793834686279297
2818,12,11,16.87826919555664
2819,1,12,12.9434232711792
2819,2,12,12.735965728759766
2819,3,12,13.321742057800293
2819,4,12,13.156050682067871
2819,5,12,13.077850341796875
2819,6,12,13.237982749938965
2819,7,12,13.1722412109375
2819,8,12,13.331767082214355
2819,9,12,12.993304252624512
2819,10,12,13.088079452514648
2819,11,12,13.019393920898438
2819,12,12,13.426461219787598
2820,1,5,11.921187400817871
2820,2,5,11.864141464233398
2820,3,5,11.781847953796387
2820,4,5,11.984944343566895
2820,5,5,11.82895278930664
2820,6,5,12.517556190490723
2820,7,5,11.734346389770508
2820,8,5,11.991606712341309
2820,9,5,11.916571617126465
2820,10,5,12.027681350708008
2820,11,5,11.944040298461914
2820,12,5,11.814346313476562
2821,1,11,10.59273624420166
2821,2,11,11.224209785461426
2821,3,11,11.742096900939941
2821,4,11,11.012405395507812
2821,5,11,11.20966911315918
2821,6,11,11.1755952835083
2821,7,11,10.87807559967041
2821,8,11,10.973275184631348
2821,9,11,9.605761528015137
2821,10,11,11.04771614074707
2821,11,11,11.064057350158691
2821,12,11,10.811622619628906
2822,1,12,10.393855094909668
2822,2,12,10.61928653717041
2822,3,12,9.975327491760254
2822,4,12,9.896038055419922
2822,5,12,10.492690086364746
2822,6,12,10.254919052124023
2822,7,12,9.827082633972168
2822,8,12,9.769218444824219
2822,9,12,9.408093452453613
2822,10,12,10.092676162719727
2822,11,12,9.907110214233398
2822,12,12,9.859809875488281
2823,1,6,10.835890769958496
2823,2,6,10.742459297180176
2823,3,6,11.025060653686523
2823,4,6,11.697299003601074
2823,5,6,11.919936180114746
2823,6,6,9.317571640014648
2823,7,6,11.85344123840332
2823,8,6,13.066210746765137
2823,9,6,12.448297500610352
2823,10,6,11.58339786529541
2823,11,6,12.15941333770752
2823,12,6,12.272360801696777
2824,1,11,10.03810977935791
2824,2,11,10.57317066192627
2824,3,11,10.454340934753418
2824,4,11,10.572699546813965
2824,5,11,10.441020965576172
2824,6,11,10.465230941772461
2824,7,11,10.403115272521973
2824,8,11,10.46580982208252
2824,9,11,10.359379768371582
2824,10,11,10.350534439086914
2824,11,11,10.611367225646973
2824,12,11,10.624471664428711
2825,1,10,10.029361724853516
2825,2,10,10.884366989135742
2825,3,10,10.352815628051758
2825,4,10,11.317156791687012
2825,5,10,11.208661079406738
2825,6,10,11.29684829711914
2825,7,10,11.511449813842773
2825,8,10,11.81521224975586
2825,9,10,11.883549690246582
2825,10,10,12.282304763793945
2825,11,10,12.5360689163208
2825,12,10,12.13547420501709
2826,1,12,11.131287574768066
2826,2,12,10.61820125579834
2826,3,12,11.183097839355469
2826,4,12,11.660104751586914
2826,5,12,11.587929725646973
2826,6,12,11.404614448547363
2826,7,12,11.23575496673584
2826,8,12,11.053669929504395
2826,9,12,10.976436614990234
2826,10,12,11.155267715454102
2826,11,12,11.08625316619873
2826,12,12,10.995658874511719
2827,1,12,9.410731315612793
2827,2,12,10.003252983093262
2827,3,12,10.6107177734375
2827,4,12,11.003030776977539
2827,5,12,10.431975364685059
2827,6,12,10.51771354675293
2827,7,12,10.074341773986816
2827,8,12,10.546879768371582
2827,9,12,10.533287048339844
2827,10,12,10.106108665466309
2827,11,12,10.121264457702637
2827,12,12,10.409006118774414
2828,1,12,12.477253913879395
2828,2,12,13.682900428771973
2828,3,12,13.984173774719238
2828,4,12,13.81420612335205
2828,5,12,13.928050994873047
2828,6,12,13.7078218460083
2828,7,12,13.627296447753906
2828,8,12,14.311003684997559
2828,9,12,14.425257682800293
2828,10,12,14.696374893188477
2828,11,12,14.751240730285645
2828,12,12,14.937074661254883
2829,1,10,13.669285774230957
2829,2,10,13.764839172363281
2829,3,10,13.465255737304688
2829,4,10,15.749540328979492
2829,5,10,13.532646179199219
2829,6,10,13.827852249145508
2829,7,10,13.687582015991211
2829,8,10,13.88975715637207
2829,9,10,13.65510368347168
2829,10,10,13.75043773651123
2829,11,10,13.87482738494873
2829,12,10,13.561441421508789
2830,1,12,9.328493118286133
2830,2,12,7.004871845245361
2830,3,12,7.436703681945801
2830,4,12,8.368365287780762
2830,5,12,8.836109161376953
2830,6,12,8.671551704406738
2830,7,12,9.105502128601074
2830,8,12,10.487482070922852
2830,9,12,8.351188659667969
2830,10,12,8.285897254943848
2830,11,12,7.84647798538208
2830,12,12,8.584442138671875
2831,1,12,11.999536514282227
2831,2,12,11.0891695022583
2831,3,12,11.345965385437012
2831,4,12,11.761917114257812
2831,5,12,11.923802375793457
2831,6,12,11.985908508300781
2831,7,12,12.567739486694336
2831,8,12,12.542058944702148
2831,9,12,12.495319366455078
2831,10,12,12.668789863586426
2831,11,12,12.555553436279297
2831,12,12,12.709035873413086
2832,1,12,14.066035270690918
2832,2,12,14.159468650817871
2832,3,12,14.230217933654785
2832,4,12,14.449082374572754
2832,5,12,14.399834632873535
2832,6,12,14.702507972717285
2832,7,12,14.714625358581543
2832,8,12,14.951396942138672
2832,9,12,15.263419151306152
2832,10,12,15.879365921020508
2832,11,12,16.099191665649414
2832,12,12,16.141246795654297
2833,1,11,12.368372917175293
2833,2,11,13.192124366760254
2833,3,11,13.077926635742188
2833,4,11,12.170938491821289
2833,5,11,12.610271453857422
2833,6,11,11.89697265625
2833,7,11,12.567586898803711
2833,8,11,12.832663536071777
2833,9,11,12.793951034545898
2833,10,11,13.676478385925293
2833,11,11,12.911909103393555
2833,12,11,13.746761322021484
2834,1,12,10.194272994995117
2834,2,12,11.772015571594238
2834,3,12,11.473010063171387
2834,4,12,11.144028663635254
2834,5,12,11.458065032958984
2834,6,12,11.276302337646484
2834,7,12,12.253996849060059
2834,8,12,11.845200538635254
2834,9,12,12.496774673461914
2834,10,12,12.137343406677246
2834,11,12,11.758183479309082
2834,12,12,11.839515686035156
2835,1,11,9.123992919921875
2835,2,11,11.633883476257324
2835,3,11,11.225231170654297
2835,4,11,10.8993558883667
2835,5,11,10.924311637878418
2835,6,11,11.256850242614746
2835,7,11,11.050515174865723
2835,8,11,11.048152923583984
2835,9,11,9.476491928100586
2835,10,11,11.733988761901855
2835,11,11,12.412291526794434
2835,12,11,12.124550819396973
2836,1,11,10.035426139831543
2836,2,11,9.622776985168457
2836,3,11,10.562479972839355
2836,4,11,10.611530303955078
2836,5,11,10.012619018554688
2836,6,11,10.329777717590332
2836,7,11,10.125510215759277
2836,8,11,9.556550025939941
2836,9,11,10.229294776916504
2836,10,11,11.130285263061523
2836,11,11,11.012632369995117
2836,12,11,10.2547607421875
2837,1,12,12.187416076660156
2837,2,12,13.056045532226562
2837,3,12,12.178364753723145
2837,4,12,11.794713020324707
2837,5,12,11.822234153747559
2837,6,12,12.473584175109863
2837,7,12,12.13146686553955
2837,8,12,12.342738151550293
2837,9,12,12.30901050567627
2837,10,12,13.07030200958252
2837,11,12,12.309990882873535
2837,12,12,12.563698768615723
2838,1,6,9.97485637664795
2838,2,6,10.26524829864502
2838,3,6,10.281956672668457
2838,4,6,10.694876670837402
2838,5,6,10.355037689208984
2838,6,6,10.531949996948242
2838,7,6,9.790425300598145
2838,8,6,9.810276985168457
2838,9,6,9.297926902770996
2838,10,6,9.870412826538086
2838,11,6,10.322373390197754
2838,12,6,10.427351951599121
2839,1,12,15.57138729095459
2839,2,12,15.403877258300781
2839,3,12,15.746825218200684
2839,4,12,15.698498725891113
2839,5,12,15.927247047424316
2839,6,12,15.838166236877441
2839,7,12,16.036029815673828
2839,8,12,16.04094123840332
2839,9,12,15.999732971191406
2839,10,12,16.084470748901367
2839,11,12,16.059484481811523
2839,12,12,16.286457061767578
2840,1,12,12.114578247070312
2840,2,12,12.339598655700684
2840,3,12,12.344063758850098
2840,4,12,12.17529010772705
2840,5,12,12.054376602172852
2840,6,12,11.990806579589844
2840,7,12,12.06583023071289
2840,8,12,11.92882251739502
2840,9,12,12.057607650756836
2840,10,12,13.168842315673828
2840,11,12,14.26441764831543
2840,12,12,14.390751838684082
