uid,tid,ft,y
1,1,7,8.73069036567864
1,2,7,8.54130026675947
1,3,7,8.46146904264388
1,4,7,8.33686963728496
1,5,7,8.34021732094704
1,6,7,8.37816098272068
1,7,7,8.48735234940522
2,1,7,5.55682806169954
2,2,7,5.35658627467201
2,3,7,5.3890717298165
2,4,7,5.35658627467201
2,5,7,5.30330490805908
2,6,7,5.34233425196481
2,7,7,5.22035582507832
3,1,7,9.32197118814737
3,2,7,9.12456459495478
3,3,7,9.02581639162703
3,4,7,8.89863879368018
3,5,7,8.92092346223069
3,6,7,8.91865027812686
3,7,7,8.96316024283373
4,1,7,5.19849703126583
4,2,7,5.26269018890489
4,3,7,5.27811465923052
4,4,7,5.28826703069454
4,5,7,5.37527840768417
4,6,7,5.44241771052179
4,7,7,5.73009978297357
5,1,7,3.13549421592915
5,2,7,3.66356164612965
5,3,7,3.46573590279973
5,4,7,3.29583686600433
5,5,7,2.99573227355399
5,6,7,2.94443897916644
5,7,7,2.39789527279837
6,1,7,8.59062950948942
6,2,7,8.4213428657594
6,3,7,8.3059782109673
6,4,7,8.20385137218388
6,5,7,8.19229373114764
6,6,7,8.20001364817543
6,7,7,8.21365270303
7,1,7,5.85220247977447
7,2,7,5.80814248998044
7,3,7,5.78996017089725
7,4,7,5.57972982598622
7,5,7,5.71702770140622
7,6,7,5.67332326717149
7,7,7,5.76519110278484
8,1,7,3.40119738166216
8,2,7,3.71357206670431
8,3,7,3.49650756146648
8,4,7,3.25809653802148
8,5,7,3.13549421592915
8,6,7,3.3322045101752
8,7,7,3.3322045101752
9,1,7,5.15329159449778
9,2,7,5.08140436498446
9,3,7,4.99721227376411
9,4,7,5.08140436498446
9,5,7,4.78749174278205
9,6,7,4.99043258677874
9,7,7,5.03695260241363
10,1,7,3.3322045101752
10,2,7,3.78418963391826
10,3,7,3.49650756146648
10,4,7,3.49650756146648
10,5,7,3.36729582998647
10,6,7,3.2188758248682
10,7,7,3.36729582998647
11,1,7,2.39789527279837
11,2,7,2.484906649788
11,3,7,2.19722457733622
11,4,7,2.30258509299405
11,5,7,2.77258872223978
11,6,7,1.94591014905531
11,7,7,2.99573227355399
12,1,7,2.89037175789616
12,2,7,2.83321334405622
12,3,7,2.70805020110221
12,4,7,2.63905732961526
12,5,7,2.19722457733622
12,6,7,2.77258872223978
12,7,7,2.19722457733622
13,1,7,3.2188758248682
13,2,7,3.63758615972639
13,3,7,3.43398720448515
13,4,7,3.2188758248682
13,5,7,2.77258872223978
13,6,7,2.94443897916644
13,7,7,2.63905732961526
14,1,7,5.84932477994686
14,2,7,5.88887795833288
14,3,7,5.88332238848828
14,4,7,5.78996017089725
14,5,7,5.85793315448346
14,6,7,5.99893656194668
14,7,7,6.10479323241498
15,1,7,9.32062872587031
15,2,7,9.11140362411616
15,3,7,8.98569569453571
15,4,7,8.91193433616143
15,5,7,8.89316082873538
15,6,7,8.89316082873538
15,7,7,8.95376929454945
16,1,7,2.83321334405622
16,2,7,2.77258872223978
16,3,7,2.39789527279837
16,4,7,2.484906649788
16,5,7,2.39789527279837
16,6,7,2.39789527279837
16,7,7,1.79175946922805
17,1,7,8.39638057119949
17,2,7,8.28020423327997
17,3,7,8.27333659850449
17,4,7,8.24249315318763
17,5,7,8.27205962221041
17,6,7,8.38617292897783
17,7,7,8.42485858021344
18,1,7,6.67959918584438
18,2,7,6.40522845803084
18,3,7,6.60394382460047
18,4,7,6.62273632394984
18,5,7,6.68710860786651
18,6,7,6.79122146272619
18,7,7,6.88141130364254
19,1,7,4.99721227376411
19,2,7,5.01727983681492
19,3,7,5.12989871492307
19,4,7,4.99721227376411
19,5,7,5.02388052084628
19,6,7,5.12396397940326
19,7,7,4.77068462446567
20,1,7,9.18101454259435
20,2,7,9.07406235368355
20,3,7,8.96865090337487
20,4,7,8.9157008189569
20,5,7,8.90095787254506
20,6,7,8.90272766403552
20,7,7,8.88100262425557
21,1,7,6.13339804299665
21,2,7,6.12029741895095
21,3,7,5.97126183979046
21,4,7,6.06610809010375
21,5,7,6.00881318544259
21,6,7,5.88332238848828
21,7,7,5.93753620508243
22,1,7,6.75693238924755
22,2,7,6.70073110954781
22,3,7,6.53233429222235
22,4,7,6.57088296233958
22,5,7,6.65286302935335
22,6,7,6.76619171466035
22,7,7,6.89365635460264
23,1,7,4.34380542185368
23,2,7,4.23410650459726
23,3,7,3.80666248977032
23,4,7,4.00733318523247
23,5,7,4.14313472639153
23,6,7,3.76120011569356
23,7,7,3.80666248977032
24,1,7,5.63478960316925
24,2,7,5.53338948872752
24,3,7,5.44241771052179
24,4,7,5.4553211153577
24,5,7,5.41610040220442
24,6,7,5.59098698051086
24,7,7,5.63121178182137
25,1,7,5.24702407216049
25,2,7,5.17614973257383
25,3,7,4.83628190695148
25,4,7,4.93447393313069
25,5,7,5.19849703126583
25,6,7,5.17048399503815
25,7,7,5.31811999384422
26,1,7,4.24849524204936
26,2,7,4.04305126783455
26,3,7,3.8286413964891
26,4,7,3.61091791264422
26,5,7,3.58351893845611
26,6,7,3.87120101090789
26,7,7,3.52636052461616
27,1,7,2.70805020110221
27,2,7,2.19722457733622
27,3,7,2.63905732961526
27,4,7,2.94443897916644
27,5,7,2.30258509299405
27,6,7,2.70805020110221
27,7,7,2.19722457733622
28,1,7,9.37041631982282
28,2,7,9.23970498060609
28,3,7,9.13540128531169
28,4,7,9.05134464048573
28,5,7,9.03741453682259
28,6,7,9.0442857876461
28,7,7,9.05005424204284
29,1,7,3.09104245335832
29,2,7,3.13549421592915
29,3,7,3.17805383034795
29,4,7,3.09104245335832
29,5,7,3.2188758248682
29,6,7,1.79175946922805
29,7,7,2.63905732961526
30,1,7,5.06259503302697
30,2,7,4.88280192258637
30,3,7,4.9416424226093
30,4,7,4.86753445045558
30,5,7,4.66343909411207
30,6,7,4.81218435537242
30,7,7,4.91998092582813
31,1,7,4.49980967033027
31,2,7,4.44265125649032
31,3,7,4.18965474202643
31,4,7,4.20469261939097
31,5,7,4.23410650459726
31,6,7,4.34380542185368
31,7,7,4.36944785246702
32,1,7,6.75110146893676
32,2,7,6.63594655568665
32,3,7,6.55961523749324
32,4,7,6.45047042214418
32,5,7,6.59850902861452
32,6,7,6.64768837356333
32,7,7,6.59030104819669
33,1,7,8.56522116042682
33,2,7,8.50207955360619
33,3,7,8.38206051742474
33,4,7,8.31458729131958
33,5,7,8.30251371851416
33,6,7,8.31532177537757
33,7,7,8.3513747067213
34,1,7,5.01727983681492
34,2,7,5.19849703126583
34,3,7,5.12396397940326
34,4,7,5.03695260241363
34,5,7,5.06259503302697
34,6,7,5.21493575760899
34,7,7,5.17614973257383
35,1,7,4.62497281328427
35,2,7,4.91265488573605
35,3,7,4.85203026391962
35,4,7,4.68213122712422
35,5,7,4.70048036579242
35,6,7,4.35670882668959
35,7,7,4.36944785246702
36,1,7,5.93489419561959
36,2,7,5.79301360838414
36,3,7,5.6970934865054
36,4,7,5.63121178182137
36,5,7,5.72031177660741
36,6,7,5.79605775076537
36,7,7,5.56068163101553
37,1,7,7.81802793853073
37,2,7,7.75747876658418
37,3,7,7.66902828858968
37,4,7,7.64491934495886
37,5,7,7.70255611326858
37,6,7,7.69530313496357
37,7,7,7.86172707782398
38,1,7,3.52636052461616
38,2,7,3.43398720448515
38,3,7,3.29583686600433
38,4,7,2.30258509299405
38,5,7,2.83321334405622
38,6,7,2.19722457733622
38,7,7,2.19722457733622
39,1,7,5.35185813347607
39,2,7,5.26269018890489
39,3,7,5.26269018890489
39,4,7,5.23644196282995
39,5,7,5.23644196282995
39,6,7,5.26785815906333
39,7,7,5.33753807970132
40,1,7,5.90536184805457
40,2,7,5.85793315448346
40,3,7,5.52545293913178
40,4,7,5.79605775076537
40,5,7,5.73334127689775
40,6,7,5.74620319054015
40,7,7,5.8348107370626
41,1,7,6.38350663488401
41,2,7,6.31354804627709
41,3,7,6.32076829425058
41,4,7,6.20455776256869
41,5,7,6.35437004079735
41,6,7,6.38519439899773
41,7,7,6.51471269087253
42,1,7,5.99645208861902
42,2,7,6.01126717440416
42,3,7,5.98141421125448
42,4,7,5.88887795833288
42,5,7,5.90808293816893
42,6,7,5.94803498918065
42,7,7,5.87493073085203
43,1,7,5.48479693349065
43,2,7,5.40717177146012
43,3,7,5.32300997913841
43,4,7,5.13579843705026
43,5,7,4.95582705760126
43,6,7,5.24174701505964
43,7,7,5.27811465923052
44,1,7,4.15888308335967
44,2,7,3.8286413964891
44,3,7,3.93182563272433
44,4,7,3.87120101090789
44,5,7,3.97029191355212
44,6,7,4.14313472639153
44,7,7,3.98898404656427
45,1,7,4.26267987704132
45,2,7,4.15888308335967
45,3,7,4.06044301054642
45,4,7,3.58351893845611
45,5,7,4.23410650459726
45,6,7,4.57471097850338
45,7,7,4.75359019110636
46,1,7,4.39444915467244
46,2,7,4.43081679884331
46,3,7,4.36944785246702
46,4,7,3.91202300542815
46,5,7,4.30406509320417
46,6,7,4.34380542185368
46,7,7,4.33073334028633
47,1,7,6.17586727010576
47,2,7,5.87211778947542
47,3,7,5.97126183979046
47,4,7,6.06842558824411
47,5,7,6.24027584517077
47,6,7,6.2803958389602
47,7,7,6.12468339089421
48,1,7,5.53733426701854
48,2,7,5.42053499927229
48,3,7,5.34710753071747
48,4,7,5.28826703069454
48,5,7,5.26269018890489
48,6,7,5.16478597392351
48,7,7,5.07517381523383
49,1,7,7.77821147451249
49,2,7,7.66340766489348
49,3,7,7.50933526601659
49,4,7,7.47986413116503
49,5,7,7.49052940206071
49,6,7,7.43070708254597
49,7,7,7.47816969415979
50,1,7,4.47733681447821
50,2,7,4.39444915467244
50,3,7,4.45434729625351
50,4,7,4.58496747867057
50,5,7,4.75359019110636
50,6,7,4.90527477843843
50,7,7,4.71849887129509
51,1,7,5.14166355650266
51,2,7,5.13579843705026
51,3,7,5.14749447681345
51,4,7,5.03043792139244
51,5,7,5.03043792139244
51,6,7,4.90527477843843
51,7,7,4.71849887129509
52,1,7,6.21660610108486
52,2,7,5.92425579741453
52,3,7,5.96614673912369
52,4,7,5.88610403145016
52,5,7,6.08677472691231
52,6,7,6.03548143252476
52,7,7,6.16751649088834
53,1,7,3.55534806148941
53,2,7,3.46573590279973
53,3,7,3.80666248977032
53,4,7,4.07753744390572
53,5,7,3.85014760171006
53,6,7,3.85014760171006
53,7,7,3.89182029811063
54,1,7,4.68213122712422
54,2,7,4.49980967033027
54,3,7,4.75359019110636
54,4,7,4.80402104473326
54,5,7,4.83628190695148
54,6,7,4.969813299576
54,7,7,4.82028156560504
55,1,7,3.2188758248682
55,2,7,3.29583686600433
55,3,7,2.56494935746154
55,4,7,3.36729582998647
55,5,7,3.25809653802148
55,6,7,3.43398720448515
55,7,7,3.49650756146648
56,1,7,6.4377516497364
56,2,7,6.1779441140506
56,3,7,6.37842618365159
56,4,7,6.27476202124194
56,5,7,6.2841341610708
56,6,7,6.3818160174061
56,7,7,6.43133108193348
57,1,7,5.86078622346587
57,2,7,5.55295958492162
57,3,7,5.4553211153577
57,4,7,5.37063802812766
57,5,7,5.4510384535657
57,6,7,5.4971682252932
57,7,7,5.55682806169954
58,1,7,7.90948949267376
58,2,7,7.82484569102686
58,3,7,7.7553388128465
58,4,7,7.68799716639302
58,5,7,7.75405263903576
58,6,7,7.78945456608667
58,7,7,7.80302664363222
59,1,7,5.32787616878958
59,2,7,5.45958551414416
59,3,7,5.48479693349065
59,4,7,5.48479693349065
59,5,7,5.26785815906333
59,6,7,5.11198778835654
59,7,7,4.98360662170834
60,1,6,8.17470288246946
60,2,6,8.02092771898158
60,3,6,7.96554557312999
60,4,6,8.03398273468322
60,5,6,8.11342663994365
60,6,6,8.11701408773731
60,7,6,8.08825472712243
61,1,6,5.65599181081985
61,2,6,5.57594910314632
61,3,6,5.49306144334055
61,4,6,5.47227067367148
61,5,6,5.51342874616498
61,6,6,5.64190707093811
61,7,6,5.60947179518496
62,1,6,7.9355873855892
62,2,6,7.69938940625674
62,3,6,7.62559507213245
62,4,6,7.64491934495886
62,5,6,7.76768727718691
62,6,6,7.93522953981691
62,7,6,7.9035962896143
63,1,6,5.53338948872752
63,2,6,5.41610040220442
63,3,6,5.50125821054473
63,4,6,5.59471137960184
63,5,6,5.24702407216049
63,6,6,5.43372200355424
63,7,6,5.44241771052179
64,1,6,8.81863022910035
64,2,6,8.55352512066363
64,3,6,8.63052187672324
64,4,6,8.64435433703292
64,5,6,8.73246584834988
64,6,6,8.80477525886769
64,7,6,8.75888368001702
65,1,6,10.081257097962
65,2,6,9.92142569766714
65,3,6,9.91867168786117
65,4,6,9.93037288131751
65,5,6,9.95242056364531
65,6,6,10.0675178393578
65,7,6,10.1195259217203
66,1,6,4.61512051684126
66,2,6,4.52178857704904
66,3,6,4.58496747867057
66,4,6,4.68213122712422
66,5,6,4.74493212836325
66,6,6,4.66343909411207
66,7,6,4.40671924726425
67,1,6,7.49554194388426
67,2,6,7.5234813125735
67,3,6,7.66669020008009
67,4,6,7.9355873855892
67,5,6,7.96554557312999
67,6,6,8.06557942728209
67,7,6,8.05356916913454
68,1,6,6.97166860472579
68,2,6,6.75925527066369
68,3,6,6.88243747099785
68,4,6,6.92165818415113
68,5,6,6.90975328164481
68,6,6,6.97447891102505
68,7,6,6.93828448401696
69,1,6,7.92334821193015
69,2,6,7.70345904786717
69,3,6,7.77275271646874
69,4,6,7.81116338502528
69,5,6,7.80139132029149
69,6,6,7.86326672400957
69,7,6,7.87016594646984
70,1,6,8.42310226801664
70,2,6,8.3255483071614
70,3,6,8.31630024903685
70,4,6,8.34188696951619
70,5,6,8.51499076786104
70,6,6,8.52237971810354
70,7,6,8.52397017569526
71,1,6,6.95368421087054
71,2,6,6.93049476595163
71,3,6,6.99117688712121
71,4,6,6.53813982376767
71,5,6,6.59030104819669
71,6,6,6.5510803350434
71,7,6,6.71780469502369
72,1,6,6.23832462503951
72,2,6,6.00388706710654
72,3,6,5.96614673912369
72,4,6,5.90263333340137
72,5,6,5.76205138278018
72,6,6,5.94803498918065
72,7,6,5.76205138278018
73,1,6,3.97029191355212
73,2,6,3.98898404656427
73,3,6,3.85014760171006
73,4,6,4.07753744390572
73,5,6,4.35670882668959
73,6,6,4.31748811353631
73,7,6,4.33073334028633
74,1,6,9.6545132411874
74,2,6,9.43027879234144
74,3,6,9.49919675465573
74,4,6,9.49175283141437
74,5,6,9.47470263910635
74,6,6,9.56163084563808
74,7,6,9.53834831589953
75,1,6,8.38228942895144
75,2,6,8.29853954537488
75,3,6,8.32336569443608
75,4,6,8.28878581042693
75,5,6,8.48425669116997
75,6,6,8.51458980554612
75,7,6,8.52595469708481
76,1,6,6.45204895443723
76,2,6,6.11589212548303
76,3,6,6.22653666928747
76,4,6,6.3578422665081
76,5,6,6.5510803350434
76,6,6,6.57088296233958
76,7,6,6.71780469502369
77,1,6,4.7361984483945
77,2,6,4.63472898822964
77,3,6,4.65396035015752
77,4,6,4.82028156560504
77,5,6,4.86753445045558
77,6,6,4.71849887129509
77,7,6,4.74493212836325
78,1,6,6.31716468674728
78,2,6,5.82894561761021
78,3,6,5.88332238848828
78,4,6,6.00141487796115
78,5,6,5.98393628068719
78,6,6,5.89164421182577
78,7,6,5.90263333340137
79,1,6,4.63472898822964
79,2,6,4.53259949315326
79,3,6,4.02535169073515
79,4,6,4.54329478227
79,5,6,4.48863636973214
79,6,6,4.48863636973214
79,7,6,4.53259949315326
80,1,6,3.71357206670431
80,2,6,3.80666248977032
80,3,6,3.66356164612965
80,4,6,3.63758615972639
80,5,6,3.95124371858143
80,6,6,3.76120011569356
80,7,6,3.49650756146648
81,1,6,4.23410650459726
81,2,6,4.47733681447821
81,3,6,4.56434819146784
81,4,6,4.70953020131233
81,5,6,4.66343909411207
81,6,6,4.65396035015752
81,7,6,4.68213122712422
82,1,6,3.95124371858143
82,2,6,3.91202300542815
82,3,6,3.68887945411394
82,4,6,3.89182029811063
82,5,6,3.87120101090789
82,6,6,4.04305126783455
82,7,6,4.15888308335967
83,1,6,5.78074351579233
83,2,6,5.54126354515843
83,3,6,5.82008293035236
83,4,6,5.605802066296
83,5,6,5.63835466933375
83,6,6,5.78996017089725
83,7,6,5.82304589548302
84,1,6,6.65415252018322
84,2,6,6.43615036836943
84,3,6,6.42648845745769
84,4,6,6.42324696353352
84,5,6,6.37331978957701
84,6,6,6.4118182677099
84,7,6,6.37331978957701
85,1,6,7.33236920592906
85,2,6,7.1074254741107
85,3,6,7.18462915271731
85,4,6,7.21081845347222
85,5,6,7.22548147278229
85,6,6,7.46851327149634
85,7,6,7.3664451483276
86,1,6,8.01466637046494
86,2,6,7.89319886954461
86,3,6,7.06304816338817
86,4,6,7.37400185935016
86,5,6,7.15070145759253
86,6,6,7.0833878476253
86,7,6,7.05358572719368
87,1,6,10.0050508679456
87,2,6,9.83504809931361
87,3,6,9.80034679361662
87,4,6,9.76140542060167
87,5,6,9.80581959535797
87,6,6,9.91497136047741
87,7,6,9.91857318995417
88,1,6,4.56434819146784
88,2,6,4.78749174278205
88,3,6,4.47733681447821
88,4,6,4.65396035015752
88,5,6,4.84418708645859
88,6,6,4.74493212836325
88,7,6,4.81218435537242
89,1,6,7.60339933974067
89,2,6,7.539027055824
89,3,6,7.50823877467866
89,4,6,7.50163445788341
89,5,6,7.42892719480227
89,6,6,7.54115245513631
89,7,6,7.50163445788341
90,1,6,6.10255859461357
90,2,6,6.10031895202006
90,3,6,6.02102334934953
90,4,6,6.10031895202006
90,5,6,6.0591231955818
90,6,6,6.19847871649231
90,7,6,6.05443934626937
91,1,6,4.45434729625351
91,2,6,4.26267987704132
91,3,6,4.58496747867057
91,4,6,4.51085950651685
91,5,6,4.60517018598809
91,6,6,4.56434819146784
91,7,6,4.35670882668959
92,1,6,3.71357206670431
92,2,6,3.93182563272433
92,3,6,3.61091791264422
92,4,6,3.73766961828337
92,5,6,3.89182029811063
92,6,6,3.78418963391826
92,7,6,3.98898404656427
93,1,6,7.91607809630279
93,2,6,7.71423114484909
93,3,6,7.75790620835175
93,4,6,7.82244472948932
93,5,6,7.96485088744731
93,6,6,8.0487882835342
93,7,6,8.06117135969092
94,1,6,8.88571765171212
94,2,6,8.70267641154777
94,3,6,8.75872660784204
94,4,6,8.79845469606509
94,5,6,8.99118884193151
94,6,6,9.1516513756275
94,7,6,9.06843112579349
95,1,6,8.41338702269065
95,2,6,8.20958048347558
95,3,6,8.24617155985756
95,4,6,8.20385137218388
95,5,6,8.22335889947926
95,6,6,8.30152165494073
95,7,6,8.2776661608515
96,1,6,5.68697535633982
96,2,6,5.44241771052179
96,3,6,5.62401750618734
96,4,6,5.74939298590825
96,5,6,5.87773578177964
96,6,6,5.76519110278484
96,7,6,5.70044357339069
97,1,6,3.25809653802148
97,2,6,3.49650756146648
97,3,6,3.71357206670431
97,4,6,3.36729582998647
97,5,6,3.76120011569356
97,6,6,3.93182563272433
97,7,6,3.71357206670431
98,1,6,5.06259503302697
98,2,6,4.69134788222914
98,3,6,4.90527477843843
98,4,6,4.89783979995091
98,5,6,4.969813299576
98,6,6,4.89783979995091
98,7,6,4.85203026391962
99,1,6,8.49310539588715
99,2,6,8.98230989908858
99,3,6,8.46104603079324
99,4,6,8.48073665440562
99,5,6,8.57979233317276
99,6,6,8.82864061741828
99,7,6,8.74464743831753
100,1,6,8.10741881171997
100,2,6,7.81197342962202
100,3,6,7.91315518592807
100,4,6,7.98480338973441
100,5,6,8.08671792030391
100,6,6,8.15507488781144
100,7,6,8.17835816560584
101,1,6,7.70436116791031
101,2,6,7.64396194900253
101,3,6,7.66902828858968
101,4,6,7.8046592970561
101,5,6,7.89766815072691
101,6,6,7.94378269245863
101,7,6,7.9218984110238
102,1,6,6.81124437860129
102,2,6,6.70563909486
102,3,6,6.72383244082121
102,4,6,6.79234442747081
102,5,6,6.75809450442773
102,6,6,6.74641212857337
102,7,6,6.74758652682932
103,1,6,6.61069604471776
103,2,6,6.40522845803084
103,3,6,6.45204895443723
103,4,6,6.59167373200866
103,5,6,6.70441435496411
103,6,6,6.73221070646721
103,7,6,6.68586094706836
104,1,6,8.05896001776942
104,2,6,7.9298464297425
104,3,6,8.10922495308995
104,4,6,7.99159228206809
104,5,6,8.11102783819368
104,6,6,8.18227973925902
104,7,6,8.10922495308995
105,1,6,6.00141487796115
105,2,6,5.90263333340137
105,3,6,5.72358510195238
105,4,6,6.01126717440416
105,5,6,6.10255859461357
105,6,6,6.0913098820777
105,7,6,6.14418563412565
106,1,6,9.99629460212233
106,2,6,9.69603278610318
106,3,6,9.70192201237541
106,4,6,9.69430854157229
106,5,6,9.79255599182885
106,6,6,9.97119292889014
106,7,6,9.99820664859396
107,1,6,7.80547462527086
107,2,6,7.54486106865846
107,3,6,7.59085212368858
107,4,6,7.59387784460512
107,5,6,7.76556908109732
107,6,6,7.87321705486274
107,7,6,7.84737183615979
108,1,6,9.7887498750657
108,2,6,9.64749792681684
108,3,6,9.76864100976636
108,4,6,9.62918227712599
108,5,6,9.72202562615406
108,6,6,9.81623978397185
108,7,6,9.89363921648131
109,1,6,8.24722005274523
109,2,6,8.0861025356691
109,3,6,8.10681603894705
109,4,6,8.15277405274407
109,5,6,8.2534880283459
109,6,6,8.34474275441755
109,7,6,8.30573114487587
110,1,6,9.72531736686465
110,2,6,9.56507343167757
110,3,6,9.58286897983808
110,4,6,9.57101729729421
110,5,6,9.57955634740923
110,6,6,9.64166813961007
110,7,6,9.64004270444839
111,1,6,8.99986622376264
111,2,6,8.87360810154911
111,3,6,8.86432272251144
111,4,6,8.92638468126522
111,5,6,9.02485381183907
111,6,6,8.99739464563842
111,7,6,8.95519002452689
112,1,6,6.35957386867238
112,2,6,6.12468339089421
112,3,6,6.45362499889269
112,4,6,6.52502965784346
112,5,6,6.42324696353352
112,6,6,6.41836493593621
112,7,6,6.50727771238501
113,1,6,7.6251071482389
113,2,6,7.49720722320332
113,3,6,7.55066124310534
113,4,6,7.62705741701893
113,5,6,7.71199650704767
113,6,6,7.86288203464149
113,7,6,7.8811822022271
114,1,6,7.63578686139558
114,2,6,7.49886973397693
114,3,6,7.5847730776122
114,4,6,7.69984240739699
114,5,6,7.73543335249969
114,6,6,7.79729127354747
114,7,6,7.74673290775362
115,1,6,6.96034772910131
115,2,6,6.95654544315157
115,3,6,7.09090982207998
115,4,6,7.16394668434255
115,5,6,7.36073990305828
115,6,6,7.40306109109009
115,7,6,7.33367639565768
116,1,6,8.61141186665522
116,2,6,8.49392456447688
116,3,6,8.5039052970893
116,4,6,8.45744318701046
116,5,6,8.56617381363786
116,6,6,8.6020856584342
116,7,6,8.5519810169019
117,1,6,8.80732226751107
117,2,6,8.61213966872519
117,3,6,8.66388757056704
117,4,6,8.73905592283072
117,5,6,8.87877607170755
117,6,6,8.86375719160424
117,7,6,8.8942588250027
118,1,6,5.71373280550937
118,2,6,5.42934562895444
118,3,6,5.81413053182507
118,4,6,6.06145691892802
118,5,6,6.3297209055227
118,6,6,6.4118182677099
118,7,6,6.4150969591716
119,1,6,5.68697535633982
119,2,6,5.72358510195238
119,3,6,5.67332326717149
119,4,6,5.6970934865054
119,5,6,5.70044357339069
119,6,6,5.77765232322266
119,7,6,5.78382518232974
120,1,6,5.00394630594546
120,2,6,5.03043792139244
120,3,6,5.11198778835654
120,4,6,5.10594547390058
120,5,6,5.18738580584075
120,6,6,5.06259503302697
120,7,6,5.11198778835654
121,1,6,3.68887945411394
121,2,6,3.89182029811063
121,3,6,3.78418963391826
121,4,6,3.98898404656427
121,5,6,3.68887945411394
121,6,6,4.20469261939097
121,7,6,4.21950770517611
122,1,6,8.69818052519705
122,2,6,8.47741232140439
122,3,6,8.49882553405805
122,4,6,8.57338447106598
122,5,6,8.64453043987743
122,6,6,8.70533113353163
122,7,6,8.67709870892586
123,1,6,5.19295685089021
123,2,6,4.969813299576
123,3,6,5.28320372873799
123,4,6,5.24174701505964
123,5,6,5.37527840768417
123,6,6,5.40717177146012
123,7,6,5.34233425196481
124,1,6,6.13772705408623
124,2,6,5.96614673912369
124,3,6,6.19644412779452
124,4,6,6.31716468674728
124,5,6,6.5206211275587
124,6,6,6.60123011872888
124,7,6,6.62539236800796
125,1,6,4.85981240436167
125,2,6,5.17048399503815
125,3,6,5.02388052084628
125,4,6,5.15329159449778
125,5,6,5.24702407216049
125,6,6,5.29831736654804
125,7,6,5.17048399503815
126,1,,5.29330482472449
126,2,,5.17048399503815
126,3,,5.11198778835654
126,4,,5.30826769740121
126,5,,5.36597601502185
126,6,,5.34710753071747
126,7,,5.43372200355424
127,1,,4.20469261939097
127,2,,4.07753744390572
127,3,,3.40119738166216
127,4,,3.55534806148941
127,5,,3.85014760171006
127,6,,3.87120101090789
127,7,,3.40119738166216
128,1,,4.70048036579242
128,2,,4.71849887129509
128,3,,4.67282883446191
128,4,,4.72738781871234
128,5,,4.69134788222914
128,6,,4.81218435537242
128,7,,4.77068462446567
129,1,,2.83321334405622
129,2,,2.07944154167984
129,3,,2.56494935746154
129,4,,2.30258509299405
129,5,,2.39789527279837
129,6,,2.19722457733622
129,7,,2.07944154167984
130,1,,6.26720054854136
130,2,,6.2709884318583
130,3,,6.22059017009974
130,4,,6.04500531403601
130,5,,6.13772705408623
130,6,,6.12686918411419
130,7,,6.02586597382531
131,1,,5.61677109766657
131,2,,5.37527840768417
131,3,,5.27299955856375
131,4,,5.31320597904179
131,5,,5.49306144334055
131,6,,5.59842195899838
131,7,,5.57215403217776
132,1,,6.29526600143965
132,2,,6.24997524225948
132,3,,6.18826412308259
132,4,,6.18208490671663
132,5,,6.25575004175337
132,6,,6.4377516497364
132,7,,6.40191719672719
133,1,,6.99668148817654
133,2,,6.87832646829133
133,3,,6.8501261661455
133,4,,6.87005341179813
133,5,,6.92755790627832
133,6,,6.87523208727658
133,7,,6.93634273583405
134,1,,5.55682806169954
134,2,,5.38449506278909
134,3,,5.42934562895444
134,4,,5.33271879326537
134,5,,5.48479693349065
134,6,,5.51745289646471
134,7,,5.03043792139244
135,1,,5.57215403217776
135,2,,5.50125821054473
135,3,,5.56452040732269
135,4,,5.55682806169954
135,5,,5.65599181081985
135,6,,5.62762111369064
135,7,,4.99721227376411
136,1,,7.83002808253384
136,2,,7.78405700263993
136,3,,7.73892375743946
136,4,,7.72797554210556
136,5,,7.73149202924568
136,6,,7.70975686445416
136,7,,7.60738142563979
137,1,,4.84418708645859
137,2,,4.67282883446191
137,3,,4.68213122712422
137,4,,4.54329478227
137,5,,4.75359019110636
137,6,,4.75359019110636
137,7,,4.85981240436167
138,1,,4.43081679884331
138,2,,4.57471097850338
138,3,,4.26267987704132
138,4,,4.15888308335967
138,5,,4.02535169073515
138,6,,4.26267987704132
138,7,,4.40671924726425
139,1,,4.33073334028633
139,2,,4.21950770517611
139,3,,4.21950770517611
139,4,,4.29045944114839
139,5,,4.31748811353631
139,6,,4.4188406077966
139,7,,4.23410650459726
140,1,,5.62040086571715
140,2,,5.61677109766657
140,3,,5.35658627467201
140,4,,5.40267738187228
140,5,,5.50938833662798
140,6,,5.70044357339069
140,7,,5.6937321388027
141,1,,6.47697236288968
141,2,,6.47697236288968
141,3,,6.53087762772588
141,4,,6.42162226780652
141,5,,6.3750248198281
141,6,,6.5206211275587
141,7,,6.59167373200866
142,1,,5.27299955856375
142,2,,5.05624580534831
142,3,,4.93447393313069
142,4,,4.79579054559674
142,5,,4.9416424226093
142,6,,4.90527477843843
142,7,,4.67282883446191
143,1,,5.35185813347607
143,2,,5.23644196282995
143,3,,5.12989871492307
143,4,,5.23110861685459
143,5,,5.29831736654804
143,6,,5.36597601502185
143,7,,5.38449506278909
144,1,,3.25809653802148
144,2,,3.2188758248682
144,3,,2.77258872223978
144,4,,3.04452243772342
144,5,,2.70805020110221
144,6,,3.17805383034795
144,7,,3.46573590279973
145,1,,6.31716468674728
145,2,,6.22455842927536
145,3,,6.22455842927536
145,4,,6.29156913955832
145,5,,6.35610766069589
145,6,,6.34212141872115
145,7,,6.29341927884648
146,1,,4.64439089914137
146,2,,4.78749174278205
146,3,,4.72738781871234
146,4,,4.77068462446567
146,5,,4.71849887129509
146,6,,4.74493212836325
146,7,,4.80402104473326
147,1,,7.0184017990692
147,2,,6.89365635460264
147,3,,6.8627579130514
147,4,,6.89264164117209
147,5,,6.82328612235569
147,6,,6.99484998583307
147,7,,6.99301512293296
148,1,,6.46146817635372
148,2,,6.38856140554563
148,3,,6.38856140554563
148,4,,6.36818718635049
148,5,,6.40522845803084
148,6,,6.45519856334012
148,7,,6.47543271670409
149,1,,4.67282883446191
149,2,,4.60517018598809
149,3,,4.62497281328427
149,4,,4.46590811865458
149,5,,4.66343909411207
149,6,,4.70048036579242
149,7,,4.75359019110636
150,1,,8.34450508359052
150,2,,8.21066803116298
150,3,,8.14757773620177
150,4,,8.13476078241865
150,5,,8.19973896063079
150,6,,8.2337687092171
150,7,,8.31360713931756
151,1,,3.36729582998647
151,2,,3.3322045101752
151,3,,3.25809653802148
151,4,,3.2188758248682
151,5,,2.99573227355399
151,6,,2.99573227355399
151,7,,2.94443897916644
152,1,,5.7037824746562
152,2,,5.28320372873799
152,3,,5.19295685089021
152,4,,5.03695260241363
152,5,,4.83628190695148
152,6,,5.07517381523383
152,7,,5.06890420222023
153,1,,7.59588991771854
153,2,,7.43248380791712
153,3,,7.42237370098682
153,4,,7.49997654095212
153,5,,7.62608275807238
153,6,,7.71378461659875
153,7,,7.80343505695217
154,1,,7.44541755670169
154,2,,7.25629723969068
154,3,,7.19818357710194
154,4,,7.20414929203594
154,5,,7.07411681619736
154,6,,7.21964204013074
154,7,,7.24136628332232
155,1,,2.77258872223978
155,2,,2.99573227355399
155,3,,2.56494935746154
155,4,,2.63905732961526
155,5,,2.19722457733622
155,6,,1.79175946922805
155,7,,2.07944154167984
156,1,,8.28500889544988
156,2,,8.09712193091871
156,3,,7.97108575350561
156,4,,7.91826468609527
156,5,,7.8808043446749
156,6,,7.96067260838812
156,7,,7.98820359702258
157,1,,4.26267987704132
157,2,,3.93182563272433
157,3,,3.95124371858143
157,4,,3.76120011569356
157,5,,3.78418963391826
157,6,,4.02535169073515
157,7,,4.07753744390572
158,1,,9.40426106461349
158,2,,9.20703491496746
158,3,,9.09918532261002
158,4,,9.11107237031751
158,5,,9.13830716907635
158,6,,9.18008732880516
158,7,,9.22098353207466
159,1,,6.31173480915291
159,2,,6.1527326947041
159,3,,6.11809719804135
159,4,,6.09356977004514
159,5,,6.12468339089421
159,6,,6.17170059741091
159,7,,6.11589212548303
160,1,,6.26339826259162
160,2,,6.13339804299665
160,3,,6.05208916892442
160,4,,6.01859321449623
160,5,,6.1463292576689
160,6,,6.2709884318583
160,7,,6.17586727010576
161,1,,7.06390396147207
161,2,,6.7900972355139
161,3,,6.87832646829133
161,4,,6.81673588059497
161,5,,6.92657703322272
161,6,,7.01750614294126
161,7,,7.07411681619736
162,1,,5.48063892334199
162,2,,5.43372200355424
162,3,,5.21493575760899
162,4,,5.28826703069454
162,5,,5.19295685089021
162,6,,5.2257466737132
162,7,,5.16478597392351
163,1,,7.33693691370762
163,2,,7.13886699994552
163,3,,7.11314210870709
163,4,,7.07834157955767
163,5,,7.10414409298753
163,6,,7.16162200293919
163,7,,7.26332961747684
164,1,,4.21950770517611
164,2,,3.95124371858143
164,3,,4.02535169073515
164,4,,3.66356164612965
164,5,,3.43398720448515
164,6,,3.40119738166216
164,7,,3.13549421592915
165,1,,5.70711026474888
165,2,,5.65248918026865
165,3,,5.54126354515843
165,4,,5.5683445037611
165,5,,5.66988092298052
165,6,,5.5834963087817
165,7,,5.50125821054473
166,1,,5.09375020080676
166,2,,4.94875989037817
166,3,,4.76217393479776
166,4,,4.77912349311153
166,5,,4.91265488573605
166,6,,4.96284463025991
166,7,,4.97673374242057
167,1,,5.76832099579377
167,2,,5.64190707093811
167,3,,5.7268477475872
167,4,,5.73334127689775
167,5,,5.78689738136671
167,6,,6.09582456243222
167,7,,6.22257626807137
168,1,,5.84354441703136
168,2,,5.72358510195238
168,3,,5.71702770140622
168,4,,5.63835466933375
168,5,,5.70044357339069
168,6,,5.70044357339069
168,7,,5.5834963087817
169,1,,9.12782795040172
169,2,,8.90245559220688
169,3,,8.83083536553755
169,4,,8.79890749208823
169,5,,8.81120518756289
169,6,,8.84707231256781
169,7,,8.89151157052756
170,1,,5.13579843705026
170,2,,5.37527840768417
170,3,,5.34233425196481
170,4,,5.29831736654804
170,5,,5.31811999384422
170,6,,5.48479693349065
170,7,,5.40717177146012
171,1,,4.18965474202643
171,2,,3.63758615972639
171,3,,3.76120011569356
171,4,,3.73766961828337
171,5,,3.63758615972639
171,6,,4.0943445622221
171,7,,4.34380542185368
172,1,,7.27170370688737
172,2,,7.05531284333975
172,3,,7.11314210870709
172,4,,7.09589322109753
172,5,,7.09837563859079
172,6,,7.12205988162914
172,7,,7.00850518208228
173,1,,7.59337419312129
173,2,,7.38647084882989
173,3,,7.42714413340862
173,4,,7.46794233228585
173,5,,7.57507169950756
173,6,,7.71512360363211
173,7,,7.82763954636642
174,1,,4.27666611901606
174,2,,4.38202663467388
174,3,,4.14313472639153
174,4,,4.23410650459726
174,5,,4.48863636973214
174,6,,4.29045944114839
174,7,,4.12713438504509
175,1,,2.63905732961526
175,2,,2.19722457733622
175,3,,1.94591014905531
175,4,,1.38629436111989
175,5,,1.38629436111989
175,6,,1.79175946922805
175,7,,1.94591014905531
176,1,,5.58724865840025
176,2,,5.48893772615669
176,3,,5.4971682252932
176,4,,5.48063892334199
176,5,,5.55682806169954
176,6,,5.7037824746562
176,7,,5.79301360838414
177,1,,5.6021188208797
177,2,,5.48063892334199
177,3,,5.30826769740121
177,4,,5.32787616878958
177,5,,5.39362754635236
177,6,,5.28826703069454
177,7,,5.37063802812766
178,1,,5.65599181081985
178,2,,5.48479693349065
178,3,,5.48479693349065
178,4,,5.59471137960184
178,5,,5.31811999384422
178,6,,5.64190707093811
178,7,,5.12989871492307
179,1,,5.06259503302697
179,2,,5.34233425196481
179,3,,5.19849703126583
179,4,,5.15905529921453
179,5,,5.21493575760899
179,6,,5.13579843705026
179,7,,5.20948615284142
180,1,,5.40267738187228
180,2,,5.35185813347607
180,3,,5.33271879326537
180,4,,5.41164605185504
180,5,,5.25227342804663
180,6,,5.46383180502561
180,7,,5.46383180502561
181,1,,7.57301725605255
181,2,,7.42952084278646
181,3,,7.42535788702715
181,4,,7.44366368311559
181,5,,7.45182223652793
181,6,,7.51752085060303
181,7,,7.63723438878947
182,1,,7.17395831975679
182,2,,6.99759598298193
182,3,,6.95654544315157
182,4,,6.99209642741589
182,5,,6.96790920180188
182,6,,6.9782137426307
182,7,,6.94312242281943
183,1,,7.32778053842163
183,2,,7.3132203870903
183,3,,7.33106030521863
183,4,,7.38894609761844
183,5,,7.52779398772144
183,6,,7.64730883235624
183,7,,7.63819824428578
184,1,,5.78382518232974
184,2,,5.71042701737487
184,3,,5.605802066296
184,4,,5.68697535633982
184,5,,5.52545293913178
184,6,,5.62762111369064
184,7,,5.5683445037611
185,1,,9.67658695234421
185,2,,9.4881993554792
185,3,,9.33609157728174
185,4,,9.33573878137052
185,5,,9.3492323708428
185,6,,9.39124425768252
185,7,,9.41613428495528
186,1,,5.56452040732269
186,2,,5.49306144334055
186,3,,5.65948221575962
186,4,,5.67332326717149
186,5,,5.66642668811243
186,6,,5.90536184805457
186,7,,5.83188247728352
187,1,,7.22693601849329
187,2,,7.14440718032114
187,3,,7.14440718032114
187,4,,7.08170858610557
187,5,,7.19593722647557
187,6,,7.28276117960559
187,7,,7.26752542782817
188,1,,6.59850902861452
188,2,,6.37672694789863
188,3,,6.44571981938558
188,4,,6.37672694789863
188,5,,6.361302477573
188,6,,6.35437004079735
188,7,,6.39859493453521
189,1,,5.36129216570943
189,2,,5.25227342804663
189,3,,5.26269018890489
189,4,,5.27811465923052
189,5,,5.26269018890489
189,6,,5.46806014113513
189,7,,5.36597601502185
190,1,,5.16478597392351
190,2,,4.969813299576
190,3,,4.83628190695148
190,4,,4.71849887129509
190,5,,4.64439089914137
190,6,,4.85981240436167
190,7,,4.97673374242057
191,1,,9.41230114402249
191,2,,9.27697045427395
191,3,,9.19482056031815
191,4,,9.14590851181679
191,5,,9.19482056031815
191,6,,9.29504909990314
191,7,,9.29569203907569
192,1,,6.23048144757848
192,2,,6.12249280951439
192,3,,6.15909538849193
192,4,,6.16331480403464
192,5,,6.23832462503951
192,6,,6.29894924685594
192,7,,6.24804287450843
193,1,,7.67647364638916
193,2,,7.55903825544338
193,3,,7.52779398772144
193,4,,7.51043055637801
193,5,,7.55276208421415
193,6,,7.54591815120932
193,7,,7.56579328242851
194,1,,3.17805383034795
194,2,,3.43398720448515
194,3,,2.70805020110221
194,4,,2.94443897916644
194,5,,3.13549421592915
194,6,,2.94443897916644
194,7,,2.484906649788
195,1,,5.45958551414416
195,2,,5.3890717298165
195,3,,5.42053499927229
195,4,,5.27299955856375
195,5,,5.50125821054473
195,6,,5.58724865840025
195,7,,5.63121178182137
196,1,,5.45958551414416
196,2,,5.33271879326537
196,3,,5.06890420222023
196,4,,4.97673374242057
196,5,,5.10594547390058
196,6,,5.25227342804663
196,7,,5.29330482472449
197,1,,5.83188247728352
197,2,,5.75574221358691
197,3,,5.5834963087817
197,4,,5.44241771052179
197,5,,5.5834963087817
197,6,,5.51342874616498
197,7,,5.57215403217776
198,1,,3.66356164612965
198,2,,3.91202300542815
198,3,,3.55534806148941
198,4,,3.55534806148941
198,5,,3.40119738166216
198,6,,3.43398720448515
198,7,,3.36729582998647
199,1,,7.54168309988211
199,2,,7.40306109109009
199,3,,7.44833386089748
199,4,,7.51752085060303
199,5,,7.57814547241947
199,6,,7.67971363996637
199,7,,7.722677516468
200,1,,7.44366368311559
200,2,,7.41034709782102
200,3,,7.37337430991005
200,4,,7.39264752072162
200,5,,7.40367029001237
200,6,,7.39326309476384
200,7,,7.4593388952203
201,1,,3.98898404656427
201,2,,3.8286413964891
201,3,,4.06044301054642
201,4,,3.8286413964891
201,5,,4.12713438504509
201,6,,3.8286413964891
201,7,,3.87120101090789
202,1,,6.37672694789863
202,2,,6.20050917404269
202,3,,6.21860011969173
202,4,,6.26149168432104
202,5,,6.24416690066374
202,6,,6.35957386867238
202,7,,6.45676965557216
203,1,,4.31748811353631
203,2,,4.24849524204936
203,3,,4.35670882668959
203,4,,4.34380542185368
203,5,,4.4188406077966
203,6,,4.49980967033027
203,7,,4.36944785246702
204,1,,5.36597601502185
204,2,,5.11198778835654
204,3,,5.01063529409626
204,4,,4.91265488573605
204,5,,5.07517381523383
204,6,,5.19849703126583
204,7,,5.23644196282995
205,1,,5.09375020080676
205,2,,5.04342511691925
205,3,,5.12396397940326
205,4,,5.15329159449778
205,5,,5.17614973257383
205,6,,5.21493575760899
205,7,,5.28320372873799
206,1,,4.12713438504509
206,2,,3.97029191355212
206,3,,3.80666248977032
206,4,,3.61091791264422
206,5,,3.76120011569356
206,6,,3.63758615972639
206,7,,3.55534806148941
207,1,,3.55534806148941
207,2,,3.49650756146648
207,3,,3.80666248977032
207,4,,3.66356164612965
207,5,,3.55534806148941
207,6,,3.55534806148941
207,7,,3.29583686600433
208,1,,4.87519732320115
208,2,,4.7361984483945
208,3,,4.56434819146784
208,4,,4.76217393479776
208,5,,4.91998092582813
208,6,,4.75359019110636
208,7,,5.03043792139244
209,1,,4.969813299576
209,2,,4.89783979995091
209,3,,4.81218435537242
209,4,,4.77912349311153
209,5,,4.80402104473326
209,6,,4.75359019110636
209,7,,4.89783979995091
210,1,,4.04305126783455
210,2,,3.80666248977032
210,3,,3.49650756146648
210,4,,3.71357206670431
210,5,,3.66356164612965
210,6,,3.80666248977032
210,7,,3.52636052461616
211,1,,6.45204895443723
211,2,,6.30809844150953
211,3,,6.25190388316589
211,4,,6.30809844150953
211,5,,6.30809844150953
211,6,,6.22257626807137
211,7,,6.25958146406492
212,1,,5.00394630594546
212,2,,4.99721227376411
212,3,,5.01063529409626
212,4,,4.76217393479776
212,5,,4.94875989037817
212,6,,4.85203026391962
212,7,,5.11799381241676
213,1,,6.2363695902037
213,2,,6.03068526026126
213,3,,6.02344759296103
213,4,,5.91620206260743
213,5,,6.17586727010576
213,6,,6.13556489108174
213,7,,6.15060276844628
214,1,,4.34380542185368
214,2,,4.38202663467388
214,3,,4.04305126783455
214,4,,4.14313472639153
214,5,,4.07753744390572
214,6,,4.27666611901606
214,7,,4.0943445622221
215,1,,3.36729582998647
215,2,,3.04452243772342
215,3,,2.99573227355399
215,4,,2.39789527279837
215,5,,2.19722457733622
215,6,,2.63905732961526
215,7,,2.484906649788
216,1,,7.37400185935016
216,2,,7.34665516317654
216,3,,7.37086016653672
216,4,,7.38585107812521
216,5,,7.50714107972761
216,6,,7.45124168498768
216,7,,7.47533923656674
217,1,,5.4380793089232
217,2,,5.39362754635236
217,3,,5.32787616878958
217,4,,5.18178355029209
217,5,,5.32300997913841
217,6,,5.30826769740121
217,7,,5.37063802812766
218,1,,5.5683445037611
218,2,,5.42934562895444
218,3,,5.30330490805908
218,4,,5.23644196282995
218,5,,5.50533153593236
218,6,,5.38449506278909
218,7,,5.31320597904179
219,1,,5.11198778835654
219,2,,4.78749174278205
219,3,,5.01063529409626
219,4,,5.2257466737132
219,5,,5.03043792139244
219,6,,5.09375020080676
219,7,,5.01727983681492
220,1,,4.72738781871234
220,2,,4.65396035015752
220,3,,4.66343909411207
220,4,,4.75359019110636
220,5,,4.96284463025991
220,6,,4.89783979995091
220,7,,4.78749174278205
221,1,,4.90527477843843
221,2,,4.82028156560504
221,3,,4.75359019110636
221,4,,4.77912349311153
221,5,,4.66343909411207
221,6,,4.87519732320115
221,7,,5.00394630594546
222,1,,4.11087386417331
222,2,,4.0943445622221
222,3,,3.73766961828337
222,4,,3.63758615972639
222,5,,3.52636052461616
222,6,,3.89182029811063
222,7,,3.95124371858143
223,1,,4.97673374242057
223,2,,4.88280192258637
223,3,,5.03043792139244
223,4,,4.93447393313069
223,5,,4.83628190695148
223,6,,4.85203026391962
223,7,,4.90527477843843
224,1,,4.31748811353631
224,2,,4.20469261939097
224,3,,4.06044301054642
224,4,,4.17438726989564
224,5,,4.06044301054642
224,6,,4.23410650459726
224,7,,4.11087386417331
225,1,,5.46806014113513
225,2,,5.48479693349065
225,3,,5.3890717298165
225,4,,5.27811465923052
225,5,,5.26269018890489
225,6,,5.39816270151775
225,7,,5.27299955856375
226,1,,5.28320372873799
226,2,,4.98360662170834
226,3,,5.12396397940326
226,4,,5.03695260241363
226,5,,5.10594547390058
226,6,,5.08759633523238
226,7,,5.53733426701854
227,1,,3.49650756146648
227,2,,3.8286413964891
227,3,,3.8286413964891
227,4,,3.40119738166216
227,5,,3.55534806148941
227,6,,3.66356164612965
227,7,,3.58351893845611
228,1,,5.32787616878958
228,2,,5.26269018890489
228,3,,5.19295685089021
228,4,,5.18738580584075
228,5,,5.28320372873799
228,6,,5.605802066296
228,7,,5.59471137960184
229,1,,5.78382518232974
229,2,,5.74300318780948
229,3,,5.71042701737487
229,4,,5.68357976733868
229,5,,5.38449506278909
229,6,,5.72031177660741
229,7,,5.65248918026865
230,1,,7.9287663216267
230,2,,7.87473912517181
230,3,,7.84109976542212
230,4,,7.70391020961631
230,5,,7.76599307940768
230,6,,7.81318726752142
230,7,,7.80139132029149
231,1,,6.53087762772588
231,2,,6.3919171133926
231,3,,6.45204895443723
231,4,,6.49677499018586
231,5,,6.51619307604296
231,6,,6.62804137617953
231,7,,6.62539236800796
232,1,,5.605802066296
232,2,,5.77144112313002
232,3,,5.50938833662798
232,4,,5.56452040732269
232,5,,5.65948221575962
232,6,,5.72031177660741
232,7,,5.91620206260743
233,1,,3.80666248977032
233,2,,3.93182563272433
233,3,,3.98898404656427
233,4,,4.15888308335967
233,5,,4.18965474202643
233,6,,4.17438726989564
233,7,,4.12713438504509
234,1,,6.48463523563525
234,2,,6.4377516497364
234,3,,6.38519439899773
234,4,,6.48463523563525
234,5,,6.71295620067707
234,6,,6.80682936039218
234,7,,6.98471632011827
235,1,,5.32787616878958
235,2,,5.23110861685459
235,3,,5.25227342804663
235,4,,5.22035582507832
235,5,,5.31320597904179
235,6,,5.41610040220442
235,7,,5.40267738187228
236,1,,5.42934562895444
236,2,,5.4380793089232
236,3,,5.32300997913841
236,4,,5.4380793089232
236,5,,5.37527840768417
236,6,,5.40717177146012
236,7,,5.4510384535657
237,1,,5.04985600724954
237,2,,5.15905529921453
237,3,,5.24702407216049
237,4,,5.20948615284142
237,5,,5.15905529921453
237,6,,5.18178355029209
237,7,,5.23644196282995
238,1,,4.0943445622221
238,2,,4.23410650459726
238,3,,4.17438726989564
238,4,,4.30406509320417
238,5,,4.36944785246702
238,6,,4.46590811865458
238,7,,4.26267987704132
239,1,,6.12905021006055
239,2,,5.87773578177964
239,3,,5.96614673912369
239,4,,5.92692602597041
239,5,,5.94803498918065
239,6,,5.90808293816893
239,7,,5.91079664404053
240,1,,4.4188406077966
240,2,,4.56434819146784
240,3,,4.55387689160054
240,4,,4.43081679884331
240,5,,4.30406509320417
240,6,,4.36944785246702
240,7,,4.17438726989564
241,1,,5.15329159449778
241,2,,5.15329159449778
241,3,,5.00394630594546
241,4,,5.03695260241363
241,5,,5.08759633523238
241,6,,5.52545293913178
241,7,,5.4249500174814
242,1,,5.62762111369064
242,2,,5.56068163101553
242,3,,5.4510384535657
242,4,,5.26269018890489
242,5,,5.4249500174814
242,6,,5.37063802812766
242,7,,5.40717177146012
243,1,,3.97029191355212
243,2,,3.66356164612965
243,3,,3.46573590279973
243,4,,3.25809653802148
243,5,,2.89037175789616
243,6,,2.83321334405622
243,7,,3.36729582998647
244,1,,7.96589273508453
244,2,,7.85438121065236
244,3,,7.79605797431612
244,4,,7.74932246466036
244,5,,7.76174498465891
244,6,,7.76472054477148
244,7,,7.74283595543075
245,1,,7.43661726523423
245,2,,7.19443685110033
245,3,,7.15695636461564
245,4,,7.14282740116162
245,5,,7.10249935577465
245,6,,7.18387071506245
245,7,,7.1708884785125
246,1,,3.49650756146648
246,2,,3.36729582998647
246,3,,3.55534806148941
246,4,,3.80666248977032
246,5,,3.2188758248682
246,6,,3.61091791264422
246,7,,3.93182563272433
247,1,,4.49980967033027
247,2,,4.26267987704132
247,3,,4.12713438504509
247,4,,4.20469261939097
247,5,,4.24849524204936
247,6,,4.36944785246702
247,7,,4.17438726989564
248,1,,4.59511985013459
248,2,,4.49980967033027
248,3,,4.43081679884331
248,4,,4.36944785246702
248,5,,4.38202663467388
248,6,,4.30406509320417
248,7,,4.20469261939097
249,1,,6.73578001424233
249,2,,6.57646956904822
249,3,,6.59987049921284
249,4,,6.53813982376767
249,5,,6.52356230614951
249,6,,6.58617165485467
249,7,,6.56385552653213
250,1,,5.92958914338989
250,2,,5.83773044716594
250,3,,5.76832099579377
250,4,,5.56068163101553
250,5,,5.61312810638807
250,6,,5.66642668811243
250,7,,5.58724865840025
251,1,,3.2188758248682
251,2,,3.09104245335832
251,3,,3.04452243772342
251,4,,2.63905732961526
251,5,,2.56494935746154
251,6,,2.77258872223978
251,7,,2.63905732961526
252,1,,5.82894561761021
252,2,,5.67675380226828
252,3,,5.61312810638807
252,4,,5.54126354515843
252,5,,5.48063892334199
252,6,,5.5834963087817
252,7,,5.45958551414416
253,1,,2.07944154167984
253,2,,2.19722457733622
253,3,,2.39789527279837
253,4,,2.77258872223978
253,5,,1.94591014905531
253,6,,1.79175946922805
253,7,,2.30258509299405
254,1,,5.31320597904179
254,2,,5.20948615284142
254,3,,5.25749537202778
254,4,,5.18178355029209
254,5,,5.25749537202778
254,6,,5.25749537202778
254,7,,5.19295685089021
255,1,,3.29583686600433
255,2,,3.36729582998647
255,3,,3.25809653802148
255,4,,3.17805383034795
255,5,,3.46573590279973
255,6,,3.66356164612965
255,7,,3.49650756146648
256,1,,4.71849887129509
256,2,,4.52178857704904
256,3,,4.68213122712422
256,4,,4.86753445045558
256,5,,5.16478597392351
256,6,,5.28320372873799
256,7,,5.19295685089021
257,1,,4.0943445622221
257,2,,4.20469261939097
257,3,,3.98898404656427
257,4,,4.0943445622221
257,5,,4.17438726989564
257,6,,4.18965474202643
257,7,,4.0943445622221
258,1,,6.4377516497364
258,2,,6.3578422665081
258,3,,6.34738920965601
258,4,,6.41673228251233
258,5,,6.29526600143965
258,6,,6.53813982376767
258,7,,6.41673228251233
259,1,,6.56526497003536
259,2,,6.53087762772588
259,3,,6.46458830368996
259,4,,6.43615036836943
259,5,,7.03174125876313
259,6,,6.50128967054039
259,7,,6.40025744530882
260,1,,6.04025471127741
260,2,,5.95064255258773
260,3,,6.04263283368238
260,4,,6.0591231955818
260,5,,6.04263283368238
260,6,,5.99645208861902
260,7,,5.92692602597041
261,1,,4.77912349311153
261,2,,5.18738580584075
261,3,,5.15905529921453
261,4,,4.97673374242057
261,5,,5.27299955856375
261,6,,5.25227342804663
261,7,,5.37063802812766
262,1,,4.06044301054642
262,2,,3.8286413964891
262,3,,3.68887945411394
262,4,,3.93182563272433
262,5,,4.0943445622221
262,6,,4.00733318523247
262,7,,4.30406509320417
263,1,,6.85224256905188
263,2,,6.70686233660275
263,3,,6.5694814204143
263,4,,6.54391184556479
263,5,,6.64118216974059
263,6,,6.70073110954781
263,7,,6.68210859744981
264,1,,4.97673374242057
264,2,,4.71849887129509
264,3,,4.82028156560504
264,4,,4.77068462446567
264,5,,4.59511985013459
264,6,,4.7361984483945
264,7,,4.68213122712422
265,1,,3.17805383034795
265,2,,3.13549421592915
265,3,,2.89037175789616
265,4,,2.56494935746154
265,5,,2.77258872223978
265,6,,2.77258872223978
265,7,,2.63905732961526
266,1,,5.41164605185504
266,2,,5.22035582507832
266,3,,5.25227342804663
266,4,,5.24174701505964
266,5,,5.55295958492162
266,6,,5.59842195899838
266,7,,5.76832099579377
267,1,,5.66642668811243
267,2,,5.46806014113513
267,3,,5.39816270151775
267,4,,5.34710753071747
267,5,,5.37063802812766
267,6,,5.46383180502561
267,7,,5.43372200355424
268,1,,6.18826412308259
268,2,,6.16541785423142
268,3,,6.10479323241498
268,4,,6.15697898558556
268,5,,6.04025471127741
268,6,,6.05678401322862
268,7,,5.96100533962327
269,1,,6.54391184556479
269,2,,6.44413125670044
269,3,,6.53233429222235
269,4,,6.4085287910595
269,5,,6.35437004079735
269,6,,6.52649485957079
269,7,,6.62936325343745
270,1,,6.21460809842219
270,2,,6.22257626807137
270,3,,6.24804287450843
270,4,,6.24416690066374
270,5,,6.26720054854136
270,6,,6.2363695902037
270,7,,6.19644412779452
271,1,,3.04452243772342
271,2,,2.70805020110221
271,3,,2.83321334405622
271,4,,2.39789527279837
271,5,,3.46573590279973
271,6,,3.29583686600433
271,7,,3.09104245335832
272,1,,5.09375020080676
272,2,,5.10594547390058
272,3,,5.11799381241676
272,4,,4.99043258677874
272,5,,4.969813299576
272,6,,4.93447393313069
272,7,,5.04342511691925
273,1,,5.72358510195238
273,2,,5.65599181081985
273,3,,5.65948221575962
273,4,,5.50533153593236
273,5,,5.64190707093811
273,6,,5.68697535633982
273,7,,5.62040086571715
274,1,,2.19722457733622
274,2,,2.39789527279837
274,3,,2.56494935746154
274,4,,3.09104245335832
274,5,,2.89037175789616
274,6,,2.94443897916644
274,7,,2.94443897916644
275,1,,3.04452243772342
275,2,,2.56494935746154
275,3,,2.89037175789616
275,4,,2.89037175789616
275,5,,2.56494935746154
275,6,,3.09104245335832
275,7,,2.99573227355399
276,1,,5.74939298590825
276,2,,5.56452040732269
276,3,,5.59098698051086
276,4,,5.55682806169954
276,5,,5.42934562895444
276,6,,5.5834963087817
276,7,,5.55295958492162
277,1,,7.34858753092759
277,2,,7.16162200293919
277,3,,7.15148546390474
277,4,,7.15539630189673
277,5,,7.20042489294496
277,6,,7.27586460054653
277,7,,7.18841273649695
278,1,,3.66356164612965
278,2,,3.61091791264422
278,3,,3.52636052461616
278,4,,3.68887945411394
278,5,,3.73766961828337
278,6,,3.58351893845611
278,7,,3.76120011569356
279,1,,4.79579054559674
279,2,,5.27299955856375
279,3,,4.92725368515721
279,4,,4.74493212836325
279,5,,4.64439089914137
279,6,,4.59511985013459
279,7,,4.54329478227
280,1,,4.38202663467388
280,2,,4.00733318523247
280,3,,4.11087386417331
280,4,,4.04305126783455
280,5,,3.87120101090789
280,6,,3.97029191355212
280,7,,3.78418963391826
281,1,,5.13579843705026
281,2,,4.86753445045558
281,3,,4.96284463025991
281,4,,4.97673374242057
281,5,,5.08759633523238
281,6,,5.15329159449778
281,7,,4.89034912822175
282,1,,8.97144846369383
282,2,,8.82541291508557
282,3,,8.76201995356159
282,4,,8.71177264560569
282,5,,8.81209910895734
282,6,,8.94298366598565
282,7,,9.02340820262454
283,1,,3.73766961828337
283,2,,3.46573590279973
283,3,,3.25809653802148
283,4,,3.61091791264422
283,5,,3.98898404656427
283,6,,3.98898404656427
283,7,,3.89182029811063
284,1,,7.48829351515943
284,2,,7.38647084882989
284,3,,7.27517231945277
284,4,,7.2152399787301
284,5,,7.17395831975679
284,6,,7.24422751560335
284,7,,7.30518821539304
285,1,,4.52178857704904
285,2,,4.56434819146784
285,3,,4.45434729625351
285,4,,4.70048036579242
285,5,,4.72738781871234
285,6,,4.61512051684126
285,7,,4.70048036579242
286,1,,4.88280192258637
286,2,,4.72738781871234
286,3,,4.85203026391962
286,4,,4.72738781871234
286,5,,4.77068462446567
286,6,,4.9416424226093
286,7,,4.9416424226093
287,1,,6.52941883826223
287,2,,6.46925031679577
287,3,,6.46925031679577
287,4,,6.3750248198281
287,5,,6.40357419793482
287,6,,6.50128967054039
287,7,,6.52356230614951
288,1,,6.10924758276437
288,2,,5.87493073085203
288,3,,6.0591231955818
288,4,,6.02102334934953
288,5,,6.23832462503951
288,6,,6.23441072571837
288,7,,6.27287700654617
289,1,,3.97029191355212
289,2,,3.85014760171006
289,3,,3.89182029811063
289,4,,3.91202300542815
289,5,,4.17438726989564
289,6,,4.02535169073515
289,7,,4.14313472639153
290,1,,6.36302810354046
290,2,,6.31535800152233
290,3,,6.29710931993394
290,4,,6.29894924685594
290,5,,6.4281052726846
290,6,,6.42971947803914
290,7,,6.40522845803084
291,1,,7.81318726752142
291,2,,7.69666708152646
291,3,,7.71646080017636
291,4,,7.62948991639399
291,5,,7.64060382639363
291,6,,7.76726399675731
291,7,,7.75147531802146
292,1,,4.85981240436167
292,2,,4.82028156560504
292,3,,4.89783979995091
292,4,,4.83628190695148
292,5,,4.96284463025991
292,6,,4.99721227376411
292,7,,4.82028156560504
293,1,,3.49650756146648
293,2,,3.40119738166216
293,3,,3.36729582998647
293,4,,3.29583686600433
293,5,,3.29583686600433
293,6,,3.68887945411394
293,7,,3.85014760171006
294,1,,2.56494935746154
294,2,,2.70805020110221
294,3,,2.63905732961526
294,4,,3.04452243772342
294,5,,2.94443897916644
294,6,,3.04452243772342
294,7,,3.17805383034795
295,1,,7.59689443814454
295,2,,7.5137092478397
295,3,,7.46106551435428
295,4,,7.39141523467536
295,5,,7.49720722320332
295,6,,7.58984151218266
295,7,,7.70120018085745
296,1,,4.83628190695148
296,2,,4.91998092582813
296,3,,4.9416424226093
296,4,,4.79579054559674
296,5,,4.98360662170834
296,6,,4.78749174278205
296,7,,5.03695260241363
297,1,,6.3261494731551
297,2,,6.20657592672493
297,3,,6.23441072571837
297,4,,6.15697898558556
297,5,,6.20859002609663
297,6,,6.19236248947487
297,7,,6.24804287450843
298,1,,3.13549421592915
298,2,,3.13549421592915
298,3,,3.25809653802148
298,4,,2.94443897916644
298,5,,2.94443897916644
298,6,,2.89037175789616
298,7,,2.89037175789616
299,1,,4.35670882668959
299,2,,4.62497281328427
299,3,,4.44265125649032
299,4,,4.43081679884331
299,5,,4.53259949315326
299,6,,4.65396035015752
299,7,,4.49980967033027
300,1,,4.12713438504509
300,2,,3.95124371858143
300,3,,4.15888308335967
300,4,,4.06044301054642
300,5,,3.87120101090789
300,6,,3.91202300542815
300,7,,4.07753744390572
301,1,,5.6937321388027
301,2,,5.67332326717149
301,3,,5.47646355193151
301,4,,5.28826703069454
301,5,,5.48479693349065
301,6,,5.64190707093811
301,7,,5.62401750618734
302,1,,5.66296048013595
302,2,,5.47646355193151
302,3,,5.63835466933375
302,4,,5.53733426701854
302,5,,5.62762111369064
302,6,,5.6937321388027
302,7,,5.74939298590825
303,1,,4.80402104473326
303,2,,4.9416424226093
303,3,,4.83628190695148
303,4,,4.77912349311153
303,5,,4.49980967033027
303,6,,4.67282883446191
303,7,,4.63472898822964
304,1,,5.08759633523238
304,2,,5.01727983681492
304,3,,5.01727983681492
304,4,,4.92725368515721
304,5,,5.12989871492307
304,6,,5.08759633523238
304,7,,5.19849703126583
305,1,,5.48479693349065
305,2,,5.65248918026865
305,3,,5.59098698051086
305,4,,5.57594910314632
305,5,,5.61312810638807
305,6,,5.75574221358691
305,7,,5.80513496891649
306,1,,5.08759633523238
306,2,,4.89034912822175
306,3,,5.00394630594546
306,4,,4.96284463025991
306,5,,4.95582705760126
306,6,,4.96284463025991
306,7,,5.18178355029209
307,1,,5.68357976733868
307,2,,5.77144112313002
307,3,,5.67675380226828
307,4,,5.85507192220243
307,5,,5.59471137960184
307,6,,6.0137151560428
307,7,,5.96614673912369
308,1,,5.74939298590825
308,2,,5.61677109766657
308,3,,5.74300318780948
308,4,,5.5834963087817
308,5,,5.64544689764324
308,6,,5.8348107370626
308,7,,5.91620206260743
309,1,,7.66669020008009
309,2,,7.57712193087668
309,3,,7.55903825544338
309,4,,7.55485852104068
309,5,,7.66058546170326
309,6,,7.73587031995257
309,7,,7.8578675593318
310,1,,6.26149168432104
310,2,,6.23244801655052
310,3,,6.53378883793334
310,4,,6.05208916892442
310,5,,6.02344759296103
310,6,,6.08449941307517
310,7,,5.93753620508243
311,1,,4.64439089914137
311,2,,4.45434729625351
311,3,,4.43081679884331
311,4,,4.30406509320417
311,5,,4.47733681447821
311,6,,4.57471097850338
311,7,,4.47733681447821
312,1,,3.49650756146648
312,2,,3.66356164612965
312,3,,3.91202300542815
312,4,,3.76120011569356
312,5,,3.76120011569356
312,6,,3.85014760171006
312,7,,3.80666248977032
313,1,,3.76120011569356
313,2,,3.71357206670431
313,3,,3.68887945411394
313,4,,3.63758615972639
313,5,,3.68887945411394
313,6,,3.61091791264422
313,7,,4.23410650459726
314,1,,6.86484777797086
314,2,,6.88448665204278
314,3,,6.55961523749324
314,4,,6.70318811324086
314,5,,6.61606518513282
314,6,,6.83087423464618
314,7,,6.74051935960622
315,1,,5.81413053182507
315,2,,5.6937321388027
315,3,,5.73334127689775
315,4,,5.73979291217923
315,5,,5.73334127689775
315,6,,5.77455154554441
315,7,,5.80814248998044
316,1,,6.64898455002478
316,2,,6.62671774924902
316,3,,6.61740297797448
316,4,,6.44888939414686
316,5,,6.45990445437753
316,6,,6.52795791762255
316,7,,6.43294009273918
317,1,,4.38202663467388
317,2,,4.34380542185368
317,3,,4.44265125649032
317,4,,4.21950770517611
317,5,,4.20469261939097
317,6,,4.30406509320417
317,7,,4.40671924726425
318,1,,4.64439089914137
318,2,,4.51085950651685
318,3,,4.58496747867057
318,4,,4.55387689160054
318,5,,4.49980967033027
318,6,,4.65396035015752
318,7,,4.81218435537242
319,1,,5.35185813347607
319,2,,5.24702407216049
319,3,,5.30330490805908
319,4,,5.23110861685459
319,5,,5.35658627467201
319,6,,5.44673737166631
319,7,,5.47227067367148
320,1,,4.77068462446567
320,2,,4.64439089914137
320,3,,4.61512051684126
320,4,,4.55387689160054
320,5,,4.31748811353631
320,6,,4.45434729625351
320,7,,4.57471097850338
321,1,,5.34233425196481
321,2,,5.19295685089021
321,3,,5.09375020080676
321,4,,5.17614973257383
321,5,,5.14749447681345
321,6,,5.24702407216049
321,7,,5.38449506278909
322,1,,4.34380542185368
322,2,,4.07753744390572
322,3,,4.07753744390572
322,4,,4.12713438504509
322,5,,4.18965474202643
322,6,,4.39444915467244
322,7,,4.78749174278205
323,1,,7.32580750259577
323,2,,7.18235211188526
323,3,,7.20489251020467
323,4,,7.18311170174328
323,5,,7.14045304310116
323,6,,7.23489842031483
323,7,,7.28961052145117
324,1,,4.78749174278205
324,2,,4.82028156560504
324,3,,4.63472898822964
324,4,,4.7361984483945
324,5,,4.66343909411207
324,6,,4.93447393313069
324,7,,4.77068462446567
325,1,4,7.33432935030054
325,2,4,7.2991214627108
325,3,4,7.2841348061952
325,4,4,7.29233717617388
325,5,4,7.23345541862144
325,6,4,7.29437729928882
325,7,4,7.19443685110033
326,1,4,3.73766961828337
326,2,4,3.63758615972639
326,3,4,3.55534806148941
326,4,4,3.2188758248682
326,5,4,3.55534806148941
326,6,4,3.29583686600433
326,7,4,3.13549421592915
327,1,4,5.11799381241676
327,2,4,5.11799381241676
327,3,4,5.18738580584075
327,4,4,5.06890420222023
327,5,4,4.93447393313069
327,6,4,4.89034912822175
327,7,4,4.99043258677874
328,1,4,6.30261897574491
328,2,4,6.23244801655052
328,3,4,6.08904487544685
328,4,4,6.15485809401642
328,5,4,6.19440539110467
328,6,4,6.25382881157547
328,7,4,6.29341927884648
329,1,4,4.65396035015752
329,2,4,4.58496747867057
329,3,4,4.57471097850338
329,4,4,4.35670882668959
329,5,4,4.47733681447821
329,6,4,4.57471097850338
329,7,4,4.85203026391962
330,1,4,6.38687931936265
330,2,4,6.24610676548156
330,3,4,6.16331480403464
330,4,4,6.03548143252476
330,5,4,5.96870755998537
330,6,4,5.89715386763674
330,7,4,5.93489419561959
331,1,4,5.57215403217776
331,2,4,5.59098698051086
331,3,4,5.42934562895444
331,4,4,5.42053499927229
331,5,4,5.50125821054473
331,6,4,5.46806014113513
331,7,4,5.4553211153577
332,1,4,5.19849703126583
332,2,4,5.18178355029209
332,3,4,5.19849703126583
332,4,4,5.2040066870768
332,5,4,5.14166355650266
332,6,4,5.18738580584075
332,7,4,4.99043258677874
333,1,4,8.17357548663415
333,2,4,8.02551638648901
333,3,4,7.96623977655947
333,4,4,7.9287663216267
333,5,4,7.88683299895506
333,6,4,7.92226105835325
333,7,4,7.94271754057379
334,1,4,6.44094654063292
334,2,4,6.47850964220857
334,3,4,6.43454651878745
334,4,4,6.38012253689976
334,5,4,6.24222326545517
334,6,4,6.04500531403601
334,7,4,6.15485809401642
335,1,4,5.93753620508243
335,2,4,5.97888576490112
335,3,4,5.89989735358249
335,4,4,5.72031177660741
335,5,4,5.64190707093811
335,6,4,5.64544689764324
335,7,4,5.55295958492162
336,1,4,5.27299955856375
336,2,4,5.35185813347607
336,3,4,5.08759633523238
336,4,4,5.00394630594546
336,5,4,4.85203026391962
336,6,4,4.98360662170834
336,7,4,4.97673374242057
337,1,4,6.71901315438526
337,2,4,6.6052979209482
337,3,4,6.5424719605068
337,4,4,6.41999492814714
337,5,4,6.4393503711001
337,6,4,6.43454651878745
337,7,4,6.41017488196617
338,1,4,6.96034772910131
338,2,4,6.65415252018322
338,3,4,6.70686233660275
338,4,4,6.68835471394676
338,5,4,6.50428817353665
338,6,4,6.58892647753352
338,7,4,6.49828214947643
339,1,4,11.3878836479893
339,2,4,11.2499229968941
339,3,4,11.1730514488525
339,4,4,11.0780263968274
339,5,4,11.0634771208791
339,6,4,11.0748235223358
339,7,4,11.0743429803992
340,1,4,5.66642668811243
340,2,4,5.6021188208797
340,3,4,5.50125821054473
340,4,4,5.35185813347607
340,5,4,5.36129216570943
340,6,4,5.33271879326537
340,7,4,5.47646355193151
341,1,4,4.68213122712422
341,2,4,4.80402104473326
341,3,4,4.92725368515721
341,4,4,4.59511985013459
341,5,4,4.44265125649032
341,6,4,4.30406509320417
341,7,4,4.46590811865458
342,1,4,7.30518821539304
342,2,4,7.20414929203594
342,3,4,7.15929190479756
342,4,4,7.11720550316434
342,5,4,7.13409372119287
342,6,4,7.21229446850034
342,7,4,7.2152399787301
343,1,4,5.59098698051086
343,2,4,5.50938833662798
343,3,4,5.4249500174814
343,4,4,5.28320372873799
343,5,4,5.19295685089021
343,6,4,5.15905529921453
343,7,4,5.30826769740121
344,1,4,6.40025744530882
344,2,4,6.36475075685191
344,3,4,6.36818718635049
344,4,4,6.32076829425058
344,5,4,6.17586727010576
344,6,4,6.21260609575152
344,7,4,6.2841341610708
345,1,4,10.0755062163342
345,2,4,9.96227519401922
345,3,4,9.88491616695069
345,4,4,9.79087860815347
345,5,4,9.80361196710887
345,6,4,9.82244017368281
345,7,4,9.80994580812776
346,1,4,5.5683445037611
346,2,4,5.33271879326537
346,3,4,5.35185813347607
346,4,4,5.29831736654804
346,5,4,5.31811999384422
346,6,4,5.19849703126583
346,7,4,5.29831736654804
347,1,4,4.30406509320417
347,2,4,4.49980967033027
347,3,4,4.35670882668959
347,4,4,4.39444915467244
347,5,4,4.20469261939097
347,6,4,4.00733318523247
347,7,4,4.12713438504509
348,1,4,7.03702761468628
348,2,4,6.97166860472579
348,3,4,6.99025650049388
348,4,4,6.90975328164481
348,5,4,6.87523208727658
348,6,4,6.8330317327862
348,7,4,6.87626461189077
349,1,4,5.59471137960184
349,2,4,5.4971682252932
349,3,4,5.54126354515843
349,4,4,5.44673737166631
349,5,4,5.64897423816121
349,6,4,5.62401750618734
349,7,4,5.40267738187228
350,1,4,5.6970934865054
350,2,4,5.66988092298052
350,3,4,5.61677109766657
350,4,4,5.48893772615669
350,5,4,5.48893772615669
350,6,4,5.51342874616498
350,7,4,5.31320597904179
351,1,4,6.07993319509559
351,2,4,6.04263283368238
351,3,4,6.04025471127741
351,4,4,6.01859321449623
351,5,4,5.98896141688986
351,6,4,5.92425579741453
351,7,4,5.86078622346587
352,1,4,6.07993319509559
352,2,4,6.01859321449623
352,3,4,5.96614673912369
352,4,4,5.89989735358249
352,5,4,5.84643877505772
352,6,4,5.88887795833288
352,7,4,5.92157841964382
353,1,4,2.99573227355399
353,2,4,3.55534806148941
353,3,4,3.2188758248682
353,4,4,3.13549421592915
353,5,4,2.83321334405622
353,6,4,3.3322045101752
353,7,4,3.17805383034795
354,1,4,5.2040066870768
354,2,4,5.14749447681345
354,3,4,5.31811999384422
354,4,4,5.09375020080676
354,5,4,5.08140436498446
354,6,4,4.99043258677874
354,7,4,4.89783979995091
355,1,4,6.71901315438526
355,2,4,6.63725803128446
355,3,4,6.58063913728495
355,4,4,6.47697236288968
355,5,4,6.49375383985169
355,6,4,6.4831073514572
355,7,4,6.5694814204143
356,1,4,4.46590811865458
356,2,4,4.61512051684126
356,3,4,4.59511985013459
356,4,4,4.20469261939097
356,5,4,4.61512051684126
356,6,4,4.44265125649032
356,7,4,4.38202663467388
357,1,4,5.50938833662798
357,2,4,5.4510384535657
357,3,4,5.30826769740121
357,4,4,5.17048399503815
357,5,4,5.15905529921453
357,6,4,5.18738580584075
357,7,4,5.25227342804663
358,1,4,2.94443897916644
358,2,4,3.68887945411394
358,3,4,3.66356164612965
358,4,4,2.77258872223978
358,5,4,2.83321334405622
358,6,4,2.70805020110221
358,7,4,2.63905732961526
359,1,4,3.95124371858143
359,2,4,4.00733318523247
359,3,4,4.06044301054642
359,4,4,3.85014760171006
359,5,4,3.61091791264422
359,6,4,3.46573590279973
359,7,4,3.3322045101752
360,1,4,6.73340189183736
360,2,4,6.57507584059962
360,3,4,6.54678541076052
360,4,4,6.51767127291227
360,5,4,6.56667242980324
360,6,4,6.53087762772588
360,7,4,6.5206211275587
361,1,4,6.05678401322862
361,2,4,5.99645208861902
361,3,4,6.01615715969835
361,4,4,5.82304589548302
361,5,4,5.87773578177964
361,6,4,5.88610403145016
361,7,4,5.93489419561959
362,1,4,6.78671695060508
362,2,4,6.63200177739563
362,3,4,6.6052979209482
362,4,4,6.68710860786651
362,5,4,6.5792512120101
362,6,4,6.55250788703459
362,7,4,6.50578406012823
363,1,4,4.89034912822175
363,2,4,4.92725368515721
363,3,4,4.82028156560504
363,4,4,4.52178857704904
363,5,4,4.59511985013459
363,6,4,4.46590811865458
363,7,4,4.69134788222914
364,1,4,6.52356230614951
364,2,4,6.5206211275587
364,3,4,6.46302945692067
364,4,4,6.43454651878745
364,5,4,6.38350663488401
364,6,4,6.29894924685594
364,7,4,6.36818718635049
365,1,4,5.77765232322266
365,2,4,5.84354441703136
365,3,4,5.78689738136671
365,4,4,5.8111409929767
365,5,4,5.6937321388027
365,6,4,5.66988092298052
365,7,4,5.71373280550937
366,1,4,6.12468339089421
366,2,4,5.87493073085203
366,3,4,6.05208916892442
366,4,4,5.96100533962327
366,5,4,5.94017125272043
366,6,4,6.00881318544259
366,7,4,5.91079664404053
367,1,4,4.47733681447821
367,2,4,4.58496747867057
367,3,4,4.54329478227
367,4,4,4.46590811865458
367,5,4,4.55387689160054
367,6,4,4.44265125649032
367,7,4,4.77068462446567
368,1,4,9.10420177591451
368,2,4,9.04026354159867
368,3,4,9.0067543198775
368,4,4,8.96763166516713
368,5,4,8.99118884193151
368,6,4,8.97802993283716
368,7,4,9.02509454366498
369,1,4,7.70481192293259
369,2,4,7.62168499872461
369,3,4,7.55903825544338
369,4,4,7.46106551435428
369,5,4,7.43897159239586
369,6,4,7.48773376143644
369,7,4,7.44249272279444
370,1,4,7.02108396428914
370,2,4,6.89365635460264
370,3,4,6.880384082186
370,4,4,6.93147180559945
370,5,4,6.93147180559945
370,6,4,7.02553831463852
370,7,4,7.06561336359772
371,1,4,6.89871453432999
371,2,4,6.79794041297493
371,3,4,6.67959918584438
371,4,4,6.67329796776765
371,5,4,6.65286302935335
371,6,4,6.70196036600254
371,7,4,6.65801104587075
372,1,4,9.45383541953829
372,2,4,9.32856775334083
372,3,4,9.27369068747694
372,4,4,9.22147811638664
372,5,4,9.2072355570227
372,6,4,9.24599704918422
372,7,4,9.23824732522919
373,1,4,7.79564653633459
373,2,4,7.69621263934641
373,3,4,7.58781721999343
373,4,4,7.51207124583547
373,5,4,7.52671756135271
373,6,4,7.55013534248843
373,7,4,7.56992765524265
374,1,4,5.39816270151775
374,2,4,5.30826769740121
374,3,4,5.29831736654804
374,4,4,5.14749447681345
374,5,4,4.92725368515721
374,6,4,4.81218435537242
374,7,4,4.97673374242057
375,1,4,6.27476202124194
375,2,4,6.13556489108174
375,3,4,6.02102334934953
375,4,4,6.14846829591765
375,5,4,6.12686918411419
375,6,4,6.00141487796115
375,7,4,6.04500531403601
376,1,4,6.74405918631135
376,2,4,6.62007320653036
376,3,4,6.63200177739563
376,4,4,6.56103066589657
376,5,4,6.56103066589657
376,6,4,6.60665018619822
376,7,4,6.56526497003536
377,1,4,6.20455776256869
377,2,4,6.03787091992214
377,3,4,5.89164421182577
377,4,4,5.95064255258773
377,5,4,5.86078622346587
377,6,4,5.78996017089725
377,7,4,5.70044357339069
378,1,4,6.1779441140506
378,2,4,6.00388706710654
378,3,4,5.90808293816893
378,4,4,5.95064255258773
378,5,4,5.97380961186926
378,6,4,5.87493073085203
378,7,4,5.90808293816893
379,1,4,8.5167931113949
379,2,4,8.43988008831357
379,3,4,8.39231000926955
379,4,4,8.36869318309779
379,5,4,8.35443894011481
379,6,4,8.39705739017626
379,7,4,8.39750834847026
380,1,4,8.04430540699064
380,2,4,7.93379687481541
380,3,4,7.89095671613892
380,4,4,7.77653502818524
380,5,4,7.755767170103
380,6,4,7.74022952476318
380,7,4,7.8188324438034
381,1,4,7.66762609158499
381,2,4,7.54908271081229
381,3,4,7.47873482556787
381,4,4,7.43661726523423
381,5,4,7.38461038317697
381,6,4,7.41517510961329
381,7,4,7.35564110297425
382,1,4,6.45519856334012
382,2,4,6.30627528694802
382,3,4,6.37331978957701
382,4,4,6.24027584517077
382,5,4,6.13772705408623
382,6,4,6.10924758276437
382,7,4,6.1779441140506
383,1,4,8.49678638163858
383,2,4,8.45382731579442
383,3,4,8.38526052015541
383,4,4,8.33206770728955
383,5,4,8.28273588020175
383,6,4,8.21500643276157
383,7,4,8.27944348771267
384,1,4,6.49072353450251
384,2,4,6.41673228251233
384,3,4,6.35957386867238
384,4,4,6.31173480915291
384,5,4,6.27287700654617
384,6,4,6.22059017009974
384,7,4,6.14203740558736
385,1,4,5.41164605185504
385,2,4,5.35185813347607
385,3,4,5.34710753071747
385,4,4,5.24174701505964
385,5,4,5.32300997913841
385,6,4,5.12989871492307
385,7,4,5.06259503302697
386,1,4,5.26785815906333
386,2,4,5.32300997913841
386,3,4,5.24702407216049
386,4,4,5.25227342804663
386,5,4,4.97673374242057
386,6,4,4.99043258677874
386,7,4,5.05624580534831
387,1,4,5.24174701505964
387,2,4,5.02388052084628
387,3,4,5.11198778835654
387,4,4,4.92725368515721
387,5,4,4.84418708645859
387,6,4,4.75359019110636
387,7,4,4.70048036579242
388,1,4,5.18738580584075
388,2,4,5.03043792139244
388,3,4,5.09375020080676
388,4,4,4.96284463025991
388,5,4,4.93447393313069
388,6,4,4.89034912822175
388,7,4,4.92725368515721
389,1,4,4.98360662170834
389,2,4,4.94875989037817
389,3,4,4.71849887129509
389,4,4,4.79579054559674
389,5,4,5.04342511691925
389,6,4,5.05624580534831
389,7,4,5.01727983681492
390,1,4,6.29156913955832
390,2,4,6.38687931936265
390,3,4,6.3491389913798
390,4,4,6.31354804627709
390,5,4,6.30078579466324
390,6,4,6.27476202124194
390,7,4,6.361302477573
391,1,4,6.29894924685594
391,2,4,6.24027584517077
391,3,4,6.07764224334903
391,4,4,6.10255859461357
391,5,4,6.15485809401642
391,6,4,6.0137151560428
391,7,4,6.01615715969835
392,1,4,6.53378883793334
392,2,4,6.46458830368996
392,3,4,6.4118182677099
392,4,4,6.4150969591716
392,5,4,6.30627528694802
392,6,4,6.2841341610708
392,7,4,6.30627528694802
393,1,4,5.39816270151775
393,2,4,5.40717177146012
393,3,4,5.20948615284142
393,4,4,5.37989735354046
393,5,4,5.33753807970132
393,6,4,5.23644196282995
393,7,4,5.14749447681345
394,1,4,6.6052979209482
394,2,4,6.49526555593701
394,3,4,6.42324696353352
394,4,4,6.33859407820318
394,5,4,6.42162226780652
394,6,4,6.35437004079735
394,7,4,6.38687931936265
395,1,4,8.25009775257285
395,2,4,8.09101504171053
395,3,4,7.96935774201635
395,4,4,7.93844555116479
395,5,4,7.93773177526011
395,6,4,7.94413749111411
395,7,4,7.9820748750812
396,1,4,5.69035945432406
396,2,4,5.61677109766657
396,3,4,5.51745289646471
396,4,4,5.33271879326537
396,5,4,5.56068163101553
396,6,4,5.37063802812766
396,7,4,4.97673374242057
397,1,4,5.52545293913178
397,2,4,5.39816270151775
397,3,4,5.32300997913841
397,4,4,5.33753807970132
397,5,4,5.32787616878958
397,6,4,5.33753807970132
397,7,4,5.11799381241676
398,1,4,5.29330482472449
398,2,4,5.39362754635236
398,3,4,5.36129216570943
398,4,4,5.3890717298165
398,5,4,5.18738580584075
398,6,4,5.35658627467201
398,7,4,5.25749537202778
399,1,4,2.94443897916644
399,2,4,2.70805020110221
399,3,4,2.83321334405622
399,4,4,2.89037175789616
399,5,4,2.19722457733622
399,6,4,2.39789527279837
399,7,4,2.484906649788
400,1,4,3.43398720448515
400,2,4,3.73766961828337
400,3,4,4.46590811865458
400,4,4,2.99573227355399
400,5,4,3.04452243772342
400,6,4,3.49650756146648
400,7,4,3.3322045101752
401,1,4,3.89182029811063
401,2,4,3.68887945411394
401,3,4,4.02535169073515
401,4,4,3.73766961828337
401,5,4,3.91202300542815
401,6,4,3.78418963391826
401,7,4,4.24849524204936
402,1,4,6.38519439899773
402,2,4,6.32793678372919
402,3,4,6.21460809842219
402,4,4,6.18414889093748
402,5,4,6.22059017009974
402,6,4,6.07993319509559
402,7,4,6.11589212548303
403,1,4,6.04737217904628
403,2,4,5.90808293816893
403,3,4,5.79605775076537
403,4,4,5.85793315448346
403,5,4,5.59098698051086
403,6,4,5.55295958492162
403,7,4,5.67332326717149
404,1,4,8.06902932877496
404,2,4,7.9251575122247
404,3,4,7.87663846097546
404,4,4,7.82404601085629
404,5,4,7.86557175768479
404,6,4,7.85166117788927
404,7,4,7.82923253754359
405,1,4,8.46863300080086
405,2,4,8.41161042884117
405,3,4,8.40200678160712
405,4,4,8.41205487329293
405,5,4,8.33399124719497
405,6,4,8.28475659319044
405,7,4,8.30745932701195
406,1,4,5.83188247728352
406,2,4,5.77144112313002
406,3,4,5.68697535633982
406,4,4,5.66988092298052
406,5,4,5.59842195899838
406,6,4,5.64897423816121
406,7,4,5.80513496891649
407,1,4,8.35585004100747
407,2,4,8.2602342916073
407,3,4,8.16876982367527
407,4,4,8.1285852003745
407,5,4,8.06211758275474
407,6,4,8.07496035911586
407,7,4,8.06934236681164
408,1,4,4.59511985013459
408,2,4,4.55387689160054
408,3,4,4.52178857704904
408,4,4,4.53259949315326
408,5,4,4.31748811353631
408,6,4,4.38202663467388
408,7,4,4.43081679884331
409,1,4,5.30826769740121
409,2,4,5.41610040220442
409,3,4,5.43372200355424
409,4,4,5.32787616878958
409,5,4,5.37989735354046
409,6,4,5.61312810638807
409,7,4,5.68017260901707
410,1,4,3.68887945411394
410,2,4,3.3322045101752
410,3,4,3.52636052461616
410,4,4,3.58351893845611
410,5,4,3.3322045101752
410,6,4,3.36729582998647
410,7,4,3.55534806148941
411,1,4,6.80903930604298
411,2,4,6.7093043402583
411,3,4,6.67456139181443
411,4,4,6.55393340402581
411,5,4,6.55393340402581
411,6,4,6.65801104587075
411,7,4,6.5510803350434
412,1,4,7.87054784450771
412,2,4,7.78613643778307
412,3,4,7.77443551030296
412,4,4,7.75362354655975
412,5,4,7.71289096149013
412,6,4,7.69666708152646
412,7,4,7.68845535654994
413,1,4,5.47646355193151
413,2,4,5.27811465923052
413,3,4,5.46383180502561
413,4,4,5.32787616878958
413,5,4,5.28320372873799
413,6,4,5.12396397940326
413,7,4,5.15329159449778
414,1,4,7.23056315340929
414,2,4,7.10414409298753
414,3,4,7.07242190053737
414,4,4,7.04315991598834
414,5,4,7.02019070831193
414,6,4,6.9555926083963
414,7,4,6.94408720822953
415,1,4,5.35185813347607
415,2,4,5.31320597904179
415,3,4,5.39816270151775
415,4,4,5.27811465923052
415,5,4,5.11799381241676
415,6,4,5.07517381523383
415,7,4,5.01063529409626
416,1,4,5.69035945432406
416,2,4,5.57972982598622
416,3,4,5.56068163101553
416,4,4,5.6937321388027
416,5,4,5.59098698051086
416,6,4,5.6021188208797
416,7,4,5.55682806169954
417,1,4,5.75257263882563
417,2,4,5.55295958492162
417,3,4,5.63835466933375
417,4,4,5.5683445037611
417,5,4,5.46383180502561
417,6,4,5.35185813347607
417,7,4,5.22035582507832
418,1,4,5.26785815906333
418,2,4,5.27299955856375
418,3,4,5.18178355029209
418,4,4,5.14166355650266
418,5,4,5.15905529921453
418,6,4,5.03043792139244
418,7,4,5.01063529409626
419,1,4,5.33271879326537
419,2,4,5.40717177146012
419,3,4,5.4510384535657
419,4,4,5.3890717298165
419,5,4,5.25227342804663
419,6,4,5.17614973257383
419,7,4,5.27299955856375
420,1,4,6.98564181763921
420,2,4,6.89365635460264
420,3,4,6.71780469502369
420,4,4,6.6682282484174
420,5,4,6.76849321164863
420,6,4,6.68959926917897
420,7,4,6.73221070646721
421,1,4,9.01091334727929
421,2,4,8.923591197573
421,3,4,8.94441979130591
421,4,4,8.98481899587601
421,5,4,9.04911472347696
421,6,4,9.05532264970957
421,7,4,9.14686794902061
422,1,4,6.8330317327862
422,2,4,6.83947643822884
422,3,4,6.81014245011514
422,4,4,6.8596149036542
422,5,4,6.77764659363512
422,6,4,6.72982407048948
422,7,4,6.77878489768518
423,1,4,8.63994165667529
423,2,4,8.50228257868048
423,3,4,8.4471998195957
423,4,4,8.39389497507174
423,5,4,8.35396813031327
423,6,4,8.37885024179449
423,7,4,8.45680604140114
424,1,4,6.59304453414244
424,2,4,6.63331843328038
424,3,4,6.5191472879404
424,4,4,6.44094654063292
424,5,4,6.41673228251233
424,6,4,6.46925031679577
424,7,4,6.48616078894409
425,1,,6.56103066589657
425,2,,6.43454651878745
425,3,,6.41345895716736
425,4,,6.39359075395063
425,5,,6.35437004079735
425,6,,6.33150184989369
425,7,,6.2803958389602
426,1,,8.92119055624937
426,2,,8.77043908654689
426,3,,8.75115798136203
426,4,,8.69801362208393
426,5,,8.68372406230387
426,6,,8.66267785815822
426,7,,8.62443194208584
427,1,,7.43543801981455
427,2,,7.14991683613211
427,3,,7.15305163493748
427,4,,7.11720550316434
427,5,,7.16626597413364
427,6,,7.10002716662926
427,7,,7.08170858610557
428,1,,4.97673374242057
428,2,,4.8283137373023
428,3,,4.83628190695148
428,4,,4.66343909411207
428,5,,4.66343909411207
428,6,,4.69134788222914
428,7,,4.75359019110636
429,1,,5.18178355029209
429,2,,4.9416424226093
429,3,,4.92725368515721
429,4,,4.89034912822175
429,5,,4.82028156560504
429,6,,4.86753445045558
429,7,,4.83628190695148
430,1,,6.60394382460047
430,2,,6.66440902035041
430,3,,6.59030104819669
430,4,,6.56103066589657
430,5,,6.52502965784346
430,6,,6.46769872610435
430,7,,6.56807791141198
431,1,,5.52545293913178
431,2,,5.27299955856375
431,3,,5.32787616878958
431,4,,5.11799381241676
431,5,,5.20948615284142
431,6,,5.22035582507832
431,7,,5.2257466737132
432,1,,5.54907608489522
432,2,,5.46806014113513
432,3,,5.37063802812766
432,4,,5.28826703069454
432,5,,5.27811465923052
432,6,,5.4510384535657
432,7,,5.24702407216049
433,1,,6.5424719605068
433,2,,6.32256523992728
433,3,,6.29156913955832
433,4,,6.20455776256869
433,5,,6.10255859461357
433,6,,6.0913098820777
433,7,,6.06145691892802
434,1,,7.61233683716775
434,2,,7.454719949364
434,3,,7.40610338123702
434,4,,7.31388683163346
434,5,,7.27931883541462
434,6,,7.40974195408092
434,7,,7.36897040219479
435,1,,5.77455154554441
435,2,,5.61677109766657
435,3,,5.47227067367148
435,4,,5.73657229747919
435,5,,5.75574221358691
435,6,,5.60947179518496
435,7,,5.56068163101553
436,1,,6.28599809450886
436,2,,6.24222326545517
436,3,,6.12029741895095
436,4,,6.07073772800249
436,5,,6.04263283368238
436,6,,6.00141487796115
436,7,,6.02344759296103
437,1,,4.68213122712422
437,2,,4.64439089914137
437,3,,4.57471097850338
437,4,,4.4188406077966
437,5,,4.02535169073515
437,6,,4.30406509320417
437,7,,4.35670882668959
438,1,,6.26530121273771
438,2,,6.20859002609663
438,3,,6.20455776256869
438,4,,6.27287700654617
438,5,,6.26149168432104
438,6,,6.08677472691231
438,7,,6.1779441140506
439,1,,6.90675477864855
439,2,,6.65286302935335
439,3,,6.80239476332431
439,4,,6.74405918631135
439,5,,6.75693238924755
439,6,,6.64898455002478
439,7,,6.81014245011514
440,1,,6.54534966033442
440,2,,6.42324696353352
440,3,,6.50727771238501
440,4,,6.42162226780652
440,5,,6.43615036836943
440,6,,6.51174532964473
440,7,,6.37842618365159
441,1,,7.56060116276856
441,2,,7.38025578842646
441,3,,7.34729970074316
441,4,,7.22766249872865
441,5,,7.1929342212158
441,6,,7.18992217074581
441,7,,7.17472430983638
442,1,,7.20042489294496
442,2,,7.12608727329912
442,3,,7.10332206252611
442,4,,7.08170858610557
442,5,,7.06219163228656
442,6,,7.05617528410041
442,7,,7.08086789669078
443,1,,8.25062008217469
443,2,,8.12088602109284
443,3,,8.17075142375753
443,4,,8.14467918344776
443,5,,8.22790983759748
443,6,,8.22309055116153
443,7,,8.13064796816058
444,1,,5.96870755998537
444,2,,5.75257263882563
444,3,,5.65948221575962
444,4,,5.55682806169954
444,5,,5.46806014113513
444,6,,5.48479693349065
444,7,,5.30330490805908
445,1,,7.10906213568717
445,2,,6.98100574072173
445,3,,6.97634807044775
445,4,,6.92362862813843
445,5,,6.91174730025167
445,6,,6.93537044601511
445,7,,6.8001700683022
446,1,,5.63121178182137
446,2,,5.42934562895444
446,3,,5.49306144334055
446,4,,5.47646355193151
446,5,,5.48063892334199
446,6,,5.56452040732269
446,7,,5.53338948872752
447,1,,5.82008293035236
447,2,,5.6937321388027
447,3,,5.6970934865054
447,4,,5.51342874616498
447,5,,5.51745289646471
447,6,,5.50938833662798
447,7,,5.51745289646471
448,1,,6.37331978957701
448,2,,6.21860011969173
448,3,,6.27664348934164
448,4,,6.29894924685594
448,5,,6.22257626807137
448,6,,6.04500531403601
448,7,,6.10479323241498
449,1,,6.98100574072173
449,2,,6.82979373751242
449,3,,6.87109129461055
449,4,,6.78105762593618
449,5,,6.75809450442773
449,6,,6.67076632084587
449,7,,6.66568371778241
450,1,,5.99146454710798
450,2,,5.93753620508243
450,3,,5.81413053182507
450,4,,5.72358510195238
450,5,,5.65599181081985
450,6,,5.59471137960184
450,7,,5.63478960316925
451,1,,8.25556865328375
451,2,,8.23509549725836
451,3,,8.22416351263786
451,4,,8.21527695893663
451,5,,8.24879073369641
451,6,,8.28248300373056
451,7,,8.33014046024638
452,1,,6.71538338633468
452,2,,6.67456139181443
452,3,,6.5510803350434
452,4,,6.62273632394984
452,5,,6.72623340235875
452,6,,6.66695679242921
452,7,,6.6631326959908
453,1,,6.26149168432104
453,2,,6.06610809010375
453,3,,5.97635090929793
453,4,,5.97888576490112
453,5,,6.02586597382531
453,6,,6.00141487796115
453,7,,5.90263333340137
454,1,,7.62851762657506
454,2,,7.64969262371151
454,3,,7.56060116276856
454,4,,7.59789795052178
454,5,,7.64444076155657
454,6,,7.70616297019958
454,7,,7.74066440191724
455,1,,6.35088571671474
455,2,,6.23832462503951
455,3,,6.12029741895095
455,4,,5.91889385427315
455,5,,5.82304589548302
455,6,,5.8406416573734
455,7,,5.78074351579233
456,1,,7.43366654016617
456,2,,7.21229446850034
456,3,,7.22475340576797
456,4,,7.15773548424991
456,5,,7.1608459066643
456,6,,7.07072410726028
456,7,,7.04838640872188
457,1,,6.53233429222235
457,2,,6.49828214947643
457,3,,6.4831073514572
457,4,,6.44730586254121
457,5,,6.3750248198281
457,6,,6.3578422665081
457,7,,6.33327962813969
458,1,,6.77878489768518
458,2,,6.62273632394984
458,3,,6.5694814204143
458,4,,6.4393503711001
458,5,,6.42971947803914
458,6,,6.39024066706535
458,7,,6.42162226780652
459,1,,6.35088571671474
459,2,,6.23441072571837
459,3,,6.20859002609663
459,4,,6.24610676548156
459,5,,6.2363695902037
459,6,,6.26720054854136
459,7,,6.33150184989369
460,1,,6.19644412779452
460,2,,6.09356977004514
460,3,,6.0591231955818
460,4,,5.98645200528444
460,5,,5.96357934361845
460,6,,6.00141487796115
460,7,,5.91620206260743
461,1,,6.21460809842219
461,2,,6.12686918411419
461,3,,6.11589212548303
461,4,,6.09582456243222
461,5,,6.14846829591765
461,6,,6.03068526026126
461,7,,5.93224518744801
462,1,,5.7037824746562
462,2,,5.53338948872752
462,3,,5.48893772615669
462,4,,5.46806014113513
462,5,,5.4971682252932
462,6,,5.41610040220442
462,7,,5.37063802812766
463,1,,7.88908440703551
463,2,,7.79358680337158
463,3,,7.74975340627444
463,4,,7.73805229768932
463,5,,7.71868549519847
463,6,,7.7106533235012
463,7,,7.71646080017636
464,1,,6.74523634948436
464,2,,6.49072353450251
464,3,,6.33150184989369
464,4,,6.24997524225948
464,5,,6.24804287450843
464,6,,6.29341927884648
464,7,,6.18208490671663
465,1,,7.29505641646263
465,2,,7.14440718032114
465,3,,7.09423484592476
465,4,,7.11963563801764
465,5,,7.17165682276851
465,6,,7.12367278520461
465,7,,7.07665381544395
466,1,,6.62804137617953
466,2,,6.53524127101366
466,3,,6.53233429222235
466,4,,6.58202513889283
466,5,,6.54965074223381
466,6,,6.5875500148248
466,7,,6.56667242980324
467,1,,9.03169206054852
467,2,,8.88253050843362
467,3,,8.81581520390635
467,4,,8.72469504674049
467,5,,8.75384509275524
467,6,,8.78247626892454
467,7,,8.82246957226897
468,1,,7.66809370908241
468,2,,7.49720722320332
468,3,,7.43543801981455
468,4,,7.37337430991005
468,5,,7.39510754656249
468,6,,7.3790081276283
468,7,,7.37148929521428
469,1,,6.4281052726846
469,2,,6.2803958389602
469,3,,6.21060007702465
469,4,,6.15485809401642
469,5,,6.15697898558556
469,6,,6.15909538849193
469,7,,6.20253551718792
470,1,,7.60339933974067
470,2,,7.4593388952203
470,3,,7.39878627541995
470,4,,7.34083555412327
470,5,,7.25205395185281
470,6,,7.28892769452126
470,7,,7.20934025660291
471,1,,10.0187785968709
471,2,,9.81803859070365
471,3,,9.75857738074032
471,4,,9.68196768233802
471,5,,9.66230731373577
471,6,,9.65669147255669
471,7,,9.60797490096916
472,1,,6.7719355558396
472,2,,6.59304453414244
472,3,,6.57368016696065
472,4,,6.51471269087253
472,5,,6.48004456192665
472,6,,6.52356230614951
472,7,,6.45833828334479
473,1,,5.04342511691925
473,2,,4.98360662170834
473,3,,5.04342511691925
473,4,,4.9416424226093
473,5,,5.15905529921453
473,6,,5.12989871492307
473,7,,5.08140436498446
474,1,,6.17586727010576
474,2,,5.98645200528444
474,3,,5.91620206260743
474,4,,5.88332238848828
474,5,,5.93489419561959
474,6,,5.86078622346587
474,7,,5.78689738136671
475,1,,7.66949525100769
475,2,,7.53689712956617
475,3,,7.44249272279444
475,4,,7.43425738213314
475,5,,7.434847875212
475,6,,7.42595365707754
475,7,,7.38025578842646
476,1,,6.49072353450251
476,2,,6.40357419793482
476,3,,6.32256523992728
476,4,,6.22653666928747
476,5,,6.2363695902037
476,6,,6.3297209055227
476,7,,6.19440539110467
477,1,,6.93731408122368
477,2,,6.7719355558396
477,3,,6.68085467879022
477,4,,6.63068338564237
477,5,,6.65929391968364
477,6,,6.61606518513282
477,7,,6.59714570188665
478,1,,5.42934562895444
478,2,,5.36129216570943
478,3,,5.24174701505964
478,4,,5.25227342804663
478,5,,5.34233425196481
478,6,,5.31320597904179
478,7,,5.28826703069454
479,1,,6.63331843328038
479,2,,6.5366915975913
479,3,,6.49072353450251
479,4,,6.45676965557216
479,5,,6.3919171133926
479,6,,6.41999492814714
479,7,,6.39692965521615
480,1,,4.0943445622221
480,2,,4.52178857704904
480,3,,4.29045944114839
480,4,,4.26267987704132
480,5,,4.17438726989564
480,6,,4.04305126783455
480,7,,4.07753744390572
481,1,,6.01859321449623
481,2,,5.30826769740121
481,3,,5.68017260901707
481,4,,5.26785815906333
481,5,,5.68697535633982
481,6,,5.59842195899838
481,7,,5.76519110278484
482,1,,5.48893772615669
482,2,,5.36129216570943
482,3,,5.28320372873799
482,4,,5.30330490805908
482,5,,5.35185813347607
482,6,,5.30826769740121
482,7,,5.27299955856375
483,1,,5.15905529921453
483,2,,4.69134788222914
483,3,,4.71849887129509
483,4,,4.55387689160054
483,5,,4.75359019110636
483,6,,4.82028156560504
483,7,,4.77912349311153
484,1,,5.7037824746562
484,2,,5.50938833662798
484,3,,5.45958551414416
484,4,,5.3890717298165
484,5,,5.4553211153577
484,6,,5.37527840768417
484,7,,5.4510384535657
485,1,,4.51085950651685
485,2,,4.4188406077966
485,3,,4.12713438504509
485,4,,4.27666611901606
485,5,,4.39444915467244
485,6,,4.39444915467244
485,7,,4.44265125649032
486,1,,7.90507284949867
486,2,,7.77064523412918
486,3,,7.66152708135852
486,4,,7.60787807327851
486,5,,7.65539064482615
486,6,,7.69120009752286
486,7,,7.69666708152646
487,1,,5.59471137960184
487,2,,5.62762111369064
487,3,,5.48063892334199
487,4,,5.50533153593236
487,5,,5.42934562895444
487,6,,5.34710753071747
487,7,,5.41610040220442
488,1,,5.49306144334055
488,2,,5.28826703069454
488,3,,5.26785815906333
488,4,,5.06259503302697
488,5,,4.9416424226093
488,6,,5.08759633523238
488,7,,4.9416424226093
489,1,,6.55961523749324
489,2,,6.45990445437753
489,3,,6.4425401664682
489,4,,6.47697236288968
489,5,,6.43294009273918
489,6,,6.28785856016178
489,7,,6.24610676548156
490,1,,5.62040086571715
490,2,,5.50533153593236
490,3,,5.52942908751142
490,4,,5.29831736654804
490,5,,5.17614973257383
490,6,,5.27299955856375
490,7,,5.17048399503815
491,1,,5.52942908751142
491,2,,5.33271879326537
491,3,,5.2257466737132
491,4,,5.18178355029209
491,5,,5.19849703126583
491,6,,5.26269018890489
491,7,,5.19849703126583
492,1,,8.58429093494873
492,2,,8.41338702269065
492,3,,8.35019365072007
492,4,,8.3354314778808
492,5,,8.33782726244791
492,6,,8.3654396361887
492,7,,8.3221510702129
493,1,,6.62804137617953
493,2,,6.50428817353665
493,3,,6.48768401848461
493,4,,6.4723462945009
493,5,,6.31173480915291
493,6,,6.18826412308259
493,7,,6.13556489108174
494,1,,5.84354441703136
494,2,,5.73334127689775
494,3,,5.88610403145016
494,4,,5.65948221575962
494,5,,5.66988092298052
494,6,,5.52146091786225
494,7,,5.54126354515843
495,1,,5.57215403217776
495,2,,5.48893772615669
495,3,,5.52545293913178
495,4,,5.33753807970132
495,5,,5.34710753071747
495,6,,5.40717177146012
495,7,,5.37527840768417
496,1,,6.62804137617953
496,2,,6.4425401664682
496,3,,6.38687931936265
496,4,,6.35088571671474
496,5,,6.42162226780652
496,6,,6.33327962813969
496,7,,6.30078579466324
497,1,,5.56068163101553
497,2,,5.38449506278909
497,3,,5.31811999384422
497,4,,5.41164605185504
497,5,,5.25227342804663
497,6,,5.20948615284142
497,7,,5.26785815906333
498,1,,3.8286413964891
498,2,,4.34380542185368
498,3,,4.53259949315326
498,4,,3.87120101090789
498,5,,3.97029191355212
498,6,,4.12713438504509
498,7,,4.15888308335967
499,1,,7.95120715647297
499,2,,7.75276480885133
499,3,,7.70616297019958
499,4,,7.6425241342329
499,5,,7.70751219460034
499,6,,7.73587031995257
499,7,,7.74196789982069
500,1,,5.49306144334055
500,2,,5.29831736654804
500,3,,5.21493575760899
500,4,,5.26785815906333
500,5,,5.15329159449778
500,6,,5.0998664278242
500,7,,5.12989871492307
501,1,,3.8286413964891
501,2,,4.24849524204936
501,3,,4.21950770517611
501,4,,4.20469261939097
501,5,,4.20469261939097
501,6,,4.12713438504509
501,7,,4.02535169073515
502,1,,8.42836197770962
502,2,,8.34069464792507
502,3,,8.34498036877057
502,4,,8.24117615049496
502,5,,8.20412493257404
502,6,,8.18507147753228
502,7,,8.14322675036744
503,1,,5.26269018890489
503,2,,5.11198778835654
503,3,,5.08140436498446
503,4,,5.08140436498446
503,5,,5.07517381523383
503,6,,4.9416424226093
503,7,,5.05624580534831
504,1,,7.539027055824
504,2,,7.49609734517596
504,3,,7.39510754656249
504,4,,7.2868764117507
504,5,,7.20340552108309
504,6,,7.27031288607902
504,7,,7.24351297466548
505,1,,6.51025834052315
505,2,,6.2841341610708
505,3,,6.24610676548156
505,4,,6.17586727010576
505,5,,6.1527326947041
505,6,,6.02586597382531
505,7,,5.99396142730657
506,1,,4.35670882668959
506,2,,4.06044301054642
506,3,,3.80666248977032
506,4,,4.06044301054642
506,5,,4.27666611901606
506,6,,3.78418963391826
506,7,,4.07753744390572
507,1,,6.30991827822652
507,2,,6.21260609575152
507,3,,6.3261494731551
507,4,,6.22851100359118
507,5,,6.13988455222626
507,6,,6.09356977004514
507,7,,6.13988455222626
508,1,,5.65248918026865
508,2,,5.39362754635236
508,3,,5.35185813347607
508,4,,5.31811999384422
508,5,,5.22035582507832
508,6,,5.24702407216049
508,7,,5.27299955856375
509,1,,7.20563517641036
509,2,,7.04403289727469
509,3,,6.98656645940643
509,4,,6.87729607149743
509,5,,6.8134445995109
509,6,,6.88755257166462
509,7,,6.85435450225502
510,1,,6.20657592672493
510,2,,6.10924758276437
510,3,,6.08449941307517
510,4,,5.94803498918065
510,5,,5.92958914338989
510,6,,6.05208916892442
510,7,,5.83188247728352
511,1,,5.93753620508243
511,2,,5.70044357339069
511,3,,5.53338948872752
511,4,,5.32300997913841
511,5,,5.28826703069454
511,6,,5.25749537202778
511,7,,5.23110861685459
512,1,,6.27664348934164
512,2,,6.09582456243222
512,3,,6.16751649088834
512,4,,6.13988455222626
512,5,,6.15485809401642
512,6,,6.10255859461357
512,7,,6.0282785202307
513,1,,5.53733426701854
513,2,,5.46806014113513
513,3,,5.34233425196481
513,4,,5.15329159449778
513,5,,5.23110861685459
513,6,,5.17614973257383
513,7,,5.19849703126583
514,1,,4.18965474202643
514,2,,4.06044301054642
514,3,,4.04305126783455
514,4,,3.98898404656427
514,5,,3.78418963391826
514,6,,3.76120011569356
514,7,,3.8286413964891
515,1,,5.94017125272043
515,2,,5.94542060860658
515,3,,5.79301360838414
515,4,,5.7268477475872
515,5,,5.70711026474888
515,6,,5.68697535633982
515,7,,5.65599181081985
516,1,,5.35185813347607
516,2,,5.21493575760899
516,3,,5.26785815906333
516,4,,5.32300997913841
516,5,,5.40717177146012
516,6,,5.25749537202778
516,7,,5.22035582507832
517,1,,4.94875989037817
517,2,,5.11198778835654
517,3,,5.09375020080676
517,4,,5.11198778835654
517,5,,5.11198778835654
517,6,,5.04342511691925
517,7,,5.17048399503815
518,1,,5.99645208861902
518,2,,5.95064255258773
518,3,,5.70711026474888
518,4,,5.76832099579377
518,5,,5.8171111599632
518,6,,5.78382518232974
518,7,,5.76832099579377
519,1,,8.05832730658096
519,2,,7.98548435673382
519,3,,7.9043348420851
519,4,,7.83794891602528
519,5,,7.8407064517494
519,6,,7.85476918349913
519,7,,7.87929148508227
520,1,,6.52356230614951
520,2,,6.50428817353665
520,3,,6.36647044773144
520,4,,6.3578422665081
520,5,,6.41017488196617
520,6,,6.42324696353352
520,7,,6.45833828334479
521,1,,6.21860011969173
521,2,,6.06610809010375
521,3,,6.06842558824411
521,4,,5.97888576490112
521,5,,6.01126717440416
521,6,,5.98141421125448
521,7,,6.14418563412565
522,1,,6.01126717440416
522,2,,5.93224518744801
522,3,,5.80211837537706
522,4,,5.75257263882563
522,5,,5.68017260901707
522,6,,5.80211837537706
522,7,,5.77455154554441
523,1,,6.26339826259162
523,2,,6.23048144757848
523,3,,6.14203740558736
523,4,,6.13988455222626
523,5,,5.98141421125448
523,6,,6.05678401322862
523,7,,6.0330862217988
524,1,,5.28320372873799
524,2,,5.20948615284142
524,3,,5.07517381523383
524,4,,5.02388052084628
524,5,,4.91998092582813
524,6,,5.03043792139244
524,7,,4.99721227376411
525,1,,5.42053499927229
525,2,,5.42934562895444
525,3,,5.46806014113513
525,4,,5.2257466737132
525,5,,5.18738580584075
525,6,,5.22035582507832
525,7,,5.15329159449778
526,1,,6.79682371827486
526,2,,6.74993119378857
526,3,,6.69332366826995
526,4,,6.74523634948436
526,5,,6.62936325343745
526,6,,6.60258789218934
526,7,,6.58063913728495
527,1,,5.98393628068719
527,2,,5.9427993751267
527,3,,5.79301360838414
527,4,,5.63478960316925
527,5,,5.76832099579377
527,6,,5.87493073085203
527,7,,5.83773044716594
528,1,,5.91620206260743
528,2,,5.73657229747919
528,3,,5.67332326717149
528,4,,5.61312810638807
528,5,,5.54126354515843
528,6,,5.64897423816121
528,7,,5.66296048013595
529,1,,7.12286665859908
529,2,,7.10249935577465
529,3,,7.0604763659998
529,4,,6.96602418710611
529,5,,6.98933526597456
529,6,,7.01929665371504
529,7,,7.00940893270864
530,1,,5.96100533962327
530,2,,5.89989735358249
530,3,,5.73334127689775
530,4,,5.67675380226828
530,5,,5.68017260901707
530,6,,5.66642668811243
530,7,,5.76205138278018
531,1,,5.5683445037611
531,2,,5.39362754635236
531,3,,5.51342874616498
531,4,,5.28826703069454
531,5,,5.36129216570943
531,6,,5.32787616878958
531,7,,5.45958551414416
532,1,,5.48893772615669
532,2,,5.44241771052179
532,3,,5.35185813347607
532,4,,5.18738580584075
532,5,,5.15329159449778
532,6,,5.30826769740121
532,7,,5.22035582507832
533,1,,6.3750248198281
533,2,,6.2363695902037
533,3,,6.07534603108868
533,4,,6.04500531403601
533,5,,6.07764224334903
533,6,,6.09582456243222
533,7,,6.16331480403464
534,1,,5.91350300563827
534,2,,5.92958914338989
534,3,,5.97888576490112
534,4,,5.75574221358691
534,5,,5.74300318780948
534,6,,5.67332326717149
534,7,,5.72031177660741
535,1,,7.05961762829138
535,2,,6.96885037834195
535,3,,6.85856503479136
535,4,,6.7719355558396
535,5,,6.82871207164168
535,6,,6.85118492749374
535,7,,6.88959130835447
536,1,,5.97380961186926
536,2,,5.84932477994686
536,3,,5.79909265446053
536,4,,5.74939298590825
536,5,,5.72031177660741
536,6,,5.75574221358691
536,7,,5.70711026474888
537,1,,6.78897174299217
537,2,,6.75227037614174
537,3,,6.84481547920826
537,4,,6.72743172485086
537,5,,7.17242457712485
537,6,,7.30921236569276
537,7,,7.37462901521894
538,1,,4.84418708645859
538,2,,4.85981240436167
538,3,,4.75359019110636
538,4,,4.69134788222914
538,5,,4.63472898822964
538,6,,4.58496747867057
538,7,,4.61512051684126
539,1,,4.80402104473326
539,2,,5.01727983681492
539,3,,4.7361984483945
539,4,,4.62497281328427
539,5,,4.57471097850338
539,6,,4.57471097850338
539,7,,4.48863636973214
540,1,,5.97126183979046
540,2,,5.91620206260743
540,3,,5.77144112313002
540,4,,5.75257263882563
540,5,,5.86078622346587
540,6,,5.85220247977447
540,7,,5.80814248998044
541,1,,6.92951677076365
541,2,,6.7945865808765
541,3,,6.70073110954781
541,4,,6.67708346124714
541,5,,6.62804137617953
541,6,,6.7428806357919
541,7,,6.72982407048948
542,1,,6.12029741895095
542,2,,6.0282785202307
542,3,,5.99396142730657
542,4,,6.03068526026126
542,5,,6.03068526026126
542,6,,6.06145691892802
542,7,,5.9427993751267
543,1,,7.98104975966596
543,2,,7.86901937649902
543,3,,7.82724090175281
543,4,,7.77821147451249
543,5,,7.80220931624712
543,6,,7.86787149039632
543,7,,7.86018505747217
544,1,,5.62040086571715
544,2,,5.46383180502561
544,3,,5.3890717298165
544,4,,5.29330482472449
544,5,,5.48893772615669
544,6,,5.30330490805908
544,7,,5.32787616878958
545,1,,6.1779441140506
545,2,,6.11146733950268
545,3,,5.98645200528444
545,4,,5.97635090929793
545,5,,5.96357934361845
545,6,,6.00388706710654
545,7,,6.04737217904628
546,1,,6.04263283368238
546,2,,5.88332238848828
546,3,,5.8406416573734
546,4,,5.7268477475872
546,5,,5.72031177660741
546,6,,5.63835466933375
546,7,,5.69035945432406
547,1,,5.4249500174814
547,2,,5.19849703126583
547,3,,5.28320372873799
547,4,,5.21493575760899
547,5,,5.31320597904179
547,6,,5.19849703126583
547,7,,5.2040066870768
548,1,,5.08759633523238
548,2,,5.18738580584075
548,3,,5.23110861685459
548,4,,5.14749447681345
548,5,,5.00394630594546
548,6,,5.01063529409626
548,7,,4.89034912822175
549,1,,5.41164605185504
549,2,,5.25227342804663
549,3,,5.32787616878958
549,4,,5.18178355029209
549,5,,5.27299955856375
549,6,,5.30826769740121
549,7,,5.4510384535657
550,1,,5.25227342804663
550,2,,5.30330490805908
550,3,,5.05624580534831
550,4,,4.97673374242057
550,5,,4.9416424226093
550,6,,4.84418708645859
550,7,,4.87519732320115
551,1,,6.03548143252476
551,2,,5.97126183979046
551,3,,5.99396142730657
551,4,,5.87773578177964
551,5,,5.84932477994686
551,6,,5.91889385427315
551,7,,5.95064255258773
552,1,,5.64897423816121
552,2,,5.45958551414416
552,3,,5.59471137960184
552,4,,5.44241771052179
552,5,,5.4380793089232
552,6,,5.31320597904179
552,7,,5.23110861685459
553,1,,5.98393628068719
553,2,,6.04263283368238
553,3,,5.87493073085203
553,4,,5.78689738136671
553,5,,5.75257263882563
553,6,,5.77144112313002
553,7,,5.75257263882563
554,1,,5.67675380226828
554,2,,5.50125821054473
554,3,,5.46383180502561
554,4,,5.48893772615669
554,5,,5.42053499927229
554,6,,5.45958551414416
554,7,,5.39362754635236
555,1,,6.4118182677099
555,2,,6.30627528694802
555,3,,6.20253551718792
555,4,,6.01126717440416
555,5,,6.0137151560428
555,6,,5.98896141688986
555,7,,5.92692602597041
556,1,,5.33753807970132
556,2,,5.38449506278909
556,3,,5.24174701505964
556,4,,5.24702407216049
556,5,,5.29330482472449
556,6,,5.30330490805908
556,7,,5.29330482472449
557,1,,5.45958551414416
557,2,,5.54126354515843
557,3,,5.40717177146012
557,4,,5.33271879326537
557,5,,5.34710753071747
557,6,,5.28826703069454
557,7,,5.31811999384422
558,1,,5.23110861685459
558,2,,5.14749447681345
558,3,,5.12396397940326
558,4,,5.07517381523383
558,5,,5.13579843705026
558,6,,5.03695260241363
558,7,,5.15905529921453
559,1,,6.47389069635227
559,2,,6.30627528694802
559,3,,6.18208490671663
559,4,,6.0282785202307
559,5,,6.08677472691231
559,6,,6.04737217904628
559,7,,6.14846829591765
560,1,,6.18826412308259
560,2,,6.17586727010576
560,3,,6.13339804299665
560,4,,5.98645200528444
560,5,,5.97380961186926
560,6,,5.95842469302978
560,7,,5.92692602597041
561,1,,6.63200177739563
561,2,,6.60934924316738
561,3,,6.44730586254121
561,4,,6.36475075685191
561,5,,6.31354804627709
561,6,,6.35088571671474
561,7,,6.3261494731551
562,1,,5.95324333428778
562,2,,5.73334127689775
562,3,,5.7268477475872
562,4,,5.71042701737487
562,5,,5.65948221575962
562,6,,5.6937321388027
562,7,,5.86929691313377
563,1,,7.82564473221999
563,2,,7.74673290775362
563,3,,7.58120982619635
563,4,,7.57044325205737
563,5,,7.53422832627409
563,6,,7.58984151218266
563,7,,7.67693714581808
564,1,,5.86929691313377
564,2,,5.68017260901707
564,3,,5.72031177660741
564,4,,5.65599181081985
564,5,,5.63835466933375
564,6,,5.67675380226828
564,7,,5.73009978297357
565,1,,4.63472898822964
565,2,,4.68213122712422
565,3,,4.70048036579242
565,4,,4.64439089914137
565,5,,4.45434729625351
565,6,,4.49980967033027
565,7,,4.47733681447821
566,1,,6.03787091992214
566,2,,5.87493073085203
566,3,,5.86929691313377
566,4,,5.87773578177964
566,5,,5.83773044716594
566,6,,5.85507192220243
566,7,,5.79909265446053
567,1,,6.67076632084587
567,2,,6.57786135772105
567,3,,6.40687998606931
567,4,,6.32076829425058
567,5,,6.39359075395063
567,6,,6.43615036836943
567,7,,6.43294009273918
568,1,,8.64523454129712
568,2,,8.48838210956212
568,3,,8.30992298925832
568,4,,8.28702502516506
568,5,,8.25400859056484
568,6,,8.28526113406895
568,7,,8.36985260351753
569,1,,5.31320597904179
569,2,,5.26269018890489
569,3,,5.08140436498446
569,4,,5.08759633523238
569,5,,5.0998664278242
569,6,,4.98360662170834
569,7,,4.97673374242057
570,1,,5.8636311755981
570,2,,5.81413053182507
570,3,,5.86929691313377
570,4,,5.79605775076537
570,5,,5.74620319054015
570,6,,5.66642668811243
570,7,,5.62762111369064
571,1,,5.71042701737487
571,2,,5.59842195899838
571,3,,5.48479693349065
571,4,,5.4510384535657
571,5,,5.39816270151775
571,6,,5.48893772615669
571,7,,5.47227067367148
572,1,,5.50125821054473
572,2,,5.53733426701854
572,3,,5.51745289646471
572,4,,5.40717177146012
572,5,,5.27811465923052
572,6,,5.25227342804663
572,7,,5.26269018890489
573,1,,6.20859002609663
573,2,,6.0330862217988
573,3,,5.89989735358249
573,4,,5.8406416573734
573,5,,5.73657229747919
573,6,,5.80211837537706
573,7,,5.77455154554441
574,1,,6.83840520084734
574,2,,6.71417052990947
574,3,,6.70318811324086
574,4,,6.62140565176413
574,5,,6.56103066589657
574,6,,6.55961523749324
574,7,,6.5792512120101
575,1,,6.94215670569947
575,2,,6.83195356556585
575,3,,6.69703424766648
575,4,,6.64639051484773
575,5,,6.6052979209482
575,6,,6.5694814204143
575,7,,6.61873898351722
576,1,,5.51745289646471
576,2,,5.34233425196481
576,3,,5.30826769740121
576,4,,5.24174701505964
576,5,,5.50533153593236
576,6,,5.45958551414416
576,7,,5.4971682252932
577,1,,5.22035582507832
577,2,,5.27811465923052
577,3,,5.26785815906333
577,4,,5.18738580584075
577,5,,5.27811465923052
577,6,,5.25749537202778
577,7,,5.31811999384422
578,1,,5.62401750618734
578,2,,5.43372200355424
578,3,,5.20948615284142
578,4,,5.18178355029209
578,5,,5.00394630594546
578,6,,4.98360662170834
578,7,,4.84418708645859
579,1,,5.05624580534831
579,2,,4.91265488573605
579,3,,4.82028156560504
579,4,,4.71849887129509
579,5,,4.68213122712422
579,6,,4.56434819146784
579,7,,4.67282883446191
580,1,,5.66642668811243
580,2,,5.35185813347607
580,3,,5.37527840768417
580,4,,5.44673737166631
580,5,,5.37989735354046
580,6,,5.4510384535657
580,7,,5.4553211153577
581,1,,6.89162589705225
581,2,,6.75576892198425
581,3,,6.72262979485545
581,4,,6.66568371778241
581,5,,6.5875500148248
581,6,,6.73578001424233
581,7,,6.7900972355139
582,1,,6.24027584517077
582,2,,6.16331480403464
582,3,,6.08904487544685
582,4,,6.00141487796115
582,5,,6.0330862217988
582,6,,6.05208916892442
582,7,,5.88610403145016
583,1,,4.92725368515721
583,2,,4.93447393313069
583,3,,4.8283137373023
583,4,,4.76217393479776
583,5,,4.82028156560504
583,6,,4.77912349311153
583,7,,4.75359019110636
584,1,,6.06378520868761
584,2,,5.90536184805457
584,3,,5.86078622346587
584,4,,5.92157841964382
584,5,,5.95842469302978
584,6,,5.99645208861902
584,7,,6.01126717440416
585,1,,5.54126354515843
585,2,,5.41610040220442
585,3,,5.4553211153577
585,4,,5.32300997913841
585,5,,5.33271879326537
585,6,,5.32300997913841
585,7,,5.41610040220442
586,1,,6.58340922215876
586,2,,6.47850964220857
586,3,,6.49072353450251
586,4,,6.37331978957701
586,5,,6.34738920965601
586,6,,6.40191719672719
586,7,,6.361302477573
587,1,,5.26785815906333
587,2,,5.25749537202778
587,3,,5.06890420222023
587,4,,5.01727983681492
587,5,,4.969813299576
587,6,,5.03043792139244
587,7,,5.04985600724954
588,1,,9.3439092638976
588,2,,9.29145942326097
588,3,,9.19136140537838
588,4,,9.12565356380899
588,5,,9.12956406194889
588,6,,9.14729407025855
588,7,,9.1557785839835
589,1,,7.61775957660851
589,2,,7.56268124672188
589,3,,7.42177579364465
589,4,,7.37148929521428
589,5,,7.36581283720947
589,6,,7.40731771046942
589,7,,7.41034709782102
590,1,,6.49072353450251
590,2,,6.38350663488401
590,3,,6.3456363608286
590,4,,6.09582456243222
590,5,,6.06378520868761
590,6,,6.1463292576689
590,7,,6.15485809401642
591,1,,4.80402104473326
591,2,,4.66343909411207
591,3,,4.64439089914137
591,4,,4.53259949315326
591,5,,4.33073334028633
591,6,,4.27666611901606
591,7,,4.36944785246702
592,1,,5.64190707093811
592,2,,5.5683445037611
592,3,,5.57215403217776
592,4,,5.41610040220442
592,5,,5.32787616878958
592,6,,5.31811999384422
592,7,,5.25227342804663
593,1,,8.37008432637803
593,2,,8.28702502516506
593,3,,8.23137604557397
593,4,,8.15450017515194
593,5,,8.14148104145742
593,6,,8.20220843643645
593,7,,8.22790983759748
594,1,,5.94017125272043
594,2,,5.89989735358249
594,3,,5.82894561761021
594,4,,5.65599181081985
594,5,,5.63121178182137
594,6,,5.73657229747919
594,7,,5.75574221358691
595,1,,6.99025650049388
595,2,,6.93925394604151
595,3,,6.88448665204278
595,4,,6.86171134048073
595,5,,6.95177216439891
595,6,,6.96979066990159
595,7,,6.90575327631146
596,1,,7.5207764150628
596,2,,7.48099216286952
596,3,,7.33432935030054
596,4,,7.34213173058472
596,5,,7.2902928824466
596,6,,7.3178761986265
596,7,,7.35819375273303
597,1,,5.8111409929767
597,2,,5.7037824746562
597,3,,5.52942908751142
597,4,,5.4380793089232
597,5,,5.4510384535657
597,6,,5.35658627467201
597,7,,5.37527840768417
598,1,,5.8171111599632
598,2,,5.6970934865054
598,3,,5.62401750618734
598,4,,5.49306144334055
598,5,,5.33753807970132
598,6,,5.41610040220442
598,7,,5.50125821054473
599,1,,4.69134788222914
599,2,,4.57471097850338
599,3,,4.63472898822964
599,4,,4.49980967033027
599,5,,4.56434819146784
599,6,,4.49980967033027
599,7,,4.52178857704904
600,1,,6.72383244082121
600,2,,6.66185474054531
600,3,,6.59167373200866
600,4,,6.46302945692067
600,5,,6.45833828334479
600,6,,6.52502965784346
600,7,,6.5191472879404
601,1,,6.55961523749324
601,2,,6.51174532964473
601,3,,6.41345895716736
601,4,,6.361302477573
601,5,,6.32256523992728
601,6,,6.34212141872115
601,7,,6.3578422665081
602,1,,6.20859002609663
602,2,,6.17378610390194
602,3,,6.09582456243222
602,4,,5.92692602597041
602,5,,5.88887795833288
602,6,,5.97888576490112
602,7,,6.12468339089421
603,1,,4.43081679884331
603,2,,4.27666611901606
603,3,,4.24849524204936
603,4,,3.93182563272433
603,5,,4.02535169073515
603,6,,4.06044301054642
603,7,,4.4188406077966
604,1,,6.90274273715859
604,2,,6.81673588059497
604,3,,6.73340189183736
604,4,,6.68336094576627
604,5,,6.64898455002478
604,6,,6.68336094576627
604,7,,6.67329796776765
605,1,,5.8348107370626
605,2,,5.74939298590825
605,3,,5.84932477994686
605,4,,5.80814248998044
605,5,,5.73009978297357
605,6,,5.64897423816121
605,7,,5.59098698051086
606,1,,6.32793678372919
606,2,,6.26530121273771
606,3,,6.16541785423142
606,4,,6.10702288774225
606,5,,5.98645200528444
606,6,,5.96100533962327
606,7,,5.93489419561959
607,1,,7.95331834656043
607,2,,7.87359778968554
607,3,,7.82524529143177
607,4,,7.79605797431612
607,5,,7.7367436824535
607,6,,7.80832305039106
607,7,,7.83636976054512
608,1,,4.30406509320417
608,2,,4.38202663467388
608,3,,4.11087386417331
608,4,,4.30406509320417
608,5,,4.17438726989564
608,6,,4.21950770517611
608,7,,4.33073334028633
609,1,,5.8664680569333
609,2,,5.90536184805457
609,3,,5.6970934865054
609,4,,5.72358510195238
609,5,,5.71042701737487
609,6,,5.67332326717149
609,7,,5.59098698051086
610,1,,5.52146091786225
610,2,,5.59098698051086
610,3,,5.42053499927229
610,4,,5.46383180502561
610,5,,5.59842195899838
610,6,,5.50533153593236
610,7,,5.52146091786225
611,1,,5.06890420222023
611,2,,4.89783979995091
611,3,,4.87519732320115
611,4,,4.70953020131233
611,5,,4.72738781871234
611,6,,4.70953020131233
611,7,,4.89034912822175
612,1,,5.92958914338989
612,2,,5.83773044716594
612,3,,5.74300318780948
612,4,,5.75574221358691
612,5,,5.67675380226828
612,6,,5.65599181081985
612,7,,5.72358510195238
613,1,,4.64439089914137
613,2,,4.58496747867057
613,3,,4.63472898822964
613,4,,4.45434729625351
613,5,,4.55387689160054
613,6,,4.51085950651685
613,7,,4.49980967033027
614,1,,6.42324696353352
614,2,,6.3297209055227
614,3,,6.13122648948314
614,4,,6.04737217904628
614,5,,6.08904487544685
614,6,,5.96100533962327
614,7,,6.06378520868761
615,1,,5.89715386763674
615,2,,5.96357934361845
615,3,,5.76832099579377
615,4,,5.42053499927229
615,5,,5.2040066870768
615,6,,5.3890717298165
615,7,,5.57215403217776
616,1,,5.69035945432406
616,2,,5.60947179518496
616,3,,5.42934562895444
616,4,,5.45958551414416
616,5,,5.50125821054473
616,6,,5.31811999384422
616,7,,5.28320372873799
617,1,,6.88346258641309
617,2,,6.77764659363512
617,3,,6.77992190747225
617,4,,6.67834211465433
617,5,,6.64898455002478
617,6,,6.65027904858742
617,7,,6.77078942390898
618,1,,3.80666248977032
618,2,,3.91202300542815
618,3,,4.06044301054642
618,4,,3.80666248977032
618,5,,3.55534806148941
618,6,,3.49650756146648
618,7,,3.80666248977032
619,1,,4.30406509320417
619,2,,4.21950770517611
619,3,,3.66356164612965
619,4,,3.91202300542815
619,5,,3.85014760171006
619,6,,3.95124371858143
619,7,,3.73766961828337
620,1,,5.69035945432406
620,2,,5.64190707093811
620,3,,5.59098698051086
620,4,,5.35658627467201
620,5,,5.54517744447956
620,6,,5.40267738187228
620,7,,5.31811999384422
621,1,,3.8286413964891
621,2,,3.78418963391826
621,3,,3.58351893845611
621,4,,3.80666248977032
621,5,,3.76120011569356
621,6,,3.61091791264422
621,7,,3.55534806148941
622,1,,3.3322045101752
622,2,,3.25809653802148
622,3,,2.83321334405622
622,4,,3.04452243772342
622,5,,2.70805020110221
622,6,,3.17805383034795
622,7,,2.94443897916644
623,1,,5.4380793089232
623,2,,5.46806014113513
623,3,,5.14166355650266
623,4,,5.23644196282995
623,5,,5.37063802812766
623,6,,5.39362754635236
623,7,,5.40267738187228
624,1,,5.41164605185504
624,2,,5.42053499927229
624,3,,5.50938833662798
624,4,,5.39362754635236
624,5,,5.16478597392351
624,6,,5.18178355029209
624,7,,5.10594547390058
625,1,,5.50938833662798
625,2,,5.44673737166631
625,3,,5.28826703069454
625,4,,5.19849703126583
625,5,,4.94875989037817
625,6,,5.37527840768417
625,7,,5.39362754635236
626,1,,3.66356164612965
626,2,,3.49650756146648
626,3,,3.63758615972639
626,4,,3.3322045101752
626,5,,3.3322045101752
626,6,,3.52636052461616
626,7,,3.58351893845611
627,1,,6.37161184723186
627,2,,6.34035930372775
627,3,,6.30261897574491
627,4,,6.31535800152233
627,5,,6.22653666928747
627,6,,6.19031540585315
627,7,,6.38350663488401
628,1,,6.62007320653036
628,2,,6.53813982376767
628,3,,6.37672694789863
628,4,,6.32793678372919
628,5,,6.31535800152233
628,6,,6.37842618365159
628,7,,6.42486902390539
629,1,,4.35670882668959
629,2,,4.43081679884331
629,3,,4.15888308335967
629,4,,4.06044301054642
629,5,,4.14313472639153
629,6,,4.33073334028633
629,7,,4.14313472639153
630,1,,6.16331480403464
630,2,,6.02586597382531
630,3,,6.00881318544259
630,4,,5.97635090929793
630,5,,6.01126717440416
630,6,,5.98393628068719
630,7,,5.89440283426485
631,1,,3.98898404656427
631,2,,3.89182029811063
631,3,,3.78418963391826
631,4,,3.71357206670431
631,5,,3.63758615972639
631,6,,3.40119738166216
631,7,,3.36729582998647
632,1,,7.68616230349291
632,2,,7.61381868480863
632,3,,7.52240023138712
632,4,,7.3664451483276
632,5,,7.37525577800975
632,6,,7.40306109109009
632,7,,7.4265490723973
633,1,,3.61091791264422
633,2,,3.85014760171006
633,3,,3.66356164612965
633,4,,3.80666248977032
633,5,,3.63758615972639
633,6,,2.94443897916644
633,7,,3.8286413964891
634,1,,3.58351893845611
634,2,,3.52636052461616
634,3,,4.02535169073515
634,4,,3.78418963391826
634,5,,3.55534806148941
634,6,,3.40119738166216
634,7,,3.40119738166216
635,1,,6.59578051396131
635,2,,6.50428817353665
635,3,,6.57646956904822
635,4,,6.38687931936265
635,5,,6.33859407820318
635,6,,6.3456363608286
635,7,,6.33150184989369
636,1,,4.77068462446567
636,2,,4.64439089914137
636,3,,4.68213122712422
636,4,,4.52178857704904
636,5,,4.34380542185368
636,6,,4.46590811865458
636,7,,4.48863636973214
637,1,,6.81892406527552
637,2,,6.60665018619822
637,3,,6.64639051484773
637,4,,6.5510803350434
637,5,,6.46925031679577
637,6,,6.48004456192665
637,7,,6.61740297797448
638,1,,6.53378883793334
638,2,,6.4377516497364
638,3,,6.2803958389602
638,4,,6.21260609575152
638,5,,6.21460809842219
638,6,,6.34738920965601
638,7,,6.22851100359118
639,1,,6.3297209055227
639,2,,6.24416690066374
639,3,,6.1527326947041
639,4,,6.05678401322862
639,5,,5.99645208861902
639,6,,5.92157841964382
639,7,,6.0137151560428
640,1,,6.14418563412565
640,2,,6.13339804299665
640,3,,6.01126717440416
640,4,,6.13556489108174
640,5,,6.15485809401642
640,6,,6.14203740558736
640,7,,6.26339826259162
641,1,,4.34380542185368
641,2,,4.4188406077966
641,3,,4.26267987704132
641,4,,4.18965474202643
641,5,,4.00733318523247
641,6,,4.04305126783455
641,7,,3.97029191355212
642,1,,3.97029191355212
642,2,,3.91202300542815
642,3,,3.66356164612965
642,4,,3.36729582998647
642,5,,3.29583686600433
642,6,,3.49650756146648
642,7,,3.68887945411394
643,1,,5.33753807970132
643,2,,5.44241771052179
643,3,,5.19849703126583
643,4,,5.23644196282995
643,5,,5.13579843705026
643,6,,5.18178355029209
643,7,,5.39362754635236
644,1,,4.8283137373023
644,2,,4.99043258677874
644,3,,4.83628190695148
644,4,,4.91265488573605
644,5,,4.65396035015752
644,6,,4.47733681447821
644,7,,4.53259949315326
645,1,,3.46573590279973
645,2,,3.43398720448515
645,3,,3.29583686600433
645,4,,3.40119738166216
645,5,,3.55534806148941
645,6,,3.49650756146648
645,7,,3.36729582998647
646,1,,4.52178857704904
646,2,,4.46590811865458
646,3,,4.57471097850338
646,4,,4.39444915467244
646,5,,4.27666611901606
646,6,,4.11087386417331
646,7,,4.45434729625351
647,1,,3.97029191355212
647,2,,4.04305126783455
647,3,,4.0943445622221
647,4,,4.04305126783455
647,5,,4.00733318523247
647,6,,3.98898404656427
647,7,,4.12713438504509
648,1,,5.01727983681492
648,2,,4.88280192258637
648,3,,4.92725368515721
648,4,,4.83628190695148
648,5,,4.7361984483945
648,6,,4.86753445045558
648,7,,4.80402104473326
649,1,,6.58479139238572
649,2,,6.46458830368996
649,3,,6.53087762772588
649,4,,6.41017488196617
649,5,,6.41999492814714
649,6,,6.45833828334479
649,7,,6.46925031679577
650,1,,4.14313472639153
650,2,,4.0943445622221
650,3,,4.12713438504509
650,4,,4.26267987704132
650,5,,3.98898404656427
650,6,,4.11087386417331
650,7,,4.0943445622221
651,1,,3.68887945411394
651,2,,3.68887945411394
651,3,,3.29583686600433
651,4,,3.29583686600433
651,5,,3.36729582998647
651,6,,3.52636052461616
651,7,,3.43398720448515
652,1,,5.39816270151775
652,2,,5.40717177146012
652,3,,5.4380793089232
652,4,,5.37527840768417
652,5,,5.3890717298165
652,6,,5.35185813347607
652,7,,5.40717177146012
653,1,,5.31320597904179
653,2,,5.28320372873799
653,3,,5.12396397940326
653,4,,5.09375020080676
653,5,,4.98360662170834
653,6,,4.9416424226093
653,7,,4.99721227376411
654,1,,9.62667947663622
654,2,,9.54695545553714
654,3,,9.42883312507496
654,4,,9.38639231575654
654,5,,9.36871070794762
654,6,,9.35279433977112
654,7,,9.39449358359911
655,1,,4.23410650459726
655,2,,4.54329478227
655,3,,4.34380542185368
655,4,,4.26267987704132
655,5,,4.26267987704132
655,6,,4.43081679884331
655,7,,4.33073334028633
656,1,,5.15905529921453
656,2,,5.15329159449778
656,3,,4.92725368515721
656,4,,4.91265488573605
656,5,,5.03695260241363
656,6,,4.969813299576
656,7,,5.05624580534831
657,1,,3.71357206670431
657,2,,3.73766961828337
657,3,,3.78418963391826
657,4,,3.76120011569356
657,5,,3.71357206670431
657,6,,3.8286413964891
657,7,,3.95124371858143
658,1,,6.2841341610708
658,2,,6.17378610390194
658,3,,6.13556489108174
658,4,,6.13772705408623
658,5,,6.06378520868761
658,6,,6.10031895202006
658,7,,6.06378520868761
659,1,,3.52636052461616
659,2,,3.61091791264422
659,3,,3.13549421592915
659,4,,3.40119738166216
659,5,,3.49650756146648
659,6,,3.43398720448515
659,7,,3.46573590279973
660,1,,6.7900972355139
660,2,,6.63331843328038
660,3,,6.59578051396131
660,4,,6.58892647753352
660,5,,6.46458830368996
660,6,,6.49828214947643
660,7,,6.45676965557216
661,1,,3.95124371858143
661,2,,3.98898404656427
661,3,,3.91202300542815
661,4,,3.8286413964891
661,5,,3.78418963391826
661,6,,3.68887945411394
661,7,,3.76120011569356
662,1,,4.63472898822964
662,2,,4.72738781871234
662,3,,4.49980967033027
662,4,,4.43081679884331
662,5,,4.51085950651685
662,6,,4.29045944114839
662,7,,4.30406509320417
663,1,,4.11087386417331
663,2,,4.17438726989564
663,3,,4.26267987704132
663,4,,4.35670882668959
663,5,,4.44265125649032
663,6,,4.29045944114839
663,7,,4.39444915467244
664,1,,6.61873898351722
664,2,,6.57368016696065
664,3,,6.49978704065585
664,4,,6.37161184723186
664,5,,6.22257626807137
664,6,,6.19644412779452
664,7,,6.15060276844628
665,1,,6.69332366826995
665,2,,6.67834211465433
665,3,,6.59441345974978
665,4,,6.62140565176413
665,5,,6.58479139238572
665,6,,6.57507584059962
665,7,,6.55250788703459
666,1,,5.77455154554441
666,2,,5.72031177660741
666,3,,5.63121178182137
666,4,,5.51745289646471
666,5,,5.40267738187228
666,6,,5.59471137960184
666,7,,5.67675380226828
667,1,,5.65248918026865
667,2,,5.51342874616498
667,3,,5.53733426701854
667,4,,5.4510384535657
667,5,,5.39362754635236
667,6,,5.35185813347607
667,7,,5.41164605185504
668,1,,4.06044301054642
668,2,,4.21950770517611
668,3,,4.34380542185368
668,4,,4.21950770517611
668,5,,4.07753744390572
668,6,,4.02535169073515
668,7,,4.04305126783455
669,1,,6.4118182677099
669,2,,6.45833828334479
669,3,,6.42648845745769
669,4,,6.32076829425058
669,5,,6.25382881157547
669,6,,6.10702288774225
669,7,,6.21060007702465
670,1,,5.34233425196481
670,2,,5.28320372873799
670,3,,5.26269018890489
670,4,,5.24174701505964
670,5,,5.25227342804663
670,6,,4.91265488573605
670,7,,4.96284463025991
671,1,,6.85540879860993
671,2,,6.61740297797448
671,3,,6.56103066589657
671,4,,6.44888939414686
671,5,,6.45519856334012
671,6,,6.50578406012823
671,7,,6.53233429222235
672,1,,4.89783979995091
672,2,,4.91265488573605
672,3,,4.92725368515721
672,4,,4.82028156560504
672,5,,4.43081679884331
672,6,,4.56434819146784
672,7,,4.65396035015752
673,1,,3.87120101090789
673,2,,3.85014760171006
673,3,,3.87120101090789
673,4,,4.12713438504509
673,5,,3.98898404656427
673,6,,4.12713438504509
673,7,,3.95124371858143
674,1,,5.79909265446053
674,2,,5.77144112313002
674,3,,5.8805329864007
674,4,,5.71702770140622
674,5,,5.86078622346587
674,6,,5.73009978297357
674,7,,5.72031177660741
675,1,,6.19236248947487
675,2,,6.18208490671663
675,3,,6.11146733950268
675,4,,5.92157841964382
675,5,,5.82008293035236
675,6,,5.84354441703136
675,7,,5.72358510195238
676,1,,4.36944785246702
676,2,,4.00733318523247
676,3,,4.04305126783455
676,4,,4.00733318523247
676,5,,3.85014760171006
676,6,,3.78418963391826
676,7,,3.85014760171006
677,1,,5.01063529409626
677,2,,4.9416424226093
677,3,,4.7361984483945
677,4,,4.70953020131233
677,5,,4.85203026391962
677,6,,4.79579054559674
677,7,,4.64439089914137
678,1,,5.40267738187228
678,2,,5.50533153593236
678,3,,5.48063892334199
678,4,,5.47227067367148
678,5,,5.40717177146012
678,6,,5.32787616878958
678,7,,5.19295685089021
679,1,,4.45434729625351
679,2,,4.54329478227
679,3,,4.64439089914137
679,4,,4.69134788222914
679,5,,4.49980967033027
679,6,,4.51085950651685
679,7,,4.63472898822964
680,1,,3.8286413964891
680,2,,4.06044301054642
680,3,,3.95124371858143
680,4,,3.98898404656427
680,5,,3.98898404656427
680,6,,4.18965474202643
680,7,,4.06044301054642
681,1,,4.71849887129509
681,2,,4.61512051684126
681,3,,4.49980967033027
681,4,,4.48863636973214
681,5,,4.63472898822964
681,6,,4.80402104473326
681,7,,4.70048036579242
682,1,,4.97673374242057
682,2,,4.91265488573605
682,3,,4.85981240436167
682,4,,4.83628190695148
682,5,,4.74493212836325
682,6,,4.74493212836325
682,7,,4.88280192258637
683,1,,6.06842558824411
683,2,,5.88610403145016
683,3,,5.86929691313377
683,4,,5.79605775076537
683,5,,5.7037824746562
683,6,,5.85220247977447
683,7,,5.83773044716594
684,1,,5.48063892334199
684,2,,5.49306144334055
684,3,,5.4510384535657
684,4,,5.32787616878958
684,5,,5.34233425196481
684,6,,5.31811999384422
684,7,,5.33271879326537
685,1,,4.07753744390572
685,2,,4.02535169073515
685,3,,3.78418963391826
685,4,,3.78418963391826
685,5,,3.97029191355212
685,6,,3.89182029811063
685,7,,3.3322045101752
686,1,,7.40913644392013
686,2,,7.24064969425547
686,3,,7.24136628332232
686,4,,7.07918439460967
686,5,,7.08422642209792
686,6,,7.02553831463852
686,7,,7.04141166379481
687,1,,4.47733681447821
687,2,,4.60517018598809
687,3,,4.9416424226093
687,4,,4.71849887129509
687,5,,4.26267987704132
687,6,,4.7361984483945
687,7,,4.18965474202643
688,1,,5.17048399503815
688,2,,5.10594547390058
688,3,,4.90527477843843
688,4,,4.93447393313069
688,5,,4.92725368515721
688,6,,4.85981240436167
688,7,,4.87519732320115
689,1,,6.88755257166462
689,2,,6.75693238924755
689,3,,6.6682282484174
689,4,,6.64378973314767
689,5,,6.63594655568665
689,6,,6.66057514983969
689,7,,6.79122146272619
690,1,,4.85203026391962
690,2,,4.77912349311153
690,3,,4.64439089914137
690,4,,4.34380542185368
690,5,,4.30406509320417
690,6,,4.4188406077966
690,7,,4.53259949315326
691,1,,3.89182029811063
691,2,,3.8286413964891
691,3,,3.61091791264422
691,4,,3.2188758248682
691,5,,3.43398720448515
691,6,,3.73766961828337
691,7,,3.09104245335832
692,1,,5.11799381241676
692,2,,5.00394630594546
692,3,,4.81218435537242
692,4,,4.80402104473326
692,5,,4.8283137373023
692,6,,4.7361984483945
692,7,,4.79579054559674
693,1,,7.2591161280971
693,2,,7.10987946307227
693,3,,7.0833878476253
693,4,,6.97260625130175
693,5,,7.0184017990692
693,6,,7.04315991598834
693,7,,7.1074254741107
694,1,,5.2040066870768
694,2,,5.23644196282995
694,3,,5.03043792139244
694,4,,4.91265488573605
694,5,,4.81218435537242
694,6,,4.8283137373023
694,7,,4.79579054559674
695,1,,9.23999625688369
695,2,,9.14099029384139
695,3,,9.09043007530363
695,4,,8.98532006064911
695,5,,9.03408040656082
695,6,,9.07669468710627
695,7,,9.15175741454389
696,1,,6.13339804299665
696,2,,6.06378520868761
696,3,,5.91620206260743
696,4,,5.95583736946483
696,5,,5.89164421182577
696,6,,6.01126717440416
696,7,,6.12686918411419
697,1,,8.30943074214033
697,2,,8.2190566610606
697,3,,8.13094230223188
697,4,,8.03495502450216
697,5,,7.95892649305011
697,6,,7.89133075766189
697,7,,7.96693349840484
698,1,,4.40671924726425
698,2,,4.30406509320417
698,3,,4.20469261939097
698,4,,4.0943445622221
698,5,,3.93182563272433
698,6,,3.97029191355212
698,7,,3.95124371858143
699,1,,5.14166355650266
699,2,,5.02388052084628
699,3,,4.74493212836325
699,4,,4.90527477843843
699,5,,4.84418708645859
699,6,,4.70048036579242
699,7,,4.74493212836325
700,1,,4.26267987704132
700,2,,4.35670882668959
700,3,,3.97029191355212
700,4,,3.93182563272433
700,5,,3.63758615972639
700,6,,4.17438726989564
700,7,,4.38202663467388
701,1,,3.73766961828337
701,2,,3.66356164612965
701,3,,3.80666248977032
701,4,,3.85014760171006
701,5,,3.8286413964891
701,6,,3.73766961828337
701,7,,3.63758615972639
702,1,,4.21950770517611
702,2,,3.8286413964891
702,3,,3.43398720448515
702,4,,3.78418963391826
702,5,,3.55534806148941
702,6,,3.73766961828337
702,7,,3.97029191355212
703,1,,4.969813299576
703,2,,4.91998092582813
703,3,,4.48863636973214
703,4,,4.58496747867057
703,5,,4.58496747867057
703,6,,4.60517018598809
703,7,,4.68213122712422
704,1,,6.06610809010375
704,2,,5.79605775076537
704,3,,5.65599181081985
704,4,,5.67332326717149
704,5,,5.62401750618734
704,6,,5.74620319054015
704,7,,5.77455154554441
705,1,,5.67675380226828
705,2,,5.32300997913841
705,3,,5.33271879326537
705,4,,5.19849703126583
705,5,,5.30330490805908
705,6,,5.38449506278909
705,7,,5.29330482472449
706,1,,4.97673374242057
706,2,,4.94875989037817
706,3,,4.48863636973214
706,4,,4.38202663467388
706,5,,4.33073334028633
706,6,,4.40671924726425
706,7,,4.46590811865458
707,1,,3.95124371858143
707,2,,4.02535169073515
707,3,,4.45434729625351
707,4,,4.23410650459726
707,5,,4.18965474202643
707,6,,4.17438726989564
707,7,,4.11087386417331
708,1,,2.83321334405622
708,2,,3.49650756146648
708,3,,3.17805383034795
708,4,,2.94443897916644
708,5,,3.04452243772342
708,6,,2.77258872223978
708,7,,3.09104245335832
709,1,,5.01063529409626
709,2,,5.00394630594546
709,3,,5.04985600724954
709,4,,4.9416424226093
709,5,,4.99721227376411
709,6,,4.9416424226093
709,7,,4.93447393313069
710,1,,3.55534806148941
710,2,,3.2188758248682
710,3,,3.36729582998647
710,4,,3.40119738166216
710,5,,3.36729582998647
710,6,,2.99573227355399
710,7,,3.29583686600433
711,1,,5.25227342804663
711,2,,4.99721227376411
711,3,,4.79579054559674
711,4,,4.79579054559674
711,5,,4.81218435537242
711,6,,4.94875989037817
711,7,,5.16478597392351
712,1,,4.02535169073515
712,2,,3.78418963391826
712,3,,3.55534806148941
712,4,,3.63758615972639
712,5,,3.76120011569356
712,6,,3.68887945411394
712,7,,3.85014760171006
713,1,,7.58882987830781
713,2,,7.50384074669895
713,3,,7.34794382314869
713,4,,7.41397029019044
713,5,,7.38956395367764
713,6,,7.49052940206071
713,7,,7.66199755890189
714,1,,6.24416690066374
714,2,,6.33682573114644
714,3,,6.12029741895095
714,4,,5.97888576490112
714,5,,6.03787091992214
714,6,,6.19236248947487
714,7,,6.13988455222626
715,1,,5.4553211153577
715,2,,5.42053499927229
715,3,,5.4249500174814
715,4,,5.34233425196481
715,5,,5.31320597904179
715,6,,5.61312810638807
715,7,,5.40717177146012
716,1,,7.1800698743028
716,2,,7.10578612948127
716,3,,7.09920174355309
716,4,,7.0825485693553
716,5,,7.00397413672268
716,6,,7.22037383672395
716,7,,7.09340462586877
717,1,,4.82028156560504
717,2,,4.86753445045558
717,3,,4.77912349311153
717,4,,4.83628190695148
717,5,,4.57471097850338
717,6,,4.91998092582813
717,7,,5.07517381523383
718,1,,5.95064255258773
718,2,,5.70711026474888
718,3,,5.84932477994686
718,4,,5.80513496891649
718,5,,5.75257263882563
718,6,,5.65948221575962
718,7,,5.86078622346587
719,1,,5.4249500174814
719,2,,5.41610040220442
719,3,,5.37527840768417
719,4,,5.39362754635236
719,5,,5.37989735354046
719,6,,5.6021188208797
719,7,,5.63121178182137
720,1,,4.4188406077966
720,2,,4.27666611901606
720,3,,4.43081679884331
720,4,,4.55387689160054
720,5,,4.30406509320417
720,6,,4.33073334028633
720,7,,4.38202663467388
721,1,,7.24779258176785
721,2,,7.13249755166004
721,3,,7.07918439460967
721,4,,7.14519613499717
721,5,,7.14755927118945
721,6,,7.34018683532012
721,7,,7.33888813383888
722,1,,7.99328232810159
722,2,,7.89618060861549
722,3,,7.81843027207066
722,4,,7.7397944584087
722,5,,7.77779262633883
722,6,,7.89245204352035
722,7,,7.82404601085629
723,1,,7.8087293067444
723,2,,7.90137735379262
723,3,,7.85166117788927
723,4,,7.62803112693033
723,5,,7.59940133341582
723,6,,7.93451346388226
723,7,,7.84541603659248
724,1,,4.29045944114839
724,2,,4.33073334028633
724,3,,4.29045944114839
724,4,,4.48863636973214
724,5,,4.39444915467244
724,6,,4.46590811865458
724,7,,4.44265125649032
725,1,,4.23410650459726
725,2,,4.34380542185368
725,3,,4.27666611901606
725,4,,4.17438726989564
725,5,,4.07753744390572
725,6,,3.63758615972639
725,7,,4.21950770517611
726,1,,4.27666611901606
726,2,,4.12713438504509
726,3,,3.97029191355212
726,4,,3.89182029811063
726,5,,3.63758615972639
726,6,,4.0943445622221
726,7,,4.15888308335967
727,1,,4.46590811865458
727,2,,4.17438726989564
727,3,,4.0943445622221
727,4,,3.95124371858143
727,5,,3.89182029811063
727,6,,4.04305126783455
727,7,,3.95124371858143
728,1,,5.04342511691925
728,2,,4.94875989037817
728,3,,4.87519732320115
728,4,,4.91265488573605
728,5,,4.46590811865458
728,6,,4.89783979995091
728,7,,4.89783979995091
729,1,,4.79579054559674
729,2,,4.8283137373023
729,3,,4.78749174278205
729,4,,4.46590811865458
729,5,,4.49980967033027
729,6,,4.57471097850338
729,7,,4.64439089914137
730,1,,8.9138193508572
730,2,,8.86177531100083
730,3,,8.74957394808293
730,4,,8.68016201969438
730,5,,8.68440111040014
730,6,,8.78094111357239
730,7,,8.65782432115598
731,1,,3.55534806148941
731,2,,3.55534806148941
731,3,,3.29583686600433
731,4,,3.43398720448515
731,5,,3.55534806148941
731,6,,3.61091791264422
731,7,,3.58351893845611
732,1,,4.60517018598809
732,2,,4.58496747867057
732,3,,4.74493212836325
732,4,,4.77912349311153
732,5,,4.39444915467244
732,6,,4.79579054559674
732,7,,4.79579054559674
733,1,,5.34233425196481
733,2,,5.36129216570943
733,3,,5.28826703069454
733,4,,5.18738580584075
733,5,,5.06890420222023
733,6,,5.15329159449778
733,7,,5.2040066870768
734,1,,5.0998664278242
734,2,,5.03043792139244
734,3,,5.05624580534831
734,4,,4.99043258677874
734,5,,4.77068462446567
734,6,,4.69134788222914
734,7,,4.96284463025991
735,1,,3.66356164612965
735,2,,3.76120011569356
735,3,,3.73766961828337
735,4,,4.0943445622221
735,5,,4.06044301054642
735,6,,4.17438726989564
735,7,,3.87120101090789
736,1,,6.80239476332431
736,2,,6.72142570079064
736,3,,6.65415252018322
736,4,,6.58063913728495
736,5,,6.58202513889283
736,6,,6.76272950693188
736,7,,6.77992190747225
737,1,,5.70711026474888
737,2,,5.80211837537706
737,3,,5.67332326717149
737,4,,5.63478960316925
737,5,,5.43372200355424
737,6,,5.50938833662798
737,7,,5.54907608489522
738,1,,4.4188406077966
738,2,,4.24849524204936
738,3,,4.34380542185368
738,4,,3.98898404656427
738,5,,4.04305126783455
738,6,,4.06044301054642
738,7,,4.21950770517611
739,1,,8.89302349439471
739,2,,8.74017672992908
739,3,,8.80567494403858
739,4,,8.71997075677757
739,5,,8.67539280608978
739,6,,8.67624612127084
739,7,,8.70068073485016
740,1,,5.65948221575962
740,2,,5.76832099579377
740,3,,5.62762111369064
740,4,,5.54126354515843
740,5,,5.50533153593236
740,6,,5.77144112313002
740,7,,5.86929691313377
741,1,,8.14496941708788
741,2,,8.15162164696975
741,3,,8.07371464110986
741,4,,7.94520113241276
741,5,,7.95542508891267
741,6,,8.1721644521119
741,7,,8.21365270303
742,1,,6.91075078796194
742,2,,6.99025650049388
742,3,,6.90875477931522
742,4,,6.79122146272619
742,5,,6.73459165997295
742,6,,6.90875477931522
742,7,,7.02908756414966
743,1,,5.14749447681345
743,2,,5.10594547390058
743,3,,5.10594547390058
743,4,,5.01063529409626
743,5,,4.82028156560504
743,6,,4.8283137373023
743,7,,4.91998092582813
744,1,,5.76519110278484
744,2,,5.82600010738045
744,3,,5.71702770140622
744,4,,5.67675380226828
744,5,,5.75574221358691
744,6,,5.63478960316925
744,7,,5.64544689764324
745,1,,6.82001636467413
745,2,,6.86380339145295
745,3,,6.80572255341699
745,4,,6.76734312526539
745,5,,6.89467003943348
745,6,,7.04053639021596
745,7,,7.00306545878646
746,1,,4.21950770517611
746,2,,4.18965474202643
746,3,,4.06044301054642
746,4,,3.78418963391826
746,5,,3.91202300542815
746,6,,4.02535169073515
746,7,,4.14313472639153
747,1,,5.27811465923052
747,2,,5.24174701505964
747,3,,5.15329159449778
747,4,,4.91265488573605
747,5,,5.20948615284142
747,6,,5.03043792139244
747,7,,5.04985600724954
748,1,,5.88332238848828
748,2,,5.73979291217923
748,3,,5.64190707093811
748,4,,5.53733426701854
748,5,,5.40717177146012
748,6,,5.53733426701854
748,7,,5.78689738136671
749,1,,8.48632152774915
749,2,,8.29729437026692
749,3,,8.31164394850298
749,4,,8.1371033896393
749,5,,8.14206328310415
749,6,,7.1785454837637
749,7,,7.75147531802146
750,1,,7.54750168281497
750,2,,7.60290046220476
750,3,,7.51043055637801
750,4,,7.35115822643069
750,5,,7.40367029001237
750,6,,7.45240245122364
750,7,,7.50988306115491
751,1,,5.4971682252932
751,2,,5.37989735354046
751,3,,5.39816270151775
751,4,,5.30330490805908
751,5,,5.28320372873799
751,6,,5.18738580584075
751,7,,5.52942908751142
752,1,,5.23110861685459
752,2,,5.33271879326537
752,3,,5.46806014113513
752,4,,5.31811999384422
752,5,,5.28320372873799
752,6,,5.33271879326537
752,7,,5.13579843705026
753,1,,7.27793857294566
753,2,,7.30451594646016
753,3,,7.23993259132047
753,4,,7.10167597161944
753,5,,7.18992217074581
753,6,,7.33236920592906
753,7,,7.29573507274928
754,1,,4.12713438504509
754,2,,4.29045944114839
754,3,,4.02535169073515
754,4,,3.78418963391826
754,5,,3.36729582998647
754,6,,3.3322045101752
754,7,,3.3322045101752
755,1,,4.91265488573605
755,2,,4.7361984483945
755,3,,4.91265488573605
755,4,,4.77068462446567
755,5,,4.62497281328427
755,6,,4.82028156560504
755,7,,4.80402104473326
756,1,,4.8283137373023
756,2,,5.19295685089021
756,3,,5.10594547390058
756,4,,5.01727983681492
756,5,,4.62497281328427
756,6,,4.89034912822175
756,7,,5.02388052084628
757,1,,6.72262979485545
757,2,,6.65157187358973
757,3,,6.74051935960622
757,4,,6.58892647753352
757,5,,6.5792512120101
757,6,,4.45434729625351
757,7,,5.21493575760899
758,1,,6.34388043412633
758,2,,6.3456363608286
758,3,,6.35957386867238
758,4,,6.21460809842219
758,5,,6.2363695902037
758,6,,6.30991827822652
758,7,,6.10479323241498
759,1,,3.13549421592915
759,2,,3.52636052461616
759,3,,3.2188758248682
759,4,,3.55534806148941
759,5,,3.17805383034795
759,6,,3.3322045101752
759,7,,3.36729582998647
760,1,,5.39816270151775
760,2,,5.2257466737132
760,3,,5.27299955856375
760,4,,5.04985600724954
760,5,,5.15329159449778
760,6,,4.91265488573605
760,7,,5.08140436498446
761,1,,6.25575004175337
761,2,,6.19031540585315
761,3,,6.13122648948314
761,4,,5.92692602597041
761,5,,5.92692602597041
761,6,,6.27664348934164
761,7,,6.01126717440416
762,1,,6.54678541076052
762,2,,6.47389069635227
762,3,,6.39359075395063
762,4,,6.36647044773144
762,5,,6.30444880242198
762,6,,6.40025744530882
762,7,,6.41345895716736
763,1,,6.08904487544685
763,2,,6.23244801655052
763,3,,6.15060276844628
763,4,,5.97380961186926
763,5,,6.03068526026126
763,6,,6.04263283368238
763,7,,6.14203740558736
764,1,,6.35957386867238
764,2,,6.39692965521615
764,3,,6.29710931993394
764,4,,6.21860011969173
764,5,,6.12905021006055
764,6,,6.35610766069589
764,7,,6.4393503711001
765,1,,7.94979721616185
765,2,,7.83636976054512
765,3,,7.91315518592807
765,4,,7.84698098213879
765,5,,7.8815599170569
765,6,,8.01730750768858
765,7,,8.06022424044096
766,1,,7.20042489294496
766,2,,7.17472430983638
766,3,,7.16626597413364
766,4,,7.08506429395255
766,5,,7.0647590277918
766,6,,7.13966033596492
766,7,,7.21964204013074
767,1,,2.484906649788
767,2,,2.30258509299405
767,3,,1.79175946922805
767,4,,1.94591014905531
767,5,,2.30258509299405
767,6,,2.77258872223978
767,7,,2.77258872223978
768,1,,7.434847875212
768,2,,7.43955930913332
768,3,,7.31121838441963
768,4,,7.27378631784489
768,5,,7.19518732017871
768,6,,7.37713371283395
768,7,,7.48829351515943
769,1,,4.89783979995091
769,2,,4.71849887129509
769,3,,5.05624580534831
769,4,,4.69134788222914
769,5,,5.05624580534831
769,6,,4.82028156560504
769,7,,4.88280192258637
770,1,,6.08677472691231
770,2,,6.06145691892802
770,3,,6.06378520868761
770,4,,5.90808293816893
770,5,,5.92958914338989
770,6,,6.05443934626937
770,7,,6.00881318544259
771,1,,5.72031177660741
771,2,,5.81413053182507
771,3,,5.605802066296
771,4,,5.64544689764324
771,5,,5.65599181081985
771,6,,5.74620319054015
771,7,,5.78382518232974
772,1,,5.82600010738045
772,2,,5.77765232322266
772,3,,5.78382518232974
772,4,,5.68017260901707
772,5,,5.79301360838414
772,6,,5.78689738136671
772,7,,5.60947179518496
773,1,,5.68017260901707
773,2,,5.5834963087817
773,3,,5.6970934865054
773,4,,5.46806014113513
773,5,,5.61677109766657
773,6,,5.57594910314632
773,7,,5.81413053182507
774,1,,5.85507192220243
774,2,,5.79301360838414
774,3,,5.75574221358691
774,4,,5.6937321388027
774,5,,5.80814248998044
774,6,,5.85507192220243
774,7,,5.61677109766657
775,1,,4.75359019110636
775,2,,4.59511985013459
775,3,,4.20469261939097
775,4,,4.20469261939097
775,5,,4.18965474202643
775,6,,4.24849524204936
775,7,,4.27666611901606
776,1,,4.72738781871234
776,2,,5.03695260241363
776,3,,4.9416424226093
776,4,,4.93447393313069
776,5,,4.89034912822175
776,6,,4.88280192258637
776,7,,4.89034912822175
777,1,,4.60517018598809
777,2,,4.30406509320417
777,3,,4.34380542185368
777,4,,4.0943445622221
777,5,,4.24849524204936
777,6,,4.4188406077966
777,7,,4.12713438504509
778,1,7,6.77308037565554
778,2,7,6.71901315438526
778,3,7,6.73815249459596
778,4,7,6.88141130364254
778,5,7,6.83733281468559
778,6,7,6.76157276880406
778,7,7,6.73933662735717
779,1,7,9.27237576289563
779,2,7,9.07073341758977
779,3,7,9.10520205385288
779,4,7,9.17740387172992
779,5,7,9.18049952996516
779,6,7,9.22147811638664
779,7,7,9.23776096755218
780,1,7,9.63075977186616
780,2,7,9.50502288407271
780,3,7,9.47247384058159
780,4,7,9.49919675465573
780,5,7,9.46885106712768
780,6,7,9.51273862826364
780,7,7,9.51192534959696
781,1,7,7.02997291170639
781,2,7,7.02286808608264
781,3,7,7.02553831463852
781,4,7,7.14677217945264
781,5,7,7.16162200293919
781,6,7,7.1066061377273
781,7,7,7.1929342212158
782,1,7,5.74300318780948
782,2,7,5.8636311755981
782,3,7,5.74939298590825
782,4,7,5.8348107370626
782,5,7,5.84643877505772
782,6,7,5.78689738136671
782,7,7,5.78382518232974
783,1,7,8.17301131172497
783,2,7,8.12651816878071
783,3,7,8.06369263426952
783,4,7,8.10440130792161
783,5,7,8.12444685571585
783,6,7,8.16507925880507
783,7,7,8.21093973337902
784,1,7,7.13568734702814
784,2,7,7.07665381544395
784,3,7,7.04053639021596
784,4,7,7.15305163493748
784,5,7,7.14440718032114
784,6,7,7.18841273649695
784,7,7,7.11151211649616
785,1,7,7.76387128782022
785,2,7,7.68799716639302
785,3,7,7.68017564043659
785,4,7,7.69256964806791
785,5,7,7.69074316354187
785,6,7,7.75491027202143
785,7,7,7.75619534394812
786,1,7,6.04973345523196
786,2,7,5.9427993751267
786,3,7,5.89440283426485
786,4,7,5.99396142730657
786,5,7,5.93224518744801
786,6,7,5.97380961186926
786,7,7,5.99396142730657
787,1,7,8.34521792667643
787,2,7,8.34711636103872
787,3,7,8.31016902198191
787,4,7,8.36264243156764
787,5,7,8.30819906320645
787,6,7,8.32748441618826
787,7,7,8.28803156777646
788,1,7,6.27664348934164
788,2,7,5.98645200528444
788,3,7,6.06610809010375
788,4,7,6.16331480403464
788,5,7,6.0913098820777
788,6,7,6.2803958389602
788,7,7,6.22653666928747
789,1,7,8.20412493257404
789,2,7,8.21797820315073
789,3,7,8.23350314023399
789,4,7,8.31115254800169
789,5,7,8.33158624363075
789,6,7,8.3354314778808
789,7,7,8.3786205415523
790,1,7,8.68016201969438
790,2,7,8.82585367025321
790,3,7,8.76826314537129
790,4,7,8.74273386733017
790,5,7,8.67077227934454
790,6,7,8.71719093322313
790,7,7,8.75131624677346
791,1,7,5.51745289646471
791,2,7,5.73657229747919
791,3,7,5.6970934865054
791,4,7,5.68697535633982
791,5,7,5.79605775076537
791,6,7,5.65248918026865
791,7,7,5.67332326717149
792,1,7,9.54516840048491
792,2,7,9.52010188957084
792,3,7,9.46691869937663
792,4,7,9.44295889365291
792,5,7,9.4774625304626
792,6,7,9.49416501410066
792,7,7,9.52230033688749
793,1,7,9.14761354206788
793,2,7,9.11393959768983
793,3,7,9.10830764641103
793,4,7,9.14034700015565
793,5,7,9.17232692977797
793,6,7,9.17926241640532
793,7,7,9.15567297063387
794,1,7,6.6682282484174
794,2,7,6.71295620067707
794,3,7,6.65801104587075
794,4,7,6.69950034016168
794,5,7,6.66568371778241
794,6,7,6.65672652417839
794,7,7,6.76041469108343
795,1,7,7.18462915271731
795,2,7,7.2283884515736
795,3,7,7.2991214627108
795,4,7,7.34407285057307
795,5,7,7.33888813383888
795,6,7,7.34277918933185
795,7,7,7.34794382314869
796,1,7,5.19295685089021
796,2,7,5.40717177146012
796,3,7,5.39816270151775
796,4,7,5.11198778835654
796,5,7,5.48893772615669
796,6,7,5.17048399503815
796,7,7,5.32787616878958
797,1,7,6.74875954749168
797,2,7,6.70808408385307
797,3,7,6.75576892198425
797,4,7,6.64248680136726
797,5,7,6.62804137617953
797,6,7,6.69332366826995
797,7,7,6.65929391968364
798,1,7,7.71779621101358
798,2,7,7.76004068088038
798,3,7,7.84737183615979
798,4,7,7.78322401633604
798,5,7,7.87435882472988
798,6,7,7.92443418488756
798,7,7,7.92479591395644
799,1,7,7.40245152081824
799,2,7,7.26612877955645
799,3,7,7.30182234213793
799,4,7,7.27931883541462
799,5,7,7.23705902612474
799,6,7,7.30182234213793
799,7,7,7.29573507274928
800,1,7,6.88755257166462
800,2,7,6.80239476332431
800,3,7,6.64378973314767
800,4,7,6.65929391968364
800,5,7,6.63987583382654
800,6,7,6.67329796776765
800,7,7,6.72262979485545
801,1,7,8.85637603673042
801,2,7,8.75479176370003
801,3,7,8.7216023446742
801,4,7,8.5143892640835
801,5,7,8.61938870373091
801,6,7,8.64400203827993
801,7,7,8.53326337159373
802,1,7,4.39444915467244
802,2,7,4.26267987704132
802,3,7,4.35670882668959
802,4,7,4.04305126783455
802,5,7,4.0943445622221
802,6,7,3.66356164612965
802,7,7,3.95124371858143
803,1,7,4.40671924726425
803,2,7,4.35670882668959
803,3,7,4.24849524204936
803,4,7,4.38202663467388
803,5,7,4.38202663467388
803,6,7,4.17438726989564
803,7,7,3.78418963391826
804,1,7,7.39633529380081
804,2,7,7.11963563801764
804,3,7,7.1693500166706
804,4,7,7.15773548424991
804,5,7,7.10578612948127
804,6,7,7.05185562295589
804,7,7,6.98749024700099
805,1,7,6.49223983502047
805,2,7,6.12249280951439
805,3,7,6.10031895202006
805,4,7,5.92958914338989
805,5,7,5.93753620508243
805,6,7,5.82304589548302
805,7,7,5.69035945432406
806,1,7,6.25575004175337
806,2,7,5.85793315448346
806,3,7,6.07993319509559
806,4,7,5.67332326717149
806,5,7,5.78996017089725
806,6,7,5.64897423816121
806,7,7,5.61312810638807
807,1,7,5.77144112313002
807,2,7,5.51342874616498
807,3,7,5.32300997913841
807,4,7,5.27299955856375
807,5,7,5.35658627467201
807,6,7,5.15905529921453
807,7,7,5.16478597392351
808,1,7,4.85981240436167
808,2,7,4.98360662170834
808,3,7,4.8283137373023
808,4,7,4.66343909411207
808,5,7,4.63472898822964
808,6,7,4.47733681447821
808,7,7,4.45434729625351
809,1,7,6.48157712927643
809,2,7,6.40191719672719
809,3,7,6.34388043412633
809,4,7,6.25190388316589
809,5,7,6.28599809450886
809,6,7,6.18001665365257
809,7,7,6.19440539110467
810,1,7,7.66340766489348
810,2,7,7.53849499941346
810,3,7,7.45124168498768
810,4,7,7.50823877467866
810,5,7,7.41818082272679
810,6,7,7.35564110297425
810,7,7,7.37650812632622
811,1,7,5.47646355193151
811,2,7,5.39816270151775
811,3,7,5.39362754635236
811,4,7,5.11198778835654
811,5,7,5.25749537202778
811,6,7,5.19849703126583
811,7,7,5.16478597392351
812,1,7,7.89245204352035
812,2,7,7.68662133494462
812,3,7,7.61233683716775
812,4,7,7.67275789664251
812,5,7,7.62364194651157
812,6,7,7.54802896993501
812,7,7,7.52240023138712
813,1,7,6.47389069635227
813,2,7,6.33859407820318
813,3,7,6.18620862390049
813,4,7,6.0591231955818
813,5,7,6.00388706710654
813,6,7,5.76832099579377
813,7,7,5.90808293816893
814,1,7,7.83082299513532
814,2,7,7.75790620835175
814,3,7,7.65917136766606
814,4,7,7.54855597916987
814,5,7,7.47816969415979
814,6,7,7.38585107812521
814,7,7,7.23128700432762
815,1,7,5.78382518232974
815,2,7,5.55682806169954
815,3,7,5.42053499927229
815,4,7,5.62401750618734
815,5,7,5.72358510195238
815,6,7,5.58724865840025
815,7,7,5.27299955856375
816,1,7,6.24222326545517
816,2,7,6.03068526026126
816,3,7,6.06145691892802
816,4,7,6.00388706710654
816,5,7,5.89989735358249
816,6,7,6.0591231955818
816,7,7,5.95842469302978
817,1,7,5.52146091786225
817,2,7,5.32300997913841
817,3,7,5.27811465923052
817,4,7,5.12989871492307
817,5,7,5.12989871492307
817,6,7,5.11198778835654
817,7,7,4.99721227376411
818,1,7,6.12249280951439
818,2,7,5.97126183979046
818,3,7,5.96870755998537
818,4,7,5.79605775076537
818,5,7,5.78996017089725
818,6,7,5.98393628068719
818,7,7,5.79909265446053
819,1,7,5.97888576490112
819,2,7,5.82894561761021
819,3,7,5.74620319054015
819,4,7,5.69035945432406
819,5,7,5.67675380226828
819,6,7,5.62401750618734
819,7,7,5.29330482472449
820,1,7,6.77422388635761
820,2,7,6.62273632394984
820,3,7,6.61873898351722
820,4,7,6.53087762772588
820,5,7,6.6052979209482
820,6,7,6.51619307604296
820,7,7,6.46925031679577
821,1,7,5.34710753071747
821,2,7,5.01063529409626
821,3,7,5.02388052084628
821,4,7,4.969813299576
821,5,7,4.99043258677874
821,6,7,4.89034912822175
821,7,7,4.79579054559674
822,1,7,6.63594655568665
822,2,7,6.4723462945009
822,3,7,6.31173480915291
822,4,7,6.32076829425058
822,5,7,6.25766758788264
822,6,7,6.25382881157547
822,7,7,6.13988455222626
823,1,7,6.54534966033442
823,2,7,6.50279004591562
823,3,7,6.40522845803084
823,4,7,6.33505425149806
823,5,7,6.48463523563525
823,6,7,6.39859493453521
823,7,7,6.40357419793482
824,1,7,7.7484600238997
824,2,7,7.57814547241947
824,3,7,7.52940645783701
824,4,7,7.42177579364465
824,5,7,7.2591161280971
824,6,7,7.14677217945264
824,7,7,7.12849594568004
825,1,7,6.6631326959908
825,2,7,6.31716468674728
825,3,7,6.40025744530882
825,4,7,6.41673228251233
825,5,7,6.33150184989369
825,6,7,6.33327962813969
825,7,7,6.10255859461357
826,1,7,8.88848084772282
826,2,7,8.67505127603182
826,3,7,8.62730241409627
826,4,7,8.53267276226462
826,5,7,8.47866024169945
826,6,7,8.40737832540903
826,7,7,8.39525152061099
827,1,7,5.51745289646471
827,2,7,5.32787616878958
827,3,7,5.19849703126583
827,4,7,4.97673374242057
827,5,7,4.99721227376411
827,6,7,4.90527477843843
827,7,7,4.7361984483945
828,1,7,5.68357976733868
828,2,7,5.74939298590825
828,3,7,5.82600010738045
828,4,7,5.74620319054015
828,5,7,5.57972982598622
828,6,7,5.44673737166631
828,7,7,5.37527840768417
829,1,7,7.81843027207066
829,2,7,7.70616297019958
829,3,7,7.64108424917491
829,4,7,7.5076900778199
829,5,7,7.48099216286952
829,6,7,7.51479976048867
829,7,7,7.4599147662411
830,1,7,6.33327962813969
830,2,7,6.02344759296103
830,3,7,6.13988455222626
830,4,7,6.09582456243222
830,5,7,6.25190388316589
830,6,7,6.12249280951439
830,7,7,5.92692602597041
831,1,7,6.45519856334012
831,2,7,6.1527326947041
831,3,7,5.92425579741453
831,4,7,5.86929691313377
831,5,7,5.8664680569333
831,6,7,5.74300318780948
831,7,7,5.66296048013595
832,1,7,6.4831073514572
832,2,7,6.42971947803914
832,3,7,6.42648845745769
832,4,7,6.40025744530882
832,5,7,6.33859407820318
832,6,7,6.22851100359118
832,7,7,6.13556489108174
833,1,7,6.40191719672719
833,2,7,6.18826412308259
833,3,7,6.18001665365257
833,4,7,6.17170059741091
833,5,7,5.92958914338989
833,6,7,6.04737217904628
833,7,7,5.9427993751267
834,1,7,8.57960445153763
834,2,7,8.45638105201948
834,3,7,8.4142741374084
834,4,7,8.33254893925264
834,5,7,8.24643378616036
834,6,7,8.21283958467648
834,7,7,8.16365617616843
835,1,7,6.65801104587075
835,2,7,6.41999492814714
835,3,7,6.42324696353352
835,4,7,6.37672694789863
835,5,7,6.30261897574491
835,6,7,6.08449941307517
835,7,7,6.19031540585315
836,1,7,5.89440283426485
836,2,7,5.74620319054015
836,3,7,5.64544689764324
836,4,7,5.59842195899838
836,5,7,5.6021188208797
836,6,7,5.66642668811243
836,7,7,5.4553211153577
837,1,7,4.96284463025991
837,2,7,5.13579843705026
837,3,7,4.96284463025991
837,4,7,5.05624580534831
837,5,7,4.85981240436167
837,6,7,4.7361984483945
837,7,7,4.79579054559674
838,1,7,7.11151211649616
838,2,7,6.63987583382654
838,3,7,6.73933662735717
838,4,7,6.59850902861452
838,5,7,6.68586094706836
838,6,7,6.53087762772588
838,7,7,6.51025834052315
839,1,7,7.96589273508453
839,2,7,7.7931743471892
839,3,7,7.68340368105383
839,4,7,7.5847730776122
839,5,7,7.57558465155779
839,6,7,7.5422134631934
839,7,7,7.4593388952203
840,1,7,8.57583938684897
840,2,7,8.39638057119949
840,3,7,8.30819906320645
840,4,7,8.27639470486331
840,5,7,8.23164217997341
840,6,7,8.18590748148232
840,7,7,8.17385745477362
841,1,7,4.91998092582813
841,2,7,4.63472898822964
841,3,7,4.76217393479776
841,4,7,4.76217393479776
841,5,7,4.89783979995091
841,6,7,4.70048036579242
841,7,7,4.39444915467244
842,1,7,9.70947795594698
842,2,7,9.51273862826364
842,3,7,9.46039845583127
842,4,7,9.36005264520451
842,5,7,9.30401284783882
842,6,7,9.2796798500548
842,7,7,9.24551444698384
843,1,7,1.79175946922805
843,2,7,2.07944154167984
843,3,7,2.77258872223978
843,4,7,2.484906649788
843,5,7,2.19722457733622
843,6,7,2.63905732961526
843,7,7,2.484906649788
844,1,7,4.23410650459726
844,2,7,4.14313472639153
844,3,7,3.66356164612965
844,4,7,3.40119738166216
844,5,7,3.63758615972639
844,6,7,3.2188758248682
844,7,7,3.36729582998647
845,1,7,6.95654544315157
845,2,7,6.86901445066571
845,3,7,6.86380339145295
845,4,7,6.77078942390898
845,5,7,6.68959926917897
845,6,7,6.64898455002478
845,7,7,6.50428817353665
846,1,7,5.63121178182137
846,2,7,5.6021188208797
846,3,7,5.64190707093811
846,4,7,5.52942908751142
846,5,7,5.47227067367148
846,6,7,5.28320372873799
846,7,7,5.34233425196481
847,1,7,7.47363710849621
847,2,7,7.1693500166706
847,3,7,7.19067603433221
847,4,7,7.09754885061479
847,5,7,7.04228617193974
847,6,7,6.94215670569947
847,7,7,6.83947643822884
848,1,7,8.17272910486547
848,2,7,7.92117272158701
848,3,7,8.07775756373692
848,4,7,7.94129557090653
848,5,7,7.92804560087478
848,6,7,7.86211221166275
848,7,7,7.77611547709874
849,1,7,3.97029191355212
849,2,7,3.76120011569356
849,3,7,3.98898404656427
849,4,7,3.97029191355212
849,5,7,4.14313472639153
849,6,7,4.18965474202643
849,7,7,4.06044301054642
850,1,7,4.86753445045558
850,2,7,4.8283137373023
850,3,7,4.77912349311153
850,4,7,4.71849887129509
850,5,7,4.66343909411207
850,6,7,4.60517018598809
850,7,7,4.20469261939097
851,1,7,9.66896702819858
851,2,7,9.5009930278728
851,3,7,9.47983301522775
851,4,7,9.47508641314491
851,5,7,9.44327582575286
851,6,7,9.36777137992501
851,7,7,9.26274305076923
852,1,7,5.74939298590825
852,2,7,5.64897423816121
852,3,7,5.48063892334199
852,4,7,5.3890717298165
852,5,7,5.52146091786225
852,6,7,5.52146091786225
852,7,7,5.51745289646471
853,1,7,7.0647590277918
853,2,7,6.93147180559945
853,3,7,6.99117688712121
853,4,7,6.86380339145295
853,5,7,6.78105762593618
853,6,7,6.75110146893676
853,7,7,6.70441435496411
854,1,7,5.98141421125448
854,2,7,5.74939298590825
854,3,7,5.75890177387728
854,4,7,5.59842195899838
854,5,7,5.75574221358691
854,6,7,5.61312810638807
854,7,7,5.52942908751142
855,1,7,6.44413125670044
855,2,7,6.2709884318583
855,3,7,6.23441072571837
855,4,7,6.23244801655052
855,5,7,6.17586727010576
855,6,7,6.14418563412565
855,7,7,5.96614673912369
856,1,7,5.96870755998537
856,2,7,5.86078622346587
856,3,7,5.77144112313002
856,4,7,5.80814248998044
856,5,7,5.87211778947542
856,6,7,5.71373280550937
856,7,7,5.64897423816121
857,1,7,7.24992553671799
857,2,7,7.10824413973154
857,3,7,7.01481435127554
857,4,7,6.9037472575846
857,5,7,6.93634273583405
857,6,7,6.87935580446044
857,7,7,6.87109129461055
858,1,7,4.78749174278205
858,2,7,4.78749174278205
858,3,7,4.61512051684126
858,4,7,4.60517018598809
858,5,7,4.80402104473326
858,6,7,4.86753445045558
858,7,7,4.65396035015752
859,1,7,7.87054784450771
859,2,7,7.53529670244409
859,3,7,7.59839932932396
859,4,7,7.50878717063428
859,5,7,7.46106551435428
859,6,7,7.38770923908104
859,7,7,7.25770767716004
860,1,7,6.75343791859778
860,2,7,6.3261494731551
860,3,7,6.40687998606931
860,4,7,6.47850964220857
860,5,7,6.39692965521615
860,6,7,6.33150184989369
860,7,7,6.23441072571837
861,1,7,4.52178857704904
861,2,7,4.48863636973214
861,3,7,4.23410650459726
861,4,7,3.80666248977032
861,5,7,3.76120011569356
861,6,7,3.78418963391826
861,7,7,3.66356164612965
862,1,7,7.90581031265893
862,2,7,7.78821155784708
862,3,7,7.64587582518481
862,4,7,7.58069975222456
862,5,7,7.66293785046154
862,6,7,7.62948991639399
862,7,7,7.64204440287326
863,1,7,6.43294009273918
863,2,7,6.41017488196617
863,3,7,6.23244801655052
863,4,7,6.13122648948314
863,5,7,6.00881318544259
863,6,7,6.02344759296103
863,7,7,5.96870755998537
864,1,7,10.3548179165162
864,2,7,10.2036662163172
864,3,7,10.1271509686972
864,4,7,10.037187680924
864,5,7,10.0059538840806
864,6,7,9.97571518653301
864,7,7,9.914081240747
865,1,7,5.70044357339069
865,2,7,5.59098698051086
865,3,7,5.52942908751142
865,4,7,5.51745289646471
865,5,7,5.54907608489522
865,6,7,5.39362754635236
865,7,7,5.37527840768417
866,1,7,5.94803498918065
866,2,7,5.8805329864007
866,3,7,5.74300318780948
866,4,7,5.75574221358691
866,5,7,5.75890177387728
866,6,7,5.5683445037611
866,7,7,5.52942908751142
867,1,7,5.4553211153577
867,2,7,5.36129216570943
867,3,7,5.19295685089021
867,4,7,5.13579843705026
867,5,7,4.79579054559674
867,6,7,4.57471097850338
867,7,7,4.35670882668959
868,1,7,4.56434819146784
868,2,7,4.30406509320417
868,3,7,4.52178857704904
868,4,7,4.31748811353631
868,5,7,4.39444915467244
868,6,7,4.55387689160054
868,7,7,4.20469261939097
869,1,7,6.33150184989369
869,2,7,6.08904487544685
869,3,7,6.2363695902037
869,4,7,6.22851100359118
869,5,7,6.18620862390049
869,6,7,6.10479323241498
869,7,7,5.94542060860658
870,1,7,8.66716371799253
870,2,7,8.40983067308774
870,3,7,8.34474275441755
870,4,7,8.3091845276863
870,5,7,8.31849832050434
870,6,7,8.29654652030061
870,7,7,8.24301946898925
871,1,7,4.78749174278205
871,2,7,4.70048036579242
871,3,7,4.64439089914137
871,4,7,4.45434729625351
871,5,7,4.56434819146784
871,6,7,4.30406509320417
871,7,7,4.57471097850338
872,1,7,5.79301360838414
872,2,7,5.67332326717149
872,3,7,5.59098698051086
872,4,7,5.48479693349065
872,5,7,5.51342874616498
872,6,7,5.2040066870768
872,7,7,5.04985600724954
873,1,7,8.33399124719497
873,2,7,8.15851624480683
873,3,7,8.17554759602103
873,4,7,8.04237800517328
873,5,7,8.02845516411425
873,6,7,7.97004930497614
873,7,7,7.9208096792886
874,1,7,7.97246601597457
874,2,7,7.7621706071382
874,3,7,7.71690613529839
874,4,7,7.67600993202889
874,5,7,7.646353722446
874,6,7,7.65396918047877
874,7,7,7.49720722320332
875,1,7,6.90975328164481
875,2,7,6.64378973314767
875,3,7,6.62273632394984
875,4,7,6.45204895443723
875,5,7,6.50727771238501
875,6,7,6.41836493593621
875,7,7,6.36990098282823
876,1,7,6.40357419793482
876,2,7,6.11809719804135
876,3,7,6.18620862390049
876,4,7,6.15697898558556
876,5,7,6.04025471127741
876,6,7,6.09582456243222
876,7,7,5.76205138278018
877,1,7,4.58496747867057
877,2,7,4.44265125649032
877,3,7,4.44265125649032
877,4,7,4.55387689160054
877,5,7,4.31748811353631
877,6,7,4.21950770517611
877,7,7,4.44265125649032
878,1,7,6.8627579130514
878,2,7,6.62671774924902
878,3,7,6.53958595561767
878,4,7,6.41673228251233
878,5,7,6.40687998606931
878,6,7,6.33150184989369
878,7,7,6.23441072571837
879,1,7,6.12029741895095
879,2,7,6.19644412779452
879,3,7,5.99645208861902
879,4,7,5.95842469302978
879,5,7,5.78074351579233
879,6,7,5.92958914338989
879,7,7,5.71042701737487
880,1,7,6.87832646829133
880,2,7,6.76041469108343
880,3,7,6.7286286130847
880,4,7,6.66440902035041
880,5,7,6.67708346124714
880,6,7,6.65929391968364
880,7,7,6.45047042214418
881,1,7,8.7579408766788
881,2,7,8.57451825803551
881,3,7,8.51819269174932
881,4,7,8.38114434695296
881,5,7,8.39750834847026
881,6,7,8.32627478739676
881,7,7,8.28248300373056
882,1,7,10.2850014398218
882,2,7,10.1423075832353
882,3,7,10.0777349340625
882,4,7,10.0063599754568
882,5,7,9.89922849561574
882,6,7,9.82260282379566
882,7,7,9.7540590390442
883,1,7,6.54678541076052
883,2,7,6.24997524225948
883,3,7,6.2803958389602
883,4,7,6.16120732169508
883,5,7,6.0282785202307
883,6,7,6.04025471127741
883,7,7,5.99146454710798
884,1,6,5.49306144334055
884,2,6,5.25227342804663
884,3,6,5.03695260241363
884,4,6,5.14749447681345
884,5,6,5.26269018890489
884,6,6,5.16478597392351
884,7,6,5.40717177146012
885,1,6,9.00282407654767
885,2,6,8.76514642163902
885,3,6,8.65851912750667
885,4,6,8.56655462095396
885,5,6,8.53797573059877
885,6,6,8.47616284185825
885,7,6,8.44955654270043
886,1,6,7.04490511712937
886,2,6,6.94022246911964
886,3,6,6.84374994900622
886,4,6,6.76157276880406
886,5,6,6.78671695060508
886,6,6,6.96790920180188
886,7,6,6.91075078796194
887,1,6,7.07072410726028
887,2,6,6.90975328164481
887,3,6,6.94985645500077
887,4,6,6.89669433162271
887,5,6,6.82871207164168
887,6,6,6.69332366826995
887,7,6,6.59304453414244
888,1,6,6.72743172485086
888,2,6,6.74051935960622
888,3,6,6.52356230614951
888,4,6,6.45362499889269
888,5,6,6.47697236288968
888,6,6,6.51767127291227
888,7,6,6.41673228251233
889,1,6,4.8283137373023
889,2,6,4.53259949315326
889,3,6,4.99043258677874
889,4,6,5.02388052084628
889,5,6,4.87519732320115
889,6,6,4.92725368515721
889,7,6,4.85981240436167
890,1,6,7.74109909003537
890,2,6,7.63288550539513
890,3,6,7.59588991771854
890,4,6,7.42237370098682
890,5,6,7.48042830607421
890,6,6,7.44775128004791
890,7,6,7.50604217851812
891,1,6,7.02642680869964
891,2,6,6.96885037834195
891,3,6,6.87109129461055
891,4,6,6.85646198459459
891,5,6,6.85224256905188
891,6,6,6.82654522355659
891,7,6,6.84800527457636
892,1,6,6.21060007702465
892,2,6,6.29156913955832
892,3,6,6.41836493593621
892,4,6,6.22257626807137
892,5,6,6.1463292576689
892,6,6,6.1779441140506
892,7,6,6.05678401322862
893,1,6,7.50108212425987
893,2,6,7.4205789054108
893,3,6,7.5109777520141
893,4,6,7.40062057737113
893,5,6,7.45645455517621
893,6,6,7.45298232946546
893,7,6,7.37086016653672
894,1,6,6.14203740558736
894,2,6,5.6970934865054
894,3,6,6.0282785202307
894,4,6,5.91350300563827
894,5,6,5.95583736946483
894,6,6,6.07993319509559
894,7,6,5.94017125272043
895,1,6,5.77455154554441
895,2,6,5.93224518744801
895,3,6,5.79301360838414
895,4,6,5.65599181081985
895,5,6,5.79909265446053
895,6,6,5.6970934865054
895,7,6,5.72358510195238
896,1,6,6.93731408122368
896,2,6,6.85329909318608
896,3,6,6.98100574072173
896,4,6,6.94119005506837
896,5,6,6.98564181763921
896,6,6,6.93049476595163
896,7,6,6.9555926083963
897,1,6,6.8627579130514
897,2,6,6.63987583382654
897,3,6,6.70563909486
897,4,6,6.60934924316738
897,5,6,6.55393340402581
897,6,6,6.61606518513282
897,7,6,6.65929391968364
898,1,6,4.88280192258637
898,2,6,4.31748811353631
898,3,6,4.7361984483945
898,4,6,4.85203026391962
898,5,6,4.83628190695148
898,6,6,4.78749174278205
898,7,6,4.67282883446191
899,1,6,4.99043258677874
899,2,6,4.74493212836325
899,3,6,4.82028156560504
899,4,6,4.59511985013459
899,5,6,4.71849887129509
899,6,6,4.75359019110636
899,7,6,4.75359019110636
900,1,6,5.71373280550937
900,2,6,5.59471137960184
900,3,6,5.61312810638807
900,4,6,5.53733426701854
900,5,6,5.57594910314632
900,6,6,5.55295958492162
900,7,6,5.46806014113513
901,1,6,7.35564110297425
901,2,6,7.32052696227274
901,3,6,7.4899708988348
901,4,6,7.22983877815125
901,5,6,7.30114780585603
901,6,6,7.39510754656249
901,7,6,7.22329567956231
902,1,6,9.08409664540193
902,2,6,8.95273476710687
902,3,6,8.91717663595516
902,4,6,8.87905466204227
902,5,6,8.86361575889062
902,6,6,8.92025541490809
902,7,6,8.86049916761602
903,1,6,6.09807428216624
903,2,6,5.81413053182507
903,3,6,5.7268477475872
903,4,6,5.68357976733868
903,5,6,5.64190707093811
903,6,6,5.94542060860658
903,7,6,5.89440283426485
904,1,6,6.86484777797086
904,2,6,6.69208374250663
904,3,6,6.62804137617953
904,4,6,6.56526497003536
904,5,6,6.58340922215876
904,6,6,6.69579891705849
904,7,6,6.62804137617953
905,1,6,5.74620319054015
905,2,6,5.55682806169954
905,3,6,5.57594910314632
905,4,6,5.39362754635236
905,5,6,5.54907608489522
905,6,6,5.46383180502561
905,7,6,5.41164605185504
906,1,6,6.45362499889269
906,2,6,6.17378610390194
906,3,6,6.25190388316589
906,4,6,6.03787091992214
906,5,6,6.05443934626937
906,6,6,6.00141487796115
906,7,6,5.90808293816893
907,1,6,6.7696419768525
907,2,6,6.5206211275587
907,3,6,6.49072353450251
907,4,6,6.40025744530882
907,5,6,6.37672694789863
907,6,6,6.36302810354046
907,7,6,6.4281052726846
908,1,6,7.51697722460432
908,2,6,7.21229446850034
908,3,6,7.2991214627108
908,4,6,7.03174125876313
908,5,6,6.93731408122368
908,6,6,6.96979066990159
908,7,6,6.95844839329766
909,1,6,4.55387689160054
909,2,6,4.40671924726425
909,3,6,4.54329478227
909,4,6,4.49980967033027
909,5,6,4.33073334028633
909,6,6,4.44265125649032
909,7,6,4.06044301054642
910,1,6,10.4090091347102
910,2,6,10.3013236334798
910,3,6,10.2755682166247
910,4,6,10.1165403631402
910,5,6,10.1824819965903
910,6,6,10.1337258763262
910,7,6,10.1779323982059
911,1,6,5.62040086571715
911,2,6,5.44673737166631
911,3,6,5.77765232322266
911,4,6,5.74300318780948
911,5,6,5.73979291217923
911,6,6,5.71373280550937
911,7,6,5.66296048013595
912,1,6,5.64190707093811
912,2,6,5.65948221575962
912,3,6,5.66296048013595
912,4,6,5.61677109766657
912,5,6,5.65248918026865
912,6,6,5.6937321388027
912,7,6,5.54126354515843
913,1,6,6.45833828334479
913,2,6,6.53958595561767
913,3,6,6.41345895716736
913,4,6,6.32793678372919
913,5,6,6.49526555593701
913,6,6,6.38012253689976
913,7,6,6.19236248947487
914,1,6,6.55535689181067
914,2,6,6.52941883826223
914,3,6,6.59167373200866
914,4,6,6.40522845803084
914,5,6,6.2841341610708
914,6,6,6.44571981938558
914,7,6,6.47389069635227
915,1,6,5.58724865840025
915,2,6,5.50938833662798
915,3,6,5.50125821054473
915,4,6,5.37527840768417
915,5,6,5.52942908751142
915,6,6,5.47227067367148
915,7,6,5.48893772615669
916,1,6,5.4510384535657
916,2,6,5.43372200355424
916,3,6,5.42053499927229
916,4,6,5.27811465923052
916,5,6,5.19295685089021
916,6,6,5.30330490805908
916,7,6,5.21493575760899
917,1,6,7.15070145759253
917,2,6,7.07072410726028
917,3,6,6.96696713861398
917,4,6,6.96508034560141
917,5,6,6.93634273583405
917,6,6,6.93537044601511
917,7,6,6.82110747225646
918,1,6,4.47733681447821
918,2,6,4.27666611901606
918,3,6,4.43081679884331
918,4,6,4.59511985013459
918,5,6,4.64439089914137
918,6,6,4.53259949315326
918,7,6,4.67282883446191
919,1,6,5.27299955856375
919,2,6,5.19295685089021
919,3,6,5.34233425196481
919,4,6,5.37989735354046
919,5,6,5.2257466737132
919,6,6,5.17614973257383
919,7,6,5.23110861685459
920,1,6,4.82028156560504
920,2,6,5.04985600724954
920,3,6,4.96284463025991
920,4,6,4.79579054559674
920,5,6,4.98360662170834
920,6,6,5.09375020080676
920,7,6,5.04342511691925
921,1,6,5.15329159449778
921,2,6,5.16478597392351
921,3,6,5.21493575760899
921,4,6,5.23110861685459
921,5,6,5.19849703126583
921,6,6,5.12396397940326
921,7,6,5.20948615284142
922,1,6,4.35670882668959
922,2,6,4.15888308335967
922,3,6,4.38202663467388
922,4,6,4.66343909411207
922,5,6,4.65396035015752
922,6,6,4.68213122712422
922,7,6,4.44265125649032
923,1,6,6.5694814204143
923,2,6,6.32076829425058
923,3,6,6.30444880242198
923,4,6,6.13988455222626
923,5,6,6.12686918411419
923,6,6,6.25958146406492
923,7,6,5.95324333428778
924,1,6,6.60665018619822
924,2,6,6.49828214947643
924,3,6,6.48463523563525
924,4,6,6.51323011091231
924,5,6,6.50727771238501
924,6,6,6.38687931936265
924,7,6,6.52502965784346
925,1,6,6.81783057145415
925,2,6,6.65415252018322
925,3,6,6.68710860786651
925,4,6,6.6052979209482
925,5,6,6.69826805411541
925,6,6,6.67834211465433
925,7,6,6.60394382460047
926,1,6,3.89182029811063
926,2,6,3.89182029811063
926,3,6,4.64439089914137
926,4,6,3.76120011569356
926,5,6,3.95124371858143
926,6,6,4.39444915467244
926,7,6,3.8286413964891
927,1,6,4.90527477843843
927,2,6,4.85203026391962
927,3,6,5.06259503302697
927,4,6,4.89783979995091
927,5,6,4.98360662170834
927,6,6,4.91265488573605
927,7,6,4.76217393479776
928,1,6,6.56103066589657
928,2,6,6.47543271670409
928,3,6,6.30991827822652
928,4,6,6.28785856016178
928,5,6,6.3578422665081
928,6,6,6.40522845803084
928,7,6,6.3456363608286
929,1,6,6.20657592672493
929,2,6,6.26720054854136
929,3,6,6.0913098820777
929,4,6,6.08449941307517
929,5,6,6.11146733950268
929,6,6,6.11368217983223
929,7,6,6.11809719804135
930,1,6,6.57646956904822
930,2,6,6.50428817353665
930,3,6,6.43294009273918
930,4,6,6.46458830368996
930,5,6,6.49526555593701
930,6,6,6.3297209055227
930,7,6,6.30078579466324
931,1,6,6.45362499889269
931,2,6,6.44413125670044
931,3,6,6.50279004591562
931,4,6,6.45204895443723
931,5,6,6.59578051396131
931,6,6,6.43133108193348
931,7,6,6.31354804627709
932,1,6,6.96413561241824
932,2,6,7.24351297466548
932,3,6,7.26682734752059
932,4,6,7.19743535409659
932,5,6,6.98286275146894
932,6,6,6.89871453432999
932,7,6,7.06219163228656
933,1,6,4.90527477843843
933,2,6,4.969813299576
933,3,6,5.11198778835654
933,4,6,4.9416424226093
933,5,6,5.03043792139244
933,6,6,5.10594547390058
933,7,6,5.08759633523238
934,1,6,6.52649485957079
934,2,6,6.13988455222626
934,3,6,6.10924758276437
934,4,6,6.10924758276437
934,5,6,6.25190388316589
934,6,6,6.3261494731551
934,7,6,6.0913098820777
935,1,6,6.33682573114644
935,2,6,6.19847871649231
935,3,6,6.17586727010576
935,4,6,6.12905021006055
935,5,6,6.32435896238131
935,6,6,6.39359075395063
935,7,6,6.289715570909
936,1,6,4.54329478227
936,2,6,4.62497281328427
936,3,6,4.7361984483945
936,4,6,4.53259949315326
936,5,6,4.67282883446191
936,6,6,4.80402104473326
936,7,6,4.59511985013459
937,1,6,8.07713663853845
937,2,6,7.91169052070834
937,3,6,8.02027047281924
937,4,6,7.99564360428727
937,5,6,7.95717732345947
937,6,6,8.02486215028641
937,7,6,7.93773177526011
938,1,6,7.16394668434255
938,2,6,7.05961762829138
938,3,6,7.02197642307216
938,4,6,7.00215595440362
938,5,6,7.0647590277918
938,6,6,7.08506429395255
938,7,6,6.94312242281943
939,1,6,5.91350300563827
939,2,6,5.94803498918065
939,3,6,5.66988092298052
939,4,6,5.70044357339069
939,5,6,5.62401750618734
939,6,6,5.79605775076537
939,7,6,5.78074351579233
940,1,6,6.24997524225948
940,2,6,5.98141421125448
940,3,6,6.12686918411419
940,4,6,6.12468339089421
940,5,6,6.09582456243222
940,6,6,5.96614673912369
940,7,6,6.00388706710654
941,1,6,5.94803498918065
941,2,6,5.80211837537706
941,3,6,5.98645200528444
941,4,6,5.70711026474888
941,5,6,6.03068526026126
941,6,6,6.0137151560428
941,7,6,6.01126717440416
942,1,6,6.52356230614951
942,2,6,6.47697236288968
942,3,6,6.3750248198281
942,4,6,6.40025744530882
942,5,6,6.41017488196617
942,6,6,6.48920493132532
942,7,6,6.48157712927643
943,1,6,5.44241771052179
943,2,6,5.37527840768417
943,3,6,5.37527840768417
943,4,6,5.29831736654804
943,5,6,5.36597601502185
943,6,6,5.41164605185504
943,7,6,5.24702407216049
944,1,6,9.5313363234579
944,2,6,9.39598971886281
944,3,6,9.2617936535651
944,4,6,9.18450961194166
944,5,6,9.13841463240459
944,6,6,9.19146331620649
944,7,6,9.11294802596753
945,1,6,4.21950770517611
945,2,6,4.27666611901606
945,3,6,4.29045944114839
945,4,6,4.31748811353631
945,5,6,4.07753744390572
945,6,6,4.15888308335967
945,7,6,3.95124371858143
946,1,6,6.04973345523196
946,2,6,5.89989735358249
946,3,6,5.93753620508243
946,4,6,5.81413053182507
946,5,6,5.82600010738045
946,6,6,5.64544689764324
946,7,6,5.73009978297357
947,1,6,6.15697898558556
947,2,6,5.8805329864007
947,3,6,5.77455154554441
947,4,6,5.72358510195238
947,5,6,5.75257263882563
947,6,6,5.64190707093811
947,7,6,5.87773578177964
948,1,6,7.13009851012558
948,2,6,7.01391547481053
948,3,6,7.0184017990692
948,4,6,6.75576892198425
948,5,6,6.82110747225646
948,6,6,6.9555926083963
948,7,6,6.82762923450285
949,1,6,5.4971682252932
949,2,6,5.49306144334055
949,3,6,5.57972982598622
949,4,6,5.40267738187228
949,5,6,5.44673737166631
949,6,6,5.44241771052179
949,7,6,5.34710753071747
950,1,6,6.04737217904628
950,2,6,6.05443934626937
950,3,6,6.0330862217988
950,4,6,5.99645208861902
950,5,6,6.12249280951439
950,6,6,6.16120732169508
950,7,6,6.1527326947041
951,1,6,8.26616443661249
951,2,6,8.11192806331074
951,3,6,8.06620756800626
951,4,6,8.02092771898158
951,5,6,7.9483852851119
951,6,6,8.00369733909437
951,7,6,7.95191138185419
952,1,6,7.6377164326648
952,2,6,7.53955882930103
952,3,6,7.50878717063428
952,4,6,7.52294091807237
952,5,6,7.50823877467866
952,6,6,7.53743003658651
952,7,6,7.59387784460512
953,1,6,7.31455283232408
953,2,6,7.23273313617761
953,3,6,7.21081845347222
953,4,6,7.14677217945264
953,5,6,7.2086003379602
953,6,6,7.39203156751459
953,7,6,7.26612877955645
954,1,6,5.76832099579377
954,2,6,5.59842195899838
954,3,6,5.8664680569333
954,4,6,5.77144112313002
954,5,6,5.78382518232974
954,6,6,5.71373280550937
954,7,6,5.62401750618734
955,1,6,8.26462082941122
955,2,6,8.29029259122431
955,3,6,8.24012129807647
955,4,6,8.21500643276157
955,5,6,8.21554741194707
955,6,6,8.19726337141434
955,7,6,8.18172045512811
956,1,6,7.9208096792886
956,2,6,7.67971363996637
956,3,6,7.6231530684769
956,4,6,7.42237370098682
956,5,6,7.49609734517596
956,6,6,7.44600149832412
956,7,6,7.49609734517596
957,1,6,5.52545293913178
957,2,6,5.28320372873799
957,3,6,5.35185813347607
957,4,6,5.14166355650266
957,5,6,5.2040066870768
957,6,6,5.17614973257383
957,7,6,5.35185813347607
958,1,6,5.46806014113513
958,2,6,5.46383180502561
958,3,6,5.45958551414416
958,4,6,5.40267738187228
958,5,6,5.42053499927229
958,6,6,5.36129216570943
958,7,6,5.31811999384422
959,1,6,5.77455154554441
959,2,6,5.84354441703136
959,3,6,5.78689738136671
959,4,6,5.8171111599632
959,5,6,5.74620319054015
959,6,6,5.79301360838414
959,7,6,5.63121178182137
960,1,6,6.26149168432104
960,2,6,5.97380961186926
960,3,6,6.04737217904628
960,4,6,5.95324333428778
960,5,6,5.89164421182577
960,6,6,5.92157841964382
960,7,6,5.91620206260743
961,1,6,5.7037824746562
961,2,6,5.68357976733868
961,3,6,5.59471137960184
961,4,6,5.6970934865054
961,5,6,5.78996017089725
961,6,6,5.76832099579377
961,7,6,5.66296048013595
962,1,6,6.13122648948314
962,2,6,6.1463292576689
962,3,6,5.98645200528444
962,4,6,5.78689738136671
962,5,6,6.02344759296103
962,6,6,5.96100533962327
962,7,6,5.85220247977447
963,1,6,8.38753998318937
963,2,6,8.12946976478423
963,3,6,8.27231514795602
963,4,6,8.21419441485256
963,5,6,8.17075142375753
963,6,6,8.25035895147729
963,7,6,8.20303024171486
964,1,6,5.64544689764324
964,2,6,5.52146091786225
964,3,6,5.48479693349065
964,4,6,5.40267738187228
964,5,6,5.30330490805908
964,6,6,5.41610040220442
964,7,6,5.38449506278909
965,1,6,5.12396397940326
965,2,6,5.28320372873799
965,3,6,5.06259503302697
965,4,6,5.17614973257383
965,5,6,5.11198778835654
965,6,6,5.20948615284142
965,7,6,5.01727983681492
966,1,6,6.91473089271856
966,2,6,7.00488198971286
966,3,6,6.97447891102505
966,4,6,6.74993119378857
966,5,6,6.76734312526539
966,6,6,6.80793494369993
966,7,6,6.80793494369993
967,1,6,7.81843027207066
967,2,6,7.84384863815247
967,3,6,7.77779262633883
967,4,6,7.65633716643018
967,5,6,7.79688034278352
967,6,6,7.81278281857758
967,7,6,7.7621706071382
968,1,6,5.96870755998537
968,2,6,5.73334127689775
968,3,6,5.52545293913178
968,4,6,5.4553211153577
968,5,6,5.46383180502561
968,6,6,5.51342874616498
968,7,6,5.57972982598622
969,1,7,6.09356977004514
969,2,7,5.92157841964382
969,3,7,5.98141421125448
969,4,7,5.85507192220243
969,5,7,5.88610403145016
969,6,7,5.77455154554441
969,7,7,5.83188247728352
970,1,7,5.09375020080676
970,2,7,4.96284463025991
970,3,7,4.83628190695148
970,4,7,4.85981240436167
970,5,7,4.87519732320115
970,6,7,4.88280192258637
970,7,7,5.01063529409626
971,1,7,4.68213122712422
971,2,7,4.56434819146784
971,3,7,4.72738781871234
971,4,7,4.70048036579242
971,5,7,4.61512051684126
971,6,7,4.49980967033027
971,7,7,4.67282883446191
972,1,7,6.26339826259162
972,2,7,6.12029741895095
972,3,7,5.99146454710798
972,4,7,5.97126183979046
972,5,7,5.99146454710798
972,6,7,5.92157841964382
972,7,7,5.95842469302978
973,1,7,6.48920493132532
973,2,7,6.30991827822652
973,3,7,6.19847871649231
973,4,7,6.12468339089421
973,5,7,6.09582456243222
973,6,7,6.06610809010375
973,7,7,6.06610809010375
974,1,7,5.52942908751142
974,2,7,5.48063892334199
974,3,7,5.51342874616498
974,4,7,5.51745289646471
974,5,7,5.40267738187228
974,6,7,5.30330490805908
974,7,7,5.25749537202778
975,1,7,5.39816270151775
975,2,7,5.37527840768417
975,3,7,5.36129216570943
975,4,7,5.25227342804663
975,5,7,5.32787616878958
975,6,7,5.18738580584075
975,7,7,5.12396397940326
976,1,7,5.48479693349065
976,2,7,5.31811999384422
976,3,7,5.18738580584075
976,4,7,5.20948615284142
976,5,7,5.38449506278909
976,6,7,5.28826703069454
976,7,7,5.37527840768417
977,1,7,4.12713438504509
977,2,7,4.18965474202643
977,3,7,4.48863636973214
977,4,7,4.71849887129509
977,5,7,4.65396035015752
977,6,7,4.66343909411207
977,7,7,4.71849887129509
978,1,7,7.78364059622125
978,2,7,7.73543335249969
978,3,7,7.70706265537047
978,4,7,7.67554600253785
978,5,7,7.70751219460034
978,6,7,7.71110125184016
978,7,7,7.75705114203201
979,1,7,7.51207124583547
979,2,7,7.44073370738926
979,3,7,7.41034709782102
979,4,7,7.31920245876785
979,5,7,7.33367639565768
979,6,7,7.33823815006559
979,7,7,7.40245152081824
980,1,7,6.38856140554563
980,2,7,6.43133108193348
980,3,7,6.40025744530882
980,4,7,6.51174532964473
980,5,7,6.53813982376767
980,6,7,6.41345895716736
980,7,7,6.29341927884648
981,1,7,4.11087386417331
981,2,7,4.17438726989564
981,3,7,4.11087386417331
981,4,7,3.89182029811063
981,5,7,3.89182029811063
981,6,7,4.24849524204936
981,7,7,3.87120101090789
982,1,7,6.22455842927536
982,2,7,6.16120732169508
982,3,7,6.21460809842219
982,4,7,6.16120732169508
982,5,7,6.24416690066374
982,6,7,6.20455776256869
982,7,7,6.29710931993394
983,1,7,6.65286302935335
983,2,7,6.58479139238572
983,3,7,6.55819780281227
983,4,7,6.59167373200866
983,5,7,6.63987583382654
983,6,7,6.68710860786651
983,7,7,6.62539236800796
984,1,7,7.35946763825562
984,2,7,7.27793857294566
984,3,7,7.25417784645652
984,4,7,7.28276117960559
984,5,7,7.33693691370762
984,6,7,7.2902928824466
984,7,7,7.2902928824466
985,1,7,5.04985600724954
985,2,7,4.89034912822175
985,3,7,4.82028156560504
985,4,7,4.80402104473326
985,5,7,4.65396035015752
985,6,7,4.69134788222914
985,7,7,4.8283137373023
986,1,7,3.55534806148941
986,2,7,3.46573590279973
986,3,7,3.71357206670431
986,4,7,3.73766961828337
986,5,7,3.66356164612965
986,6,7,3.73766961828337
986,7,7,3.58351893845611
987,1,7,7.32251043399739
987,2,7,7.24208235925696
987,3,7,7.09340462586877
987,4,7,7.07580886397839
987,5,7,7.06987412845857
987,6,7,7.07326971745971
987,7,7,7.02019070831193
988,1,7,5.15329159449778
988,2,7,5.12396397940326
988,3,7,5.12989871492307
988,4,7,5.25749537202778
988,5,7,5.08140436498446
988,6,7,5.0998664278242
988,7,7,5.11198778835654
989,1,7,4.61512051684126
989,2,7,4.67282883446191
989,3,7,4.71849887129509
989,4,7,4.65396035015752
989,5,7,4.64439089914137
989,6,7,4.36944785246702
989,7,7,4.4188406077966
990,1,7,6.53524127101366
990,2,7,6.4707995037826
990,3,7,6.47697236288968
990,4,7,6.42162226780652
990,5,7,6.54391184556479
990,6,7,6.67076632084587
990,7,7,6.71295620067707
991,1,7,4.27666611901606
991,2,7,3.95124371858143
991,3,7,4.02535169073515
991,4,7,3.87120101090789
991,5,7,4.00733318523247
991,6,7,4.17438726989564
991,7,7,4.23410650459726
992,1,7,8.46400336290212
992,2,7,8.43923164994653
992,3,7,8.30226579487337
992,4,7,8.26873183211774
992,5,7,8.23906533176927
992,6,7,8.25712628599743
992,7,7,8.25322764558177
993,1,7,5.5683445037611
993,2,7,5.47227067367148
993,3,7,5.45958551414416
993,4,7,5.53733426701854
993,5,7,5.4510384535657
993,6,7,5.37989735354046
993,7,7,5.52942908751142
994,1,7,7.45124168498768
994,2,7,7.35436233042148
994,3,7,7.31588350450979
994,4,7,7.23705902612474
994,5,7,7.20042489294496
994,6,7,7.22256601882217
994,7,7,7.28000825288419
995,1,7,5.66988092298052
995,2,7,5.57594910314632
995,3,7,5.55295958492162
995,4,7,5.68697535633982
995,5,7,5.60947179518496
995,6,7,5.67675380226828
995,7,7,5.605802066296
996,1,7,5.89164421182577
996,2,7,5.65599181081985
996,3,7,5.79909265446053
996,4,7,5.49306144334055
996,5,7,5.54907608489522
996,6,7,5.61312810638807
996,7,7,5.61312810638807
997,1,7,4.54329478227
997,2,7,4.23410650459726
997,3,7,4.39444915467244
997,4,7,4.33073334028633
997,5,7,4.20469261939097
997,6,7,4.14313472639153
997,7,7,4.07753744390572
998,1,7,4.99043258677874
998,2,7,4.99721227376411
998,3,7,5.04342511691925
998,4,7,4.89034912822175
998,5,7,5.11198778835654
998,6,7,5.08140436498446
998,7,7,4.88280192258637
999,1,7,5.19295685089021
999,2,7,5.21493575760899
999,3,7,4.99721227376411
999,4,7,4.55387689160054
999,5,7,4.64439089914137
999,6,7,4.63472898822964
999,7,7,4.67282883446191
1000,1,7,5.25749537202778
1000,2,7,5.12396397940326
1000,3,7,5.07517381523383
1000,4,7,5.13579843705026
1000,5,7,5.11799381241676
1000,6,7,5.09375020080676
1000,7,7,5.02388052084628
1001,1,7,4.70953020131233
1001,2,7,4.61512051684126
1001,3,7,4.33073334028633
1001,4,7,1.79175946922805
1001,5,7,1.94591014905531
1001,6,7,2.99573227355399
1001,7,7,3.3322045101752
1002,1,7,5.93753620508243
1002,2,7,5.8348107370626
1002,3,7,5.79605775076537
1002,4,7,5.77765232322266
1002,5,7,5.75890177387728
1002,6,7,5.84932477994686
1002,7,7,5.8348107370626
1003,1,7,7.60589000105312
1003,2,7,7.48549160803075
1003,3,7,7.47477218239787
1003,4,7,7.48661331313996
1003,5,7,7.48099216286952
1003,6,7,7.45703208912238
1003,7,7,7.42237370098682
1004,1,7,5.92958914338989
1004,2,7,5.87493073085203
1004,3,7,5.8111409929767
1004,4,7,5.76205138278018
1004,5,7,5.87211778947542
1004,6,7,5.94542060860658
1004,7,7,5.8805329864007
1005,1,7,4.57471097850338
1005,2,7,4.61512051684126
1005,3,7,4.45434729625351
1005,4,7,4.43081679884331
1005,5,7,4.36944785246702
1005,6,7,4.35670882668959
1005,7,7,4.35670882668959
1006,1,7,8.54616929965275
1006,2,7,8.48280876455441
1006,3,7,8.44827174594982
1006,4,7,8.39117635083275
1006,5,7,8.39976009452414
1006,6,7,8.46779284112111
1006,7,7,8.44891435066294
1007,1,7,5.19849703126583
1007,2,7,5.10594547390058
1007,3,7,4.94875989037817
1007,4,7,4.84418708645859
1007,5,7,4.969813299576
1007,6,7,4.8283137373023
1007,7,7,4.8283137373023
1008,1,7,5.2257466737132
1008,2,7,5.18178355029209
1008,3,7,5.11198778835654
1008,4,7,5.06259503302697
1008,5,7,5.17048399503815
1008,6,7,4.94875989037817
1008,7,7,4.90527477843843
1009,1,7,6.00635315960173
1009,2,7,5.87493073085203
1009,3,7,5.94542060860658
1009,4,7,5.87493073085203
1009,5,7,5.89164421182577
1009,6,7,5.84643877505772
1009,7,7,5.86078622346587
1010,1,7,3.61091791264422
1010,2,7,3.58351893845611
1010,3,7,3.46573590279973
1010,4,7,3.25809653802148
1010,5,7,3.3322045101752
1010,6,7,3.40119738166216
1010,7,7,3.49650756146648
1011,1,7,4.31748811353631
1011,2,7,4.20469261939097
1011,3,7,4.00733318523247
1011,4,7,3.61091791264422
1011,5,7,3.91202300542815
1011,6,7,4.00733318523247
1011,7,7,3.87120101090789
1012,1,7,4.80402104473326
1012,2,7,4.58496747867057
1012,3,7,4.70048036579242
1012,4,7,4.7361984483945
1012,5,7,4.70953020131233
1012,6,7,4.69134788222914
1012,7,7,4.62497281328427
1013,1,7,6.56103066589657
1013,2,7,6.45519856334012
1013,3,7,6.38519439899773
1013,4,7,6.34035930372775
1013,5,7,6.31896811374643
1013,6,7,6.21860011969173
1013,7,7,6.23244801655052
1014,1,7,4.36944785246702
1014,2,7,4.53259949315326
1014,3,7,4.20469261939097
1014,4,7,4.61512051684126
1014,5,7,4.43081679884331
1014,6,7,4.47733681447821
1014,7,7,4.75359019110636
1015,1,7,9.5493807367031
1015,2,7,9.45360022687522
1015,3,7,9.37330920025432
1015,4,7,9.30565055178051
1015,5,7,9.32215004702819
1015,6,7,9.29016767183574
1015,7,7,9.28089202792713
1016,1,7,7.71020519443253
1016,2,7,7.56164174558878
1016,3,7,7.44658509915773
1016,4,7,7.39387829010776
1016,5,7,7.4121603349452
1016,6,7,7.46393660446893
1016,7,7,7.41457288135059
1017,1,7,7.9355873855892
1017,2,7,7.86940171257709
1017,3,7,7.80628928926703
1017,4,7,7.78572089653462
1017,5,7,7.74283595543075
1017,6,7,7.73848812249465
1017,7,7,7.7367436824535
1018,1,7,6.31896811374643
1018,2,7,6.22653666928747
1018,3,7,6.07993319509559
1018,4,7,6.14203740558736
1018,5,7,6.20050917404269
1018,6,7,6.16120732169508
1018,7,7,6.18414889093748
1019,1,7,4.02535169073515
1019,2,7,3.97029191355212
1019,3,7,4.23410650459726
1019,4,7,4.15888308335967
1019,5,7,4.15888308335967
1019,6,7,4.00733318523247
1019,7,7,4.04305126783455
1020,1,7,6.36302810354046
1020,2,7,6.23244801655052
1020,3,7,6.13556489108174
1020,4,7,6.0591231955818
1020,5,7,6.1463292576689
1020,6,7,6.28226674689601
1020,7,7,6.27476202124194
1021,1,7,6.42324696353352
1021,2,7,6.37331978957701
1021,3,7,6.1527326947041
1021,4,7,6.19236248947487
1021,5,7,6.1463292576689
1021,6,7,6.09582456243222
1021,7,7,6.12029741895095
1022,1,7,6.09807428216624
1022,2,7,5.95324333428778
1022,3,7,5.96870755998537
1022,4,7,6.00388706710654
1022,5,7,5.94017125272043
1022,6,7,5.91350300563827
1022,7,7,5.92692602597041
1023,1,7,4.9416424226093
1023,2,7,4.77912349311153
1023,3,7,4.70048036579242
1023,4,7,4.79579054559674
1023,5,7,4.57471097850338
1023,6,7,4.75359019110636
1023,7,7,4.72738781871234
1024,1,7,6.52209279817015
1024,2,7,6.54965074223381
1024,3,7,6.45990445437753
1024,4,7,6.50876913697168
1024,5,7,6.51025834052315
1024,6,7,6.57786135772105
1024,7,7,6.59167373200866
1025,1,7,5.18738580584075
1025,2,7,5.14166355650266
1025,3,7,5.30826769740121
1025,4,7,5.24702407216049
1025,5,7,5.37527840768417
1025,6,7,5.26785815906333
1025,7,7,5.34710753071747
1026,1,7,5.98141421125448
1026,2,7,5.89715386763674
1026,3,7,5.7268477475872
1026,4,7,5.75574221358691
1026,5,7,5.64544689764324
1026,6,7,5.67675380226828
1026,7,7,5.54517744447956
1027,1,7,5.36597601502185
1027,2,7,5.27299955856375
1027,3,7,5.35658627467201
1027,4,7,5.23110861685459
1027,5,7,5.16478597392351
1027,6,7,5.28320372873799
1027,7,7,5.33753807970132
1028,1,7,5.60947179518496
1028,2,7,5.52942908751142
1028,3,7,5.64544689764324
1028,4,7,5.53338948872752
1028,5,7,5.54126354515843
1028,6,7,5.53338948872752
1028,7,7,5.50938833662798
1029,1,7,6.15909538849193
1029,2,7,6.21460809842219
1029,3,7,5.90263333340137
1029,4,7,5.54126354515843
1029,5,7,5.41164605185504
1029,6,7,5.26785815906333
1029,7,7,5.19295685089021
1030,1,7,4.72738781871234
1030,2,7,4.54329478227
1030,3,7,4.75359019110636
1030,4,7,4.68213122712422
1030,5,7,4.64439089914137
1030,6,7,4.46590811865458
1030,7,7,4.57471097850338
1031,1,7,6.50876913697168
1031,2,7,6.34738920965601
1031,3,7,6.39359075395063
1031,4,7,6.33150184989369
1031,5,7,6.42324696353352
1031,6,7,6.39692965521615
1031,7,7,6.36818718635049
1032,1,7,4.20469261939097
1032,2,7,4.18965474202643
1032,3,7,3.89182029811063
1032,4,7,3.98898404656427
1032,5,7,4.06044301054642
1032,6,7,3.91202300542815
1032,7,7,3.80666248977032
1033,1,7,5.68697535633982
1033,2,7,5.61312810638807
1033,3,7,5.52942908751142
1033,4,7,5.34233425196481
1033,5,7,5.34710753071747
1033,6,7,5.41610040220442
1033,7,7,5.38449506278909
1034,1,7,4.90527477843843
1034,2,7,4.96284463025991
1034,3,7,4.68213122712422
1034,4,7,4.74493212836325
1034,5,7,4.72738781871234
1034,6,7,4.68213122712422
1034,7,7,4.56434819146784
1035,1,7,5.57215403217776
1035,2,7,5.50938833662798
1035,3,7,5.20948615284142
1035,4,7,5.32300997913841
1035,5,7,5.23644196282995
1035,6,7,5.25749537202778
1035,7,7,5.32787616878958
1036,1,7,4.89034912822175
1036,2,7,4.80402104473326
1036,3,7,4.71849887129509
1036,4,7,4.55387689160054
1036,5,7,4.55387689160054
1036,6,7,4.48863636973214
1036,7,7,4.24849524204936
1037,1,7,5.42053499927229
1037,2,7,5.37063802812766
1037,3,7,5.15905529921453
1037,4,7,5.19849703126583
1037,5,7,5.0998664278242
1037,6,7,5.22035582507832
1037,7,7,5.06259503302697
1038,1,7,5.36129216570943
1038,2,7,5.14749447681345
1038,3,7,5.29330482472449
1038,4,7,5.38449506278909
1038,5,7,5.50125821054473
1038,6,7,5.35185813347607
1038,7,7,5.25227342804663
1039,1,7,5.43372200355424
1039,2,7,5.26785815906333
1039,3,7,5.56452040732269
1039,4,7,5.50938833662798
1039,5,7,5.44673737166631
1039,6,7,5.40717177146012
1039,7,7,5.4380793089232
1040,1,7,6.56244409369372
1040,2,7,6.49072353450251
1040,3,7,6.67076632084587
1040,4,7,6.6631326959908
1040,5,7,6.59030104819669
1040,6,7,6.62007320653036
1040,7,7,6.62140565176413
1041,1,7,5.90263333340137
1041,2,7,5.8171111599632
1041,3,7,5.75890177387728
1041,4,7,5.68697535633982
1041,5,7,5.63835466933375
1041,6,7,5.64897423816121
1041,7,7,5.54517744447956
1042,1,7,4.47733681447821
1042,2,7,4.52178857704904
1042,3,7,4.21950770517611
1042,4,7,4.18965474202643
1042,5,7,4.35670882668959
1042,6,7,4.35670882668959
1042,7,7,4.51085950651685
1043,1,7,5.20948615284142
1043,2,7,5.20948615284142
1043,3,7,5.28826703069454
1043,4,7,5.28826703069454
1043,5,7,5.31320597904179
1043,6,7,5.2257466737132
1043,7,7,5.16478597392351
1044,1,7,4.04305126783455
1044,2,7,3.93182563272433
1044,3,7,3.78418963391826
1044,4,7,3.55534806148941
1044,5,7,3.61091791264422
1044,6,7,3.71357206670431
1044,7,7,3.80666248977032
1045,1,7,5.40717177146012
1045,2,7,5.51342874616498
1045,3,7,5.4971682252932
1045,4,7,5.34233425196481
1045,5,7,5.26269018890489
1045,6,7,5.45958551414416
1045,7,7,5.55295958492162
1046,1,7,6.20455776256869
1046,2,7,6.12905021006055
1046,3,7,6.18620862390049
1046,4,7,6.16541785423142
1046,5,7,6.06145691892802
1046,6,7,6.07534603108868
1046,7,7,6.01126717440416
1047,1,7,6.67959918584438
1047,2,7,6.4831073514572
1047,3,7,6.49223983502047
1047,4,7,6.53813982376767
1047,5,7,6.46614472423762
1047,6,7,6.49526555593701
1047,7,7,6.41345895716736
1048,1,7,6.69703424766648
1048,2,7,6.63068338564237
1048,3,7,6.65286302935335
1048,4,7,6.6682282484174
1048,5,7,6.68835471394676
1048,6,7,6.61338421837956
1048,7,7,6.63725803128446
1049,1,7,5.8171111599632
1049,2,7,5.66988092298052
1049,3,7,5.605802066296
1049,4,7,5.69035945432406
1049,5,7,5.72031177660741
1049,6,7,5.7037824746562
1049,7,7,5.63835466933375
1050,1,7,7.30720231476474
1050,2,7,7.25700270709207
1050,3,7,7.3790081276283
1050,4,7,7.31188616407716
1050,5,7,7.27586460054653
1050,6,7,7.35436233042148
1050,7,7,7.30720231476474
1051,1,7,5.85220247977447
1051,2,7,5.87493073085203
1051,3,7,5.70044357339069
1051,4,7,5.62762111369064
1051,5,7,5.70044357339069
1051,6,7,5.78996017089725
1051,7,7,5.82600010738045
1052,1,7,5.80513496891649
1052,2,7,5.8171111599632
1052,3,7,5.84643877505772
1052,4,7,5.96357934361845
1052,5,7,5.96870755998537
1052,6,7,5.98393628068719
1052,7,7,5.89989735358249
1053,1,7,4.00733318523247
1053,2,7,4.04305126783455
1053,3,7,4.07753744390572
1053,4,7,3.78418963391826
1053,5,7,3.8286413964891
1053,6,7,3.95124371858143
1053,7,7,3.73766961828337
1054,1,7,4.80402104473326
1054,2,7,4.46590811865458
1054,3,7,4.57471097850338
1054,4,7,4.35670882668959
1054,5,7,4.30406509320417
1054,6,7,4.45434729625351
1054,7,7,4.46590811865458
1055,1,7,5.94542060860658
1055,2,7,5.82894561761021
1055,3,7,5.80814248998044
1055,4,7,5.72031177660741
1055,5,7,5.75890177387728
1055,6,7,5.73009978297357
1055,7,7,5.73009978297357
1056,1,7,5.57972982598622
1056,2,7,5.52942908751142
1056,3,7,5.48063892334199
1056,4,7,5.26785815906333
1056,5,7,5.28320372873799
1056,6,7,5.18738580584075
1056,7,7,5.22035582507832
1057,1,7,3.49650756146648
1057,2,7,3.66356164612965
1057,3,7,3.91202300542815
1057,4,7,3.36729582998647
1057,5,7,3.40119738166216
1057,6,7,3.25809653802148
1057,7,7,3.2188758248682
1058,1,7,8.71407489954152
1058,2,7,8.70896990698095
1058,3,7,8.70034773451408
1058,4,7,8.6901375863976
1058,5,7,8.71078434046842
1058,6,7,8.74113642290101
1058,7,7,8.72696777499149
1059,1,7,4.85981240436167
1059,2,7,4.82028156560504
1059,3,7,4.62497281328427
1059,4,7,4.48863636973214
1059,5,7,4.70048036579242
1059,6,7,4.51085950651685
1059,7,7,4.49980967033027
1060,1,7,5.75574221358691
1060,2,7,5.74300318780948
1060,3,7,5.77144112313002
1060,4,7,5.76832099579377
1060,5,7,5.63478960316925
1060,6,7,5.71373280550937
1060,7,7,5.74300318780948
1061,1,7,6.85751406254539
1061,2,7,6.73696695800186
1061,3,7,6.74758652682932
1061,4,7,6.78105762593618
1061,5,7,6.76157276880406
1061,6,7,6.74405918631135
1061,7,7,6.79682371827486
1062,1,7,10.2025545698545
1062,2,7,10.0785327003593
1062,3,7,10.0165929986414
1062,4,7,9.97151996292795
1062,5,7,9.94721731539745
1062,6,7,9.95132488195029
1062,7,7,9.94371737175519
1063,1,7,5.99893656194668
1063,2,7,5.91620206260743
1063,3,7,5.89715386763674
1063,4,7,5.9427993751267
1063,5,7,5.92958914338989
1063,6,7,5.81413053182507
1063,7,7,5.85220247977447
1064,1,7,4.30406509320417
1064,2,7,4.27666611901606
1064,3,7,4.15888308335967
1064,4,7,3.97029191355212
1064,5,7,4.00733318523247
1064,6,7,4.0943445622221
1064,7,7,4.00733318523247
1065,1,7,6.38687931936265
1065,2,7,6.30261897574491
1065,3,7,6.08904487544685
1065,4,7,6.19031540585315
1065,5,7,6.15060276844628
1065,6,7,6.09807428216624
1065,7,7,6.00635315960173
1066,1,7,4.23410650459726
1066,2,7,4.29045944114839
1066,3,7,4.18965474202643
1066,4,7,3.89182029811063
1066,5,7,3.78418963391826
1066,6,7,3.80666248977032
1066,7,7,3.73766961828337
1067,1,7,4.27666611901606
1067,2,7,4.39444915467244
1067,3,7,4.18965474202643
1067,4,7,4.33073334028633
1067,5,7,4.33073334028633
1067,6,7,4.31748811353631
1067,7,7,4.15888308335967
1068,1,7,6.0137151560428
1068,2,7,5.80814248998044
1068,3,7,5.93489419561959
1068,4,7,5.9427993751267
1068,5,7,5.82304589548302
1068,6,7,5.82304589548302
1068,7,7,5.8348107370626
1069,1,7,5.18178355029209
1069,2,7,5.17048399503815
1069,3,7,5.00394630594546
1069,4,7,5.19849703126583
1069,5,7,5.19849703126583
1069,6,7,5.23644196282995
1069,7,7,5.32300997913841
1070,1,7,4.53259949315326
1070,2,7,4.52178857704904
1070,3,7,4.26267987704132
1070,4,7,4.24849524204936
1070,5,7,3.93182563272433
1070,6,7,4.02535169073515
1070,7,7,4.12713438504509
1071,1,7,6.70808408385307
1071,2,7,6.68959926917897
1071,3,7,6.77764659363512
1071,4,7,6.76734312526539
1071,5,7,6.8134445995109
1071,6,7,6.90775527898214
1071,7,7,6.99117688712121
1072,1,7,5.48893772615669
1072,2,7,5.37527840768417
1072,3,7,5.37989735354046
1072,4,7,5.29831736654804
1072,5,7,5.43372200355424
1072,6,7,5.41610040220442
1072,7,7,5.40267738187228
1073,1,7,5.80211837537706
1073,2,7,5.59098698051086
1073,3,7,5.54517744447956
1073,4,7,5.44241771052179
1073,5,7,5.50533153593236
1073,6,7,5.4971682252932
1073,7,7,5.48893772615669
1074,1,7,6.12249280951439
1074,2,7,5.97380961186926
1074,3,7,5.88332238848828
1074,4,7,5.95324333428778
1074,5,7,5.99396142730657
1074,6,7,5.90263333340137
1074,7,7,5.88887795833288
1075,1,7,5.18738580584075
1075,2,7,5.09375020080676
1075,3,7,5.18178355029209
1075,4,7,5.02388052084628
1075,5,7,5.01727983681492
1075,6,7,4.99043258677874
1075,7,7,4.88280192258637
1076,1,7,4.54329478227
1076,2,7,4.62497281328427
1076,3,7,4.79579054559674
1076,4,7,4.61512051684126
1076,5,7,4.58496747867057
1076,6,7,4.56434819146784
1076,7,7,4.55387689160054
1077,1,7,5.80513496891649
1077,2,7,5.81413053182507
1077,3,7,5.79605775076537
1077,4,7,5.84354441703136
1077,5,7,5.82008293035236
1077,6,7,5.79605775076537
1077,7,7,5.94542060860658
1078,1,7,3.09104245335832
1078,2,7,3.13549421592915
1078,3,7,3.29583686600433
1078,4,7,3.09104245335832
1078,5,7,2.94443897916644
1078,6,7,2.63905732961526
1078,7,7,2.70805020110221
1079,1,7,5.39816270151775
1079,2,7,5.30330490805908
1079,3,7,5.52942908751142
1079,4,7,5.54517744447956
1079,5,7,5.51745289646471
1079,6,7,5.42053499927229
1079,7,7,5.26269018890489
1080,1,7,8.66163979578127
1080,2,7,8.46315930292375
1080,3,7,8.40200678160712
1080,4,7,8.34616759436413
1080,5,7,8.29704514908183
1080,6,7,8.29679586577005
1080,7,7,8.25816336153762
1081,1,7,4.88280192258637
1081,2,7,4.74493212836325
1081,3,7,4.74493212836325
1081,4,7,4.77912349311153
1081,5,7,4.66343909411207
1081,6,7,4.77068462446567
1081,7,7,4.59511985013459
1082,1,7,3.85014760171006
1082,2,7,3.8286413964891
1082,3,7,4.06044301054642
1082,4,7,3.89182029811063
1082,5,7,3.89182029811063
1082,6,7,3.61091791264422
1082,7,7,3.89182029811063
1083,1,7,4.24849524204936
1083,2,7,4.02535169073515
1083,3,7,4.06044301054642
1083,4,7,3.85014760171006
1083,5,7,3.58351893845611
1083,6,7,3.93182563272433
1083,7,7,3.78418963391826
1084,1,7,4.89783979995091
1084,2,7,4.85203026391962
1084,3,7,5.08140436498446
1084,4,7,4.92725368515721
1084,5,7,4.77912349311153
1084,6,7,4.87519732320115
1084,7,7,4.97673374242057
1085,1,7,1.79175946922805
1085,2,7,1.94591014905531
1085,3,7,2.484906649788
1085,4,7,1.94591014905531
1085,5,7,1.6094379124341
1085,6,7,1.94591014905531
1085,7,7,2.07944154167984
1086,1,7,7.33888813383888
1086,2,7,7.25629723969068
1086,3,7,7.27793857294566
1086,4,7,7.16626597413364
1086,5,7,7.19142933003638
1086,6,7,7.25981961036319
1086,7,7,7.28138566357028
1087,1,7,3.66356164612965
1087,2,7,3.49650756146648
1087,3,7,3.98898404656427
1087,4,7,3.46573590279973
1087,5,7,3.73766961828337
1087,6,7,3.55534806148941
1087,7,7,3.85014760171006
1088,1,7,5.4971682252932
1088,2,7,5.54517744447956
1088,3,7,5.57972982598622
1088,4,7,5.37527840768417
1088,5,7,5.35658627467201
1088,6,7,5.4553211153577
1088,7,7,5.46806014113513
1089,1,7,3.46573590279973
1089,2,7,3.73766961828337
1089,3,7,3.63758615972639
1089,4,7,3.76120011569356
1089,5,7,3.40119738166216
1089,6,7,3.3322045101752
1089,7,7,3.36729582998647
1090,1,7,5.43372200355424
1090,2,7,5.36129216570943
1090,3,7,5.37063802812766
1090,4,7,5.30826769740121
1090,5,7,5.16478597392351
1090,6,7,5.44241771052179
1090,7,7,5.25227342804663
1091,1,7,4.59511985013459
1091,2,7,4.81218435537242
1091,3,7,5.03043792139244
1091,4,7,4.99043258677874
1091,5,7,5.03043792139244
1091,6,7,5.12989871492307
1091,7,7,5.20948615284142
1092,1,7,3.8286413964891
1092,2,7,4.11087386417331
1092,3,7,4.23410650459726
1092,4,7,4.11087386417331
1092,5,7,4.17438726989564
1092,6,7,4.00733318523247
1092,7,7,4.17438726989564
1093,1,7,5.50533153593236
1093,2,7,5.4971682252932
1093,3,7,5.4249500174814
1093,4,7,5.43372200355424
1093,5,7,5.34233425196481
1093,6,7,5.28320372873799
1093,7,7,5.34710753071747
1094,1,7,7.33106030521863
1094,2,7,7.28756064030972
1094,3,7,7.34342622914737
1094,4,7,7.25700270709207
1094,5,7,7.29369772060144
1094,6,7,7.43720636687129
1094,7,7,7.47250074473756
1095,1,7,7.18841273649695
1095,2,7,7.14991683613211
1095,3,7,7.11232744471091
1095,4,7,7.06987412845857
1095,5,7,7.15773548424991
1095,6,7,7.18159194461187
1095,7,7,7.22693601849329
1096,1,7,2.77258872223978
1096,2,7,2.39789527279837
1096,3,7,2.39789527279837
1096,4,7,2.89037175789616
1096,5,7,2.484906649788
1096,6,7,2.83321334405622
1096,7,7,2.89037175789616
1097,1,7,4.96284463025991
1097,2,7,4.72738781871234
1097,3,7,4.76217393479776
1097,4,7,4.7361984483945
1097,5,7,4.83628190695148
1097,6,7,4.90527477843843
1097,7,7,4.79579054559674
1098,1,7,3.25809653802148
1098,2,7,3.46573590279973
1098,3,7,3.13549421592915
1098,4,7,2.70805020110221
1098,5,7,2.94443897916644
1098,6,7,2.99573227355399
1098,7,7,3.25809653802148
1099,1,7,5.92692602597041
1099,2,7,5.8348107370626
1099,3,7,5.79909265446053
1099,4,7,5.66642668811243
1099,5,7,5.66988092298052
1099,6,7,5.64190707093811
1099,7,7,5.72031177660741
1100,1,7,4.52178857704904
1100,2,7,4.74493212836325
1100,3,7,4.72738781871234
1100,4,7,4.7361984483945
1100,5,7,4.66343909411207
1100,6,7,4.56434819146784
1100,7,7,4.69134788222914
1101,1,7,5.82600010738045
1101,2,7,5.79605775076537
1101,3,7,5.78382518232974
1101,4,7,5.67332326717149
1101,5,7,5.64190707093811
1101,6,7,5.63478960316925
1101,7,7,5.74620319054015
1102,1,7,7.11720550316434
1102,2,7,7.05789793741186
1102,3,7,7.12929754892937
1102,4,7,7.0604763659998
1102,5,7,7.00397413672268
1102,6,7,7.09506437728713
1102,7,7,7.09589322109753
1103,1,7,2.56494935746154
1103,2,7,2.89037175789616
1103,3,7,2.83321334405622
1103,4,7,2.83321334405622
1103,5,7,2.94443897916644
1103,6,7,2.77258872223978
1103,7,7,2.83321334405622
1104,1,7,5.36129216570943
1104,2,7,5.40717177146012
1104,3,7,5.44241771052179
1104,4,7,5.40717177146012
1104,5,7,5.46383180502561
1104,6,7,5.3890717298165
1104,7,7,5.46383180502561
1105,1,7,2.70805020110221
1105,2,7,2.56494935746154
1105,3,7,1.94591014905531
1105,4,7,2.99573227355399
1105,5,7,3.09104245335832
1105,6,7,3.40119738166216
1105,7,7,3.13549421592915
1106,1,7,3.68887945411394
1106,2,7,3.40119738166216
1106,3,7,3.49650756146648
1106,4,7,3.66356164612965
1106,5,7,3.2188758248682
1106,6,7,2.63905732961526
1106,7,7,3.09104245335832
1107,1,7,3.91202300542815
1107,2,7,3.66356164612965
1107,3,7,3.87120101090789
1107,4,7,3.63758615972639
1107,5,7,3.87120101090789
1107,6,7,3.55534806148941
1107,7,7,3.58351893845611
1108,1,7,7.51969240411654
1108,2,7,7.48042830607421
1108,3,7,7.4713630881871
1108,4,7,7.43661726523423
1108,5,7,7.38274644973891
1108,6,7,7.43543801981455
1108,7,7,7.48324441607385
1109,1,7,3.91202300542815
1109,2,7,3.91202300542815
1109,3,7,3.43398720448515
1109,4,7,3.40119738166216
1109,5,7,3.36729582998647
1109,6,7,3.17805383034795
1109,7,7,3.25809653802148
1110,1,7,5.59842195899838
1110,2,7,5.57215403217776
1110,3,7,5.56452040732269
1110,4,7,5.46383180502561
1110,5,7,5.49306144334055
1110,6,7,5.50125821054473
1110,7,7,5.46806014113513
1111,1,7,4.17438726989564
1111,2,7,4.24849524204936
1111,3,7,4.14313472639153
1111,4,7,4.06044301054642
1111,5,7,3.8286413964891
1111,6,7,3.85014760171006
1111,7,7,3.68887945411394
1112,1,7,4.67282883446191
1112,2,7,4.77068462446567
1112,3,7,4.75359019110636
1112,4,7,4.47733681447821
1112,5,7,4.56434819146784
1112,6,7,4.49980967033027
1112,7,7,4.58496747867057
1113,1,7,3.09104245335832
1113,2,7,3.13549421592915
1113,3,7,2.94443897916644
1113,4,7,3.43398720448515
1113,5,7,3.04452243772342
1113,6,7,3.17805383034795
1113,7,7,3.09104245335832
1114,1,7,3.95124371858143
1114,2,7,4.06044301054642
1114,3,7,4.00733318523247
1114,4,7,3.80666248977032
1114,5,7,3.78418963391826
1114,6,7,3.85014760171006
1114,7,7,3.73766961828337
1115,1,7,2.19722457733622
1115,2,7,2.484906649788
1115,3,7,2.07944154167984
1115,4,7,2.30258509299405
1115,5,7,1.94591014905531
1115,6,7,2.30258509299405
1115,7,7,2.56494935746154
1116,1,7,6.15060276844628
1116,2,7,6.09356977004514
1116,3,7,6.21260609575152
1116,4,7,6.21860011969173
1116,5,7,6.18208490671663
1116,6,7,6.26909628370626
1116,7,7,6.27852142416584
1117,1,7,5.46806014113513
1117,2,7,5.56068163101553
1117,3,7,5.47646355193151
1117,4,7,5.42934562895444
1117,5,7,5.57972982598622
1117,6,7,5.55682806169954
1117,7,7,5.61677109766657
1118,1,7,5.56452040732269
1118,2,7,5.55682806169954
1118,3,7,5.35185813347607
1118,4,7,5.32300997913841
1118,5,7,5.11198778835654
1118,6,7,5.0998664278242
1118,7,7,4.969813299576
1119,1,7,4.46590811865458
1119,2,7,4.39444915467244
1119,3,7,4.29045944114839
1119,4,7,4.54329478227
1119,5,7,4.74493212836325
1119,6,7,4.77912349311153
1119,7,7,4.76217393479776
1120,1,7,4.39444915467244
1120,2,7,4.33073334028633
1120,3,7,4.21950770517611
1120,4,7,4.35670882668959
1120,5,7,4.34380542185368
1120,6,7,4.27666611901606
1120,7,7,4.29045944114839
1121,1,7,6.44888939414686
1121,2,7,6.3818160174061
1121,3,7,6.35088571671474
1121,4,7,6.31354804627709
1121,5,7,6.3297209055227
1121,6,7,6.38519439899773
1121,7,7,6.37842618365159
1122,1,7,4.47733681447821
1122,2,7,4.58496747867057
1122,3,7,4.56434819146784
1122,4,7,4.38202663467388
1122,5,7,4.65396035015752
1122,6,7,4.65396035015752
1122,7,7,4.63472898822964
1123,1,7,4.27666611901606
1123,2,7,4.35670882668959
1123,3,7,3.97029191355212
1123,4,7,3.89182029811063
1123,5,7,4.12713438504509
1123,6,7,4.30406509320417
1123,7,7,4.38202663467388
1124,1,7,4.34380542185368
1124,2,7,4.06044301054642
1124,3,7,4.17438726989564
1124,4,7,4.24849524204936
1124,5,7,4.14313472639153
1124,6,7,4.12713438504509
1124,7,7,3.98898404656427
1125,1,7,4.15888308335967
1125,2,7,4.21950770517611
1125,3,7,4.24849524204936
1125,4,7,4.00733318523247
1125,5,7,4.26267987704132
1125,6,7,4.12713438504509
1125,7,7,4.29045944114839
1126,1,7,2.484906649788
1126,2,7,3.3322045101752
1126,3,7,3.04452243772342
1126,4,7,3.49650756146648
1126,5,7,3.93182563272433
1126,6,7,3.8286413964891
1126,7,7,3.52636052461616
1127,1,7,4.99721227376411
1127,2,7,4.85203026391962
1127,3,7,4.94875989037817
1127,4,7,5.10594547390058
1127,5,7,5.01063529409626
1127,6,7,4.91265488573605
1127,7,7,4.95582705760126
1128,1,7,3.09104245335832
1128,2,7,2.30258509299405
1128,3,7,2.39789527279837
1128,4,7,2.89037175789616
1128,5,7,3.13549421592915
1128,6,7,3.2188758248682
1128,7,7,3.43398720448515
1129,1,7,2.484906649788
1129,2,7,2.30258509299405
1129,3,7,2.70805020110221
1129,4,7,2.63905732961526
1129,5,7,2.19722457733622
1129,6,7,2.19722457733622
1129,7,7,2.30258509299405
1130,1,7,7.986504938554
1130,2,7,7.93987157636188
1130,3,7,7.99091546309133
1130,4,7,7.89282552625112
1130,5,7,7.91607809630279
1130,6,7,7.99193051985248
1130,7,7,7.97384437594469
1131,1,,6.58892647753352
1131,2,,6.47850964220857
1131,3,,6.46925031679577
1131,4,,6.42162226780652
1131,5,,6.41673228251233
1131,6,,6.33327962813969
1131,7,,6.34388043412633
1132,1,,4.70048036579242
1132,2,,4.65396035015752
1132,3,,4.62497281328427
1132,4,,4.44265125649032
1132,5,,4.4188406077966
1132,6,,4.55387689160054
1132,7,,4.51085950651685
1133,1,,5.8406416573734
1133,2,,5.76519110278484
1133,3,,5.55682806169954
1133,4,,5.5834963087817
1133,5,,5.70044357339069
1133,6,,5.54907608489522
1133,7,,5.55682806169954
1134,1,,3.09104245335832
1134,2,,3.09104245335832
1134,3,,3.3322045101752
1134,4,,3.36729582998647
1134,5,,2.83321334405622
1134,6,,3.04452243772342
1134,7,,3.3322045101752
1135,1,,7.13249755166004
1135,2,,6.9985096422506
1135,3,,6.99025650049388
1135,4,,6.95272864462487
1135,5,,6.81892406527552
1135,6,,6.89568269774787
1135,7,,6.87419849545329
1136,1,,4.89783979995091
1136,2,,4.61512051684126
1136,3,,4.64439089914137
1136,4,,4.38202663467388
1136,5,,4.4188406077966
1136,6,,4.33073334028633
1136,7,,4.44265125649032
1137,1,,5.00394630594546
1137,2,,4.86753445045558
1137,3,,4.76217393479776
1137,4,,4.51085950651685
1137,5,,4.70953020131233
1137,6,,4.62497281328427
1137,7,,4.77068462446567
1138,1,,5.82600010738045
1138,2,,5.56068163101553
1138,3,,5.57594910314632
1138,4,,5.40267738187228
1138,5,,5.47227067367148
1138,6,,5.45958551414416
1138,7,,5.48479693349065
1139,1,,5.2257466737132
1139,2,,5.23644196282995
1139,3,,5.14749447681345
1139,4,,5.08759633523238
1139,5,,5.07517381523383
1139,6,,5.02388052084628
1139,7,,5.01727983681492
1140,1,,4.49980967033027
1140,2,,4.51085950651685
1140,3,,4.55387689160054
1140,4,,4.45434729625351
1140,5,,4.54329478227
1140,6,,4.48863636973214
1140,7,,4.43081679884331
1141,1,,5.09375020080676
1141,2,,5.05624580534831
1141,3,,4.88280192258637
1141,4,,5.01063529409626
1141,5,,5.07517381523383
1141,6,,4.96284463025991
1141,7,,4.87519732320115
1142,1,,5.83188247728352
1142,2,,5.65248918026865
1142,3,,5.49306144334055
1142,4,,5.5683445037611
1142,5,,5.5834963087817
1142,6,,5.54126354515843
1142,7,,5.59842195899838
1143,1,,4.7361984483945
1143,2,,4.34380542185368
1143,3,,4.21950770517611
1143,4,,4.15888308335967
1143,5,,4.31748811353631
1143,6,,4.15888308335967
1143,7,,4.17438726989564
1144,1,,5.65948221575962
1144,2,,5.54907608489522
1144,3,,5.36597601502185
1144,4,,5.15905529921453
1144,5,,5.2257466737132
1144,6,,5.09375020080676
1144,7,,5.12396397940326
1145,1,,5.59098698051086
1145,2,,5.50938833662798
1145,3,,5.52545293913178
1145,4,,5.56452040732269
1145,5,,5.48063892334199
1145,6,,5.45958551414416
1145,7,,5.4249500174814
1146,1,,5.30826769740121
1146,2,,5.31811999384422
1146,3,,5.11198778835654
1146,4,,5.04342511691925
1146,5,,5.06890420222023
1146,6,,5.21493575760899
1146,7,,5.28826703069454
1147,1,,5.98645200528444
1147,2,,5.85507192220243
1147,3,,5.80211837537706
1147,4,,5.73334127689775
1147,5,,5.69035945432406
1147,6,,5.66988092298052
1147,7,,5.72358510195238
1148,1,,5.14749447681345
1148,2,,4.94875989037817
1148,3,,4.99043258677874
1148,4,,4.78749174278205
1148,5,,4.83628190695148
1148,6,,4.71849887129509
1148,7,,4.72738781871234
1149,1,,6.42486902390539
1149,2,,6.16751649088834
1149,3,,6.21460809842219
1149,4,,6.07764224334903
1149,5,,6.08904487544685
1149,6,,6.1463292576689
1149,7,,6.07304453410041
1150,1,,6.95749737087695
1150,2,,6.81783057145415
1150,3,,6.71901315438526
1150,4,,6.73101810048208
1150,5,,6.76388490856244
1150,6,,6.69826805411541
1150,7,,6.73101810048208
1151,1,,9.57248035534597
1151,2,,9.47493292120293
1151,3,,9.36546200884348
1151,4,,9.3321154289021
1151,5,,9.31118068690225
1151,6,,9.32197118814737
1151,7,,9.32027043134838
1152,1,,4.82028156560504
1152,2,,4.77068462446567
1152,3,,4.97673374242057
1152,4,,4.77912349311153
1152,5,,4.74493212836325
1152,6,,4.70048036579242
1152,7,,4.64439089914137
1153,1,,3.68887945411394
1153,2,,3.66356164612965
1153,3,,3.71357206670431
1153,4,,3.61091791264422
1153,5,,3.40119738166216
1153,6,,3.3322045101752
1153,7,,3.61091791264422
1154,1,,3.80666248977032
1154,2,,3.58351893845611
1154,3,,3.78418963391826
1154,4,,3.46573590279973
1154,5,,3.3322045101752
1154,6,,3.43398720448515
1154,7,,3.40119738166216
1155,1,,4.48863636973214
1155,2,,4.27666611901606
1155,3,,4.30406509320417
1155,4,,4.18965474202643
1155,5,,4.23410650459726
1155,6,,4.34380542185368
1155,7,,4.12713438504509
1156,1,,6.44730586254121
1156,2,,6.39024066706535
1156,3,,6.29341927884648
1156,4,,6.14846829591765
1156,5,,6.14418563412565
1156,6,,6.03068526026126
1156,7,,6.06842558824411
1157,1,,3.55534806148941
1157,2,,3.49650756146648
1157,3,,3.3322045101752
1157,4,,2.89037175789616
1157,5,,3.17805383034795
1157,6,,3.29583686600433
1157,7,,2.89037175789616
1158,1,,3.55534806148941
1158,2,,3.68887945411394
1158,3,,3.87120101090789
1158,4,,3.87120101090789
1158,5,,3.52636052461616
1158,6,,3.76120011569356
1158,7,,3.8286413964891
1159,1,,2.63905732961526
1159,2,,2.89037175789616
1159,3,,2.70805020110221
1159,4,,2.77258872223978
1159,5,,2.83321334405622
1159,6,,2.70805020110221
1159,7,,2.63905732961526
1160,1,,3.29583686600433
1160,2,,3.2188758248682
1160,3,,3.13549421592915
1160,4,,3.58351893845611
1160,5,,3.09104245335832
1160,6,,3.40119738166216
1160,7,,3.43398720448515
1161,1,,7.37650812632622
1161,2,,7.24351297466548
1161,3,,7.1708884785125
1161,4,,7.09920174355309
1161,5,,7.06646697013696
1161,6,,7.16549347506085
1161,7,,7.17548971362422
1162,1,,5.28826703069454
1162,2,,5.31320597904179
1162,3,,5.21493575760899
1162,4,,5.24174701505964
1162,5,,5.20948615284142
1162,6,,5.15329159449778
1162,7,,5.14749447681345
1163,1,,3.63758615972639
1163,2,,3.68887945411394
1163,3,,3.85014760171006
1163,4,,3.73766961828337
1163,5,,3.89182029811063
1163,6,,3.98898404656427
1163,7,,3.85014760171006
1164,1,,2.07944154167984
1164,2,,1.09861228866811
1164,3,,1.79175946922805
1164,4,,1.94591014905531
1164,5,,1.79175946922805
1164,6,,1.79175946922805
1164,7,,1.6094379124341
1165,1,,3.66356164612965
1165,2,,3.36729582998647
1165,3,,2.83321334405622
1165,4,,3.13549421592915
1165,5,,2.70805020110221
1165,6,,3.3322045101752
1165,7,,2.77258872223978
1166,1,,2.07944154167984
1166,2,,1.6094379124341
1166,3,,1.94591014905531
1166,4,,1.79175946922805
1166,5,,2.30258509299405
1166,6,,2.77258872223978
1166,7,,2.39789527279837
1167,1,,4.39444915467244
1167,2,,4.26267987704132
1167,3,,4.11087386417331
1167,4,,4.15888308335967
1167,5,,4.14313472639153
1167,6,,4.27666611901606
1167,7,,4.38202663467388
1168,1,,4.99043258677874
1168,2,,5.0998664278242
1168,3,,4.93447393313069
1168,4,,4.99721227376411
1168,5,,5.08759633523238
1168,6,,5.12396397940326
1168,7,,5.09375020080676
1169,1,,4.67282883446191
1169,2,,4.63472898822964
1169,3,,4.49980967033027
1169,4,,4.30406509320417
1169,5,,4.27666611901606
1169,6,,4.36944785246702
1169,7,,4.11087386417331
1170,1,,4.69134788222914
1170,2,,4.56434819146784
1170,3,,4.61512051684126
1170,4,,4.52178857704904
1170,5,,4.43081679884331
1170,6,,4.45434729625351
1170,7,,4.35670882668959
1171,1,,5.52942908751142
1171,2,,5.33271879326537
1171,3,,5.4249500174814
1171,4,,5.30826769740121
1171,5,,5.30330490805908
1171,6,,5.23110861685459
1171,7,,5.26269018890489
1172,1,,4.9416424226093
1172,2,,4.7361984483945
1172,3,,4.75359019110636
1172,4,,4.31748811353631
1172,5,,4.51085950651685
1172,6,,4.48863636973214
1172,7,,4.38202663467388
1173,1,,5.06890420222023
1173,2,,5.21493575760899
1173,3,,5.04985600724954
1173,4,,5.19295685089021
1173,5,,5.08140436498446
1173,6,,5.03695260241363
1173,7,,5.14166355650266
1174,1,,8.76155013912964
1174,2,,8.65973387819835
1174,3,,8.57828829077605
1174,4,,8.52694548285892
1174,5,,8.53168763756669
1174,6,,8.52038808231276
1174,7,,8.5571828396324
1175,1,,6.80239476332431
1175,2,,6.72982407048948
1175,3,,6.64118216974059
1175,4,,6.50128967054039
1175,5,,6.42486902390539
1175,6,,6.45676965557216
1175,7,,6.55393340402581
1176,1,,7.05012252026906
1176,2,,6.98656645940643
1176,3,,6.88959130835447
1176,4,,6.80239476332431
1176,5,,6.81563999007433
1176,6,,6.7428806357919
1176,7,,6.76272950693188
1177,1,,4.62497281328427
1177,2,,4.69134788222914
1177,3,,4.74493212836325
1177,4,,4.82028156560504
1177,5,,4.76217393479776
1177,6,,4.80402104473326
1177,7,,4.80402104473326
1178,1,,4.24849524204936
1178,2,,4.44265125649032
1178,3,,4.46590811865458
1178,4,,4.40671924726425
1178,5,,4.20469261939097
1178,6,,4.24849524204936
1178,7,,4.04305126783455
1179,1,,4.14313472639153
1179,2,,3.98898404656427
1179,3,,3.85014760171006
1179,4,,3.61091791264422
1179,5,,3.46573590279973
1179,6,,3.68887945411394
1179,7,,3.66356164612965
1180,1,,4.78749174278205
1180,2,,4.83628190695148
1180,3,,4.92725368515721
1180,4,,4.95582705760126
1180,5,,4.71849887129509
1180,6,,4.64439089914137
1180,7,,4.67282883446191
1181,1,,5.98393628068719
1181,2,,5.91079664404053
1181,3,,5.94542060860658
1181,4,,5.70711026474888
1181,5,,5.69035945432406
1181,6,,5.74939298590825
1181,7,,5.80814248998044
1182,1,,3.63758615972639
1182,2,,3.46573590279973
1182,3,,3.13549421592915
1182,4,,3.09104245335832
1182,5,,3.13549421592915
1182,6,,3.49650756146648
1182,7,,3.55534806148941
1183,1,,5.57215403217776
1183,2,,5.49306144334055
1183,3,,5.46806014113513
1183,4,,5.29330482472449
1183,5,,5.19295685089021
1183,6,,5.24174701505964
1183,7,,5.13579843705026
1184,1,,5.17614973257383
1184,2,,4.90527477843843
1184,3,,5.18178355029209
1184,4,,5.11198778835654
1184,5,,5.02388052084628
1184,6,,4.97673374242057
1184,7,,4.85203026391962
1185,1,,6.87935580446044
1185,2,,6.82219739062049
1185,3,,6.73696695800186
1185,4,,6.61873898351722
1185,5,,6.5191472879404
1185,6,,6.67834211465433
1185,7,,6.65027904858742
1186,1,,5.69035945432406
1186,2,,5.65248918026865
1186,3,,5.59842195899838
1186,4,,5.54517744447956
1186,5,,5.4553211153577
1186,6,,5.40267738187228
1186,7,,5.37527840768417
1187,1,,5.12396397940326
1187,2,,4.99721227376411
1187,3,,4.83628190695148
1187,4,,4.92725368515721
1187,5,,4.93447393313069
1187,6,,4.72738781871234
1187,7,,4.74493212836325
1188,1,,3.3322045101752
1188,2,,3.29583686600433
1188,3,,3.2188758248682
1188,4,,2.70805020110221
1188,5,,2.63905732961526
1188,6,,3.13549421592915
1188,7,,3.29583686600433
1189,1,,5.72031177660741
1189,2,,5.71042701737487
1189,3,,5.66296048013595
1189,4,,5.44241771052179
1189,5,,5.50125821054473
1189,6,,5.4971682252932
1189,7,,5.40267738187228
1190,1,,7.56837926783652
1190,2,,7.54009032014532
1190,3,,7.53315880745556
1190,4,,7.49665243816828
1190,5,,7.53529670244409
1190,6,,7.53743003658651
1190,7,,7.61283103040736
1191,1,,5.82304589548302
1191,2,,5.73657229747919
1191,3,,5.60947179518496
1191,4,,5.6021188208797
1191,5,,5.46806014113513
1191,6,,5.50533153593236
1191,7,,5.63835466933375
1192,1,,6.82328612235569
1192,2,,6.7696419768525
1192,3,,6.62936325343745
1192,4,,6.4723462945009
1192,5,,6.43294009273918
1192,6,,6.4425401664682
1192,7,,6.64248680136726
1193,1,,5.89715386763674
1193,2,,5.77765232322266
1193,3,,5.76519110278484
1193,4,,5.52545293913178
1193,5,,5.52545293913178
1193,6,,5.52545293913178
1193,7,,5.46806014113513
1194,1,,4.66343909411207
1194,2,,4.43081679884331
1194,3,,4.45434729625351
1194,4,,4.31748811353631
1194,5,,4.26267987704132
1194,6,,4.27666611901606
1194,7,,4.11087386417331
1195,1,,3.78418963391826
1195,2,,3.80666248977032
1195,3,,3.89182029811063
1195,4,,3.68887945411394
1195,5,,3.63758615972639
1195,6,,3.52636052461616
1195,7,,3.55534806148941
1196,1,,3.91202300542815
1196,2,,4.06044301054642
1196,3,,4.20469261939097
1196,4,,3.89182029811063
1196,5,,3.8286413964891
1196,6,,3.87120101090789
1196,7,,3.91202300542815
1197,1,,2.19722457733622
1197,2,,2.30258509299405
1197,3,,2.484906649788
1197,4,,2.56494935746154
1197,5,,2.70805020110221
1197,6,,2.77258872223978
1197,7,,2.77258872223978
1198,1,,4.33073334028633
1198,2,,4.53259949315326
1198,3,,4.49980967033027
1198,4,,4.36944785246702
1198,5,,4.35670882668959
1198,6,,4.31748811353631
1198,7,,4.4188406077966
1199,1,,4.69134788222914
1199,2,,4.67282883446191
1199,3,,4.51085950651685
1199,4,,4.75359019110636
1199,5,,4.34380542185368
1199,6,,4.24849524204936
1199,7,,4.49980967033027
1200,1,,5.92958914338989
1200,2,,5.89715386763674
1200,3,,5.84932477994686
1200,4,,5.83773044716594
1200,5,,5.73009978297357
1200,6,,5.67332326717149
1200,7,,5.59842195899838
1201,1,,5.23644196282995
1201,2,,5.08759633523238
1201,3,,4.98360662170834
1201,4,,5.01063529409626
1201,5,,5.03043792139244
1201,6,,4.969813299576
1201,7,,4.78749174278205
1202,1,,3.98898404656427
1202,2,,3.85014760171006
1202,3,,4.0943445622221
1202,4,,3.93182563272433
1202,5,,3.78418963391826
1202,6,,3.91202300542815
1202,7,,4.00733318523247
1203,1,,2.70805020110221
1203,2,,2.56494935746154
1203,3,,2.63905732961526
1203,4,,2.56494935746154
1203,5,,2.83321334405622
1203,6,,2.99573227355399
1203,7,,2.56494935746154
1204,1,,6.11809719804135
1204,2,,6.12029741895095
1204,3,,6.1463292576689
1204,4,,6.02586597382531
1204,5,,6.04737217904628
1204,6,,6.07764224334903
1204,7,,5.99645208861902
1205,1,7,6.00388706710654
1205,2,7,5.89989735358249
1205,3,7,5.89989735358249
1205,4,7,5.84643877505772
1205,5,7,6.01615715969835
1205,6,7,6.04263283368238
1205,7,7,6.0591231955818
1206,1,7,9.96354730896379
1206,2,7,9.83878901859719
1206,3,7,9.87627050624257
1206,4,7,9.96170928973625
1206,5,7,10.1165403631402
1206,6,7,10.272668963567
1206,7,7,10.2743957218356
1207,1,7,6.74405918631135
1207,2,7,6.58063913728495
1207,3,7,6.5792512120101
1207,4,7,6.60258789218934
1207,5,7,6.70196036600254
1207,6,7,6.74875954749168
1207,7,7,6.73340189183736
1208,1,7,6.81454289725996
1208,2,7,6.62140565176413
1208,3,7,6.51323011091231
1208,4,7,6.67203294546107
1208,5,7,6.75110146893676
1208,6,7,6.81563999007433
1208,7,7,6.88653164253051
1209,1,7,1.94591014905531
1209,2,7,1.94591014905531
1209,3,7,2.56494935746154
1209,4,7,2.63905732961526
1209,5,7,2.39789527279837
1209,6,7,2.07944154167984
1209,7,7,1.79175946922805
1210,1,7,3.2188758248682
1210,2,7,3.25809653802148
1210,3,7,2.56494935746154
1210,4,7,3.13549421592915
1210,5,7,2.83321334405622
1210,6,7,3.25809653802148
1210,7,7,3.3322045101752
1211,1,7,5.6021188208797
1211,2,7,5.52942908751142
1211,3,7,5.55682806169954
1211,4,7,5.49306144334055
1211,5,7,5.54517744447956
1211,6,7,5.69035945432406
1211,7,7,5.98393628068719
1212,1,7,4.40671924726425
1212,2,7,4.34380542185368
1212,3,7,4.17438726989564
1212,4,7,4.43081679884331
1212,5,7,4.23410650459726
1212,6,7,4.52178857704904
1212,7,7,4.77912349311153
1213,1,7,3.68887945411394
1213,2,7,3.29583686600433
1213,3,7,3.25809653802148
1213,4,7,3.76120011569356
1213,5,7,3.8286413964891
1213,6,7,3.95124371858143
1213,7,7,4.07753744390572
1214,1,7,6.04973345523196
1214,2,7,5.87773578177964
1214,3,7,5.92157841964382
1214,4,7,6.02102334934953
1214,5,7,6.07764224334903
1214,6,7,6.1463292576689
1214,7,7,6.14418563412565
1215,1,7,3.8286413964891
1215,2,7,3.80666248977032
1215,3,7,3.63758615972639
1215,4,7,3.78418963391826
1215,5,7,3.71357206670431
1215,6,7,4.02535169073515
1215,7,7,3.91202300542815
1216,1,7,5.47646355193151
1216,2,7,5.36129216570943
1216,3,7,5.50125821054473
1216,4,7,5.50938833662798
1216,5,7,5.82600010738045
1216,6,7,5.82894561761021
1216,7,7,5.8348107370626
1217,1,7,3.61091791264422
1217,2,7,3.98898404656427
1217,3,7,4.17438726989564
1217,4,7,4.20469261939097
1217,5,7,3.93182563272433
1217,6,7,4.00733318523247
1217,7,7,4.00733318523247
1218,1,7,3.55534806148941
1218,2,7,3.29583686600433
1218,3,7,3.13549421592915
1218,4,7,3.61091791264422
1218,5,7,3.58351893845611
1218,6,7,3.58351893845611
1218,7,7,3.71357206670431
1219,1,7,8.77199043653224
1219,2,7,8.66250492257629
1219,3,7,8.66060065471097
1219,4,7,8.74544368009859
1219,5,7,8.82408948279182
1219,6,7,8.96059613886479
1219,7,7,8.89904843388527
1220,1,7,4.9416424226093
1220,2,7,4.92725368515721
1220,3,7,4.98360662170834
1220,4,7,4.91265488573605
1220,5,7,5.07517381523383
1220,6,7,5.18738580584075
1220,7,7,5.18178355029209
1221,1,7,7.05961762829138
1221,2,7,6.99117688712121
1221,3,7,7.01121398735037
1221,4,7,6.88448665204278
1221,5,7,6.82219739062049
1221,6,7,6.94022246911964
1221,7,7,6.82979373751242
1222,1,,9.3461815948876
1222,2,,9.32785670540402
1222,3,,9.24956108512946
1222,4,,9.25167423546916
1222,5,,9.23200401161221
1222,6,,9.27087087171621
1222,7,,9.33441468707811
1223,1,,6.96885037834195
1223,2,,6.94889722231331
1223,3,,6.82219739062049
1223,4,,6.6631326959908
1223,5,,6.78332520060396
1223,6,,6.81783057145415
1223,7,,6.83840520084734
1224,1,,5.31811999384422
1224,2,,5.35658627467201
1224,3,,5.44241771052179
1224,4,,5.13579843705026
1224,5,,5.26269018890489
1224,6,,5.47227067367148
1224,7,,5.44241771052179
1225,1,,5.50125821054473
1225,2,,5.51745289646471
1225,3,,5.47227067367148
1225,4,,5.45958551414416
1225,5,,5.42934562895444
1225,6,,5.18738580584075
1225,7,,5.37527840768417
1226,1,,6.4723462945009
1226,2,,6.59304453414244
1226,3,,6.42324696353352
1226,4,,6.54678541076052
1226,5,,6.51323011091231
1226,6,,6.53813982376767
1226,7,,6.5792512120101
1227,1,,7.52617891334615
1227,2,,7.62119516280984
1227,3,,7.57865685059476
1227,4,,7.56060116276856
1227,5,,7.62851762657506
1227,6,,7.59689443814454
1227,7,,7.65681009148038
1228,1,,6.57786135772105
1228,2,,6.49828214947643
1228,3,,6.41836493593621
1228,4,,6.48920493132532
1228,5,,6.52356230614951
1228,6,,6.56667242980324
1228,7,,6.68336094576627
1229,1,,5.64544689764324
1229,2,,5.79605775076537
1229,3,,5.94803498918065
1229,4,,5.66988092298052
1229,5,,5.62401750618734
1229,6,,5.64544689764324
1229,7,,5.73334127689775
1230,1,,4.0943445622221
1230,2,,4.31748811353631
1230,3,,4.33073334028633
1230,4,,4.18965474202643
1230,5,,4.21950770517611
1230,6,,4.31748811353631
1230,7,,4.47733681447821
1231,1,,3.98898404656427
1231,2,,4.31748811353631
1231,3,,4.14313472639153
1231,4,,3.80666248977032
1231,5,,3.80666248977032
1231,6,,4.21950770517611
1231,7,,4.17438726989564
1232,1,,6.7286286130847
1232,2,,6.66568371778241
1232,3,,6.71901315438526
1232,4,,6.70563909486
1232,5,,6.79122146272619
1232,6,,6.89162589705225
1232,7,,7.03262426102801
1233,1,,5.66296048013595
1233,2,,5.65248918026865
1233,3,,5.74300318780948
1233,4,,5.5683445037611
1233,5,,5.63835466933375
1233,6,,5.56068163101553
1233,7,,5.7037824746562
1234,1,,5.92425579741453
1234,2,,5.64190707093811
1234,3,,5.71042701737487
1234,4,,5.71373280550937
1234,5,,5.68017260901707
1234,6,,5.65948221575962
1234,7,,5.82600010738045
1235,1,,5.45958551414416
1235,2,,5.50125821054473
1235,3,,5.65948221575962
1235,4,,5.62762111369064
1235,5,,5.60947179518496
1235,6,,5.80814248998044
1235,7,,5.73009978297357
1236,1,,6.30444880242198
1236,2,,6.24416690066374
1236,3,,6.18620862390049
1236,4,,6.22257626807137
1236,5,,6.27852142416584
1236,6,,6.28785856016178
1236,7,,6.29526600143965
1237,1,,2.77258872223978
1237,2,,2.70805020110221
1237,3,,3.04452243772342
1237,4,,2.19722457733622
1237,5,,2.484906649788
1237,6,,3.04452243772342
1237,7,,2.83321334405622
1238,1,,6.4118182677099
1238,2,,6.44571981938558
1238,3,,6.28599809450886
1238,4,,6.38350663488401
1238,5,,6.45833828334479
1238,6,,6.37672694789863
1238,7,,6.39359075395063
1239,1,,4.79579054559674
1239,2,,4.71849887129509
1239,3,,4.55387689160054
1239,4,,4.61512051684126
1239,5,,4.69134788222914
1239,6,,4.77068462446567
1239,7,,4.70048036579242
1240,1,,5.8111409929767
1240,2,,6.0591231955818
1240,3,,5.97635090929793
1240,4,,5.85220247977447
1240,5,,5.67675380226828
1240,6,,5.74300318780948
1240,7,,5.73334127689775
1241,1,,5.76205138278018
1241,2,,5.78074351579233
1241,3,,6.05678401322862
1241,4,,6.01615715969835
1241,5,,6.0282785202307
1241,6,,5.98141421125448
1241,7,,5.44673737166631
1242,1,,6.80128303447162
1242,2,,6.83195356556585
1242,3,,6.7696419768525
1242,4,,6.96034772910131
1242,5,,6.99117688712121
1242,6,,7.03790596344718
1242,7,,6.94505106372583
1243,1,,7.4593388952203
1243,2,,7.56631101477246
1243,3,,7.44658509915773
1243,4,,7.37713371283395
1243,5,,7.35308192051543
1243,6,,7.36770857237437
1243,7,,7.44775128004791
1244,1,,5.57215403217776
1244,2,,5.8805329864007
1244,3,,5.67332326717149
1244,4,,5.605802066296
1244,5,,5.65599181081985
1244,6,,5.73009978297357
1244,7,,5.73979291217923
1245,1,,7.61726781362835
1245,2,,7.59940133341582
1245,3,,7.60140233458373
1245,4,,7.55485852104068
1245,5,,7.57147364885127
1245,6,,7.63530388625941
1245,7,,7.67508185771633
1246,1,,4.81218435537242
1246,2,,4.64439089914137
1246,3,,4.47733681447821
1246,4,,4.46590811865458
1246,5,,4.61512051684126
1246,6,,4.65396035015752
1246,7,,4.69134788222914
1247,1,,5.17614973257383
1247,2,,5.15329159449778
1247,3,,5.19849703126583
1247,4,,5.17614973257383
1247,5,,5.29831736654804
1247,6,,5.37989735354046
1247,7,,5.34233425196481
1248,1,,6.20859002609663
1248,2,,6.12029741895095
1248,3,,6.26339826259162
1248,4,,6.08449941307517
1248,5,,6.09582456243222
1248,6,,6.19847871649231
1248,7,,6.19236248947487
1249,1,,4.99721227376411
1249,2,,5.08759633523238
1249,3,,4.83628190695148
1249,4,,5.0998664278242
1249,5,,4.96284463025991
1249,6,,5.25227342804663
1249,7,,5.14749447681345
1250,1,,4.29045944114839
1250,2,,4.39444915467244
1250,3,,4.48863636973214
1250,4,,4.33073334028633
1250,5,,4.17438726989564
1250,6,,3.93182563272433
1250,7,,4.20469261939097
1251,1,,6.289715570909
1251,2,,6.31716468674728
1251,3,,6.42162226780652
1251,4,,6.39859493453521
1251,5,,6.40357419793482
1251,6,,6.40522845803084
1251,7,,6.54391184556479
1252,1,7,7.72046169459972
1252,2,7,7.58171964012531
1252,3,7,7.52294091807237
1252,4,7,7.50604217851812
1252,5,7,7.45240245122364
1252,6,7,7.54380286750151
1252,7,7,7.63433723562832
1253,1,7,6.07993319509559
1253,2,7,5.8111409929767
1253,3,7,5.82600010738045
1253,4,7,5.80513496891649
1253,5,7,5.89715386763674
1253,6,7,5.77455154554441
1253,7,7,5.81413053182507
1254,1,7,4.52178857704904
1254,2,7,4.54329478227
1254,3,7,4.62497281328427
1254,4,7,4.58496747867057
1254,5,7,4.67282883446191
1254,6,7,4.63472898822964
1254,7,7,4.62497281328427
1255,1,7,5.32300997913841
1255,2,7,5.24174701505964
1255,3,7,5.15905529921453
1255,4,7,5.23110861685459
1255,5,7,5.26269018890489
1255,6,7,5.31811999384422
1255,7,7,5.32300997913841
1256,1,7,5.37063802812766
1256,2,7,5.35658627467201
1256,3,7,5.29831736654804
1256,4,7,5.30826769740121
1256,5,7,5.36597601502185
1256,6,7,5.39362754635236
1256,7,7,5.42934562895444
1257,1,7,5.90536184805457
1257,2,7,5.44241771052179
1257,3,7,5.62040086571715
1257,4,7,5.60947179518496
1257,5,7,5.5683445037611
1257,6,7,5.68017260901707
1257,7,7,5.56452040732269
1258,1,7,6.26909628370626
1258,2,7,6.12686918411419
1258,3,7,6.18414889093748
1258,4,7,6.08221891037645
1258,5,7,6.09356977004514
1258,6,7,6.17170059741091
1258,7,7,6.1779441140506
1259,1,7,4.70953020131233
1259,2,7,4.969813299576
1259,3,7,4.72738781871234
1259,4,7,4.69134788222914
1259,5,7,4.66343909411207
1259,6,7,4.75359019110636
1259,7,7,4.66343909411207
1260,1,7,5.84932477994686
1260,2,7,5.66642668811243
1260,3,7,5.55295958492162
1260,4,7,5.59842195899838
1260,5,7,5.61677109766657
1260,6,7,5.5834963087817
1260,7,7,5.52146091786225
1261,1,7,6.64898455002478
1261,2,7,6.52941883826223
1261,3,7,6.40191719672719
1261,4,7,6.56807791141198
1261,5,7,6.57646956904822
1261,6,7,6.73933662735717
1261,7,7,6.72623340235875
1262,1,7,8.25478892614873
1262,2,7,8.10922495308995
1262,3,7,8.0487882835342
1262,4,7,8.06589354696427
1262,5,7,8.14206328310415
1262,6,7,8.18395571730495
1262,7,7,8.24800570160062
1263,1,7,7.04664727784876
1263,2,7,6.78897174299217
1263,3,7,6.68210859744981
1263,4,7,6.69208374250663
1263,5,7,6.76503897678054
1263,6,7,6.81563999007433
1263,7,7,6.79122146272619
1264,1,7,7.82324569068552
1264,2,7,7.68799716639302
1264,3,7,7.6231530684769
1264,4,7,7.68570306123455
1264,5,7,7.70571282389443
1264,6,7,7.8087293067444
1264,7,7,7.900636613018
1265,1,7,6.97354301952014
1265,2,7,6.66949808985788
1265,3,7,6.59987049921284
1265,4,7,6.6052979209482
1265,5,7,6.59030104819669
1265,6,7,6.66568371778241
1265,7,7,6.56807791141198
1266,1,7,3.2188758248682
1266,2,7,3.3322045101752
1266,3,7,3.29583686600433
1266,4,7,2.94443897916644
1266,5,7,3.46573590279973
1266,6,7,3.36729582998647
1266,7,7,3.25809653802148
1267,1,7,6.74875954749168
1267,2,7,6.6052979209482
1267,3,7,6.56807791141198
1267,4,7,6.58202513889283
1267,5,7,6.61472560020376
1267,6,7,6.69208374250663
1267,7,7,6.70073110954781
1268,1,7,4.34380542185368
1268,2,7,4.39444915467244
1268,3,7,4.31748811353631
1268,4,7,4.53259949315326
1268,5,7,4.33073334028633
1268,6,7,4.38202663467388
1268,7,7,4.56434819146784
1269,1,7,8.1056094022999
1269,2,7,7.90544164906029
1269,3,7,7.79523492900217
1269,4,7,7.755767170103
1269,5,7,7.75190533307861
1269,6,7,7.81601383915903
1269,7,7,7.86326672400957
1270,1,7,6.40191719672719
1270,2,7,6.10924758276437
1270,3,7,6.06610809010375
1270,4,7,6.08904487544685
1270,5,7,6.18620862390049
1270,6,7,6.2709884318583
1270,7,7,6.38350663488401
1271,1,7,5.6021188208797
1271,2,7,5.68357976733868
1271,3,7,5.67675380226828
1271,4,7,5.65248918026865
1271,5,7,5.55682806169954
1271,6,7,5.79909265446053
1271,7,7,5.7037824746562
1272,1,7,5.2257466737132
1272,2,7,5.06890420222023
1272,3,7,5.06890420222023
1272,4,7,5.18738580584075
1272,5,7,4.93447393313069
1272,6,7,5.08140436498446
1272,7,7,5.08140436498446
1273,1,7,4.31748811353631
1273,2,7,4.43081679884331
1273,3,7,4.35670882668959
1273,4,7,4.60517018598809
1273,5,7,4.51085950651685
1273,6,7,4.33073334028633
1273,7,7,4.31748811353631
1274,1,7,7.04053639021596
1274,2,7,6.78897174299217
1274,3,7,6.77078942390898
1274,4,7,6.74051935960622
1274,5,7,6.81783057145415
1274,6,7,6.8627579130514
1274,7,7,6.91869521902047
1275,1,7,6.15485809401642
1275,2,7,5.99893656194668
1275,3,7,5.90536184805457
1275,4,7,5.98896141688986
1275,5,7,5.98645200528444
1275,6,7,5.92157841964382
1275,7,7,6.04500531403601
1276,1,7,7.07496319796604
1276,2,7,6.92951677076365
1276,3,7,6.96696713861398
1276,4,7,6.92657703322272
1276,5,7,6.94601399109923
1276,6,7,7.05444965813294
1276,7,7,7.16857989726403
1277,1,7,8.25244609024695
1277,2,7,8.05927622330565
1277,3,7,8.03624994213212
1277,4,7,8.04269949689764
1277,5,7,8.08948247436075
1277,6,7,8.12622252945853
1277,7,7,8.13973227971767
1278,1,7,5.09375020080676
1278,2,7,5.11198778835654
1278,3,7,4.97673374242057
1278,4,7,5.36597601502185
1278,5,7,5.42053499927229
1278,6,7,5.40717177146012
1278,7,7,5.31811999384422
1279,1,7,6.29710931993394
1279,2,7,6.24222326545517
1279,3,7,6.21660610108486
1279,4,7,6.33327962813969
1279,5,7,6.36818718635049
1279,6,7,6.3750248198281
1279,7,7,6.28599809450886
1280,1,7,7.53315880745556
1280,2,7,7.39079852173568
1280,3,7,7.2841348061952
1280,4,7,7.2283884515736
1280,5,7,7.22983877815125
1280,6,7,7.24208235925696
1280,7,7,7.24064969425547
1281,1,7,6.13339804299665
1281,2,7,6.11589212548303
1281,3,7,5.95842469302978
1281,4,7,5.9427993751267
1281,5,7,6.13988455222626
1281,6,7,6.13556489108174
1281,7,7,6.10924758276437
1282,1,7,6.44413125670044
1282,2,7,6.37331978957701
1282,3,7,6.4118182677099
1282,4,7,6.33150184989369
1282,5,7,6.38687931936265
1282,6,7,6.34212141872115
1282,7,7,6.38687931936265
1283,1,7,8.18785544369562
1283,2,7,7.99429498641598
1283,3,7,7.96797317966293
1283,4,7,7.96485088744731
1283,5,7,7.95296679092313
1283,6,7,8.02059914989697
1283,7,7,8.02845516411425
1284,1,7,6.46458830368996
1284,2,7,6.11146733950268
1284,3,7,6.04025471127741
1284,4,7,5.97126183979046
1284,5,7,5.89715386763674
1284,6,7,5.85793315448346
1284,7,7,6.03787091992214
1285,1,7,8.67282848294769
1285,2,7,8.52971447196991
1285,3,7,8.45616848957846
1285,4,7,8.41958036254924
1285,5,7,8.43620003220671
1285,6,7,8.51939077495972
1285,7,7,8.526351129201
1286,1,7,5.84354441703136
1286,2,7,5.61677109766657
1286,3,7,5.61312810638807
1286,4,7,5.51745289646471
1286,5,7,5.63835466933375
1286,6,7,5.72358510195238
1286,7,7,5.64190707093811
1287,1,7,7.9483852851119
1287,2,7,7.74889133725553
1287,3,7,7.66293785046154
1287,4,7,7.65964295456468
1287,5,7,7.67368812926773
1287,6,7,7.67275789664251
1287,7,7,7.76259604854007
1288,1,7,4.04305126783455
1288,2,7,3.87120101090789
1288,3,7,3.89182029811063
1288,4,7,4.04305126783455
1288,5,7,4.29045944114839
1288,6,7,4.04305126783455
1288,7,7,4.07753744390572
1289,1,7,4.27666611901606
1289,2,7,4.31748811353631
1289,3,7,4.02535169073515
1289,4,7,4.24849524204936
1289,5,7,4.17438726989564
1289,6,7,4.47733681447821
1289,7,7,4.75359019110636
1290,1,7,6.06610809010375
1290,2,7,6.02344759296103
1290,3,7,5.91079664404053
1290,4,7,5.78996017089725
1290,5,7,5.82008293035236
1290,6,7,5.88887795833288
1290,7,7,5.95583736946483
1291,1,7,4.48863636973214
1291,2,7,4.54329478227
1291,3,7,4.61512051684126
1291,4,7,4.70953020131233
1291,5,7,4.51085950651685
1291,6,7,4.51085950651685
1291,7,7,4.51085950651685
1292,1,7,9.0267780457461
1292,2,7,8.82526595351575
1292,3,7,8.77183540978982
1292,4,7,8.71341765337918
1292,5,7,8.74830491237962
1292,6,7,8.84520113533958
1292,7,7,8.89590356221558
1293,1,7,6.34212141872115
1293,2,7,6.17586727010576
1293,3,7,6.18826412308259
1293,4,7,6.16961073249146
1293,5,7,6.25575004175337
1293,6,7,6.29156913955832
1293,7,7,6.33505425149806
1294,1,7,6.8001700683022
1294,2,7,6.81014245011514
1294,3,7,6.84374994900622
1294,4,7,6.85751406254539
1294,5,7,6.93731408122368
1294,6,7,7.0352685992811
1294,7,7,6.99301512293296
1295,1,7,6.49375383985169
1295,2,7,6.40687998606931
1295,3,7,6.31896811374643
1295,4,7,6.37842618365159
1295,5,7,6.48768401848461
1295,6,7,6.38350663488401
1295,7,7,6.45519856334012
1296,1,7,7.28138566357028
1296,2,7,7.20489251020467
1296,3,7,7.18159194461187
1296,4,7,7.04664727784876
1296,5,7,7.09340462586877
1296,6,7,7.18690102041163
1296,7,7,7.06304816338817
1297,1,7,5.8636311755981
1297,2,7,5.7037824746562
1297,3,7,5.5834963087817
1297,4,7,5.59842195899838
1297,5,7,5.44241771052179
1297,6,7,5.29831736654804
1297,7,7,5.46806014113513
1298,1,7,5.48063892334199
1298,2,7,4.93447393313069
1298,3,7,5.23110861685459
1298,4,7,5.14166355650266
1298,5,7,5.28826703069454
1298,6,7,5.25227342804663
1298,7,7,5.30826769740121
1299,1,7,3.76120011569356
1299,2,7,3.36729582998647
1299,3,7,3.52636052461616
1299,4,7,3.43398720448515
1299,5,7,3.97029191355212
1299,6,7,3.49650756146648
1299,7,7,3.52636052461616
1300,1,7,7.60190195987517
1300,2,7,7.46450983463653
1300,3,7,7.40427911803727
1300,4,7,7.4121603349452
1300,5,7,7.41818082272679
1300,6,7,7.55642796944025
1300,7,7,7.67089483136212
1301,1,7,6.04973345523196
1301,2,7,5.91620206260743
1301,3,7,5.79301360838414
1301,4,7,5.75574221358691
1301,5,7,5.82600010738045
1301,6,7,5.84932477994686
1301,7,7,5.97380961186926
1302,1,7,7.51425465281641
1302,2,7,7.41938058291869
1302,3,7,7.33367639565768
1302,4,7,7.39387829010776
1302,5,7,7.46393660446893
1302,6,7,7.53689712956617
1302,7,7,7.65302041380419
1303,1,7,3.61091791264422
1303,2,7,3.68887945411394
1303,3,7,3.8286413964891
1303,4,7,3.66356164612965
1303,5,7,3.76120011569356
1303,6,7,4.11087386417331
1303,7,7,3.13549421592915
1304,1,7,6.84800527457636
1304,2,7,6.70686233660275
1304,3,7,6.59850902861452
1304,4,7,6.58617165485467
1304,5,7,6.67582322163485
1304,6,7,6.59304453414244
1304,7,7,6.65027904858742
1305,1,7,6.87729607149743
1305,2,7,6.68336094576627
1305,3,7,6.75343791859778
1305,4,7,6.73696695800186
1305,5,7,6.75460409948796
1305,6,7,6.77650699237218
1305,7,7,6.7900972355139
1306,1,7,6.77878489768518
1306,2,7,6.57507584059962
1306,3,7,6.48157712927643
1306,4,7,6.42162226780652
1306,5,7,6.60800062529609
1306,6,7,6.59167373200866
1306,7,7,6.68085467879022
1307,1,7,6.24997524225948
1307,2,7,6.0137151560428
1307,3,7,6.01126717440416
1307,4,7,6.01126717440416
1307,5,7,6.07073772800249
1307,6,7,6.19440539110467
1307,7,7,6.15697898558556
1308,1,7,6.00388706710654
1308,2,7,5.96100533962327
1308,3,7,5.95064255258773
1308,4,7,5.89164421182577
1308,5,7,5.91889385427315
1308,6,7,5.98393628068719
1308,7,7,5.93224518744801
1309,1,7,4.76217393479776
1309,2,7,5.04985600724954
1309,3,7,4.78749174278205
1309,4,7,5.03695260241363
1309,5,7,5.05624580534831
1309,6,7,5.15329159449778
1309,7,7,4.9416424226093
1310,1,7,5.4380793089232
1310,2,7,5.36129216570943
1310,3,7,5.35658627467201
1310,4,7,5.40267738187228
1310,5,7,5.48893772615669
1310,6,7,5.44241771052179
1310,7,7,5.41164605185504
1311,1,7,9.58555243691333
1311,2,7,9.386056829718
1311,3,7,9.32179229727033
1311,4,7,9.30555963855712
1311,5,7,9.34810031168067
1311,6,7,9.47255077845429
1311,7,7,9.49942146534167
1312,1,7,5.30826769740121
1312,2,7,5.11198778835654
1312,3,7,5.02388052084628
1312,4,7,4.99721227376411
1312,5,7,5.04342511691925
1312,6,7,5.05624580534831
1312,7,7,5.0998664278242
1313,1,7,5.94017125272043
1313,2,7,5.7268477475872
1313,3,7,5.53338948872752
1313,4,7,5.4380793089232
1313,5,7,5.55682806169954
1313,6,7,5.605802066296
1313,7,7,5.57972982598622
1314,1,7,6.94985645500077
1314,2,7,6.87212810133899
1314,3,7,6.79234442747081
1314,4,7,6.7696419768525
1314,5,7,6.82001636467413
1314,6,7,6.89467003943348
1314,7,7,6.98286275146894
1315,1,7,7.37211802833779
1315,2,7,7.25559127425367
1315,3,7,7.1708884785125
1315,4,7,7.11558212618445
1315,5,7,7.11639414409346
1315,6,7,7.22548147278229
1315,7,7,7.35627987655075
1316,1,7,7.91534816926308
1316,2,7,7.81197342962202
1316,3,7,7.77191025643576
1316,4,7,7.76344638872736
1316,5,7,7.85282781228174
1316,6,7,7.88570539124302
1316,7,7,7.98002359231065
1317,1,7,4.53259949315326
1317,2,7,4.24849524204936
1317,3,7,4.21950770517611
1317,4,7,4.27666611901606
1317,5,7,4.74493212836325
1317,6,7,4.76217393479776
1317,7,7,4.86753445045558
1318,1,7,7.43955930913332
1318,2,7,7.24565506759454
1318,3,7,7.27724772663148
1318,4,7,7.29641326877392
1318,5,7,7.24992553671799
1318,6,7,7.25417784645652
1318,7,7,7.36581283720947
1319,1,7,7.35755620091035
1319,2,7,7.21450441415114
1319,3,7,7.11963563801764
1319,4,7,7.07665381544395
1319,5,7,7.13329595489607
1319,6,7,7.16626597413364
1319,7,7,7.18462915271731
1320,1,7,4.31748811353631
1320,2,7,4.43081679884331
1320,3,7,4.43081679884331
1320,4,7,4.53259949315326
1320,5,7,4.67282883446191
1320,6,7,4.83628190695148
1320,7,7,4.58496747867057
1321,1,7,6.22653666928747
1321,2,7,6.21660610108486
1321,3,7,6.19236248947487
1321,4,7,6.24610676548156
1321,5,7,6.24997524225948
1321,6,7,6.26720054854136
1321,7,7,6.33327962813969
1322,1,7,5.73009978297357
1322,2,7,5.55682806169954
1322,3,7,5.5683445037611
1322,4,7,5.68697535633982
1322,5,7,5.71042701737487
1322,6,7,5.75890177387728
1322,7,7,5.84932477994686
1323,1,7,4.30406509320417
1323,2,7,4.23410650459726
1323,3,7,4.66343909411207
1323,4,7,4.48863636973214
1323,5,7,4.70048036579242
1323,6,7,4.55387689160054
1323,7,7,4.30406509320417
1324,1,7,5.98896141688986
1324,2,7,5.93489419561959
1324,3,7,6.03548143252476
1324,4,7,5.87211778947542
1324,5,7,5.86929691313377
1324,6,7,5.83188247728352
1324,7,7,5.98645200528444
1325,1,7,7.59387784460512
1325,2,7,7.51860721681525
1325,3,7,7.46450983463653
1325,4,7,7.43307534889858
1325,5,7,7.42833319419081
1325,6,7,7.46278915741245
1325,7,7,7.50878717063428
1326,1,7,5.4380793089232
1326,2,7,5.24174701505964
1326,3,7,4.8283137373023
1326,4,7,5.18738580584075
1326,5,7,5.23644196282995
1326,6,7,5.20948615284142
1326,7,7,5.37063802812766
1327,1,7,7.45066079621154
1327,2,7,7.22183582528845
1327,3,7,7.24136628332232
1327,4,7,7.24779258176785
1327,5,7,7.3178761986265
1327,6,7,7.34277918933185
1327,7,7,7.37963215260955
1328,1,7,6.13339804299665
1328,2,7,5.97126183979046
1328,3,7,6.00388706710654
1328,4,7,5.9427993751267
1328,5,7,5.91079664404053
1328,6,7,5.91889385427315
1328,7,7,6.0591231955818
1329,1,7,7.0604763659998
1329,2,7,6.98286275146894
1329,3,7,6.85751406254539
1329,4,7,6.85329909318608
1329,5,7,7.05444965813294
1329,6,7,6.99393297522319
1329,7,7,7.03790596344718
1330,1,7,7.03790596344718
1330,2,7,6.83195356556585
1330,3,7,6.80239476332431
1330,4,7,6.67834211465433
1330,5,7,6.63068338564237
1330,6,7,6.64898455002478
1330,7,7,6.65801104587075
1331,1,7,7.78862606562503
1331,2,7,7.66199755890189
1331,3,7,7.60936653795421
1331,4,7,7.56527528189893
1331,5,7,7.57095858316901
1331,6,7,7.64156444126097
1331,7,7,7.59739632021279
1332,1,7,6.47850964220857
1332,2,7,6.33682573114644
1332,3,7,6.30078579466324
1332,4,7,6.24610676548156
1332,5,7,6.25575004175337
1332,6,7,6.29710931993394
1332,7,7,6.4281052726846
1333,1,7,6.56667242980324
1333,2,7,6.42648845745769
1333,3,7,6.31716468674728
1333,4,7,6.38519439899773
1333,5,7,6.32435896238131
1333,6,7,6.34212141872115
1333,7,7,6.44730586254121
1334,1,7,6.25382881157547
1334,2,7,6.0913098820777
1334,3,7,6.15485809401642
1334,4,7,6.20657592672493
1334,5,7,6.14846829591765
1334,6,7,6.18208490671663
1334,7,7,6.16331480403464
1335,1,7,6.71174039505618
1335,2,7,6.60665018619822
1335,3,7,6.62539236800796
1335,4,7,6.54391184556479
1335,5,7,6.61338421837956
1335,6,7,6.62936325343745
1335,7,7,6.61740297797448
1336,1,7,5.65599181081985
1336,2,7,5.68697535633982
1336,3,7,5.58724865840025
1336,4,7,5.52146091786225
1336,5,7,5.52146091786225
1336,6,7,5.57972982598622
1336,7,7,5.61312810638807
1337,1,7,7.11069612297883
1337,2,7,6.92853781816467
1337,3,7,6.78897174299217
1337,4,7,6.77536609093639
1337,5,7,6.84694313958538
1337,6,7,6.91174730025167
1337,7,7,6.90475076996184
1338,1,7,5.31811999384422
1338,2,7,5.20948615284142
1338,3,7,4.91265488573605
1338,4,7,5.05624580534831
1338,5,7,4.99043258677874
1338,6,7,5.26785815906333
1338,7,7,5.04342511691925
1339,1,7,5.91889385427315
1339,2,7,5.75574221358691
1339,3,7,5.67675380226828
1339,4,7,5.70711026474888
1339,5,7,5.75890177387728
1339,6,7,5.78074351579233
1339,7,7,5.71373280550937
1340,1,7,3.76120011569356
1340,2,7,3.76120011569356
1340,3,7,3.8286413964891
1340,4,7,3.2188758248682
1340,5,7,3.36729582998647
1340,6,7,3.52636052461616
1340,7,7,4.06044301054642
1341,1,7,7.47250074473756
1341,2,7,7.32974968904151
1341,3,7,7.24208235925696
1341,4,7,7.24064969425547
1341,5,7,7.37588214821501
1341,6,7,7.49554194388426
1341,7,7,7.63964228785801
1342,1,7,6.60394382460047
1342,2,7,6.36302810354046
1342,3,7,6.25766758788264
1342,4,7,6.24027584517077
1342,5,7,6.24222326545517
1342,6,7,6.27476202124194
1342,7,7,6.25190388316589
1343,1,7,9.48212169489629
1343,2,7,9.35608438602889
1343,3,7,9.28702359674714
1343,4,7,9.28720881623276
1343,5,7,9.32456151606621
1343,6,7,9.41743583886879
1343,7,7,9.49979587097711
1344,1,7,4.49980967033027
1344,2,7,4.46590811865458
1344,3,7,4.65396035015752
1344,4,7,4.63472898822964
1344,5,7,4.45434729625351
1344,6,7,4.17438726989564
1344,7,7,4.36944785246702
1345,1,7,4.75359019110636
1345,2,7,4.75359019110636
1345,3,7,4.60517018598809
1345,4,7,4.51085950651685
1345,5,7,4.53259949315326
1345,6,7,4.44265125649032
1345,7,7,4.59511985013459
1346,1,7,6.69084227741856
1346,2,7,6.51471269087253
1346,3,7,6.3261494731551
1346,4,7,6.35610766069589
1346,5,7,6.35088571671474
1346,6,7,6.44413125670044
1346,7,7,6.43294009273918
1347,1,7,7.44014668066269
1347,2,7,7.33106030521863
1347,3,7,7.24708058458576
1347,4,7,7.2283884515736
1347,5,7,7.21744343169653
1347,6,7,7.30988148582479
1347,7,7,7.30451594646016
1348,1,7,6.62406522779989
1348,2,7,6.45047042214418
1348,3,7,6.3491389913798
1348,4,7,6.23441072571837
1348,5,7,6.31716468674728
1348,6,7,6.38350663488401
1348,7,7,6.4377516497364
1349,1,7,7.02731451403978
1349,2,7,6.92461239604856
1349,3,7,6.82001636467413
1349,4,7,6.79570577517351
1349,5,7,6.7945865808765
1349,6,7,6.80572255341699
1349,7,7,6.8501261661455
1350,1,7,5.89164421182577
1350,2,7,5.89989735358249
1350,3,7,5.91350300563827
1350,4,7,5.90536184805457
1350,5,7,5.78689738136671
1350,6,7,5.91620206260743
1350,7,7,5.88610403145016
1351,1,7,5.16478597392351
1351,2,7,5.03695260241363
1351,3,7,4.82028156560504
1351,4,7,4.78749174278205
1351,5,7,4.81218435537242
1351,6,7,4.85981240436167
1351,7,7,4.74493212836325
1352,1,,4.12713438504509
1352,2,,3.97029191355212
1352,3,,4.11087386417331
1352,4,,4.0943445622221
1352,5,,4.06044301054642
1352,6,,3.89182029811063
1352,7,,4.17438726989564
1353,1,,5.37527840768417
1353,2,,5.44241771052179
1353,3,,5.36597601502185
1353,4,,5.34710753071747
1353,5,,5.48893772615669
1353,6,,5.48063892334199
1353,7,,5.39362754635236
1354,1,,3.78418963391826
1354,2,,3.46573590279973
1354,3,,3.58351893845611
1354,4,,3.04452243772342
1354,5,,2.89037175789616
1354,6,,2.99573227355399
1354,7,,3.25809653802148
1355,1,,4.86753445045558
1355,2,,4.91998092582813
1355,3,,4.74493212836325
1355,4,,4.8283137373023
1355,5,,4.81218435537242
1355,6,,4.68213122712422
1355,7,,4.78749174278205
1356,1,,2.89037175789616
1356,2,,2.77258872223978
1356,3,,2.70805020110221
1356,4,,2.83321334405622
1356,5,,2.77258872223978
1356,6,,2.83321334405622
1356,7,,2.99573227355399
1357,1,,7.68753876620163
1357,2,,7.6685611080159
1357,3,,7.60738142563979
1357,4,,7.50933526601659
1357,5,,7.52294091807237
1357,6,,7.60140233458373
1357,7,,7.62803112693033
1358,1,,8.06117135969092
1358,2,,7.95191138185419
1358,3,,7.90875473878325
1358,4,,7.86326672400957
1358,5,,7.90801944463247
1358,6,,7.90137735379262
1358,7,,7.96137020171951
1359,1,,4.89783979995091
1359,2,,4.69134788222914
1359,3,,4.71849887129509
1359,4,,4.68213122712422
1359,5,,4.64439089914137
1359,6,,4.67282883446191
1359,7,,4.69134788222914
1360,1,,4.53259949315326
1360,2,,4.51085950651685
1360,3,,4.68213122712422
1360,4,,4.29045944114839
1360,5,,4.51085950651685
1360,6,,4.74493212836325
1360,7,,4.62497281328427
1361,1,,4.04305126783455
1361,2,,4.06044301054642
1361,3,,4.11087386417331
1361,4,,4.11087386417331
1361,5,,3.87120101090789
1361,6,,3.89182029811063
1361,7,,3.85014760171006
1362,1,,4.11087386417331
1362,2,,3.8286413964891
1362,3,,3.71357206670431
1362,4,,3.8286413964891
1362,5,,3.8286413964891
1362,6,,4.0943445622221
1362,7,,4.06044301054642
1363,1,,4.56434819146784
1363,2,,4.71849887129509
1363,3,,4.68213122712422
1363,4,,4.72738781871234
1363,5,,4.64439089914137
1363,6,,4.72738781871234
1363,7,,4.58496747867057
1364,1,,3.61091791264422
1364,2,,3.40119738166216
1364,3,,3.78418963391826
1364,4,,3.61091791264422
1364,5,,3.55534806148941
1364,6,,3.36729582998647
1364,7,,3.46573590279973
1365,1,,7.35436233042148
1365,2,,7.30988148582479
1365,3,,7.28138566357028
1365,4,,7.20637729147225
1365,5,,7.29369772060144
1365,6,,7.28207365809346
1365,7,,7.28207365809346
1366,1,,3.63758615972639
1366,2,,3.55534806148941
1366,3,,3.46573590279973
1366,4,,3.2188758248682
1366,5,,3.13549421592915
1366,6,,3.29583686600433
1366,7,,3.46573590279973
1367,1,,4.35670882668959
1367,2,,4.23410650459726
1367,3,,4.15888308335967
1367,4,,4.36944785246702
1367,5,,4.30406509320417
1367,6,,4.07753744390572
1367,7,,4.17438726989564
1368,1,,3.17805383034795
1368,2,,3.29583686600433
1368,3,,3.49650756146648
1368,4,,3.55534806148941
1368,5,,3.36729582998647
1368,6,,3.49650756146648
1368,7,,3.49650756146648
1369,1,,3.49650756146648
1369,2,,3.09104245335832
1369,3,,2.99573227355399
1369,4,,3.09104245335832
1369,5,,2.94443897916644
1369,6,,2.94443897916644
1369,7,,2.70805020110221
1370,1,,2.77258872223978
1370,2,,2.63905732961526
1370,3,,2.63905732961526
1370,4,,2.83321334405622
1370,5,,2.99573227355399
1370,6,,2.77258872223978
1370,7,,2.99573227355399
1371,1,,4.00733318523247
1371,2,,3.89182029811063
1371,3,,3.98898404656427
1371,4,,3.63758615972639
1371,5,,3.89182029811063
1371,6,,3.8286413964891
1371,7,,4.02535169073515
1372,1,,4.26267987704132
1372,2,,4.20469261939097
1372,3,,4.29045944114839
1372,4,,4.04305126783455
1372,5,,3.98898404656427
1372,6,,4.24849524204936
1372,7,,4.00733318523247
1373,1,,4.31748811353631
1373,2,,4.34380542185368
1373,3,,4.44265125649032
1373,4,,4.33073334028633
1373,5,,4.40671924726425
1373,6,,4.18965474202643
1373,7,,4.57471097850338
1374,1,,6.24027584517077
1374,2,,6.13772705408623
1374,3,,6.0913098820777
1374,4,,5.96870755998537
1374,5,,6.04500531403601
1374,6,,6.10031895202006
1374,7,,6.07534603108868
1375,1,,4.88280192258637
1375,2,,4.81218435537242
1375,3,,4.9416424226093
1375,4,,4.70953020131233
1375,5,,4.64439089914137
1375,6,,4.59511985013459
1375,7,,4.7361984483945
1376,1,,4.20469261939097
1376,2,,4.26267987704132
1376,3,,3.91202300542815
1376,4,,4.04305126783455
1376,5,,4.04305126783455
1376,6,,3.80666248977032
1376,7,,3.71357206670431
1377,1,,2.83321334405622
1377,2,,2.39789527279837
1377,3,,2.70805020110221
1377,4,,2.484906649788
1377,5,,2.77258872223978
1377,6,,2.77258872223978
1377,7,,2.89037175789616
1378,1,,5.48479693349065
1378,2,,5.50125821054473
1378,3,,5.48479693349065
1378,4,,5.4249500174814
1378,5,,5.38449506278909
1378,6,,5.32300997913841
1378,7,,5.27299955856375
1379,1,,4.85981240436167
1379,2,,4.70953020131233
1379,3,,4.68213122712422
1379,4,,4.53259949315326
1379,5,,4.55387689160054
1379,6,,4.46590811865458
1379,7,,4.45434729625351
1380,1,,5.96870755998537
1380,2,,5.81413053182507
1380,3,,5.81413053182507
1380,4,,5.78689738136671
1380,5,,5.84354441703136
1380,6,,5.66642668811243
1380,7,,5.65248918026865
1381,1,,4.96284463025991
1381,2,,4.91998092582813
1381,3,,4.83628190695148
1381,4,,4.87519732320115
1381,5,,4.75359019110636
1381,6,,4.76217393479776
1381,7,,4.79579054559674
1382,1,,3.68887945411394
1382,2,,3.63758615972639
1382,3,,3.55534806148941
1382,4,,3.17805383034795
1382,5,,3.63758615972639
1382,6,,3.58351893845611
1382,7,,3.61091791264422
1383,1,,5.8111409929767
1383,2,,5.80814248998044
1383,3,,5.83773044716594
1383,4,,5.77455154554441
1383,5,,5.5834963087817
1383,6,,5.60947179518496
1383,7,,5.62040086571715
1384,1,,5.17614973257383
1384,2,,5.17614973257383
1384,3,,5.01063529409626
1384,4,,5.09375020080676
1384,5,,4.91265488573605
1384,6,,4.86753445045558
1384,7,,5.12989871492307
1385,1,,1.38629436111989
1385,2,,1.79175946922805
1385,3,,1.94591014905531
1385,4,,1.94591014905531
1385,5,,1.38629436111989
1385,6,,1.6094379124341
1385,7,,2.07944154167984
1386,1,,6.30627528694802
1386,2,,6.24222326545517
1386,3,,6.23244801655052
1386,4,,6.07534603108868
1386,5,,6.24416690066374
1386,6,,6.34212141872115
1386,7,,6.35262939631957
1387,1,,6.19644412779452
1387,2,,6.09356977004514
1387,3,,6.06145691892802
1387,4,,5.99396142730657
1387,5,,6.06610809010375
1387,6,,6.07764224334903
1387,7,,6.11368217983223
1388,1,,3.89182029811063
1388,2,,4.07753744390572
1388,3,,4.14313472639153
1388,4,,4.11087386417331
1388,5,,3.98898404656427
1388,6,,3.68887945411394
1388,7,,3.55534806148941
1389,1,,5.24174701505964
1389,2,,5.01063529409626
1389,3,,5.16478597392351
1389,4,,5.14166355650266
1389,5,,5.01727983681492
1389,6,,5.08759633523238
1389,7,,5.05624580534831
1390,1,,5.77144112313002
1390,2,,5.82008293035236
1390,3,,5.84643877505772
1390,4,,5.77144112313002
1390,5,,5.6970934865054
1390,6,,5.69035945432406
1390,7,,5.67332326717149
1391,1,,7.25559127425367
1391,2,,7.14282740116162
1391,3,,7.04664727784876
1391,4,,7.05875815251866
1391,5,,7.11882624906208
1391,6,,7.10085190894405
1391,7,,7.15851399732932
1392,1,,4.7361984483945
1392,2,,4.46590811865458
1392,3,,4.92725368515721
1392,4,,4.72738781871234
1392,5,,4.71849887129509
1392,6,,4.65396035015752
1392,7,,4.58496747867057
1393,1,,6.2363695902037
1393,2,,6.19031540585315
1393,3,,6.16751649088834
1393,4,,6.07073772800249
1393,5,,6.12468339089421
1393,6,,6.16961073249146
1393,7,,6.18826412308259
1394,1,7,5.78382518232974
1394,2,7,5.78074351579233
1394,3,7,5.62762111369064
1394,4,7,5.67675380226828
1394,5,7,5.64544689764324
1394,6,7,5.5834963087817
1394,7,7,5.605802066296
1395,1,7,7.80710329012598
1395,2,7,7.59438124255182
1395,3,7,7.62559507213245
1395,4,7,7.57507169950756
1395,5,7,7.6004023345004
1395,6,7,7.58273848891441
1395,7,7,7.55642796944025
1396,1,7,6.85751406254539
1396,2,7,6.71780469502369
1396,3,7,6.67959918584438
1396,4,7,6.59714570188665
1396,5,7,6.60258789218934
1396,6,7,6.50727771238501
1396,7,7,6.42324696353352
1397,1,7,7.18235211188526
1397,2,7,7.11069612297883
1397,3,7,7.08002649992259
1397,4,7,7.07411681619736
1397,5,7,7.11720550316434
1397,6,7,7.01211529430638
1397,7,7,6.98007594056176
1398,1,7,6.21060007702465
1398,2,7,6.361302477573
1398,3,7,6.13339804299665
1398,4,7,5.90536184805457
1398,5,7,5.93489419561959
1398,6,7,5.95324333428778
1398,7,7,5.96100533962327
1399,1,7,6.94889722231331
1399,2,7,6.8501261661455
1399,3,7,6.86066367144829
1399,4,7,6.76041469108343
1399,5,7,6.77422388635761
1399,6,7,6.74051935960622
1399,7,7,6.70073110954781
1400,1,7,6.78105762593618
1400,2,7,6.77992190747225
1400,3,7,6.64509096950564
1400,4,7,6.55535689181067
1400,5,7,6.5875500148248
1400,6,7,6.59850902861452
1400,7,7,6.64509096950564
1401,1,7,5.76205138278018
1401,2,7,5.71702770140622
1401,3,7,5.84932477994686
1401,4,7,5.86929691313377
1401,5,7,5.82304589548302
1401,6,7,5.76832099579377
1401,7,7,5.8406416573734
1402,1,7,8.58279364850019
1402,2,7,8.45297461908959
1402,3,7,8.44182288439146
1402,4,7,8.47928361834302
1402,5,7,8.42836197770962
1402,6,7,8.54012816269873
1402,7,7,8.45765547870004
1403,1,7,5.47227067367148
1403,2,7,5.50938833662798
1403,3,7,5.46383180502561
1403,4,7,5.44241771052179
1403,5,7,5.40267738187228
1403,6,7,5.27811465923052
1403,7,7,5.35185813347607
1404,1,7,6.17170059741091
1404,2,7,5.98141421125448
1404,3,7,5.89989735358249
1404,4,7,5.77455154554441
1404,5,7,5.80211837537706
1404,6,7,5.8636311755981
1404,7,7,5.78382518232974
1405,1,7,7.84424071814181
1405,2,7,7.70796153183549
1405,3,7,7.60240133566582
1405,4,7,7.55851674304564
1405,5,7,7.51588908521513
1405,6,7,7.48605261786314
1405,7,7,7.42595365707754
1406,1,7,7.93630269320196
1406,2,7,7.83755436088108
1406,3,7,7.78239033558746
1406,4,7,7.82684209815829
1406,5,7,7.73848812249465
1406,6,7,7.76089319585102
1406,7,7,7.77695440332244
1407,1,7,6.8627579130514
1407,2,7,6.70196036600254
1407,3,7,6.58479139238572
1407,4,7,6.5792512120101
1407,5,7,6.42971947803914
1407,6,7,6.81454289725996
1407,7,7,6.63856778916652
1408,1,7,7.16317239084664
1408,2,7,7.01031186730723
1408,3,7,7.00488198971286
1408,4,7,6.99484998583307
1408,5,7,6.89264164117209
1408,6,7,6.78219205600679
1408,7,7,6.82762923450285
1409,1,7,6.10255859461357
1409,2,7,5.91889385427315
1409,3,7,5.95842469302978
1409,4,7,5.85220247977447
1409,5,7,5.82894561761021
1409,6,7,5.75890177387728
1409,7,7,5.65248918026865
1410,1,7,6.61338421837956
1410,2,7,6.45204895443723
1410,3,7,6.2363695902037
1410,4,7,6.15909538849193
1410,5,7,6.21660610108486
1410,6,7,6.21260609575152
1410,7,7,6.08677472691231
1411,1,7,10.1970895674989
1411,2,7,10.1235864736641
1411,3,7,10.0020198086004
1411,4,7,9.94755228369823
1411,5,7,9.91467474192669
1411,6,7,9.91595945403145
1411,7,7,9.89374020108125
1412,1,7,7.16626597413364
1412,2,7,6.96885037834195
1412,3,7,6.70563909486
1412,4,7,6.63200177739563
1412,5,7,6.60800062529609
1412,6,7,6.5366915975913
1412,7,7,6.49526555593701
1413,1,7,6.64378973314767
1413,2,7,6.49677499018586
1413,3,7,6.44094654063292
1413,4,7,6.38012253689976
1413,5,7,6.38856140554563
1413,6,7,6.29894924685594
1413,7,7,6.15697898558556
1414,1,7,7.52185925220163
1414,2,7,7.55328660560042
1414,3,7,7.75190533307861
1414,4,7,7.78945456608667
1414,5,7,7.82244472948932
1414,6,7,7.87245515006398
1414,7,7,7.94236223767433
1415,1,7,7.33236920592906
1415,2,7,7.16394668434255
1415,3,7,7.18235211188526
1415,4,7,7.12447826249342
1415,5,7,7.08506429395255
1415,6,7,7.13089883029635
1415,7,7,7.11476944836646
1416,1,7,7.48042830607421
1416,2,7,7.37963215260955
1416,3,7,7.43838353004431
1416,4,7,7.35627987655075
1416,5,7,7.38461038317697
1416,6,7,7.37650812632622
1416,7,7,7.42892719480227
1417,1,7,6.5410299991899
1417,2,7,6.2841341610708
1417,3,7,6.34212141872115
1417,4,7,6.3297209055227
1417,5,7,6.33859407820318
1417,6,7,6.23244801655052
1417,7,7,6.24416690066374
1418,1,7,10.2032958047857
1418,2,7,10.0367063963224
1418,3,7,9.91768627193594
1418,4,7,9.83692030826401
1418,5,7,9.83670651884578
1418,6,7,9.77803770181871
1418,7,7,9.80548876165403
1419,1,7,6.67329796776765
1419,2,7,6.53233429222235
1419,3,7,6.54965074223381
1419,4,7,6.45519856334012
1419,5,7,6.46614472423762
1419,6,7,6.47389069635227
1419,7,7,6.40357419793482
1420,1,7,5.8805329864007
1420,2,7,5.79301360838414
1420,3,7,5.76519110278484
1420,4,7,5.65248918026865
1420,5,7,5.68357976733868
1420,6,7,5.49306144334055
1420,7,7,5.62762111369064
1421,1,7,7.40549566319947
1421,2,7,7.26052259808985
1421,3,7,7.29437729928882
1421,4,7,7.24208235925696
1421,5,7,7.22037383672395
1421,6,7,7.30921236569276
1421,7,7,7.24279792279376
1422,1,7,8.12769985281777
1422,2,7,7.95962530509811
1422,3,7,7.90285719128058
1422,4,7,7.75405263903576
1422,5,7,7.75018416225784
1422,6,7,7.79893331004122
1422,7,7,7.81963630236759
1423,1,7,6.36990098282823
1423,2,7,6.57368016696065
1423,3,7,6.19644412779452
1423,4,7,6.04263283368238
1423,5,7,6.00635315960173
1423,6,7,6.02586597382531
1423,7,7,5.92157841964382
1424,1,7,9.97161338158373
1424,2,7,9.81722135237872
1424,3,7,9.7284791890364
1424,4,7,9.67060927212502
1424,5,7,9.63331790516898
1424,6,7,9.62970838525334
1424,7,7,9.62937960011146
1425,1,7,7.30854279753919
1425,2,7,7.21817683840341
1425,3,7,7.15461535691366
1425,4,7,7.06219163228656
1425,5,7,7.12929754892937
1425,6,7,7.11395610956603
1425,7,7,7.14677217945264
1426,1,7,5.8805329864007
1426,2,7,5.65948221575962
1426,3,7,5.87211778947542
1426,4,7,5.75890177387728
1426,5,7,5.76519110278484
1426,6,7,5.70044357339069
1426,7,7,5.77144112313002
1427,1,7,4.34380542185368
1427,2,7,4.23410650459726
1427,3,7,4.38202663467388
1427,4,7,4.53259949315326
1427,5,7,4.33073334028633
1427,6,7,4.35670882668959
1427,7,7,4.54329478227
1428,1,7,6.19031540585315
1428,2,7,6.03068526026126
1428,3,7,5.95583736946483
1428,4,7,5.91350300563827
1428,5,7,5.92958914338989
1428,6,7,5.82304589548302
1428,7,7,5.8111409929767
1429,1,7,6.12905021006055
1429,2,7,5.97635090929793
1429,3,7,6.11368217983223
1429,4,7,6.14418563412565
1429,5,7,6.21060007702465
1429,6,7,6.19236248947487
1429,7,7,6.10702288774225
1430,1,7,5.99146454710798
1430,2,7,5.64544689764324
1430,3,7,5.73009978297357
1430,4,7,5.60947179518496
1430,5,7,5.65948221575962
1430,6,7,5.57972982598622
1430,7,7,5.68017260901707
1431,1,7,6.92853781816467
1431,2,7,6.87729607149743
1431,3,7,7.00124562206948
1431,4,7,6.99759598298193
1431,5,7,7.00306545878646
1431,6,7,7.00760061395185
1431,7,7,6.99025650049388
1432,1,7,6.96885037834195
1432,2,7,6.97260625130175
1432,3,7,6.82871207164168
1432,4,7,6.71174039505618
1432,5,7,6.62671774924902
1432,6,7,6.6631326959908
1432,7,7,6.50128967054039
1433,1,7,5.78689738136671
1433,2,7,5.71373280550937
1433,3,7,5.8348107370626
1433,4,7,5.75574221358691
1433,5,7,5.86929691313377
1433,6,7,5.82600010738045
1433,7,7,5.78996017089725
1434,1,7,6.7990558620588
1434,2,7,6.41345895716736
1434,3,7,6.38687931936265
1434,4,7,6.20657592672493
1434,5,7,6.24804287450843
1434,6,7,6.28599809450886
1434,7,7,6.31716468674728
1435,1,7,6.4831073514572
1435,2,7,6.38519439899773
1435,3,7,6.44094654063292
1435,4,7,6.40522845803084
1435,5,7,6.4377516497364
1435,6,7,6.43615036836943
1435,7,7,6.46458830368996
1436,1,7,8.49494758246892
1436,2,7,8.2987883944492
1436,3,7,8.25790419346567
1436,4,7,8.26616443661249
1436,5,7,8.23853693017177
1436,6,7,8.28071107566285
1436,7,7,8.26693534761046
1437,1,7,5.81413053182507
1437,2,7,5.74300318780948
1437,3,7,5.68697535633982
1437,4,7,5.68357976733868
1437,5,7,5.73979291217923
1437,6,7,5.76519110278484
1437,7,7,5.76519110278484
1438,1,7,7.69530313496357
1438,2,7,7.6434829070772
1438,3,7,7.61874237767041
1438,4,7,7.59739632021279
1438,5,7,7.56837926783652
1438,6,7,7.54274354536855
1438,7,7,7.539027055824
1439,1,7,6.94697599213542
1439,2,7,6.61338421837956
1439,3,7,6.64898455002478
1439,4,7,6.61740297797448
1439,5,7,6.5875500148248
1439,6,7,6.5410299991899
1439,7,7,6.48004456192665
1440,1,7,8.38297584929643
1440,2,7,8.23137604557397
1440,3,7,8.23959345430597
1440,4,7,8.19146305132693
1440,5,7,8.17075142375753
1440,6,7,8.17554759602103
1440,7,7,8.17667277194846
1441,1,7,9.26264815159953
1441,2,7,9.15672860252753
1441,3,7,9.01054706927019
1441,4,7,8.92718138825199
1441,5,7,8.84202652949881
1441,6,7,8.84029066908897
1441,7,7,8.82173238093444
1442,1,7,6.13988455222626
1442,2,7,5.91620206260743
1442,3,7,5.97635090929793
1442,4,7,5.94017125272043
1442,5,7,6.13339804299665
1442,6,7,5.95064255258773
1442,7,7,5.85507192220243
1443,1,7,8.36380888451688
1443,2,7,8.21662849313344
1443,3,7,8.16394095475501
1443,4,7,8.1341742721379
1443,5,7,8.11282747875137
1443,6,7,8.09285102753838
1443,7,7,8.10741881171997
1444,1,7,7.01481435127554
1444,2,7,6.83195356556585
1444,3,7,6.76041469108343
1444,4,7,6.61338421837956
1444,5,7,6.57368016696065
1444,6,7,6.65027904858742
1444,7,7,6.65672652417839
1445,1,7,7.9665866976384
1445,2,7,7.89058253465654
1445,3,7,7.8804263442924
1445,4,7,7.87207397986687
1445,5,7,7.90396563403217
1445,6,7,7.89020821310996
1445,7,7,7.84031298332016
1446,1,7,4.47733681447821
1446,2,7,4.46590811865458
1446,3,7,4.36944785246702
1446,4,7,4.63472898822964
1446,5,7,4.57471097850338
1446,6,7,4.63472898822964
1446,7,7,4.75359019110636
1447,1,7,6.89871453432999
1447,2,7,6.81673588059497
1447,3,7,6.77650699237218
1447,4,7,6.7696419768525
1447,5,7,6.73459165997295
1447,6,7,6.80572255341699
1447,7,7,6.71901315438526
1448,1,7,7.59739632021279
1448,2,7,7.42476176182321
1448,3,7,7.350516171834
1448,4,7,7.27724772663148
1448,5,7,7.27655640271871
1448,6,7,7.30182234213793
1448,7,7,7.25063551189868
1449,1,7,3.66356164612965
1449,2,7,3.73766961828337
1449,3,7,3.3322045101752
1449,4,7,3.25809653802148
1449,5,7,3.52636052461616
1449,6,7,3.49650756146648
1449,7,7,3.40119738166216
1450,1,7,9.24917639576138
1450,2,7,9.08330213880546
1450,3,7,9.07852179735533
1450,4,7,9.00466830157398
1450,5,7,8.92864037120195
1450,6,7,8.9142228207033
1450,7,7,8.86714558959414
1451,1,7,5.02388052084628
1451,2,7,4.82028156560504
1451,3,7,4.66343909411207
1451,4,7,4.65396035015752
1451,5,7,4.39444915467244
1451,6,7,4.40671924726425
1451,7,7,4.27666611901606
1452,1,7,5.61312810638807
1452,2,7,5.61312810638807
1452,3,7,5.54907608489522
1452,4,7,5.4553211153577
1452,5,7,5.48479693349065
1452,6,7,5.51342874616498
1452,7,7,5.32787616878958
1453,1,7,7.25981961036319
1453,2,7,7.15148546390474
1453,3,7,7.12044437239249
1453,4,7,7.02553831463852
1453,5,7,6.94601399109923
1453,6,7,6.8596149036542
1453,7,7,6.89568269774787
1454,1,7,4.969813299576
1454,2,7,4.24849524204936
1454,3,7,4.14313472639153
1454,4,7,4.15888308335967
1454,5,7,4.12713438504509
1454,6,7,4.17438726989564
1454,7,7,4.00733318523247
1455,1,7,6.66949808985788
1455,2,7,6.40687998606931
1455,3,7,6.37331978957701
1455,4,7,6.29526600143965
1455,5,7,6.20050917404269
1455,6,7,6.29156913955832
1455,7,7,6.20657592672493
1456,1,7,6.01859321449623
1456,2,7,5.89440283426485
1456,3,7,5.32787616878958
1456,4,7,5.33753807970132
1456,5,7,5.25227342804663
1456,6,7,5.40717177146012
1456,7,7,5.36129216570943
1457,1,7,5.29831736654804
1457,2,7,5.21493575760899
1457,3,7,5.18178355029209
1457,4,7,4.92725368515721
1457,5,7,5.00394630594546
1457,6,7,5.08759633523238
1457,7,7,5.0998664278242
1458,1,7,6.22257626807137
1458,2,7,6.11809719804135
1458,3,7,6.1779441140506
1458,4,7,5.98141421125448
1458,5,7,6.12249280951439
1458,6,7,6.10479323241498
1458,7,7,6.0591231955818
1459,1,7,5.5683445037611
1459,2,7,5.48893772615669
1459,3,7,5.30826769740121
1459,4,7,5.4553211153577
1459,5,7,5.31811999384422
1459,6,7,5.28826703069454
1459,7,7,5.39362754635236
1460,1,7,7.66949525100769
1460,2,7,7.4770384723197
1460,3,7,7.37963215260955
1460,4,7,7.37086016653672
1460,5,7,7.35564110297425
1460,6,7,7.35819375273303
1460,7,7,7.38709023565676
1461,1,7,6.31896811374643
1461,2,7,6.07534603108868
1461,3,7,5.99645208861902
1461,4,7,6.11146733950268
1461,5,7,6.05208916892442
1461,6,7,6.05443934626937
1461,7,7,5.92692602597041
1462,1,7,6.55250788703459
1462,2,7,6.5191472879404
1462,3,7,6.5410299991899
1462,4,7,6.44094654063292
1462,5,7,6.46146817635372
1462,6,7,6.45362499889269
1462,7,7,6.46614472423762
1463,1,7,7.99226864327075
1463,2,7,7.78821155784708
1463,3,7,7.6511201757027
1463,4,7,7.60240133566582
1463,5,7,7.60439634879634
1463,6,7,7.58018941794454
1463,7,7,7.56268124672188
1464,1,7,6.9985096422506
1464,2,7,6.80461452006262
1464,3,7,6.73459165997295
1464,4,7,6.75576892198425
1464,5,7,6.72982407048948
1464,6,7,6.64509096950564
1464,7,7,6.63725803128446
1465,1,7,7.03174125876313
1465,2,7,6.89060912014717
1465,3,7,6.83195356556585
1465,4,7,6.82871207164168
1465,5,7,6.74523634948436
1465,6,7,6.73340189183736
1465,7,7,6.76503897678054
1466,1,7,6.98933526597456
1466,2,7,6.82546003625531
1466,3,7,6.69084227741856
1466,4,7,6.57786135772105
1466,5,7,6.54965074223381
1466,6,7,6.49526555593701
1466,7,7,6.39024066706535
1467,1,7,6.7696419768525
1467,2,7,6.69208374250663
1467,3,7,6.66568371778241
1467,4,7,6.63725803128446
1467,5,7,6.61740297797448
1467,6,7,6.5206211275587
1467,7,7,6.52795791762255
1468,1,7,6.98841318199959
1468,2,7,6.78105762593618
1468,3,7,6.68586094706836
1468,4,7,6.64898455002478
1468,5,7,6.7093043402583
1468,6,7,6.61069604471776
1468,7,7,6.74993119378857
1469,1,7,8.86911686592948
1469,2,7,8.72306850116393
1469,3,7,8.72192834304709
1469,4,7,8.68761084370737
1469,5,7,8.63408694288774
1469,6,7,8.61250337122056
1469,7,7,8.6285556592697
1470,1,7,9.25941620962278
1470,2,7,9.10786458038695
1470,3,7,9.12194622121359
1470,4,7,9.09144421703233
1470,5,7,9.05263337594615
1470,6,7,9.06808532439531
1470,7,7,9.07497873404551
1471,1,7,8.24538446812075
1471,2,7,8.05102220819068
1471,3,7,8.06683531441734
1471,4,7,7.96380795323145
1471,5,7,7.9218984110238
1471,6,7,7.93951526066241
1471,7,7,7.91534816926308
1472,1,7,7.434847875212
1472,2,7,7.36264527041782
1472,3,7,7.34729970074316
1472,4,7,7.29573507274928
1472,5,7,7.26752542782817
1472,6,7,7.13727843726039
1472,7,7,7.17011954344963
1473,1,7,6.63068338564237
1473,2,7,6.72743172485086
1473,3,7,6.61740297797448
1473,4,7,6.55677835615804
1473,5,7,6.52502965784346
1473,6,7,6.52795791762255
1473,7,7,6.4707995037826
1474,1,7,6.28226674689601
1474,2,7,6.17586727010576
1474,3,7,5.97380961186926
1474,4,7,5.96614673912369
1474,5,7,5.90536184805457
1474,6,7,5.93753620508243
1474,7,7,5.99396142730657
1475,1,7,4.07753744390572
1475,2,7,4.20469261939097
1475,3,7,4.23410650459726
1475,4,7,4.24849524204936
1475,5,7,4.0943445622221
1475,6,7,3.87120101090789
1475,7,7,4.00733318523247
1476,1,7,8.0040315078527
1476,2,7,7.96831950001272
1476,3,7,7.9672801789422
1476,4,7,7.98036576511125
1476,5,7,8.0013550258267
1476,6,7,8.04076899436758
1476,7,7,8.05896001776942
1477,1,7,6.65801104587075
1477,2,7,6.55819780281227
1477,3,7,6.58479139238572
1477,4,7,6.51767127291227
1477,5,7,6.45519856334012
1477,6,7,6.36647044773144
1477,7,7,6.38687931936265
1478,1,7,7.54644627374602
1478,2,7,7.47873482556787
1478,3,7,7.46336304552002
1478,4,7,7.4489161025442
1478,5,7,7.38461038317697
1478,6,7,7.35946763825562
1478,7,7,7.30114780585603
1479,1,7,6.67076632084587
1479,2,7,6.5206211275587
1479,3,7,6.47697236288968
1479,4,7,6.30991827822652
1479,5,7,6.28599809450886
1479,6,7,6.18826412308259
1479,7,7,6.16751649088834
1480,1,7,7.74066440191724
1480,2,7,7.60190195987517
1480,3,7,7.55799495853081
1480,4,7,7.52131798019924
1480,5,7,7.46508273639955
1480,6,7,7.47363710849621
1480,7,7,7.51261754467451
1481,1,7,6.16961073249146
1481,2,7,6.12029741895095
1481,3,7,6.10255859461357
1481,4,7,6.11146733950268
1481,5,7,6.0282785202307
1481,6,7,6.01859321449623
1481,7,7,5.80814248998044
1482,1,,5.15329159449778
1482,2,,4.99721227376411
1482,3,,5.03695260241363
1482,4,,4.76217393479776
1482,5,,4.77068462446567
1482,6,,4.98360662170834
1482,7,,4.969813299576
1483,1,,4.06044301054642
1483,2,,3.89182029811063
1483,3,,4.02535169073515
1483,4,,3.76120011569356
1483,5,,3.91202300542815
1483,6,,3.85014760171006
1483,7,,3.98898404656427
1484,1,,4.91265488573605
1484,2,,4.89034912822175
1484,3,,4.78749174278205
1484,4,,4.7361984483945
1484,5,,4.85203026391962
1484,6,,4.95582705760126
1484,7,,4.99043258677874
1485,1,,3.97029191355212
1485,2,,3.89182029811063
1485,3,,3.8286413964891
1485,4,,3.55534806148941
1485,5,,3.43398720448515
1485,6,,3.43398720448515
1485,7,,3.89182029811063
1486,1,,6.03548143252476
1486,2,,5.88610403145016
1486,3,,5.73657229747919
1486,4,,5.88887795833288
1486,5,,5.79301360838414
1486,6,,5.93489419561959
1486,7,,5.93489419561959
1487,1,,5.06259503302697
1487,2,,4.83628190695148
1487,3,,4.9416424226093
1487,4,,4.79579054559674
1487,5,,4.94875989037817
1487,6,,4.89783979995091
1487,7,,5.06259503302697
1488,1,,6.33682573114644
1488,2,,6.29156913955832
1488,3,,6.1779441140506
1488,4,,6.24222326545517
1488,5,,6.2803958389602
1488,6,,6.13556489108174
1488,7,,6.19236248947487
1489,1,,5.47646355193151
1489,2,,5.35185813347607
1489,3,,5.45958551414416
1489,4,,5.27811465923052
1489,5,,5.32787616878958
1489,6,,5.41164605185504
1489,7,,5.3890717298165
1490,1,,7.14045304310116
1490,2,,7.16472037877186
1490,3,,7.12125245324454
1490,4,,7.08590146436561
1490,5,,7.00033446027523
1490,6,,7.07834157955767
1490,7,,7.09090982207998
1491,1,,6.64639051484773
1491,2,,6.68835471394676
1491,3,,6.66695679242921
1491,4,,6.59578051396131
1491,5,,6.55961523749324
1491,6,,6.63856778916652
1491,7,,6.62804137617953
1492,1,,6.12249280951439
1492,2,,6.13772705408623
1492,3,,6.14846829591765
1492,4,,6.02586597382531
1492,5,,6.16331480403464
1492,6,,6.08221891037645
1492,7,,6.06610809010375
1493,1,,4.93447393313069
1493,2,,5.09375020080676
1493,3,,5.03043792139244
1493,4,,4.77912349311153
1493,5,,4.94875989037817
1493,6,,4.90527477843843
1493,7,,5.19295685089021
1494,1,,3.66356164612965
1494,2,,3.63758615972639
1494,3,,3.80666248977032
1494,4,,3.58351893845611
1494,5,,3.55534806148941
1494,6,,3.93182563272433
1494,7,,3.55534806148941
1495,1,,8.04462627976734
1495,2,,7.9820748750812
1495,3,,7.88231491898027
1495,4,,7.79523492900217
1495,5,,7.83597458172157
1495,6,,7.94058382710424
1495,7,,8.05134093329298
1496,1,,3.76120011569356
1496,2,,3.91202300542815
1496,3,,3.68887945411394
1496,4,,3.55534806148941
1496,5,,3.29583686600433
1496,6,,3.91202300542815
1496,7,,3.68887945411394
1497,1,,7.18387071506245
1497,2,,7.15226885603254
1497,3,,7.14598446771439
1497,4,,7.11963563801764
1497,5,,7.0343879299155
1497,6,,7.04925484125584
1497,7,,7.07496319796604
1498,1,,4.06044301054642
1498,2,,3.66356164612965
1498,3,,3.87120101090789
1498,4,,3.68887945411394
1498,5,,3.55534806148941
1498,6,,3.29583686600433
1498,7,,3.40119738166216
1499,1,,5.36129216570943
1499,2,,5.18738580584075
1499,3,,5.05624580534831
1499,4,,4.94875989037817
1499,5,,5.37063802812766
1499,6,,5.27811465923052
1499,7,,5.31320597904179
1500,1,,6.7719355558396
1500,2,,6.80461452006262
1500,3,,6.67834211465433
1500,4,,6.53087762772588
1500,5,,6.49072353450251
1500,6,,6.55677835615804
1500,7,,6.58202513889283
1501,1,,6.22257626807137
1501,2,,6.11146733950268
1501,3,,6.04500531403601
1501,4,,5.98645200528444
1501,5,,5.89989735358249
1501,6,,5.98393628068719
1501,7,,6.02344759296103
1502,1,,5.86929691313377
1502,2,,5.94542060860658
1502,3,,5.83773044716594
1502,4,,5.84354441703136
1502,5,,5.86929691313377
1502,6,,5.89164421182577
1502,7,,5.88887795833288
1503,1,,4.00733318523247
1503,2,,4.04305126783455
1503,3,,4.14313472639153
1503,4,,4.20469261939097
1503,5,,4.14313472639153
1503,6,,4.24849524204936
1503,7,,4.24849524204936
1504,1,,7.01121398735037
1504,2,,6.92853781816467
1504,3,,6.84587987526405
1504,4,,6.81124437860129
1504,5,,6.81892406527552
1504,6,,6.89871453432999
1504,7,,6.91572344863131
1505,1,,5.86078622346587
1505,2,,5.90536184805457
1505,3,,5.88610403145016
1505,4,,5.6021188208797
1505,5,,5.6937321388027
1505,6,,5.78074351579233
1505,7,,5.82008293035236
1506,1,,6.58892647753352
1506,2,,6.44571981938558
1506,3,,6.49526555593701
1506,4,,6.3456363608286
1506,5,,6.26530121273771
1506,6,,6.25190388316589
1506,7,,6.22455842927536
1507,1,,3.73766961828337
1507,2,,3.73766961828337
1507,3,,3.61091791264422
1507,4,,3.49650756146648
1507,5,,3.49650756146648
1507,6,,3.66356164612965
1507,7,,3.36729582998647
1508,1,,3.66356164612965
1508,2,,3.76120011569356
1508,3,,3.85014760171006
1508,4,,3.87120101090789
1508,5,,3.66356164612965
1508,6,,3.49650756146648
1508,7,,3.68887945411394
1509,1,,3.76120011569356
1509,2,,3.61091791264422
1509,3,,4.02535169073515
1509,4,,3.76120011569356
1509,5,,3.89182029811063
1509,6,,3.71357206670431
1509,7,,4.04305126783455
1510,1,,5.10594547390058
1510,2,,5.13579843705026
1510,3,,4.99043258677874
1510,4,,4.85203026391962
1510,5,,4.93447393313069
1510,6,,4.91265488573605
1510,7,,4.7361984483945
1511,1,,4.67282883446191
1511,2,,4.66343909411207
1511,3,,4.62497281328427
1511,4,,4.45434729625351
1511,5,,4.27666611901606
1511,6,,4.11087386417331
1511,7,,4.52178857704904
1512,1,,6.06378520868761
1512,2,,6.01859321449623
1512,3,,6.01615715969835
1512,4,,5.91350300563827
1512,5,,5.80513496891649
1512,6,,5.87773578177964
1512,7,,5.97380961186926
1513,1,,4.07753744390572
1513,2,,3.71357206670431
1513,3,,3.55534806148941
1513,4,,3.04452243772342
1513,5,,3.80666248977032
1513,6,,3.61091791264422
1513,7,,3.91202300542815
1514,1,,4.45434729625351
1514,2,,4.4188406077966
1514,3,,4.49980967033027
1514,4,,4.38202663467388
1514,5,,4.18965474202643
1514,6,,4.18965474202643
1514,7,,4.66343909411207
1515,1,,7.02464903045364
1515,2,,6.82001636467413
1515,3,,6.72743172485086
1515,4,,6.56526497003536
1515,5,,6.42162226780652
1515,6,,6.53958595561767
1515,7,,6.62539236800796
1516,1,,5.66988092298052
1516,2,,5.57972982598622
1516,3,,5.57594910314632
1516,4,,5.59098698051086
1516,5,,5.36129216570943
1516,6,,5.4249500174814
1516,7,,5.40717177146012
1517,1,,4.54329478227
1517,2,,4.75359019110636
1517,3,,4.60517018598809
1517,4,,4.38202663467388
1517,5,,4.26267987704132
1517,6,,4.26267987704132
1517,7,,4.11087386417331
1518,1,,4.24849524204936
1518,2,,4.40671924726425
1518,3,,4.43081679884331
1518,4,,4.07753744390572
1518,5,,4.27666611901606
1518,6,,4.56434819146784
1518,7,,4.46590811865458
1519,1,,6.38856140554563
1519,2,,6.20455776256869
1519,3,,6.21060007702465
1519,4,,6.11589212548303
1519,5,,6.37842618365159
1519,6,,6.26339826259162
1519,7,,6.38012253689976
1520,1,,6.0282785202307
1520,2,,5.93489419561959
1520,3,,5.7268477475872
1520,4,,5.70044357339069
1520,5,,5.62401750618734
1520,6,,5.66296048013595
1520,7,,5.76205138278018
1521,1,,5.87211778947542
1521,2,,5.73657229747919
1521,3,,5.65599181081985
1521,4,,5.38449506278909
1521,5,,5.42934562895444
1521,6,,5.4380793089232
1521,7,,5.47227067367148
1522,1,,3.85014760171006
1522,2,,4.33073334028633
1522,3,,4.18965474202643
1522,4,,3.3322045101752
1522,5,,3.98898404656427
1522,6,,3.98898404656427
1522,7,,4.47733681447821
1523,1,,5.96614673912369
1523,2,,5.86078622346587
1523,3,,6.01615715969835
1523,4,,5.97380961186926
1523,5,,5.92425579741453
1523,6,,5.88332238848828
1523,7,,6.04500531403601
1524,1,,5.95842469302978
1524,2,,5.74939298590825
1524,3,,5.6937321388027
1524,4,,5.73334127689775
1524,5,,5.66296048013595
1524,6,,5.78074351579233
1524,7,,5.76832099579377
1525,1,,5.24174701505964
1525,2,,5.20948615284142
1525,3,,5.26785815906333
1525,4,,5.82894561761021
1525,5,,5.48063892334199
1525,6,,5.4249500174814
1525,7,,5.34710753071747
1526,1,,4.65396035015752
1526,2,,4.70953020131233
1526,3,,4.64439089914137
1526,4,,4.67282883446191
1526,5,,4.81218435537242
1526,6,,4.83628190695148
1526,7,,4.98360662170834
1527,1,,5.16478597392351
1527,2,,5.21493575760899
1527,3,,5.18178355029209
1527,4,,4.99043258677874
1527,5,,4.94875989037817
1527,6,,5.10594547390058
1527,7,,5.06890420222023
1528,1,,6.25575004175337
1528,2,,6.15697898558556
1528,3,,6.15697898558556
1528,4,,6.13988455222626
1528,5,,6.1527326947041
1528,6,,6.06378520868761
1528,7,,6.24610676548156
1529,1,,5.11198778835654
1529,2,,5.12989871492307
1529,3,,5.04342511691925
1529,4,,4.91265488573605
1529,5,,5.19295685089021
1529,6,,5.09375020080676
1529,7,,5.15905529921453
1530,1,,7.00850518208228
1530,2,,7.02286808608264
1530,3,,7.02642680869964
1530,4,,6.7945865808765
1530,5,,6.91075078796194
1530,6,,6.95177216439891
1530,7,,6.78332520060396
1531,1,,5.06890420222023
1531,2,,4.75359019110636
1531,3,,4.85981240436167
1531,4,,4.70953020131233
1531,5,,4.83628190695148
1531,6,,4.85203026391962
1531,7,,4.85981240436167
1532,1,,4.55387689160054
1532,2,,4.56434819146784
1532,3,,4.62497281328427
1532,4,,4.4188406077966
1532,5,,4.36944785246702
1532,6,,4.43081679884331
1532,7,,4.53259949315326
1533,1,,4.39444915467244
1533,2,,4.36944785246702
1533,3,,4.40671924726425
1533,4,,3.97029191355212
1533,5,,3.91202300542815
1533,6,,3.91202300542815
1533,7,,3.66356164612965
1534,1,,9.60535102218049
1534,2,,9.48895647241422
1534,3,,9.38630845479796
1534,4,,9.28591155882326
1534,5,,9.29062920320499
1534,6,,9.35703475112699
1534,7,,9.38303237979429
1535,1,,6.10702288774225
1535,2,,5.96870755998537
1535,3,,6.04973345523196
1535,4,,5.96100533962327
1535,5,,5.90808293816893
1535,6,,5.91889385427315
1535,7,,5.86929691313377
1536,1,,5.87773578177964
1536,2,,5.78382518232974
1536,3,,5.96100533962327
1536,4,,5.78074351579233
1536,5,,5.61312810638807
1536,6,,5.77765232322266
1536,7,,5.73657229747919
1537,1,,6.21060007702465
1537,2,,5.78996017089725
1537,3,,5.8171111599632
1537,4,,5.72031177660741
1537,5,,5.83773044716594
1537,6,,5.95842469302978
1537,7,,5.90536184805457
1538,1,,4.83628190695148
1538,2,,5.02388052084628
1538,3,,4.86753445045558
1538,4,,4.83628190695148
1538,5,,4.70048036579242
1538,6,,4.77912349311153
1538,7,,4.75359019110636
1539,1,,7.16317239084664
1539,2,,7.07157336421153
1539,3,,6.96034772910131
1539,4,,6.87729607149743
1539,5,,6.7202201551353
1539,6,,6.81014245011514
1539,7,,6.83625927727707
1540,1,,6.23244801655052
1540,2,,6.19031540585315
1540,3,,6.1527326947041
1540,4,,6.11809719804135
1540,5,,6.04025471127741
1540,6,,6.09582456243222
1540,7,,6.18001665365257
1541,1,,6.14203740558736
1541,2,,6.27476202124194
1541,3,,6.19644412779452
1541,4,,6.15697898558556
1541,5,,6.289715570909
1541,6,,6.2709884318583
1541,7,,6.23441072571837
1542,1,,6.84800527457636
1542,2,,6.81563999007433
1542,3,,6.66695679242921
1542,4,,6.65544035036765
1542,5,,6.68586094706836
1542,6,,6.80461452006262
1542,7,,6.84800527457636
1543,1,,4.89034912822175
1543,2,,4.86753445045558
1543,3,,4.64439089914137
1543,4,,4.70048036579242
1543,5,,4.57471097850338
1543,6,,4.60517018598809
1543,7,,4.87519732320115
1544,1,,3.40119738166216
1544,2,,3.17805383034795
1544,3,,3.13549421592915
1544,4,,3.2188758248682
1544,5,,3.40119738166216
1544,6,,3.46573590279973
1544,7,,3.17805383034795
1545,1,,6.75110146893676
1545,2,,6.78105762593618
1545,3,,6.71295620067707
1545,4,,6.62007320653036
1545,5,,6.70808408385307
1545,6,,6.75227037614174
1545,7,,6.76041469108343
1546,1,,5.70044357339069
1546,2,,5.63121178182137
1546,3,,5.57972982598622
1546,4,,5.45958551414416
1546,5,,5.50533153593236
1546,6,,5.31320597904179
1546,7,,5.37527840768417
1547,1,,6.08904487544685
1547,2,,6.12029741895095
1547,3,,6.07073772800249
1547,4,,5.88332238848828
1547,5,,5.79909265446053
1547,6,,6.0330862217988
1547,7,,6.00881318544259
1548,1,,6.3456363608286
1548,2,,6.30078579466324
1548,3,,6.20657592672493
1548,4,,6.17170059741091
1548,5,,6.19440539110467
1548,6,,6.30261897574491
1548,7,,6.30809844150953
1549,1,,6.06378520868761
1549,2,,5.95583736946483
1549,3,,5.83773044716594
1549,4,,5.79605775076537
1549,5,,5.72358510195238
1549,6,,5.64544689764324
1549,7,,5.69035945432406
1550,1,,4.33073334028633
1550,2,,4.31748811353631
1550,3,,4.63472898822964
1550,4,,4.43081679884331
1550,5,,4.40671924726425
1550,6,,4.36944785246702
1550,7,,4.40671924726425
1551,1,,9.50061907027523
1551,2,,9.3886539073726
1551,3,,9.27556615689389
1551,4,,9.18502256399189
1551,5,,9.21303673352392
1551,6,,9.31775876874345
1551,7,,9.36108525866861
1552,1,,6.11146733950268
1552,2,,5.93753620508243
1552,3,,5.89164421182577
1552,4,,5.85220247977447
1552,5,,5.92425579741453
1552,6,,6.00635315960173
1552,7,,6.02102334934953
1553,1,,6.8001700683022
1553,2,,6.73340189183736
1553,3,,6.67076632084587
1553,4,,6.55677835615804
1553,5,,6.60800062529609
1553,6,,6.66568371778241
1553,7,,6.75576892198425
1554,1,,4.63472898822964
1554,2,,4.71849887129509
1554,3,,4.35670882668959
1554,4,,4.46590811865458
1554,5,,4.17438726989564
1554,6,,4.39444915467244
1554,7,,4.33073334028633
1555,1,,4.8283137373023
1555,2,,4.57471097850338
1555,3,,4.58496747867057
1555,4,,4.59511985013459
1555,5,,4.62497281328427
1555,6,,4.56434819146784
1555,7,,4.48863636973214
1556,1,,5.82008293035236
1556,2,,5.78996017089725
1556,3,,5.73334127689775
1556,4,,5.64190707093811
1556,5,,5.7268477475872
1556,6,,5.86929691313377
1556,7,,5.95064255258773
1557,1,,5.79301360838414
1557,2,,5.58724865840025
1557,3,,5.5834963087817
1557,4,,5.27299955856375
1557,5,,5.42053499927229
1557,6,,5.41610040220442
1557,7,,5.34710753071747
1558,1,,7.4318919168078
1558,2,,7.34407285057307
1558,3,,7.33236920592906
1558,4,,7.23417717974985
1558,5,,7.20117088328168
1558,6,,7.27378631784489
1558,7,,7.30720231476474
1559,1,,4.29045944114839
1559,2,,4.04305126783455
1559,3,,3.97029191355212
1559,4,,3.71357206670431
1559,5,,3.68887945411394
1559,6,,3.68887945411394
1559,7,,3.8286413964891
1560,1,,7.88645727097769
1560,2,,7.70571282389443
1560,3,,7.6586995582683
1560,4,,7.61184239958042
1560,5,,7.62217459481762
1560,6,,7.65822752616135
1560,7,,7.63964228785801
1561,1,,5.17048399503815
1561,2,,5.0998664278242
1561,3,,5.03043792139244
1561,4,,4.93447393313069
1561,5,,5.12989871492307
1561,6,,5.05624580534831
1561,7,,5.14166355650266
1562,1,,5.40267738187228
1562,2,,5.29330482472449
1562,3,,5.17048399503815
1562,4,,5.10594547390058
1562,5,,5.01727983681492
1562,6,,5.00394630594546
1562,7,,5.04342511691925
1563,1,,7.59135704669855
1563,2,,7.50328963067508
1563,3,,7.58222919427646
1563,4,,7.57044325205737
1563,5,,7.6511201757027
1563,6,,7.74586822979227
1563,7,,7.71779621101358
1564,1,,7.32580750259577
1564,2,,7.30988148582479
1564,3,,7.35819375273303
1564,4,,7.26752542782817
1564,5,,7.39756153552405
1564,6,,7.43543801981455
1564,7,,7.44949800538285
1565,1,,4.35670882668959
1565,2,,4.30406509320417
1565,3,,4.21950770517611
1565,4,,4.12713438504509
1565,5,,4.14313472639153
1565,6,,4.17438726989564
1565,7,,4.23410650459726
1566,1,,8.67111527368849
1566,2,,8.49228555571005
1566,3,,8.52237971810354
1566,4,,8.50936261230105
1566,5,,8.60575336839572
1566,6,,8.70018119275335
1566,7,,8.71292443512011
1567,1,,6.3919171133926
1567,2,,6.15485809401642
1567,3,,6.17378610390194
1567,4,,6.22059017009974
1567,5,,6.289715570909
1567,6,,6.39359075395063
1567,7,,6.55393340402581
1568,1,,5.80513496891649
1568,2,,5.52146091786225
1568,3,,5.34710753071747
1568,4,,5.35185813347607
1568,5,,5.35658627467201
1568,6,,5.47646355193151
1568,7,,5.52545293913178
1569,1,,6.07764224334903
1569,2,,5.90536184805457
1569,3,,5.80513496891649
1569,4,,5.73334127689775
1569,5,,5.85220247977447
1569,6,,5.78382518232974
1569,7,,5.89989735358249
1570,1,,5.9427993751267
1570,2,,5.82008293035236
1570,3,,5.79605775076537
1570,4,,5.65948221575962
1570,5,,5.74620319054015
1570,6,,5.71042701737487
1570,7,,5.66296048013595
1571,1,,5.89164421182577
1571,2,,5.8805329864007
1571,3,,5.82600010738045
1571,4,,5.78689738136671
1571,5,,5.75574221358691
1571,6,,5.87493073085203
1571,7,,5.94803498918065
1572,1,,6.67329796776765
1572,2,,6.5191472879404
1572,3,,6.39692965521615
1572,4,,6.36302810354046
1572,5,,6.21860011969173
1572,6,,6.16541785423142
1572,7,,6.27476202124194
1573,1,,5.7268477475872
1573,2,,5.52146091786225
1573,3,,5.37527840768417
1573,4,,5.27811465923052
1573,5,,5.36129216570943
1573,6,,5.27299955856375
1573,7,,5.47646355193151
1574,1,,7.27170370688737
1574,2,,7.21670948670946
1574,3,,7.23921497377981
1574,4,,7.19218205871325
1574,5,,7.25488481007734
1574,6,,7.37023064180708
1574,7,,7.43602781635185
1575,1,,5.25227342804663
1575,2,,5.03043792139244
1575,3,,5.0998664278242
1575,4,,4.969813299576
1575,5,,5.03043792139244
1575,6,,4.99721227376411
1575,7,,5.27299955856375
1576,1,,4.47733681447821
1576,2,,4.47733681447821
1576,3,,4.45434729625351
1576,4,,4.49980967033027
1576,5,,4.68213122712422
1576,6,,4.51085950651685
1576,7,,4.54329478227
1577,1,,7.49831587076698
1577,2,,7.40062057737113
1577,3,,7.36073990305828
1577,4,,7.30249642372733
1577,5,,7.27517231945277
1577,6,,7.27724772663148
1577,7,,7.32184971378836
1578,1,,6.52795791762255
1578,2,,6.33327962813969
1578,3,,6.36475075685191
1578,4,,6.34212141872115
1578,5,,6.40357419793482
1578,6,,6.38350663488401
1578,7,,6.52941883826223
1579,1,,9.02545553277906
1579,2,,8.84260448067803
1579,3,,8.81729778386658
1579,4,,8.78996465113226
1579,5,,8.82335348511379
1579,6,,8.87010104878573
1579,7,,8.95751051029161
1580,1,,6.87935580446044
1580,2,,6.7286286130847
1580,3,,6.68210859744981
1580,4,,6.67456139181443
1580,5,,6.63856778916652
1580,6,,6.67834211465433
1580,7,,6.5191472879404
1581,1,,5.28826703069454
1581,2,,5.03043792139244
1581,3,,5.11799381241676
1581,4,,5.27811465923052
1581,5,,5.13579843705026
1581,6,,5.17048399503815
1581,7,,5.36129216570943
1582,1,,8.16166045205628
1582,2,,8.00570067866254
1582,3,,7.98786409608569
1582,4,,7.97453284413023
1582,5,,8.11282747875137
1582,6,,8.19973896063079
1582,7,,8.28652137368124
1583,1,,5.14749447681345
1583,2,,5.09375020080676
1583,3,,5.08759633523238
1583,4,,5.11799381241676
1583,5,,5.37063802812766
1583,6,,5.21493575760899
1583,7,,5.39362754635236
1584,1,,6.3456363608286
1584,2,,6.29526600143965
1584,3,,6.1779441140506
1584,4,,6.30261897574491
1584,5,,6.4085287910595
1584,6,,6.28599809450886
1584,7,,6.3818160174061
1585,1,,6.45047042214418
1585,2,,6.30627528694802
1585,3,,5.99893656194668
1585,4,,6.02102334934953
1585,5,,5.98645200528444
1585,6,,6.07304453410041
1585,7,,6.11146733950268
1586,1,,6.72383244082121
1586,2,,6.48920493132532
1586,3,,6.42162226780652
1586,4,,6.25766758788264
1586,5,,6.32435896238131
1586,6,,6.35610766069589
1586,7,,6.34212141872115
1587,1,,4.68213122712422
1587,2,,4.63472898822964
1587,3,,4.56434819146784
1587,4,,4.40671924726425
1587,5,,4.54329478227
1587,6,,4.4188406077966
1587,7,,4.48863636973214
1588,1,,8.39615486303918
1588,2,,8.27486682068525
1588,3,,8.24722005274523
1588,4,,8.21093973337902
1588,5,,8.28853445941392
1588,6,,8.3091845276863
1588,7,,8.352318548226
1589,1,,3.58351893845611
1589,2,,3.09104245335832
1589,3,,2.77258872223978
1589,4,,2.77258872223978
1589,5,,2.30258509299405
1589,6,,2.70805020110221
1589,7,,2.99573227355399
1590,1,,5.82894561761021
1590,2,,5.74620319054015
1590,3,,5.69035945432406
1590,4,,5.605802066296
1590,5,,5.61312810638807
1590,6,,5.64544689764324
1590,7,,5.63835466933375
1591,1,,4.95582705760126
1591,2,,4.85981240436167
1591,3,,4.78749174278205
1591,4,,4.77068462446567
1591,5,,4.86753445045558
1591,6,,4.85981240436167
1591,7,,4.96284463025991
1592,1,,6.12029741895095
1592,2,,5.93489419561959
1592,3,,5.83188247728352
1592,4,,5.73334127689775
1592,5,,5.82600010738045
1592,6,,5.75574221358691
1592,7,,5.89989735358249
1593,1,,6.78558764500793
1593,2,,6.59304453414244
1593,3,,6.56526497003536
1593,4,,6.43294009273918
1593,5,,6.39692965521615
1593,6,,6.41836493593621
1593,7,,6.44413125670044
1594,1,,7.20934025660291
1594,2,,7.14755927118945
1594,3,,7.0057890192535
1594,4,,6.87935580446044
1594,5,,6.95939851213398
1594,6,,6.98007594056176
1594,7,,7.04053639021596
1595,1,,7.22766249872865
1595,2,,7.07157336421153
1595,3,,7.19967834569117
1595,4,,7.11476944836646
1595,5,,7.19067603433221
1595,6,,7.26961674960817
1595,7,,7.34018683532012
1596,1,,8.6383483129727
1596,2,,8.48280876455441
1596,3,,8.42463920980563
1596,4,,8.39434736141739
1596,5,,8.38845031552351
1596,6,,8.42178300661158
1596,7,,8.4707303170059
1597,1,,5.30330490805908
1597,2,,5.16478597392351
1597,3,,5.04985600724954
1597,4,,5.10594547390058
1597,5,,5.15329159449778
1597,6,,5.16478597392351
1597,7,,5.11198778835654
1598,1,,8.28853445941392
1598,2,,8.09223940672421
1598,3,,8.1056094022999
1598,4,,8.10198073185319
1598,5,,8.12888014212564
1598,6,,8.16394095475501
1598,7,,8.22951111896446
1599,1,,7.24494154633701
1599,2,,7.05358572719368
1599,3,,6.97260625130175
1599,4,,6.92853781816467
1599,5,,6.92264389147589
1599,6,,6.99301512293296
1599,7,,7.05185562295589
1600,1,,5.4510384535657
1600,2,,5.29330482472449
1600,3,,5.2257466737132
1600,4,,5.01727983681492
1600,5,,5.09375020080676
1600,6,,5.32787616878958
1600,7,,5.40717177146012
1601,1,,5.66988092298052
1601,2,,5.52942908751142
1601,3,,5.39362754635236
1601,4,,5.46806014113513
1601,5,,5.32300997913841
1601,6,,5.36597601502185
1601,7,,5.25227342804663
1602,1,,7.87092959675514
1602,2,,7.72001794043224
1602,3,,7.80261806344267
1602,4,,7.73455884435476
1602,5,,7.81843027207066
1602,6,,7.84031298332016
1602,7,,7.85631957140659
1603,1,,3.91202300542815
1603,2,,4.00733318523247
1603,3,,3.78418963391826
1603,4,,3.80666248977032
1603,5,,3.66356164612965
1603,6,,3.43398720448515
1603,7,,3.52636052461616
1604,1,,6.21260609575152
1604,2,,6.02586597382531
1604,3,,5.96614673912369
1604,4,,5.95583736946483
1604,5,,5.90808293816893
1604,6,,5.95064255258773
1604,7,,5.95324333428778
1605,1,,3.71357206670431
1605,2,,3.93182563272433
1605,3,,3.95124371858143
1605,4,,3.80666248977032
1605,5,,3.68887945411394
1605,6,,3.73766961828337
1605,7,,3.78418963391826
1606,1,,4.77068462446567
1606,2,,4.72738781871234
1606,3,,4.74493212836325
1606,4,,4.52178857704904
1606,5,,4.36944785246702
1606,6,,4.53259949315326
1606,7,,4.55387689160054
1607,1,,6.63725803128446
1607,2,,6.48004456192665
1607,3,,6.4707995037826
1607,4,,6.30809844150953
1607,5,,6.361302477573
1607,6,,6.28785856016178
1607,7,,6.39359075395063
1608,1,,6.96413561241824
1608,2,,6.77308037565554
1608,3,,6.74993119378857
1608,4,,6.68586094706836
1608,5,,6.70196036600254
1608,6,,6.78219205600679
1608,7,,6.78671695060508
1609,1,,4.69134788222914
1609,2,,4.69134788222914
1609,3,,4.70953020131233
1609,4,,4.75359019110636
1609,5,,4.59511985013459
1609,6,,4.47733681447821
1609,7,,4.74493212836325
1610,1,,4.83628190695148
1610,2,,4.94875989037817
1610,3,,4.9416424226093
1610,4,,4.969813299576
1610,5,,5.15329159449778
1610,6,,5.0998664278242
1610,7,,5.15905529921453
1611,1,,2.56494935746154
1611,2,,3.13549421592915
1611,3,,3.04452243772342
1611,4,,2.99573227355399
1611,5,,2.70805020110221
1611,6,,2.70805020110221
1611,7,,2.56494935746154
1612,1,,5.35185813347607
1612,2,,5.41164605185504
1612,3,,5.30826769740121
1612,4,,5.33271879326537
1612,5,,5.23110861685459
1612,6,,5.2257466737132
1612,7,,5.15329159449778
1613,1,,4.20469261939097
1613,2,,3.80666248977032
1613,3,,3.04452243772342
1613,4,,3.17805383034795
1613,5,,3.13549421592915
1613,6,,3.2188758248682
1613,7,,3.36729582998647
1614,1,,5.39816270151775
1614,2,,5.44241771052179
1614,3,,5.31320597904179
1614,4,,5.19849703126583
1614,5,,5.06259503302697
1614,6,,5.27811465923052
1614,7,,5.16478597392351
1615,1,,6.90875477931522
1615,2,,6.73578001424233
1615,3,,6.61606518513282
1615,4,,6.56244409369372
1615,5,,6.62406522779989
1615,6,,6.59304453414244
1615,7,,6.57228254269401
1616,1,,1.38629436111989
1616,2,,2.07944154167984
1616,3,,2.56494935746154
1616,4,,2.94443897916644
1616,5,,2.63905732961526
1616,6,,2.56494935746154
1616,7,,2.56494935746154
1617,1,,4.21950770517611
1617,2,,4.21950770517611
1617,3,,4.23410650459726
1617,4,,4.18965474202643
1617,5,,4.4188406077966
1617,6,,4.47733681447821
1617,7,,4.39444915467244
1618,1,,6.54678541076052
1618,2,,6.46146817635372
1618,3,,6.36818718635049
1618,4,,6.3261494731551
1618,5,,6.3456363608286
1618,6,,6.30444880242198
1618,7,,6.24610676548156
1619,1,,5.11799381241676
1619,2,,5.2040066870768
1619,3,,5.17614973257383
1619,4,,4.98360662170834
1619,5,,4.97673374242057
1619,6,,4.97673374242057
1619,7,,4.92725368515721
1620,1,,4.27666611901606
1620,2,,4.27666611901606
1620,3,,4.17438726989564
1620,4,,4.27666611901606
1620,5,,4.14313472639153
1620,6,,4.17438726989564
1620,7,,4.17438726989564
1621,1,,4.14313472639153
1621,2,,4.0943445622221
1621,3,,4.00733318523247
1621,4,,4.26267987704132
1621,5,,4.26267987704132
1621,6,,4.12713438504509
1621,7,,4.23410650459726
1622,1,,3.95124371858143
1622,2,,3.95124371858143
1622,3,,3.55534806148941
1622,4,,3.80666248977032
1622,5,,3.78418963391826
1622,6,,3.89182029811063
1622,7,,3.87120101090789
1623,1,,4.71849887129509
1623,2,,4.7361984483945
1623,3,,4.60517018598809
1623,4,,4.69134788222914
1623,5,,4.53259949315326
1623,6,,4.8283137373023
1623,7,,4.83628190695148
1624,1,,3.36729582998647
1624,2,,3.25809653802148
1624,3,,3.17805383034795
1624,4,,3.40119738166216
1624,5,,3.66356164612965
1624,6,,3.80666248977032
1624,7,,3.46573590279973
1625,1,,3.8286413964891
1625,2,,3.80666248977032
1625,3,,3.8286413964891
1625,4,,3.66356164612965
1625,5,,3.2188758248682
1625,6,,3.36729582998647
1625,7,,3.29583686600433
1626,1,,4.34380542185368
1626,2,,4.29045944114839
1626,3,,4.11087386417331
1626,4,,4.20469261939097
1626,5,,4.36944785246702
1626,6,,4.34380542185368
1626,7,,4.49980967033027
1627,1,,3.09104245335832
1627,2,,2.77258872223978
1627,3,,2.56494935746154
1627,4,,2.83321334405622
1627,5,,2.89037175789616
1627,6,,3.17805383034795
1627,7,,3.46573590279973
1628,1,,2.56494935746154
1628,2,,2.19722457733622
1628,3,,2.39789527279837
1628,4,,2.56494935746154
1628,5,,1.94591014905531
1628,6,,1.6094379124341
1628,7,,1.6094379124341
1629,1,,6.36475075685191
1629,2,,6.23441072571837
1629,3,,6.13339804299665
1629,4,,6.12686918411419
1629,5,,6.16751649088834
1629,6,,6.13556489108174
1629,7,,6.10479323241498
1630,1,,5.15329159449778
1630,2,,5.19295685089021
1630,3,,5.01063529409626
1630,4,,4.99721227376411
1630,5,,4.93447393313069
1630,6,,4.9416424226093
1630,7,,4.94875989037817
1631,1,,3.09104245335832
1631,2,,3.29583686600433
1631,3,,3.29583686600433
1631,4,,3.52636052461616
1631,5,,2.484906649788
1631,6,,2.07944154167984
1631,7,,2.56494935746154
1632,1,,4.24849524204936
1632,2,,4.18965474202643
1632,3,,4.15888308335967
1632,4,,4.12713438504509
1632,5,,4.02535169073515
1632,6,,4.34380542185368
1632,7,,4.30406509320417
1633,1,,3.46573590279973
1633,2,,3.66356164612965
1633,3,,3.49650756146648
1633,4,,3.49650756146648
1633,5,,3.25809653802148
1633,6,,2.94443897916644
1633,7,,3.17805383034795
1634,1,,4.71849887129509
1634,2,,4.68213122712422
1634,3,,4.59511985013459
1634,4,,4.59511985013459
1634,5,,4.48863636973214
1634,6,,4.70953020131233
1634,7,,4.54329478227
1635,1,,5.65948221575962
1635,2,,5.64544689764324
1635,3,,5.45958551414416
1635,4,,5.31320597904179
1635,5,,5.4249500174814
1635,6,,5.30330490805908
1635,7,,5.32300997913841
1636,1,,6.43615036836943
1636,2,,6.41836493593621
1636,3,,6.40522845803084
1636,4,,6.30444880242198
1636,5,,6.18001665365257
1636,6,,6.12029741895095
1636,7,,6.18414889093748
1637,1,,5.92157841964382
1637,2,,5.85507192220243
1637,3,,5.89440283426485
1637,4,,5.8805329864007
1637,5,,5.95583736946483
1637,6,,6.12905021006055
1637,7,,6.49526555593701
1638,1,,4.84418708645859
1638,2,,4.06044301054642
1638,3,,4.72738781871234
1638,4,,4.61512051684126
1638,5,,4.68213122712422
1638,6,,4.69134788222914
1638,7,,4.65396035015752
1639,1,,4.74493212836325
1639,2,,4.59511985013459
1639,3,,4.60517018598809
1639,4,,4.7361984483945
1639,5,,4.56434819146784
1639,6,,4.59511985013459
1639,7,,4.71849887129509
1640,1,,3.68887945411394
1640,2,,3.63758615972639
1640,3,,3.46573590279973
1640,4,,3.68887945411394
1640,5,,3.55534806148941
1640,6,,3.71357206670431
1640,7,,3.66356164612965
1641,1,,4.45434729625351
1641,2,,4.20469261939097
1641,3,,4.14313472639153
1641,4,,4.31748811353631
1641,5,,4.14313472639153
1641,6,,4.20469261939097
1641,7,,4.24849524204936
1642,1,,5.65599181081985
1642,2,,5.66642668811243
1642,3,,5.58724865840025
1642,4,,5.61677109766657
1642,5,,5.61312810638807
1642,6,,5.67675380226828
1642,7,,5.56068163101553
1643,1,,2.63905732961526
1643,2,,2.70805020110221
1643,3,,2.39789527279837
1643,4,,2.70805020110221
1643,5,,2.83321334405622
1643,6,,2.94443897916644
1643,7,,3.36729582998647
1644,1,,3.40119738166216
1644,2,,3.17805383034795
1644,3,,3.36729582998647
1644,4,,3.36729582998647
1644,5,,3.29583686600433
1644,6,,3.2188758248682
1644,7,,3.29583686600433
1645,1,,8.63692987301857
1645,2,,8.58634605010455
1645,3,,8.4906438561827
1645,4,,8.4767877767812
1645,5,,8.45998771764546
1645,6,,8.46358142196759
1645,7,,8.50187648730434
1646,1,,4.7361984483945
1646,2,,4.72738781871234
1646,3,,4.53259949315326
1646,4,,4.49980967033027
1646,5,,4.43081679884331
1646,6,,4.48863636973214
1646,7,,4.75359019110636
1647,1,,7.83439230291044
1647,2,,7.72929567431048
1647,3,,7.69393732550927
1647,4,,7.62657020629066
1647,5,,7.66949525100769
1647,6,,7.65633716643018
1647,7,,7.63867982387611
1648,1,,4.34380542185368
1648,2,,4.26267987704132
1648,3,,4.04305126783455
1648,4,,4.02535169073515
1648,5,,4.20469261939097
1648,6,,4.17438726989564
1648,7,,4.07753744390572
1649,1,,3.87120101090789
1649,2,,3.66356164612965
1649,3,,3.55534806148941
1649,4,,3.58351893845611
1649,5,,3.49650756146648
1649,6,,3.76120011569356
1649,7,,3.89182029811063
1650,1,,5.2257466737132
1650,2,,5.11198778835654
1650,3,,5.14749447681345
1650,4,,5.15905529921453
1650,5,,5.24702407216049
1650,6,,5.21493575760899
1650,7,,5.12989871492307
1651,1,,2.89037175789616
1651,2,,2.89037175789616
1651,3,,3.17805383034795
1651,4,,2.56494935746154
1651,5,,3.63758615972639
1651,6,,3.13549421592915
1651,7,,3.13549421592915
1652,1,,4.91265488573605
1652,2,,4.85981240436167
1652,3,,4.81218435537242
1652,4,,4.91265488573605
1652,5,,5.02388052084628
1652,6,,5.08759633523238
1652,7,,5.05624580534831
1653,1,,4.12713438504509
1653,2,,4.33073334028633
1653,3,,4.34380542185368
1653,4,,4.29045944114839
1653,5,,4.14313472639153
1653,6,,4.12713438504509
1653,7,,4.20469261939097
1654,1,,3.09104245335832
1654,2,,3.13549421592915
1654,3,,2.83321334405622
1654,4,,2.99573227355399
1654,5,,2.70805020110221
1654,6,,2.99573227355399
1654,7,,2.89037175789616
1655,1,,3.91202300542815
1655,2,,3.58351893845611
1655,3,,3.49650756146648
1655,4,,3.76120011569356
1655,5,,3.46573590279973
1655,6,,3.58351893845611
1655,7,,3.17805383034795
1656,1,,4.85981240436167
1656,2,,4.89783979995091
1656,3,,4.74493212836325
1656,4,,4.85981240436167
1656,5,,4.85203026391962
1656,6,,4.61512051684126
1656,7,,4.67282883446191
1657,1,,5.52146091786225
1657,2,,5.62762111369064
1657,3,,5.48063892334199
1657,4,,5.4510384535657
1657,5,,5.37989735354046
1657,6,,5.36597601502185
1657,7,,5.45958551414416
1658,1,,6.59987049921284
1658,2,,6.49223983502047
1658,3,,6.40687998606931
1658,4,,6.3818160174061
1658,5,,6.37842618365159
1658,6,,6.43294009273918
1658,7,,6.3578422665081
1659,1,,2.30258509299405
1659,2,,1.79175946922805
1659,3,,2.70805020110221
1659,4,,2.63905732961526
1659,5,,2.30258509299405
1659,6,,2.07944154167984
1659,7,,2.56494935746154
1660,1,,7.11882624906208
1660,2,,6.98749024700099
1660,3,,6.95463886488099
1660,4,,6.89264164117209
1660,5,,7.1276936993474
1660,6,,7.13727843726039
1660,7,,7.04053639021596
1661,1,,6.34388043412633
1661,2,,6.13339804299665
1661,3,,6.06842558824411
1661,4,,6.04263283368238
1661,5,,6.12029741895095
1661,6,,6.07993319509559
1661,7,,6.10702288774225
1662,1,,5.4553211153577
1662,2,,5.16478597392351
1662,3,,5.06890420222023
1662,4,,4.95582705760126
1662,5,,4.99043258677874
1662,6,,5.00394630594546
1662,7,,4.9416424226093
1663,1,,4.14313472639153
1663,2,,3.97029191355212
1663,3,,3.97029191355212
1663,4,,3.85014760171006
1663,5,,4.07753744390572
1663,6,,3.93182563272433
1663,7,,4.15888308335967
1664,1,,7.07749805356923
1664,2,,7.00940893270864
1664,3,,6.94312242281943
1664,4,,7.00215595440362
1664,5,,7.06817200038804
1664,6,,7.12044437239249
1664,7,,7.09672137849476
1665,1,,7.16857989726403
1665,2,,6.93244789157251
1665,3,,7.02286808608264
1665,4,,7.05272104923232
1665,5,,7.01121398735037
1665,6,,7.07496319796604
1665,7,,7.03790596344718
1666,1,,5.81413053182507
1666,2,,5.66988092298052
1666,3,,5.53733426701854
1666,4,,5.54126354515843
1666,5,,5.68357976733868
1666,6,,5.61312810638807
1666,7,,5.65599181081985
1667,1,,4.62497281328427
1667,2,,4.4188406077966
1667,3,,4.55387689160054
1667,4,,4.35670882668959
1667,5,,4.34380542185368
1667,6,,4.4188406077966
1667,7,,4.70953020131233
1668,1,,5.72358510195238
1668,2,,5.4249500174814
1668,3,,5.41610040220442
1668,4,,5.39362754635236
1668,5,,5.50938833662798
1668,6,,5.5683445037611
1668,7,,5.53338948872752
1669,1,,6.11368217983223
1669,2,,5.94803498918065
1669,3,,5.87493073085203
1669,4,,5.88610403145016
1669,5,,5.92425579741453
1669,6,,6.00881318544259
1669,7,,6.01615715969835
1670,1,,5.96357934361845
1670,2,,5.65948221575962
1670,3,,5.63478960316925
1670,4,,5.66296048013595
1670,5,,5.68697535633982
1670,6,,5.7268477475872
1670,7,,5.73009978297357
1671,1,,5.00394630594546
1671,2,,4.92725368515721
1671,3,,4.98360662170834
1671,4,,5.12989871492307
1671,5,,4.85203026391962
1671,6,,4.7361984483945
1671,7,,4.9416424226093
1672,1,,5.8111409929767
1672,2,,5.73334127689775
1672,3,,5.70044357339069
1672,4,,5.57594910314632
1672,5,,5.72031177660741
1672,6,,5.57594910314632
1672,7,,5.52146091786225
1673,1,,4.06044301054642
1673,2,,4.40671924726425
1673,3,,4.07753744390572
1673,4,,4.23410650459726
1673,5,,4.11087386417331
1673,6,,4.26267987704132
1673,7,,4.12713438504509
1674,1,,5.50125821054473
1674,2,,5.36129216570943
1674,3,,5.36129216570943
1674,4,,5.23644196282995
1674,5,,5.34710753071747
1674,6,,5.32300997913841
1674,7,,5.4380793089232
1675,1,,6.84800527457636
1675,2,,6.74875954749168
1675,3,,6.69579891705849
1675,4,,6.70196036600254
1675,5,,6.7286286130847
1675,6,,6.62671774924902
1675,7,,6.63594655568665
1676,1,,4.7361984483945
1676,2,,4.52178857704904
1676,3,,4.56434819146784
1676,4,,4.52178857704904
1676,5,,4.48863636973214
1676,6,,4.49980967033027
1676,7,,4.67282883446191
1677,1,,6.42648845745769
1677,2,,6.29894924685594
1677,3,,6.31535800152233
1677,4,,6.27852142416584
1677,5,,6.42486902390539
1677,6,,6.38687931936265
1677,7,,6.42162226780652
1678,1,,9.42230163388782
1678,2,,9.27021176901357
1678,3,,9.20923976653215
1678,4,,9.19786285046507
1678,5,,9.19715381017201
1678,6,,9.29238108231239
1678,7,,9.21532791348722
1679,1,,4.9416424226093
1679,2,,4.79579054559674
1679,3,,4.8283137373023
1679,4,,4.85203026391962
1679,5,,4.83628190695148
1679,6,,4.89783979995091
1679,7,,4.88280192258637
1680,1,,5.48893772615669
1680,2,,5.50125821054473
1680,3,,5.2257466737132
1680,4,,5.37063802812766
1680,5,,5.27299955856375
1680,6,,5.42934562895444
1680,7,,5.33271879326537
1681,1,,6.31896811374643
1681,2,,6.10702288774225
1681,3,,6.00635315960173
1681,4,,5.99146454710798
1681,5,,5.96614673912369
1681,6,,6.15697898558556
1681,7,,6.2841341610708
1682,1,,6.29894924685594
1682,2,,6.19440539110467
1682,3,,6.15909538849193
1682,4,,6.07073772800249
1682,5,,6.08221891037645
1682,6,,5.89989735358249
1682,7,,6.00635315960173
1683,1,,5.01727983681492
1683,2,,5.08140436498446
1683,3,,5.06890420222023
1683,4,,5.07517381523383
1683,5,,5.14749447681345
1683,6,,5.40717177146012
1683,7,,5.48063892334199
1684,1,,5.15905529921453
1684,2,,5.14166355650266
1684,3,,5.03695260241363
1684,4,,5.02388052084628
1684,5,,5.3890717298165
1684,6,,5.12989871492307
1684,7,,4.97673374242057
1685,1,,5.91079664404053
1685,2,,5.78689738136671
1685,3,,5.88887795833288
1685,4,,5.92958914338989
1685,5,,5.97888576490112
1685,6,,5.78074351579233
1685,7,,5.73009978297357
1686,1,,6.4377516497364
1686,2,,6.32793678372919
1686,3,,6.33150184989369
1686,4,,6.26339826259162
1686,5,,6.23441072571837
1686,6,,6.26909628370626
1686,7,,6.29156913955832
1687,1,,5.74939298590825
1687,2,,5.5834963087817
1687,3,,5.53733426701854
1687,4,,5.59471137960184
1687,5,,5.49306144334055
1687,6,,5.63835466933375
1687,7,,5.66988092298052
1688,1,,4.68213122712422
1688,2,,4.39444915467244
1688,3,,4.45434729625351
1688,4,,4.33073334028633
1688,5,,4.24849524204936
1688,6,,4.77068462446567
1688,7,,4.81218435537242
1689,1,,6.63725803128446
1689,2,,6.43294009273918
1689,3,,6.50876913697168
1689,4,,6.46614472423762
1689,5,,6.42486902390539
1689,6,,6.58892647753352
1689,7,,6.5792512120101
1690,1,,3.73766961828337
1690,2,,3.63758615972639
1690,3,,3.49650756146648
1690,4,,3.52636052461616
1690,5,,3.89182029811063
1690,6,,3.61091791264422
1690,7,,3.93182563272433
1691,1,,6.95368421087054
1691,2,,6.74641212857337
1691,3,,6.84800527457636
1691,4,,6.77764659363512
1691,5,,6.76157276880406
1691,6,,6.7719355558396
1691,7,,6.74758652682932
1692,1,,8.79754848848156
1692,2,,8.65660724719891
1692,3,,8.57319538153152
1692,4,,8.60300384782935
1692,5,,8.63194942871443
1692,6,,8.5577591531629
1692,7,,8.56369502506766
1693,1,,2.94443897916644
1693,2,,3.36729582998647
1693,3,,3.49650756146648
1693,4,,3.04452243772342
1693,5,,2.70805020110221
1693,6,,2.99573227355399
1693,7,,3.09104245335832
1694,1,,5.4510384535657
1694,2,,5.25227342804663
1694,3,,5.18178355029209
1694,4,,5.06259503302697
1694,5,,5.11799381241676
1694,6,,4.98360662170834
1694,7,,4.81218435537242
1695,1,,6.15909538849193
1695,2,,6.1463292576689
1695,3,,5.9427993751267
1695,4,,5.87773578177964
1695,5,,5.94542060860658
1695,6,,6.00388706710654
1695,7,,6.0137151560428
1696,1,,6.03787091992214
1696,2,,5.95583736946483
1696,3,,6.12686918411419
1696,4,,6.00881318544259
1696,5,,5.93489419561959
1696,6,,6.04263283368238
1696,7,,5.93753620508243
1697,1,,5.25749537202778
1697,2,,5.09375020080676
1697,3,,4.92725368515721
1697,4,,4.70953020131233
1697,5,,4.7361984483945
1697,6,,4.80402104473326
1697,7,,4.74493212836325
1698,1,,5.91079664404053
1698,2,,5.66988092298052
1698,3,,5.73979291217923
1698,4,,5.85793315448346
1698,5,,5.82008293035236
1698,6,,5.73979291217923
1698,7,,5.71373280550937
1699,1,,6.13339804299665
1699,2,,5.94017125272043
1699,3,,5.69035945432406
1699,4,,5.72358510195238
1699,5,,5.80513496891649
1699,6,,5.85793315448346
1699,7,,5.90536184805457
1700,1,,4.969813299576
1700,2,,5.08140436498446
1700,3,,4.98360662170834
1700,4,,4.85203026391962
1700,5,,4.8283137373023
1700,6,,4.89034912822175
1700,7,,5.01063529409626
1701,1,,3.87120101090789
1701,2,,4.04305126783455
1701,3,,3.85014760171006
1701,4,,3.87120101090789
1701,5,,3.87120101090789
1701,6,,4.06044301054642
1701,7,,4.18965474202643
1702,1,,5.29330482472449
1702,2,,5.21493575760899
1702,3,,5.13579843705026
1702,4,,5.18738580584075
1702,5,,5.15905529921453
1702,6,,5.13579843705026
1702,7,,5.11198778835654
1703,1,,3.98898404656427
1703,2,,4.00733318523247
1703,3,,3.93182563272433
1703,4,,3.95124371858143
1703,5,,4.23410650459726
1703,6,,3.91202300542815
1703,7,,3.89182029811063
1704,1,,5.89989735358249
1704,2,,5.82600010738045
1704,3,,5.74939298590825
1704,4,,5.78689738136671
1704,5,,5.78382518232974
1704,6,,5.8636311755981
1704,7,,5.96357934361845
1705,1,,4.69134788222914
1705,2,,4.66343909411207
1705,3,,4.46590811865458
1705,4,,4.63472898822964
1705,5,,4.74493212836325
1705,6,,4.91265488573605
1705,7,,4.99043258677874
1706,1,,8.92518842937803
1706,2,,8.80597465931132
1706,3,,8.80777106698004
1706,4,,8.82893352896109
1706,5,,8.8180382503943
1706,6,,8.85452220375743
1706,7,,8.89453313579855
1707,1,,3.89182029811063
1707,2,,3.93182563272433
1707,3,,3.91202300542815
1707,4,,3.43398720448515
1707,5,,3.73766961828337
1707,6,,3.71357206670431
1707,7,,3.80666248977032
1708,1,,5.46383180502561
1708,2,,4.85981240436167
1708,3,,4.7361984483945
1708,4,,4.72738781871234
1708,5,,4.52178857704904
1708,6,,4.78749174278205
1708,7,,4.88280192258637
1709,1,,6.05678401322862
1709,2,,5.98141421125448
1709,3,,5.89715386763674
1709,4,,5.91889385427315
1709,5,,5.96614673912369
1709,6,,5.96614673912369
1709,7,,6.05208916892442
1710,1,,4.63472898822964
1710,2,,4.54329478227
1710,3,,4.45434729625351
1710,4,,4.36944785246702
1710,5,,4.51085950651685
1710,6,,4.47733681447821
1710,7,,4.53259949315326
1711,1,,5.90263333340137
1711,2,,5.90536184805457
1711,3,,5.85507192220243
1711,4,,5.71042701737487
1711,5,,5.72358510195238
1711,6,,5.78689738136671
1711,7,,5.93489419561959
1712,1,,5.68017260901707
1712,2,,5.57215403217776
1712,3,,5.8111409929767
1712,4,,5.82008293035236
1712,5,,5.80211837537706
1712,6,,6.00881318544259
1712,7,,5.96870755998537
1713,1,,6.41999492814714
1713,2,,6.16751649088834
1713,3,,6.20859002609663
1713,4,,6.1463292576689
1713,5,,6.15060276844628
1713,6,,6.23832462503951
1713,7,,6.25190388316589
1714,1,,5.61312810638807
1714,2,,5.50125821054473
1714,3,,5.46806014113513
1714,4,,5.36129216570943
1714,5,,5.32787616878958
1714,6,,5.50938833662798
1714,7,,5.4510384535657
1715,1,,5.39816270151775
1715,2,,5.20948615284142
1715,3,,5.20948615284142
1715,4,,5.25227342804663
1715,5,,5.24702407216049
1715,6,,5.21493575760899
1715,7,,5.11198778835654
1716,1,,7.37525577800975
1716,2,,7.24351297466548
1716,3,,7.15695636461564
1716,4,,7.16549347506085
1716,5,,7.18083119904456
1716,6,,7.19967834569117
1716,7,,7.18462915271731
1717,1,,5.6970934865054
1717,2,,5.6021188208797
1717,3,,5.68697535633982
1717,4,,5.65948221575962
1717,5,,5.67332326717149
1717,6,,5.59098698051086
1717,7,,5.4553211153577
1718,1,,5.88887795833288
1718,2,,5.76832099579377
1718,3,,5.73334127689775
1718,4,,5.54907608489522
1718,5,,5.61312810638807
1718,6,,5.59098698051086
1718,7,,5.78074351579233
1719,1,,6.96885037834195
1719,2,,6.85118492749374
1719,3,,6.78558764500793
1719,4,,6.81124437860129
1719,5,,6.76734312526539
1719,6,,6.80350525760834
1719,7,,6.92461239604856
1720,1,,3.66356164612965
1720,2,,4.11087386417331
1720,3,,3.89182029811063
1720,4,,4.04305126783455
1720,5,,4.02535169073515
1720,6,,3.68887945411394
1720,7,,3.40119738166216
1721,1,,6.19644412779452
1721,2,,6.01615715969835
1721,3,,6.07534603108868
1721,4,,6.0282785202307
1721,5,,6.1463292576689
1721,6,,6.15485809401642
1721,7,,6.21660610108486
1722,1,,7.44424864949671
1722,2,,7.34794382314869
1722,3,,7.31654817718298
1722,4,,7.33498187887181
1722,5,,7.38894609761844
1722,6,,7.42595365707754
1722,7,,7.51479976048867
1723,1,,3.3322045101752
1723,2,,3.55534806148941
1723,3,,3.3322045101752
1723,4,,3.43398720448515
1723,5,,3.25809653802148
1723,6,,3.3322045101752
1723,7,,3.46573590279973
1724,1,,4.40671924726425
1724,2,,4.39444915467244
1724,3,,4.34380542185368
1724,4,,4.06044301054642
1724,5,,4.26267987704132
1724,6,,4.17438726989564
1724,7,,4.27666611901606
1725,1,,6.04263283368238
1725,2,,6.00635315960173
1725,3,,5.88332238848828
1725,4,,5.74300318780948
1725,5,,5.74939298590825
1725,6,,5.86929691313377
1725,7,,5.8664680569333
1726,1,,5.48893772615669
1726,2,,5.35185813347607
1726,3,,5.17048399503815
1726,4,,5.17048399503815
1726,5,,5.11198778835654
1726,6,,5.2257466737132
1726,7,,5.28826703069454
1727,1,,3.66356164612965
1727,2,,3.8286413964891
1727,3,,3.93182563272433
1727,4,,4.04305126783455
1727,5,,3.87120101090789
1727,6,,4.07753744390572
1727,7,,4.11087386417331
1728,1,,3.78418963391826
1728,2,,3.40119738166216
1728,3,,3.58351893845611
1728,4,,3.52636052461616
1728,5,,3.76120011569356
1728,6,,3.52636052461616
1728,7,,3.49650756146648
1729,1,,4.57471097850338
1729,2,,4.35670882668959
1729,3,,4.69134788222914
1729,4,,4.47733681447821
1729,5,,4.46590811865458
1729,6,,4.83628190695148
1729,7,,4.65396035015752
1730,1,,6.8501261661455
1730,2,,6.70808408385307
1730,3,,6.75925527066369
1730,4,,6.82762923450285
1730,5,,6.82328612235569
1730,6,,6.7719355558396
1730,7,,6.79570577517351
1731,1,,5.79301360838414
1731,2,,5.62401750618734
1731,3,,5.74620319054015
1731,4,,5.65248918026865
1731,5,,5.61677109766657
1731,6,,5.70044357339069
1731,7,,5.73334127689775
1732,1,,6.12468339089421
1732,2,,6.20253551718792
1732,3,,6.02344759296103
1732,4,,6.10255859461357
1732,5,,6.19236248947487
1732,6,,6.07993319509559
1732,7,,6.04973345523196
1733,1,,6.55961523749324
1733,2,,6.46769872610435
1733,3,,6.46302945692067
1733,4,,6.36647044773144
1733,5,,6.44571981938558
1733,6,,6.39526159811545
1733,7,,6.53087762772588
1734,1,,7.9536697786498
1734,2,,7.80261806344267
1734,3,,7.82564473221999
1734,4,,7.85205020726589
1734,5,,7.82684209815829
1734,6,,7.95050243480885
1734,7,,8.03008409426756
1735,1,,5.34233425196481
1735,2,,5.04342511691925
1735,3,,5.32300997913841
1735,4,,5.2257466737132
1735,5,,5.20948615284142
1735,6,,5.31320597904179
1735,7,,5.35658627467201
1736,1,,4.70048036579242
1736,2,,4.38202663467388
1736,3,,4.46590811865458
1736,4,,4.72738781871234
1736,5,,4.69134788222914
1736,6,,4.61512051684126
1736,7,,4.57471097850338
1737,1,,7.48042830607421
1737,2,,7.42714413340862
1737,3,,7.44014668066269
1737,4,,7.36454701425564
1737,5,,7.45240245122364
1737,6,,7.52671756135271
1737,7,,7.54168309988211
1738,1,,9.70801996407216
1738,2,,9.54731248363905
1738,3,,9.48607637340956
1738,4,,9.44770236052795
1738,5,,9.40640045488065
1738,6,,9.47031717333574
1738,7,,9.52493210973482
1739,1,,5.57215403217776
1739,2,,5.4380793089232
1739,3,,5.32787616878958
1739,4,,5.20948615284142
1739,5,,5.28320372873799
1739,6,,5.16478597392351
1739,7,,5.27811465923052
1740,1,,3.97029191355212
1740,2,,4.64439089914137
1740,3,,4.56434819146784
1740,4,,4.30406509320417
1740,5,,4.36944785246702
1740,6,,4.59511985013459
1740,7,,4.40671924726425
1741,1,,7.50878717063428
1741,2,,7.39694860262101
1741,3,,7.38709023565676
1741,4,,7.39756153552405
1741,5,,7.44424864949671
1741,6,,7.51806418123308
1741,7,,7.60339933974067
1742,1,,7.55851674304564
1742,2,,7.39203156751459
1742,3,,7.41034709782102
1742,4,,7.40549566319947
1742,5,,7.49331724886215
1742,6,,7.48380668766583
1742,7,,7.51261754467451
1743,1,,6.1463292576689
1743,2,,5.94017125272043
1743,3,,6.01126717440416
1743,4,,5.86929691313377
1743,5,,6.11368217983223
1743,6,,6.14846829591765
1743,7,,6.15697898558556
1744,1,,4.53259949315326
1744,2,,4.24849524204936
1744,3,,4.21950770517611
1744,4,,4.33073334028633
1744,5,,4.33073334028633
1744,6,,4.36944785246702
1744,7,,4.43081679884331
1745,1,,4.70048036579242
1745,2,,4.89034912822175
1745,3,,4.99721227376411
1745,4,,4.69134788222914
1745,5,,4.85981240436167
1745,6,,4.89034912822175
1745,7,,4.85981240436167
1746,1,,4.63472898822964
1746,2,,4.59511985013459
1746,3,,4.51085950651685
1746,4,,4.34380542185368
1746,5,,4.33073334028633
1746,6,,4.63472898822964
1746,7,,4.45434729625351
1747,1,,2.83321334405622
1747,2,,2.83321334405622
1747,3,,1.6094379124341
1747,4,,1.79175946922805
1747,5,,2.30258509299405
1747,6,,2.70805020110221
1747,7,,2.56494935746154
1748,1,,6.1463292576689
1748,2,,6.01859321449623
1748,3,,5.85220247977447
1748,4,,5.93753620508243
1748,5,,6.00141487796115
1748,6,,5.94017125272043
1748,7,,5.95064255258773
1749,1,,7.66481578528574
1749,2,,7.50218648660292
1749,3,,7.46164039220858
1749,4,,7.44014668066269
1749,5,,7.46049030582534
1749,6,,7.51043055637801
1749,7,,7.59186171488993
1750,1,,4.98360662170834
1750,2,,5.03695260241363
1750,3,,4.88280192258637
1750,4,,5.03043792139244
1750,5,,4.9416424226093
1750,6,,5.2040066870768
1750,7,,5.25749537202778
1751,1,,5.90536184805457
1751,2,,5.78382518232974
1751,3,,5.64897423816121
1751,4,,5.62040086571715
1751,5,,5.73979291217923
1751,6,,5.70711026474888
1751,7,,5.65948221575962
1752,1,,5.44241771052179
1752,2,,5.01063529409626
1752,3,,5.03043792139244
1752,4,,5.01063529409626
1752,5,,5.06890420222023
1752,6,,5.11198778835654
1752,7,,5.2040066870768
1753,1,,7.97453284413023
1753,2,,7.90728360942635
1753,3,,7.87245515006398
1753,4,,7.89580837708318
1753,5,,7.84815308619953
1753,6,,7.91461770904068
1753,7,,8.03883475778775
1754,1,,7.04315991598834
1754,2,,6.90775527898214
1754,3,,6.90575327631146
1754,4,,6.88755257166462
1754,5,,7.02642680869964
1754,6,,7.04053639021596
1754,7,,7.08002649992259
1755,1,,6.33505425149806
1755,2,,6.23048144757848
1755,3,,6.0913098820777
1755,4,,6.03787091992214
1755,5,,6.01126717440416
1755,6,,6.04973345523196
1755,7,,6.03548143252476
1756,1,,5.22035582507832
1756,2,,5.34233425196481
1756,3,,5.10594547390058
1756,4,,4.92725368515721
1756,5,,5.28826703069454
1756,6,,5.61312810638807
1756,7,,5.8406416573734
1757,1,,7.28344822875663
1757,2,,7.23345541862144
1757,3,,7.09090982207998
1757,4,,7.10414409298753
1757,5,,7.02286808608264
1757,6,,7.13169851046691
1757,7,,7.14282740116162
1758,1,,5.4249500174814
1758,2,,5.3890717298165
1758,3,,5.39362754635236
1758,4,,5.26785815906333
1758,5,,5.39816270151775
1758,6,,5.52146091786225
1758,7,,5.57972982598622
1759,1,,4.36944785246702
1759,2,,4.83628190695148
1759,3,,3.85014760171006
1759,4,,3.89182029811063
1759,5,,3.85014760171006
1759,6,,3.80666248977032
1759,7,,4.11087386417331
1760,1,,2.63905732961526
1760,2,,3.17805383034795
1760,3,,3.09104245335832
1760,4,,2.83321334405622
1760,5,,2.70805020110221
1760,6,,2.83321334405622
1760,7,,2.70805020110221
1761,1,,5.91079664404053
1761,2,,5.85793315448346
1761,3,,5.5834963087817
1761,4,,5.60947179518496
1761,5,,5.6970934865054
1761,6,,5.4510384535657
1761,7,,5.73009978297357
1762,1,,5.85793315448346
1762,2,,5.88887795833288
1762,3,,5.73979291217923
1762,4,,5.8664680569333
1762,5,,5.8664680569333
1762,6,,5.89989735358249
1762,7,,5.99893656194668
1763,1,,4.66343909411207
1763,2,,4.75359019110636
1763,3,,4.80402104473326
1763,4,,4.85203026391962
1763,5,,4.91998092582813
1763,6,,4.83628190695148
1763,7,,4.88280192258637
1764,1,,4.67282883446191
1764,2,,4.7361984483945
1764,3,,4.75359019110636
1764,4,,4.67282883446191
1764,5,,4.83628190695148
1764,6,,4.79579054559674
1764,7,,4.79579054559674
1765,1,,6.41673228251233
1765,2,,6.38012253689976
1765,3,,6.25190388316589
1765,4,,6.18208490671663
1765,5,,6.10255859461357
1765,6,,6.23048144757848
1765,7,,6.32793678372919
1766,1,,3.85014760171006
1766,2,,3.87120101090789
1766,3,,3.66356164612965
1766,4,,3.68887945411394
1766,5,,3.63758615972639
1766,6,,3.63758615972639
1766,7,,3.93182563272433
1767,1,,5.45958551414416
1767,2,,5.36129216570943
1767,3,,5.22035582507832
1767,4,,5.24174701505964
1767,5,,5.19295685089021
1767,6,,5.36597601502185
1767,7,,5.33271879326537
1768,1,,8.07899825868515
1768,2,,7.97899637085411
1768,3,,7.9550742732627
1768,4,,7.90617884039481
1768,5,,7.92660259918138
1768,6,,7.93951526066241
1768,7,,7.96067260838812
1769,1,,10.0929502174814
1769,2,,9.97259375093468
1769,3,,9.86177974913634
1769,4,,9.79467664667795
1769,5,,9.78188473077688
1769,6,,9.8474461616525
1769,7,,9.92348623904282
1770,1,,4.81218435537242
1770,2,,4.30406509320417
1770,3,,4.57471097850338
1770,4,,4.60517018598809
1770,5,,4.4188406077966
1770,6,,4.45434729625351
1770,7,,4.59511985013459
1771,1,,5.01727983681492
1771,2,,5.10594547390058
1771,3,,4.81218435537242
1771,4,,4.87519732320115
1771,5,,4.90527477843843
1771,6,,4.99721227376411
1771,7,,4.70048036579242
1772,1,,7.21376830811864
1772,2,,7.04228617193974
1772,3,,6.99942246750796
1772,4,,6.92264389147589
1772,5,,6.95368421087054
1772,6,,7.03262426102801
1772,7,,7.09174211509515
1773,1,,7.86978390253015
1773,2,,7.81843027207066
1773,3,,7.76514490293613
1773,4,,7.71601526664259
1773,5,,7.72533003791713
1773,6,,7.80832305039106
1773,7,,7.91644286012226
1774,1,,7.88231491898027
1774,2,,7.82043951526218
1774,3,,7.72665366484764
1774,4,,7.62119516280984
1774,5,,7.70345904786717
1774,6,,7.69530313496357
1774,7,,7.8188324438034
1775,1,,4.97673374242057
1775,2,,4.77912349311153
1775,3,,4.83628190695148
1775,4,,4.89034912822175
1775,5,,5.16478597392351
1775,6,,5.32787616878958
1775,7,,5.4971682252932
1776,1,,4.27666611901606
1776,2,,4.33073334028633
1776,3,,4.0943445622221
1776,4,,4.21950770517611
1776,5,,4.0943445622221
1776,6,,4.44265125649032
1776,7,,4.29045944114839
1777,1,,6.24027584517077
1777,2,,6.16541785423142
1777,3,,6.07304453410041
1777,4,,5.92958914338989
1777,5,,5.94542060860658
1777,6,,6.05208916892442
1777,7,,5.98896141688986
1778,1,,5.11799381241676
1778,2,,5.15905529921453
1778,3,,4.99043258677874
1778,4,,4.93447393313069
1778,5,,5.07517381523383
1778,6,,5.04985600724954
1778,7,,4.98360662170834
1779,1,,6.17378610390194
1779,2,,6.13339804299665
1779,3,,6.09356977004514
1779,4,,6.12905021006055
1779,5,,6.10255859461357
1779,6,,6.11589212548303
1779,7,,6.17378610390194
1780,1,,5.62040086571715
1780,2,,5.4380793089232
1780,3,,5.35185813347607
1780,4,,5.4971682252932
1780,5,,5.37989735354046
1780,6,,5.44673737166631
1780,7,,5.43372200355424
1781,1,,5.29831736654804
1781,2,,5.21493575760899
1781,3,,5.05624580534831
1781,4,,4.98360662170834
1781,5,,4.87519732320115
1781,6,,4.969813299576
1781,7,,5.24174701505964
1782,1,,4.17438726989564
1782,2,,4.54329478227
1782,3,,4.02535169073515
1782,4,,4.23410650459726
1782,5,,4.33073334028633
1782,6,,4.35670882668959
1782,7,,4.4188406077966
1783,1,,7.92624152317096
1783,2,,7.90912218321141
1783,3,,7.84149292446001
1783,4,,7.8164169836918
1783,5,,7.74240202181578
1783,6,,7.81843027207066
1783,7,,7.92768504561578
1784,1,,4.94875989037817
1784,2,,4.98360662170834
1784,3,,4.98360662170834
1784,4,,4.97673374242057
1784,5,,5.04985600724954
1784,6,,5.13579843705026
1784,7,,5.16478597392351
1785,1,,3.87120101090789
1785,2,,4.0943445622221
1785,3,,3.8286413964891
1785,4,,3.85014760171006
1785,5,,3.17805383034795
1785,6,,3.43398720448515
1785,7,,3.78418963391826
1786,1,,5.71042701737487
1786,2,,5.55682806169954
1786,3,,5.51342874616498
1786,4,,5.44241771052179
1786,5,,5.59098698051086
1786,6,,5.4971682252932
1786,7,,5.46806014113513
1787,1,,4.43081679884331
1787,2,,4.39444915467244
1787,3,,4.35670882668959
1787,4,,4.26267987704132
1787,5,,4.40671924726425
1787,6,,4.52178857704904
1787,7,,4.31748811353631
1788,1,,5.46806014113513
1788,2,,5.39816270151775
1788,3,,5.54517744447956
1788,4,,5.35658627467201
1788,5,,5.41164605185504
1788,6,,5.65599181081985
1788,7,,5.64897423816121
1789,1,,6.44888939414686
1789,2,,6.39859493453521
1789,3,,6.35262939631957
1789,4,,6.07764224334903
1789,5,,6.19440539110467
1789,6,,6.21060007702465
1789,7,,6.22653666928747
1790,1,,4.4188406077966
1790,2,,4.31748811353631
1790,3,,4.36944785246702
1790,4,,4.44265125649032
1790,5,,4.24849524204936
1790,6,,4.47733681447821
1790,7,,4.40671924726425
1791,1,,4.36944785246702
1791,2,,4.40671924726425
1791,3,,4.34380542185368
1791,4,,4.11087386417331
1791,5,,4.15888308335967
1791,6,,3.91202300542815
1791,7,,3.80666248977032
1792,1,,2.77258872223978
1792,2,,2.70805020110221
1792,3,,3.43398720448515
1792,4,,2.99573227355399
1792,5,,3.58351893845611
1792,6,,3.40119738166216
1792,7,,3.2188758248682
1793,1,,3.40119738166216
1793,2,,3.17805383034795
1793,3,,3.17805383034795
1793,4,,2.77258872223978
1793,5,,2.63905732961526
1793,6,,2.94443897916644
1793,7,,2.70805020110221
1794,1,,4.51085950651685
1794,2,,4.47733681447821
1794,3,,4.65396035015752
1794,4,,4.54329478227
1794,5,,4.44265125649032
1794,6,,4.56434819146784
1794,7,,4.62497281328427
1795,1,,9.23659274312025
1795,2,,9.1557785839835
1795,3,,9.08692902706095
1795,4,,9.08738146457573
1795,5,,9.15048420482282
1795,6,,9.26700421909372
1795,7,,9.27855961095333
1796,1,,3.73766961828337
1796,2,,3.61091791264422
1796,3,,3.73766961828337
1796,4,,3.49650756146648
1796,5,,3.71357206670431
1796,6,,3.63758615972639
1796,7,,2.99573227355399
1797,1,,5.63121178182137
1797,2,,5.52545293913178
1797,3,,5.53338948872752
1797,4,,5.4971682252932
1797,5,,5.4971682252932
1797,6,,5.4510384535657
1797,7,,5.4510384535657
1798,1,,7.19518732017871
1798,2,,7.12044437239249
1798,3,,7.0475172213573
1798,4,,7.00306545878646
1798,5,,7.03085747611612
1798,6,,7.08924315502751
1798,7,,7.20414929203594
1799,1,,4.96284463025991
1799,2,,5.19295685089021
1799,3,,5.06259503302697
1799,4,,5.08759633523238
1799,5,,4.97673374242057
1799,6,,5.10594547390058
1799,7,,5.17048399503815
1800,1,,3.2188758248682
1800,2,,3.52636052461616
1800,3,,3.13549421592915
1800,4,,3.13549421592915
1800,5,,3.2188758248682
1800,6,,3.66356164612965
1800,7,,3.13549421592915
1801,1,,6.52502965784346
1801,2,,6.41345895716736
1801,3,,6.32076829425058
1801,4,,6.34738920965601
1801,5,,6.30809844150953
1801,6,,6.4118182677099
1801,7,,6.43615036836943
1802,1,,6.22455842927536
1802,2,,6.27287700654617
1802,3,,6.21460809842219
1802,4,,6.08221891037645
1802,5,,6.08904487544685
1802,6,,6.30261897574491
1802,7,,6.19847871649231
1803,1,,2.94443897916644
1803,2,,2.70805020110221
1803,3,,2.484906649788
1803,4,,2.63905732961526
1803,5,,2.30258509299405
1803,6,,2.77258872223978
1803,7,,2.39789527279837
1804,1,,3.25809653802148
1804,2,,3.49650756146648
1804,3,,2.99573227355399
1804,4,,2.94443897916644
1804,5,,3.09104245335832
1804,6,,3.52636052461616
1804,7,,3.43398720448515
1805,1,,3.93182563272433
1805,2,,3.98898404656427
1805,3,,3.63758615972639
1805,4,,3.63758615972639
1805,5,,3.68887945411394
1805,6,,3.55534806148941
1805,7,,3.93182563272433
1806,1,,3.43398720448515
1806,2,,3.98898404656427
1806,3,,3.97029191355212
1806,4,,3.91202300542815
1806,5,,4.17438726989564
1806,6,,3.71357206670431
1806,7,,3.36729582998647
1807,1,,3.71357206670431
1807,2,,3.61091791264422
1807,3,,3.55534806148941
1807,4,,3.58351893845611
1807,5,,3.63758615972639
1807,6,,3.91202300542815
1807,7,,3.91202300542815
1808,1,,5.05624580534831
1808,2,,4.99043258677874
1808,3,,4.8283137373023
1808,4,,4.90527477843843
1808,5,,4.85981240436167
1808,6,,4.83628190695148
1808,7,,5.02388052084628
1809,1,,10.7436313118304
1809,2,,10.5543533408395
1809,3,,10.4426965306939
1809,4,,10.3391261606518
1809,5,,10.3371189079706
1809,6,,10.3784787232929
1809,7,,10.4352622050525
1810,1,,5.04985600724954
1810,2,,4.86753445045558
1810,3,,4.92725368515721
1810,4,,4.81218435537242
1810,5,,4.89034912822175
1810,6,,4.97673374242057
1810,7,,4.9416424226093
1811,1,,5.54126354515843
1811,2,,5.4249500174814
1811,3,,5.4249500174814
1811,4,,5.28320372873799
1811,5,,5.26785815906333
1811,6,,5.46383180502561
1811,7,,5.4971682252932
1812,1,,3.2188758248682
1812,2,,2.89037175789616
1812,3,,3.13549421592915
1812,4,,2.83321334405622
1812,5,,2.30258509299405
1812,6,,1.94591014905531
1812,7,,2.30258509299405
1813,1,,8.80192090404158
1813,2,,8.70582811026678
1813,3,,8.62353322718756
1813,4,,8.63034328934889
1813,5,,8.68253812400308
1813,6,,8.75731184693641
1813,7,,8.80956425335415
1814,1,,5.52146091786225
1814,2,,5.50125821054473
1814,3,,5.36129216570943
1814,4,,5.25749537202778
1814,5,,5.23110861685459
1814,6,,5.31320597904179
1814,7,,5.40717177146012
1815,1,,3.40119738166216
1815,2,,3.36729582998647
1815,3,,3.17805383034795
1815,4,,3.04452243772342
1815,5,,2.56494935746154
1815,6,,2.99573227355399
1815,7,,3.04452243772342
1816,1,,4.34380542185368
1816,2,,3.98898404656427
1816,3,,4.20469261939097
1816,4,,4.14313472639153
1816,5,,4.48863636973214
1816,6,,4.77068462446567
1816,7,,4.61512051684126
1817,1,,4.18965474202643
1817,2,,3.87120101090789
1817,3,,3.78418963391826
1817,4,,3.71357206670431
1817,5,,3.40119738166216
1817,6,,3.43398720448515
1817,7,,3.73766961828337
1818,1,,3.8286413964891
1818,2,,3.43398720448515
1818,3,,3.46573590279973
1818,4,,3.58351893845611
1818,5,,3.3322045101752
1818,6,,3.63758615972639
1818,7,,3.61091791264422
1819,1,,5.6021188208797
1819,2,,5.52545293913178
1819,3,,5.22035582507832
1819,4,,5.21493575760899
1819,5,,5.16478597392351
1819,6,,5.44673737166631
1819,7,,5.32300997913841
1820,1,,7.6586995582683
1820,2,,7.55642796944025
1820,3,,7.45703208912238
1820,4,,7.45066079621154
1820,5,,7.50823877467866
1820,6,,7.59438124255182
1820,7,,7.77946696745832
1821,1,,1.38629436111989
1821,2,,2.07944154167984
1821,3,,1.94591014905531
1821,4,,1.79175946922805
1821,5,,2.07944154167984
1821,6,,1.94591014905531
1821,7,,2.07944154167984
1822,1,,7.37086016653672
1822,2,,7.3178761986265
1822,3,,7.22256601882217
1822,4,,7.17165682276851
1822,5,,7.23561914106675
1822,6,,7.31721240835984
1822,7,,7.3362856600213
1823,1,,9.11537013438496
1823,2,,8.97474461272273
1823,3,,8.9632882756103
1823,4,,8.90068531871399
1823,5,,8.84649693855884
1823,6,,9.01335177813882
1823,7,,9.02881849535279
1824,1,,6.1779441140506
1824,2,,6.07534603108868
1824,3,,6.05443934626937
1824,4,,6.0137151560428
1824,5,,6.06610809010375
1824,6,,6.12249280951439
1824,7,,6.25190388316589
1825,1,,4.48863636973214
1825,2,,4.46590811865458
1825,3,,4.34380542185368
1825,4,,4.29045944114839
1825,5,,4.36944785246702
1825,6,,4.35670882668959
1825,7,,4.4188406077966
1826,1,,5.68357976733868
1826,2,,5.52545293913178
1826,3,,5.52545293913178
1826,4,,5.45958551414416
1826,5,,5.34710753071747
1826,6,,5.54126354515843
1826,7,,5.605802066296
1827,1,,6.18620862390049
1827,2,,6.12029741895095
1827,3,,6.01615715969835
1827,4,,5.79605775076537
1827,5,,5.8636311755981
1827,6,,5.82304589548302
1827,7,,5.75890177387728
1828,1,,3.40119738166216
1828,2,,3.09104245335832
1828,3,,2.94443897916644
1828,4,,2.99573227355399
1828,5,,2.56494935746154
1828,6,,2.99573227355399
1828,7,,2.484906649788
1829,1,,4.06044301054642
1829,2,,4.06044301054642
1829,3,,3.89182029811063
1829,4,,3.73766961828337
1829,5,,4.02535169073515
1829,6,,3.89182029811063
1829,7,,4.11087386417331
1830,1,,3.13549421592915
1830,2,,2.56494935746154
1830,3,,2.484906649788
1830,4,,1.6094379124341
1830,5,,1.79175946922805
1830,6,,1.94591014905531
1830,7,,2.07944154167984
1831,1,,8.3091845276863
1831,2,,8.31922993863233
1831,3,,8.26616443661249
1831,4,,8.23323750070527
1831,5,,8.27180403115471
1831,6,,8.39547743273214
1831,7,,8.49801037199946
1832,1,,4.57471097850338
1832,2,,4.53259949315326
1832,3,,4.4188406077966
1832,4,,4.43081679884331
1832,5,,4.51085950651685
1832,6,,4.67282883446191
1832,7,,4.62497281328427
1833,1,,5.01727983681492
1833,2,,5.40717177146012
1833,3,,5.33753807970132
1833,4,,5.31320597904179
1833,5,,5.35658627467201
1833,6,,5.26785815906333
1833,7,,5.47646355193151
1834,1,,4.47733681447821
1834,2,,4.67282883446191
1834,3,,4.46590811865458
1834,4,,4.31748811353631
1834,5,,4.43081679884331
1834,6,,4.20469261939097
1834,7,,4.39444915467244
1835,1,,5.01727983681492
1835,2,,5.11799381241676
1835,3,,5.12396397940326
1835,4,,4.96284463025991
1835,5,,5.12989871492307
1835,6,,5.2040066870768
1835,7,,5.27299955856375
1836,1,,8.02910705461974
1836,2,,7.9298464297425
1836,3,,7.87587915949631
1836,4,,7.80139132029149
1836,5,,7.77779262633883
1836,6,,7.88833450073865
1836,7,,7.98616486033273
1837,1,,4.07753744390572
1837,2,,4.0943445622221
1837,3,,3.85014760171006
1837,4,,3.91202300542815
1837,5,,3.91202300542815
1837,6,,4.17438726989564
1837,7,,4.26267987704132
1838,1,,5.90808293816893
1838,2,,5.80814248998044
1838,3,,5.73657229747919
1838,4,,5.71702770140622
1838,5,,5.71702770140622
1838,6,,5.82894561761021
1838,7,,5.88610403145016
1839,1,,2.19722457733622
1839,2,,1.79175946922805
1839,3,,2.39789527279837
1839,4,,1.79175946922805
1839,5,,1.94591014905531
1839,6,,2.07944154167984
1839,7,,1.38629436111989
1840,1,,3.76120011569356
1840,2,,3.63758615972639
1840,3,,3.52636052461616
1840,4,,3.58351893845611
1840,5,,3.40119738166216
1840,6,,3.61091791264422
1840,7,,4.00733318523247
1841,1,,5.39816270151775
1841,2,,5.27811465923052
1841,3,,5.30826769740121
1841,4,,5.41164605185504
1841,5,,5.30330490805908
1841,6,,5.43372200355424
1841,7,,5.52942908751142
1842,1,,5.94542060860658
1842,2,,5.84643877505772
1842,3,,5.63121178182137
1842,4,,5.65248918026865
1842,5,,5.57594910314632
1842,6,,5.76519110278484
1842,7,,5.79605775076537
1843,1,,7.37023064180708
1843,2,,7.23417717974985
1843,3,,7.17165682276851
1843,4,,7.09257371597468
1843,5,,7.13009851012558
1843,6,,7.20934025660291
1843,7,,7.3031700512368
1844,1,,7.87359778968554
1844,2,,7.77359446736019
1844,3,,7.63433723562832
1844,4,,7.63143166457691
1844,5,,7.60787807327851
1844,6,,7.64491934495886
1844,7,,7.71735127218533
1845,1,,5.24174701505964
1845,2,,5.16478597392351
1845,3,,5.01063529409626
1845,4,,5.00394630594546
1845,5,,5.07517381523383
1845,6,,4.91998092582813
1845,7,,5.0998664278242
1846,1,,6.83410873881384
1846,2,,6.7286286130847
1846,3,,6.66440902035041
1846,4,,6.70196036600254
1846,5,,6.79682371827486
1846,6,,6.84481547920826
1846,7,,6.99576615630485
1847,1,,6.4723462945009
1847,2,,6.23832462503951
1847,3,,6.13772705408623
1847,4,,6.06378520868761
1847,5,,5.98141421125448
1847,6,,6.0913098820777
1847,7,,6.21660610108486
1848,1,,3.85014760171006
1848,2,,3.68887945411394
1848,3,,3.61091791264422
1848,4,,3.52636052461616
1848,5,,3.61091791264422
1848,6,,3.49650756146648
1848,7,,3.36729582998647
1849,1,,4.94875989037817
1849,2,,4.71849887129509
1849,3,,4.7361984483945
1849,4,,4.91998092582813
1849,5,,4.69134788222914
1849,6,,4.91998092582813
1849,7,,4.96284463025991
1850,1,,4.02535169073515
1850,2,,3.89182029811063
1850,3,,3.73766961828337
1850,4,,3.87120101090789
1850,5,,3.73766961828337
1850,6,,3.78418963391826
1850,7,,3.55534806148941
1851,1,,6.24222326545517
1851,2,,6.24997524225948
1851,3,,6.04263283368238
1851,4,,6.00141487796115
1851,5,,6.01126717440416
1851,6,,6.23832462503951
1851,7,,6.20859002609663
1852,1,,10.9221543510271
1852,2,,10.8345683698829
1852,3,,10.7335665875912
1852,4,,10.6456867677363
1852,5,,10.6548328839998
1852,6,,10.7524839695589
1852,7,,10.8181569707914
1853,1,,6.5875500148248
1853,2,,6.50727771238501
1853,3,,6.43133108193348
1853,4,,6.4377516497364
1853,5,,6.48463523563525
1853,6,,6.56103066589657
1853,7,,6.63987583382654
1854,1,,3.85014760171006
1854,2,,4.0943445622221
1854,3,,3.76120011569356
1854,4,,3.73766961828337
1854,5,,3.58351893845611
1854,6,,3.3322045101752
1854,7,,3.93182563272433
1855,1,,4.18965474202643
1855,2,,4.31748811353631
1855,3,,4.35670882668959
1855,4,,4.26267987704132
1855,5,,4.17438726989564
1855,6,,4.33073334028633
1855,7,,4.14313472639153
1856,1,,7.39633529380081
1856,2,,7.24636808010246
1856,3,,7.18538701558042
1856,4,,7.10414409298753
1856,5,,7.16703787691222
1856,6,,7.32184971378836
1856,7,,7.50108212425987
1857,1,,3.91202300542815
1857,2,,4.15888308335967
1857,3,,4.21950770517611
1857,4,,4.17438726989564
1857,5,,4.11087386417331
1857,6,,4.35670882668959
1857,7,,4.36944785246702
1858,1,,6.70563909486
1858,2,,6.47697236288968
1858,3,,6.57088296233958
1858,4,,6.47389069635227
1858,5,,6.39692965521615
1858,6,,6.49526555593701
1858,7,,6.46458830368996
1859,1,,8.59600437184053
1859,2,,8.49043845410742
1859,3,,8.50370260123374
1859,4,,8.53483662658883
1859,5,,8.53267276226462
1859,6,,8.59618919764273
1859,7,,8.73004395324502
1860,1,,6.18620862390049
1860,2,,6.17586727010576
1860,3,,5.96870755998537
1860,4,,5.8171111599632
1860,5,,5.88332238848828
1860,6,,5.93753620508243
1860,7,,5.95583736946483
1861,1,,5.59471137960184
1861,2,,5.41164605185504
1861,3,,5.3890717298165
1861,4,,5.23644196282995
1861,5,,5.25749537202778
1861,6,,5.23110861685459
1861,7,,5.31320597904179
1862,1,,6.24610676548156
1862,2,,6.20859002609663
1862,3,,6.2363695902037
1862,4,,6.13772705408623
1862,5,,6.05678401322862
1862,6,,6.25382881157547
1862,7,,6.36302810354046
1863,1,,6.07073772800249
1863,2,,5.94017125272043
1863,3,,5.95583736946483
1863,4,,5.91889385427315
1863,5,,5.85793315448346
1863,6,,5.95064255258773
1863,7,,5.90536184805457
1864,1,,5.39362754635236
1864,2,,5.24174701505964
1864,3,,5.23110861685459
1864,4,,5.14166355650266
1864,5,,5.25227342804663
1864,6,,5.18178355029209
1864,7,,5.17048399503815
1865,1,,6.21260609575152
1865,2,,6.10031895202006
1865,3,,5.8171111599632
1865,4,,5.78074351579233
1865,5,,5.63478960316925
1865,6,,5.73009978297357
1865,7,,5.84932477994686
1866,1,,2.484906649788
1866,2,,1.09861228866811
1866,3,,2.39789527279837
1866,4,,2.30258509299405
1866,5,,2.07944154167984
1866,6,,1.38629436111989
1866,7,,1.94591014905531
1867,1,,6.74758652682932
1867,2,,6.66695679242921
1867,3,,6.56385552653213
1867,4,,6.51619307604296
1867,5,,6.60123011872888
1867,6,,6.5694814204143
1867,7,,6.60800062529609
1868,1,,5.96614673912369
1868,2,,5.72031177660741
1868,3,,5.7268477475872
1868,4,,5.66988092298052
1868,5,,5.54517744447956
1868,6,,5.67675380226828
1868,7,,5.59471137960184
1869,1,,1.38629436111989
1869,2,,2.07944154167984
1869,3,,1.09861228866811
1869,4,,1.09861228866811
1869,5,,1.94591014905531
1869,6,,1.94591014905531
1869,7,,1.6094379124341
1870,1,,4.06044301054642
1870,2,,4.34380542185368
1870,3,,4.35670882668959
1870,4,,4.30406509320417
1870,5,,4.21950770517611
1870,6,,4.35670882668959
1870,7,,4.35670882668959
1871,1,,5.2040066870768
1871,2,,4.9416424226093
1871,3,,4.90527477843843
1871,4,,4.91998092582813
1871,5,,4.56434819146784
1871,6,,4.70953020131233
1871,7,,4.70953020131233
1872,1,,5.98141421125448
1872,2,,5.94542060860658
1872,3,,5.85507192220243
1872,4,,5.74620319054015
1872,5,,5.67675380226828
1872,6,,6.0330862217988
1872,7,,5.95064255258773
1873,1,,3.61091791264422
1873,2,,4.12713438504509
1873,3,,4.20469261939097
1873,4,,4.00733318523247
1873,5,,3.43398720448515
1873,6,,3.52636052461616
1873,7,,3.36729582998647
1874,1,,8.18451375303372
1874,2,,8.05102220819068
1874,3,,8.01763715990848
1874,4,,7.92334821193015
1874,5,,8.09162741160107
1874,6,,8.18618599422608
1874,7,,8.17301131172497
1875,1,,3.87120101090789
1875,2,,3.68887945411394
1875,3,,3.61091791264422
1875,4,,3.49650756146648
1875,5,,3.40119738166216
1875,6,,3.49650756146648
1875,7,,3.76120011569356
1876,1,,5.78689738136671
1876,2,,5.76205138278018
1876,3,,5.62040086571715
1876,4,,5.76205138278018
1876,5,,5.73979291217923
1876,6,,5.78689738136671
1876,7,,5.86929691313377
1877,1,,7.29437729928882
1877,2,,7.25347038268453
1877,3,,7.15851399732932
1877,4,,7.04925484125584
1877,5,,7.14755927118945
1877,6,,7.27239839257005
1877,7,,7.34536484041687
1878,1,,4.49980967033027
1878,2,,4.71849887129509
1878,3,,4.53259949315326
1878,4,,4.55387689160054
1878,5,,4.60517018598809
1878,6,,4.66343909411207
1878,7,,4.48863636973214
1879,1,,4.77912349311153
1879,2,,4.78749174278205
1879,3,,4.68213122712422
1879,4,,4.51085950651685
1879,5,,4.45434729625351
1879,6,,4.52178857704904
1879,7,,4.60517018598809
1880,1,,6.96885037834195
1880,2,,6.8351845861473
1880,3,,6.74051935960622
1880,4,,6.66057514983969
1880,5,,6.69950034016168
1880,6,,6.85118492749374
1880,7,,6.7945865808765
1881,1,,5.94542060860658
1881,2,,5.97126183979046
1881,3,,5.89989735358249
1881,4,,5.78382518232974
1881,5,,5.82008293035236
1881,6,,5.91620206260743
1881,7,,6.03548143252476
1882,1,,1.6094379124341
1882,2,,2.63905732961526
1882,3,,2.39789527279837
1882,4,,1.09861228866811
1882,5,,1.6094379124341
1882,6,,1.6094379124341
1882,7,,2.19722457733622
1883,1,,6.26909628370626
1883,2,,6.24610676548156
1883,3,,6.17378610390194
1883,4,,6.14846829591765
1883,5,,6.21660610108486
1883,6,,6.22257626807137
1883,7,,6.27664348934164
1884,1,,3.76120011569356
1884,2,,3.76120011569356
1884,3,,4.07753744390572
1884,4,,3.71357206670431
1884,5,,3.71357206670431
1884,6,,4.11087386417331
1884,7,,4.26267987704132
1885,1,,2.94443897916644
1885,2,,2.89037175789616
1885,3,,2.63905732961526
1885,4,,1.6094379124341
1885,5,,1.6094379124341
1885,6,,2.19722457733622
1885,7,,2.30258509299405
1886,1,,5.6937321388027
1886,2,,5.6021188208797
1886,3,,5.48479693349065
1886,4,,5.58724865840025
1886,5,,5.63835466933375
1886,6,,5.56452040732269
1886,7,,5.60947179518496
1887,1,,2.99573227355399
1887,2,,3.43398720448515
1887,3,,2.89037175789616
1887,4,,2.99573227355399
1887,5,,3.04452243772342
1887,6,,3.2188758248682
1887,7,,3.3322045101752
1888,1,,6.60934924316738
1888,2,,6.43615036836943
1888,3,,6.32256523992728
1888,4,,6.24027584517077
1888,5,,6.15060276844628
1888,6,,6.37672694789863
1888,7,,6.45676965557216
1889,1,,5.19295685089021
1889,2,,5.16478597392351
1889,3,,5.18178355029209
1889,4,,5.16478597392351
1889,5,,5.25749537202778
1889,6,,5.01063529409626
1889,7,,5.18178355029209
1890,1,,5.48479693349065
1890,2,,5.42934562895444
1890,3,,5.39816270151775
1890,4,,5.2257466737132
1890,5,,5.14749447681345
1890,6,,5.29330482472449
1890,7,,5.17048399503815
1891,1,,3.17805383034795
1891,2,,2.99573227355399
1891,3,,2.89037175789616
1891,4,,3.13549421592915
1891,5,,2.94443897916644
1891,6,,3.04452243772342
1891,7,,3.43398720448515
1892,1,,5.82894561761021
1892,2,,5.73009978297357
1892,3,,5.77765232322266
1892,4,,5.66642668811243
1892,5,,5.78996017089725
1892,6,,5.6937321388027
1892,7,,5.63835466933375
1893,1,,5.57972982598622
1893,2,,5.4510384535657
1893,3,,5.44241771052179
1893,4,,5.23110861685459
1893,5,,5.28320372873799
1893,6,,5.37527840768417
1893,7,,5.30330490805908
1894,1,,5.37063802812766
1894,2,,5.28320372873799
1894,3,,5.26785815906333
1894,4,,5.27299955856375
1894,5,,5.22035582507832
1894,6,,5.23110861685459
1894,7,,5.04342511691925
1895,1,,6.37672694789863
1895,2,,6.36818718635049
1895,3,,6.26530121273771
1895,4,,6.24610676548156
1895,5,,6.19644412779452
1895,6,,6.27664348934164
1895,7,,6.289715570909
1896,1,,5.62040086571715
1896,2,,5.61677109766657
1896,3,,5.58724865840025
1896,4,,5.50533153593236
1896,5,,5.59842195899838
1896,6,,5.65948221575962
1896,7,,5.65948221575962
1897,1,,3.80666248977032
1897,2,,3.66356164612965
1897,3,,3.58351893845611
1897,4,,3.91202300542815
1897,5,,4.04305126783455
1897,6,,3.98898404656427
1897,7,,4.20469261939097
1898,1,,4.4188406077966
1898,2,,4.57471097850338
1898,3,,4.57471097850338
1898,4,,4.57471097850338
1898,5,,4.4188406077966
1898,6,,4.51085950651685
1898,7,,4.46590811865458
1899,1,,4.94875989037817
1899,2,,4.71849887129509
1899,3,,4.65396035015752
1899,4,,4.64439089914137
1899,5,,4.85981240436167
1899,6,,4.76217393479776
1899,7,,4.84418708645859
1900,1,,8.54772239645106
1900,2,,8.46104603079324
1900,3,,8.39253658681668
1900,4,,8.30226579487337
1900,5,,8.28045768658256
1900,6,,8.3296580675694
1900,7,,8.38548870041881
1901,1,,3.80666248977032
1901,2,,3.76120011569356
1901,3,,3.78418963391826
1901,4,,3.71357206670431
1901,5,,3.80666248977032
1901,6,,3.87120101090789
1901,7,,2.99573227355399
1902,1,,4.38202663467388
1902,2,,4.44265125649032
1902,3,,4.59511985013459
1902,4,,4.67282883446191
1902,5,,4.57471097850338
1902,6,,4.70953020131233
1902,7,,4.61512051684126
1903,1,,8.22550309756692
1903,2,,8.05038445306702
1903,3,,8.00101996132365
1903,4,,7.95682712209011
1903,5,,8.22335889947926
1903,6,,7.986504938554
1903,7,,7.97246601597457
1904,1,,5.10594547390058
1904,2,,5.17048399503815
1904,3,,5.17048399503815
1904,4,,4.85981240436167
1904,5,,4.95582705760126
1904,6,,4.88280192258637
1904,7,,4.99043258677874
1905,1,,3.52636052461616
1905,2,,4.12713438504509
1905,3,,3.68887945411394
1905,4,,3.91202300542815
1905,5,,3.78418963391826
1905,6,,3.52636052461616
1905,7,,3.85014760171006
1906,1,,2.77258872223978
1906,2,,2.30258509299405
1906,3,,2.56494935746154
1906,4,,1.09861228866811
1906,5,,2.07944154167984
1906,6,,1.38629436111989
1906,7,,1.94591014905531
1907,1,,3.3322045101752
1907,2,,3.40119738166216
1907,3,,3.49650756146648
1907,4,,2.70805020110221
1907,5,,3.2188758248682
1907,6,,3.73766961828337
1907,7,,3.43398720448515
1908,1,,5.99396142730657
1908,2,,5.6937321388027
1908,3,,5.71373280550937
1908,4,,5.73979291217923
1908,5,,5.75574221358691
1908,6,,5.6937321388027
1908,7,,5.87773578177964
1909,1,,5.77144112313002
1909,2,,5.72031177660741
1909,3,,5.78996017089725
1909,4,,5.4553211153577
1909,5,,5.50125821054473
1909,6,,5.71702770140622
1909,7,,5.91620206260743
1910,1,,5.77765232322266
1910,2,,5.85220247977447
1910,3,,5.83188247728352
1910,4,,5.70044357339069
1910,5,,5.52942908751142
1910,6,,5.64897423816121
1910,7,,5.61312810638807
1911,1,,2.94443897916644
1911,2,,3.17805383034795
1911,3,,2.94443897916644
1911,4,,2.30258509299405
1911,5,,1.94591014905531
1911,6,,2.30258509299405
1911,7,,2.484906649788
1912,1,,7.743269700829
1912,2,,7.74196789982069
1912,3,,7.65633716643018
1912,4,,7.61579107203583
1912,5,,7.56786260546388
1912,6,,7.69165682281055
1912,7,,7.74975340627444
1913,1,,5.59471137960184
1913,2,,5.46383180502561
1913,3,,5.49306144334055
1913,4,,5.36597601502185
1913,5,,5.42053499927229
1913,6,,5.41610040220442
1913,7,,5.36597601502185
1914,1,,4.20469261939097
1914,2,,4.04305126783455
1914,3,,4.14313472639153
1914,4,,3.87120101090789
1914,5,,4.04305126783455
1914,6,,4.15888308335967
1914,7,,3.71357206670431
1915,1,,4.17438726989564
1915,2,,4.26267987704132
1915,3,,3.98898404656427
1915,4,,3.63758615972639
1915,5,,3.8286413964891
1915,6,,3.95124371858143
1915,7,,4.04305126783455
1916,1,,5.48479693349065
1916,2,,5.44673737166631
1916,3,,5.32300997913841
1916,4,,5.31811999384422
1916,5,,5.39816270151775
1916,6,,5.37527840768417
1916,7,,5.35658627467201
1917,1,,8.34283980427146
1917,2,,8.33062262033287
1917,3,,8.23509549725836
1917,4,,8.21311069759668
1917,5,,8.25894046298846
1917,6,,8.37770121259764
1917,7,,8.55120807000351
1918,1,,5.73657229747919
1918,2,,5.87211778947542
1918,3,,5.74939298590825
1918,4,,5.59471137960184
1918,5,,5.58724865840025
1918,6,,5.6937321388027
1918,7,,5.6970934865054
1919,1,,4.70953020131233
1919,2,,4.51085950651685
1919,3,,4.55387689160054
1919,4,,4.51085950651685
1919,5,,4.69134788222914
1919,6,,4.68213122712422
1919,7,,4.38202663467388
1920,1,,2.63905732961526
1920,2,,1.6094379124341
1920,3,,1.79175946922805
1920,4,,1.79175946922805
1920,5,,1.79175946922805
1920,6,,1.38629436111989
1920,7,,1.38629436111989
1921,1,,6.63725803128446
1921,2,,6.60123011872888
1921,3,,6.47697236288968
1921,4,,6.37842618365159
1921,5,,6.56385552653213
1921,6,,6.47850964220857
1921,7,,6.63987583382654
1922,1,,6.42162226780652
1922,2,,6.4150969591716
1922,3,,6.24997524225948
1922,4,,6.03068526026126
1922,5,,6.14846829591765
1922,6,,6.1527326947041
1922,7,,6.07764224334903
1923,1,,3.71357206670431
1923,2,,3.52636052461616
1923,3,,3.3322045101752
1923,4,,3.46573590279973
1923,5,,3.80666248977032
1923,6,,3.61091791264422
1923,7,,3.8286413964891
1924,1,,5.14749447681345
1924,2,,5.18738580584075
1924,3,,5.08140436498446
1924,4,,5.15329159449778
1924,5,,4.93447393313069
1924,6,,5.03695260241363
1924,7,,5.14166355650266
1925,1,,8.48218758221742
1925,2,,8.34117174717076
1925,3,,8.28576542051433
1925,4,,8.23509549725836
1925,5,,8.23084356419823
1925,6,,8.27052509505507
1925,7,,8.28551330907974
1926,1,,5.26785815906333
1926,2,,5.28320372873799
1926,3,,5.30330490805908
1926,4,,5.23644196282995
1926,5,,5.18178355029209
1926,6,,5.25227342804663
1926,7,,5.25749537202778
1927,1,,3.29583686600433
1927,2,,2.94443897916644
1927,3,,3.2188758248682
1927,4,,2.484906649788
1927,5,,2.89037175789616
1927,6,,2.56494935746154
1927,7,,2.484906649788
1928,1,,6.86901445066571
1928,2,,6.7428806357919
1928,3,,6.65286302935335
1928,4,,6.70318811324086
1928,5,,6.67456139181443
1928,6,,6.80128303447162
1928,7,,6.75227037614174
1929,1,,5.84354441703136
1929,2,,5.73009978297357
1929,3,,5.61312810638807
1929,4,,5.62762111369064
1929,5,,5.67332326717149
1929,6,,5.78689738136671
1929,7,,5.78996017089725
1930,1,,5.62040086571715
1930,2,,5.46806014113513
1930,3,,5.36597601502185
1930,4,,5.43372200355424
1930,5,,5.31811999384422
1930,6,,5.39816270151775
1930,7,,5.50125821054473
1931,1,,6.81124437860129
1931,2,,6.85329909318608
1931,3,,6.72982407048948
1931,4,,6.67456139181443
1931,5,,6.78445706263764
1931,6,,6.95177216439891
1931,7,,6.96602418710611
1932,1,,5.02388052084628
1932,2,,4.69134788222914
1932,3,,4.76217393479776
1932,4,,4.88280192258637
1932,5,,4.87519732320115
1932,6,,4.77912349311153
1932,7,,4.79579054559674
1933,1,,5.2257466737132
1933,2,,5.14749447681345
1933,3,,4.97673374242057
1933,4,,4.99043258677874
1933,5,,4.7361984483945
1933,6,,5.01727983681492
1933,7,,5.17048399503815
1934,1,,5.93224518744801
1934,2,,5.95064255258773
1934,3,,5.8171111599632
1934,4,,5.8348107370626
1934,5,,5.87773578177964
1934,6,,5.8805329864007
1934,7,,5.94017125272043
1935,1,,7.91132401896335
1935,2,,7.81681996576455
1935,3,,7.82244472948932
1935,4,,7.82084087990734
1935,5,,7.76726399675731
1935,6,,7.79975331828725
1935,7,,7.86480400332846
1936,1,,4.11087386417331
1936,2,,4.00733318523247
1936,3,,4.15888308335967
1936,4,,4.11087386417331
1936,5,,3.89182029811063
1936,6,,4.18965474202643
1936,7,,4.12713438504509
1937,1,,4.31748811353631
1937,2,,4.56434819146784
1937,3,,4.51085950651685
1937,4,,4.33073334028633
1937,5,,4.26267987704132
1937,6,,4.39444915467244
1937,7,,4.55387689160054
1938,1,,7.25700270709207
1938,2,,7.1731917424866
1938,3,,7.15461535691366
1938,4,,7.18387071506245
1938,5,,7.08924315502751
1938,6,,7.17625453201714
1938,7,,7.20489251020467
1939,1,,3.49650756146648
1939,2,,3.71357206670431
1939,3,,3.43398720448515
1939,4,,3.61091791264422
1939,5,,3.29583686600433
1939,6,,3.61091791264422
1939,7,,3.76120011569356
1940,1,,2.99573227355399
1940,2,,2.77258872223978
1940,3,,3.09104245335832
1940,4,,2.70805020110221
1940,5,,2.39789527279837
1940,6,,2.70805020110221
1940,7,,2.94443897916644
1941,1,,4.57471097850338
1941,2,,4.38202663467388
1941,3,,4.21950770517611
1941,4,,4.26267987704132
1941,5,,4.30406509320417
1941,6,,4.11087386417331
1941,7,,4.02535169073515
1942,1,,5.04985600724954
1942,2,,5.08759633523238
1942,3,,4.83628190695148
1942,4,,4.61512051684126
1942,5,,4.78749174278205
1942,6,,4.74493212836325
1942,7,,4.77068462446567
1943,1,,4.02535169073515
1943,2,,4.04305126783455
1943,3,,4.00733318523247
1943,4,,4.06044301054642
1943,5,,3.89182029811063
1943,6,,4.06044301054642
1943,7,,4.30406509320417
1944,1,,1.79175946922805
1944,2,,1.94591014905531
1944,3,,2.30258509299405
1944,4,,2.39789527279837
1944,5,,1.79175946922805
1944,6,,1.79175946922805
1944,7,,2.30258509299405
1945,1,,5.09375020080676
1945,2,,5.06890420222023
1945,3,,5.11799381241676
1945,4,,5.11799381241676
1945,5,,5.12989871492307
1945,6,,5.10594547390058
1945,7,,5.2257466737132
1946,1,,6.62273632394984
1946,2,,6.55535689181067
1946,3,,6.55535689181067
1946,4,,6.6052979209482
1946,5,,6.68835471394676
1946,6,,6.78332520060396
1946,7,,6.93828448401696
1947,1,,5.14166355650266
1947,2,,5.08759633523238
1947,3,,4.86753445045558
1947,4,,4.75359019110636
1947,5,,4.65396035015752
1947,6,,4.62497281328427
1947,7,,4.62497281328427
1948,1,,6.13339804299665
1948,2,,6.02344759296103
1948,3,,6.05443934626937
1948,4,,5.92157841964382
1948,5,,6.04025471127741
1948,6,,5.85793315448346
1948,7,,5.95842469302978
1949,1,,4.15888308335967
1949,2,,3.93182563272433
1949,3,,3.78418963391826
1949,4,,3.87120101090789
1949,5,,3.43398720448515
1949,6,,3.87120101090789
1949,7,,3.71357206670431
1950,1,,4.30406509320417
1950,2,,4.24849524204936
1950,3,,4.18965474202643
1950,4,,4.14313472639153
1950,5,,3.93182563272433
1950,6,,4.18965474202643
1950,7,,4.14313472639153
1951,1,,4.69134788222914
1951,2,,4.49980967033027
1951,3,,4.40671924726425
1951,4,,4.27666611901606
1951,5,,4.40671924726425
1951,6,,4.45434729625351
1951,7,,4.34380542185368
1952,1,,6.16541785423142
1952,2,,6.07073772800249
1952,3,,6.12249280951439
1952,4,,6.13988455222626
1952,5,,6.19644412779452
1952,6,,6.30627528694802
1952,7,,6.38856140554563
1953,1,,4.31748811353631
1953,2,,4.30406509320417
1953,3,,4.18965474202643
1953,4,,4.24849524204936
1953,5,,4.14313472639153
1953,6,,4.20469261939097
1953,7,,4.24849524204936
1954,1,,3.17805383034795
1954,2,,3.04452243772342
1954,3,,2.99573227355399
1954,4,,3.3322045101752
1954,5,,2.70805020110221
1954,6,,2.83321334405622
1954,7,,2.56494935746154
1955,1,,5.29330482472449
1955,2,,5.21493575760899
1955,3,,5.19849703126583
1955,4,,5.03043792139244
1955,5,,4.969813299576
1955,6,,5.07517381523383
1955,7,,5.19849703126583
1956,1,,3.58351893845611
1956,2,,3.68887945411394
1956,3,,3.58351893845611
1956,4,,3.55534806148941
1956,5,,3.66356164612965
1956,6,,4.15888308335967
1956,7,,3.93182563272433
1957,1,,5.4249500174814
1957,2,,5.44241771052179
1957,3,,5.28826703069454
1957,4,,5.33753807970132
1957,5,,5.24174701505964
1957,6,,5.51745289646471
1957,7,,5.53733426701854
1958,1,,3.49650756146648
1958,2,,3.17805383034795
1958,3,,3.09104245335832
1958,4,,2.70805020110221
1958,5,,3.25809653802148
1958,6,,2.83321334405622
1958,7,,3.2188758248682
1959,1,,8.09529377684465
1959,2,,8.0471895621705
1959,3,,8.00235954625271
1959,4,,7.98548435673382
1959,5,,8.01002752848173
1959,6,,8.06934236681164
1959,7,,8.14177220465645
1960,1,,4.74493212836325
1960,2,,4.88280192258637
1960,3,,4.62497281328427
1960,4,,4.66343909411207
1960,5,,4.65396035015752
1960,6,,4.68213122712422
1960,7,,4.63472898822964
1961,1,,5.19849703126583
1961,2,,5.18738580584075
1961,3,,5.23644196282995
1961,4,,5.39816270151775
1961,5,,5.34710753071747
1961,6,,5.4510384535657
1961,7,,5.43372200355424
1962,1,,5.01063529409626
1962,2,,4.89034912822175
1962,3,,4.77912349311153
1962,4,,4.70953020131233
1962,5,,4.81218435537242
1962,6,,4.82028156560504
1962,7,,4.91265488573605
1963,1,,3.17805383034795
1963,2,,3.04452243772342
1963,3,,2.63905732961526
1963,4,,2.99573227355399
1963,5,,3.17805383034795
1963,6,,3.46573590279973
1963,7,,3.13549421592915
1964,1,,2.63905732961526
1964,2,,2.484906649788
1964,3,,2.19722457733622
1964,4,,2.56494935746154
1964,5,,2.83321334405622
1964,6,,2.89037175789616
1964,7,,2.484906649788
1965,1,,4.0943445622221
1965,2,,4.14313472639153
1965,3,,4.04305126783455
1965,4,,4.12713438504509
1965,5,,4.06044301054642
1965,6,,4.11087386417331
1965,7,,4.07753744390572
1966,1,,4.46590811865458
1966,2,,4.30406509320417
1966,3,,4.30406509320417
1966,4,,4.36944785246702
1966,5,,4.23410650459726
1966,6,,4.36944785246702
1966,7,,4.38202663467388
1967,1,,10.2764983370907
1967,2,,10.1619210246288
1967,3,,10.0363124456486
1967,4,,9.97873416191067
1967,5,,10.0444661457957
1967,6,,10.1045081867626
1967,7,,10.1877262032101
1968,1,,7.63723438878947
1968,2,,7.54591815120932
1968,3,,7.48493028328966
1968,4,,7.43779512167193
1968,5,,7.42476176182321
1968,6,,7.46393660446893
1968,7,,7.45414107814668
1969,1,,5.01727983681492
1969,2,,4.74493212836325
1969,3,,4.69134788222914
1969,4,,4.52178857704904
1969,5,,4.77912349311153
1969,6,,4.8283137373023
1969,7,,4.68213122712422
1970,1,,3.04452243772342
1970,2,,2.484906649788
1970,3,,2.56494935746154
1970,4,,2.19722457733622
1970,5,,2.484906649788
1970,6,,2.484906649788
1970,7,,2.484906649788
1971,1,,6.22653666928747
1971,2,,6.25958146406492
1971,3,,6.31716468674728
1971,4,,6.3818160174061
1971,5,,6.45047042214418
1971,6,,6.43294009273918
1971,7,,6.41673228251233
1972,1,,7.38336814699238
1972,2,,7.35436233042148
1972,3,,7.2115567333138
1972,4,,7.2283884515736
1972,5,,7.14913159855741
1972,6,,7.11801620446533
1972,7,,7.27655640271871
1973,1,,9.61179745868681
1973,2,,9.41540141573963
1973,3,,9.27434750195047
1973,4,,9.19074972221118
1973,5,,9.22935837781194
1973,6,,9.30710404040849
1973,7,,9.39416080489387
1974,1,,4.67282883446191
1974,2,,4.76217393479776
1974,3,,4.74493212836325
1974,4,,4.67282883446191
1974,5,,4.60517018598809
1974,6,,4.69134788222914
1974,7,,4.58496747867057
1975,1,,4.85203026391962
1975,2,,5.05624580534831
1975,3,,5.11198778835654
1975,4,,4.98360662170834
1975,5,,4.90527477843843
1975,6,,5.02388052084628
1975,7,,4.81218435537242
1976,1,,5.49306144334055
1976,2,,5.59471137960184
1976,3,,5.57215403217776
1976,4,,5.48893772615669
1976,5,,5.35658627467201
1976,6,,5.59471137960184
1976,7,,5.55295958492162
1977,1,,2.77258872223978
1977,2,,2.70805020110221
1977,3,,2.77258872223978
1977,4,,2.30258509299405
1977,5,,2.77258872223978
1977,6,,2.83321334405622
1977,7,,2.56494935746154
1978,1,,5.77455154554441
1978,2,,5.7037824746562
1978,3,,5.7268477475872
1978,4,,5.54126354515843
1978,5,,5.52146091786225
1978,6,,5.62401750618734
1978,7,,5.59098698051086
1979,1,,5.86929691313377
1979,2,,5.78074351579233
1979,3,,6.01126717440416
1979,4,,5.82304589548302
1979,5,,5.78382518232974
1979,6,,5.80513496891649
1979,7,,5.92692602597041
1980,1,,6.25382881157547
1980,2,,6.24416690066374
1980,3,,6.25575004175337
1980,4,,6.16751649088834
1980,5,,6.12029741895095
1980,6,,6.28785856016178
1980,7,,6.20859002609663
1981,1,,7.21744343169653
1981,2,,7.05531284333975
1981,3,,6.97541392745595
1981,4,,6.95463886488099
1981,5,,6.95081476844258
1981,6,,6.95081476844258
1981,7,,7.04577657687951
1982,1,,6.26530121273771
1982,2,,6.16120732169508
1982,3,,6.19644412779452
1982,4,,6.0330862217988
1982,5,,6.12686918411419
1982,6,,6.24416690066374
1982,7,,6.18826412308259
1983,1,,5.84354441703136
1983,2,,5.77455154554441
1983,3,,5.7268477475872
1983,4,,5.66296048013595
1983,5,,5.62401750618734
1983,6,,5.88887795833288
1983,7,,5.8636311755981
1984,1,,4.85981240436167
1984,2,,4.91998092582813
1984,3,,4.56434819146784
1984,4,,4.49980967033027
1984,5,,4.61512051684126
1984,6,,4.7361984483945
1984,7,,4.80402104473326
1985,1,,6.40025744530882
1985,2,,6.39526159811545
1985,3,,6.32435896238131
1985,4,,6.32435896238131
1985,5,,6.23244801655052
1985,6,,6.22059017009974
1985,7,,6.39692965521615
1986,1,,7.69530313496357
1986,2,,7.63530388625941
1986,3,,7.62997570702779
1986,4,,7.65254569269392
1986,5,,7.62119516280984
1986,6,,7.73892375743946
1986,7,,7.84971375760487
1987,1,,6.45833828334479
1987,2,,6.36990098282823
1987,3,,6.25766758788264
1987,4,,6.20253551718792
1987,5,,6.1779441140506
1987,6,,6.20253551718792
1987,7,,6.30078579466324
1988,1,,4.54329478227
1988,2,,4.70048036579242
1988,3,,4.52178857704904
1988,4,,4.52178857704904
1988,5,,4.49980967033027
1988,6,,4.52178857704904
1988,7,,4.63472898822964
1989,1,,7.68982866873648
1989,2,,7.58984151218266
1989,3,,7.50494206839617
1989,4,,7.47647238116391
1989,5,,7.37650812632622
1989,6,,7.37462901521894
1989,7,,7.52023455647463
1990,1,,5.3890717298165
1990,2,,5.31811999384422
1990,3,,5.34710753071747
1990,4,,5.17614973257383
1990,5,,5.25227342804663
1990,6,,5.23110861685459
1990,7,,5.23110861685459
1991,1,,4.23410650459726
1991,2,,3.97029191355212
1991,3,,3.91202300542815
1991,4,,3.97029191355212
1991,5,,4.0943445622221
1991,6,,3.98898404656427
1991,7,,4.24849524204936
1992,1,,8.33375100695358
1992,2,,8.21797820315073
1992,3,,8.08978917578932
1992,4,,8.13270648969326
1992,5,,8.23244015847034
1992,6,,8.34450508359052
1992,7,,8.46273700562018
1993,1,,5.52146091786225
1993,2,,5.48063892334199
1993,3,,5.55295958492162
1993,4,,5.50938833662798
1993,5,,5.46806014113513
1993,6,,5.73334127689775
1993,7,,5.69035945432406
1994,1,,4.23410650459726
1994,2,,4.21950770517611
1994,3,,3.78418963391826
1994,4,,4.00733318523247
1994,5,,4.14313472639153
1994,6,,4.23410650459726
1994,7,,4.12713438504509
1995,1,,6.45990445437753
1995,2,,6.4425401664682
1995,3,,6.35437004079735
1995,4,,6.25190388316589
1995,5,,6.28599809450886
1995,6,,6.42971947803914
1995,7,,6.51619307604296
1996,1,,6.06842558824411
1996,2,,5.98645200528444
1996,3,,5.97380961186926
1996,4,,5.96614673912369
1996,5,,5.87211778947542
1996,6,,5.92425579741453
1996,7,,6.01615715969835
1997,1,,4.4188406077966
1997,2,,4.47733681447821
1997,3,,4.4188406077966
1997,4,,4.49980967033027
1997,5,,4.56434819146784
1997,6,,4.54329478227
1997,7,,4.62497281328427
1998,1,,5.59098698051086
1998,2,,5.6021188208797
1998,3,,5.48063892334199
1998,4,,5.4971682252932
1998,5,,5.51342874616498
1998,6,,5.54517744447956
1998,7,,5.51342874616498
1999,1,,4.15888308335967
1999,2,,3.95124371858143
1999,3,,3.87120101090789
1999,4,,4.12713438504509
1999,5,,4.26267987704132
1999,6,,4.39444915467244
1999,7,,4.33073334028633
2000,1,,3.63758615972639
2000,2,,3.2188758248682
2000,3,,3.40119738166216
2000,4,,3.43398720448515
2000,5,,3.3322045101752
2000,6,,3.40119738166216
2000,7,,3.55534806148941
2001,1,,5.2040066870768
2001,2,,5.31320597904179
2001,3,,5.35658627467201
2001,4,,5.17048399503815
2001,5,,5.0998664278242
2001,6,,5.14749447681345
2001,7,,5.29831736654804
2002,1,,6.92067150424868
2002,2,,6.89467003943348
2002,3,,6.84481547920826
2002,4,,6.79234442747081
2002,5,,6.79682371827486
2002,6,,6.82654522355659
2002,7,,6.93049476595163
2003,1,,7.77653502818524
2003,2,,7.68753876620163
2003,3,,7.61628356158038
2003,4,,7.60290046220476
2003,5,,7.60439634879634
2003,6,,7.62705741701893
2003,7,,7.76768727718691
2004,1,,6.07304453410041
2004,2,,6.10479323241498
2004,3,,6.05208916892442
2004,4,,5.9427993751267
2004,5,,6.01615715969835
2004,6,,5.94542060860658
2004,7,,6.0330862217988
2005,1,,8.71193726820875
2005,2,,8.62909228391365
2005,3,,8.52257866369258
2005,4,,8.49412925181769
2005,5,,8.51959031601596
2005,6,,8.59192953753026
2005,7,,8.6909784171879
2006,1,,5.70044357339069
2006,2,,5.74300318780948
2006,3,,5.61312810638807
2006,4,,5.68357976733868
2006,5,,5.64544689764324
2006,6,,5.8805329864007
2006,7,,6.07304453410041
2007,1,,5.30826769740121
2007,2,,5.25749537202778
2007,3,,5.15905529921453
2007,4,,5.11198778835654
2007,5,,5.17048399503815
2007,6,,5.18738580584075
2007,7,,5.29330482472449
2008,1,,4.76217393479776
2008,2,,4.99043258677874
2008,3,,4.52178857704904
2008,4,,4.85981240436167
2008,5,,4.77068462446567
2008,6,,4.64439089914137
2008,7,,4.65396035015752
2009,1,,5.21493575760899
2009,2,,5.16478597392351
2009,3,,4.99721227376411
2009,4,,4.91265488573605
2009,5,,4.96284463025991
2009,6,,5.04985600724954
2009,7,,5.23644196282995
2010,1,,6.8351845861473
2010,2,,6.75925527066369
2010,3,,6.61606518513282
2010,4,,6.61204103483309
2010,5,,6.62671774924902
2010,6,,6.8001700683022
2010,7,,6.87419849545329
2011,1,,5.56068163101553
2011,2,,5.42934562895444
2011,3,,5.29330482472449
2011,4,,5.22035582507832
2011,5,,5.27811465923052
2011,6,,5.46383180502561
2011,7,,5.48893772615669
2012,1,,5.73979291217923
2012,2,,5.5683445037611
2012,3,,5.57215403217776
2012,4,,5.54517744447956
2012,5,,5.68017260901707
2012,6,,5.72031177660741
2012,7,,5.73979291217923
2013,1,,3.04452243772342
2013,2,,2.94443897916644
2013,3,,2.484906649788
2013,4,,2.484906649788
2013,5,,2.19722457733622
2013,6,,2.89037175789616
2013,7,,1.79175946922805
2014,1,,3.2188758248682
2014,2,,3.61091791264422
2014,3,,3.40119738166216
2014,4,,3.61091791264422
2014,5,,3.29583686600433
2014,6,,3.29583686600433
2014,7,,3.3322045101752
2015,1,,10.2070306709189
2015,2,,10.0581809422126
2015,3,,9.96505290819428
2015,4,,9.90273727114542
2015,5,,9.94530105534954
2015,6,,10.0163250457995
2015,7,,10.1367398379986
2016,1,,4.969813299576
2016,2,,4.86753445045558
2016,3,,5.01727983681492
2016,4,,5.12989871492307
2016,5,,5.07517381523383
2016,6,,5.23644196282995
2016,7,,5.01063529409626
2017,1,,6.25958146406492
2017,2,,6.23048144757848
2017,3,,6.19847871649231
2017,4,,6.08449941307517
2017,5,,5.84643877505772
2017,6,,6.0282785202307
2017,7,,6.13556489108174
2018,1,,6.1527326947041
2018,2,,6.14418563412565
2018,3,,6.04263283368238
2018,4,,5.92157841964382
2018,5,,5.93224518744801
2018,6,,6.01615715969835
2018,7,,6.07304453410041
2019,1,,7.03790596344718
2019,2,,6.87109129461055
2019,3,,6.89264164117209
2019,4,,6.86484777797086
2019,5,,6.91869521902047
2019,6,,7.08002649992259
2019,7,,7.1708884785125
2020,1,,6.42324696353352
2020,2,,6.38519439899773
2020,3,,6.28599809450886
2020,4,,6.24804287450843
2020,5,,6.33150184989369
2020,6,,6.4425401664682
2020,7,,6.44094654063292
2021,1,,6.2841341610708
2021,2,,6.30444880242198
2021,3,,6.18826412308259
2021,4,,6.25958146406492
2021,5,,6.3578422665081
2021,6,,6.42486902390539
2021,7,,6.57507584059962
2022,1,,9.16429643347478
2022,2,,9.0300168178449
2022,3,,8.99516499031115
2022,4,,8.97119446318447
2022,5,,9.00969189848934
2022,6,,9.12347443895452
2022,7,,9.25865423225473
2023,1,,6.1463292576689
2023,2,,6.14418563412565
2023,3,,6.0282785202307
2023,4,,5.99146454710798
2023,5,,6.07073772800249
2023,6,,6.15485809401642
2023,7,,6.34388043412633
2024,1,,7.85282781228174
2024,2,,7.77443551030296
2024,3,,7.84109976542212
2024,4,,7.82763954636642
2024,5,,7.92840602618053
2024,6,,8.06180227453835
2024,7,,8.08978917578932
2025,1,,3.66356164612965
2025,2,,4.20469261939097
2025,3,,3.98898404656427
2025,4,,3.71357206670431
2025,5,,3.61091791264422
2025,6,,3.61091791264422
2025,7,,4.0943445622221
2026,1,,8.47928361834302
2026,2,,8.38389034410182
2026,3,,8.30226579487337
2026,4,,8.27868216297091
2026,5,,8.31996102188653
2026,6,,8.3790798892866
2026,7,,8.46168048148598
2027,1,,5.76205138278018
2027,2,,5.82008293035236
2027,3,,5.75257263882563
2027,4,,5.6937321388027
2027,5,,5.66296048013595
2027,6,,5.66642668811243
2027,7,,5.6937321388027
2028,1,,7.15461535691366
2028,2,,7.1276936993474
2028,3,,7.08086789669078
2028,4,,7.12044437239249
2028,5,,7.06987412845857
2028,6,,7.18916773842032
2028,7,,7.27931883541462
2029,1,,4.89783979995091
2029,2,,4.76217393479776
2029,3,,4.83628190695148
2029,4,,4.57471097850338
2029,5,,4.89034912822175
2029,6,,5.03043792139244
2029,7,,4.93447393313069
2030,1,,4.64439089914137
2030,2,,4.55387689160054
2030,3,,4.4188406077966
2030,4,,4.59511985013459
2030,5,,4.64439089914137
2030,6,,4.61512051684126
2030,7,,4.7361984483945
2031,1,,5.79909265446053
2031,2,,5.7268477475872
2031,3,,5.71042701737487
2031,4,,5.76519110278484
2031,5,,5.75890177387728
2031,6,,5.82304589548302
2031,7,,5.80211837537706
2032,1,,5.03695260241363
2032,2,,4.89783979995091
2032,3,,4.91265488573605
2032,4,,4.77912349311153
2032,5,,4.70048036579242
2032,6,,5.00394630594546
2032,7,,4.94875989037817
2033,1,,7.76811037852599
2033,2,,7.59839932932396
2033,3,,7.52886925664225
2033,4,,7.56682847920833
2033,5,,7.62119516280984
2033,6,,7.61677580869837
2033,7,,7.54644627374602
2034,1,,6.46769872610435
2034,2,,6.4723462945009
2034,3,,6.46925031679577
2034,4,,6.39359075395063
2034,5,,6.46458830368996
2034,6,,6.49677499018586
2034,7,,6.48463523563525
2035,1,,4.14313472639153
2035,2,,3.85014760171006
2035,3,,2.89037175789616
2035,4,,2.39789527279837
2035,5,,2.77258872223978
2035,6,,2.56494935746154
2035,7,,2.30258509299405
2036,1,,5.88610403145016
2036,2,,5.80513496891649
2036,3,,5.80513496891649
2036,4,,5.82304589548302
2036,5,,5.89715386763674
2036,6,,5.94542060860658
2036,7,,5.88332238848828
2037,1,,2.56494935746154
2037,2,,2.30258509299405
2037,3,,2.30258509299405
2037,4,,2.30258509299405
2037,5,,2.56494935746154
2037,6,,2.70805020110221
2037,7,,2.70805020110221
2038,1,,5.5834963087817
2038,2,,5.65948221575962
2038,3,,5.56452040732269
2038,4,,5.50938833662798
2038,5,,5.65599181081985
2038,6,,5.89440283426485
2038,7,,5.98393628068719
2039,1,,4.66343909411207
2039,2,,4.8283137373023
2039,3,,4.64439089914137
2039,4,,4.54329478227
2039,5,,4.56434819146784
2039,6,,4.54329478227
2039,7,,4.61512051684126
2040,1,,4.98360662170834
2040,2,,4.97673374242057
2040,3,,4.79579054559674
2040,4,,4.7361984483945
2040,5,,4.81218435537242
2040,6,,4.93447393313069
2040,7,,5.01063529409626
2041,1,,4.20469261939097
2041,2,,4.14313472639153
2041,3,,4.11087386417331
2041,4,,4.18965474202643
2041,5,,4.26267987704132
2041,6,,4.30406509320417
2041,7,,4.31748811353631
2042,1,,6.29526600143965
2042,2,,6.14846829591765
2042,3,,6.03787091992214
2042,4,,5.90536184805457
2042,5,,6.02344759296103
2042,6,,5.95324333428778
2042,7,,6.08221891037645
2043,1,,4.95582705760126
2043,2,,5.25749537202778
2043,3,,5.22035582507832
2043,4,,5.01727983681492
2043,5,,5.19849703126583
2043,6,,5.04985600724954
2043,7,,5.25749537202778
2044,1,,5.20948615284142
2044,2,,5.12396397940326
2044,3,,5.25749537202778
2044,4,,5.2040066870768
2044,5,,5.15329159449778
2044,6,,5.14166355650266
2044,7,,5.14749447681345
2045,1,,2.30258509299405
2045,2,,3.36729582998647
2045,3,,2.94443897916644
2045,4,,2.07944154167984
2045,5,,2.56494935746154
2045,6,,2.56494935746154
2045,7,,2.99573227355399
2046,1,,4.34380542185368
2046,2,,4.0943445622221
2046,3,,4.07753744390572
2046,4,,3.97029191355212
2046,5,,3.61091791264422
2046,6,,3.58351893845611
2046,7,,3.71357206670431
2047,1,,8.61866616034687
2047,2,,8.53817159780143
2047,3,,8.49801037199946
2047,4,,8.50875771259514
2047,5,,8.53129331579502
2047,6,,8.57395152523485
2047,7,,8.56254889313703
2048,1,,4.78749174278205
2048,2,,4.83628190695148
2048,3,,4.66343909411207
2048,4,,4.58496747867057
2048,5,,4.70953020131233
2048,6,,4.71849887129509
2048,7,,4.70048036579242
2049,1,,3.09104245335832
2049,2,,2.94443897916644
2049,3,,2.63905732961526
2049,4,,2.89037175789616
2049,5,,2.77258872223978
2049,6,,3.09104245335832
2049,7,,3.17805383034795
2050,1,,6.19031540585315
2050,2,,6.18620862390049
2050,3,,6.04500531403601
2050,4,,6.13772705408623
2050,5,,6.1779441140506
2050,6,,6.24027584517077
2050,7,,6.28226674689601
2051,1,,3.49650756146648
2051,2,,3.36729582998647
2051,3,,3.36729582998647
2051,4,,3.55534806148941
2051,5,,3.49650756146648
2051,6,,3.2188758248682
2051,7,,3.43398720448515
2052,1,,4.27666611901606
2052,2,,4.45434729625351
2052,3,,4.34380542185368
2052,4,,4.33073334028633
2052,5,,4.31748811353631
2052,6,,4.31748811353631
2052,7,,4.30406509320417
2053,1,,5.58724865840025
2053,2,,5.4553211153577
2053,3,,5.45958551414416
2053,4,,5.4249500174814
2053,5,,5.26269018890489
2053,6,,5.39816270151775
2053,7,,5.46806014113513
2054,1,,4.95582705760126
2054,2,,5.14166355650266
2054,3,,5.01063529409626
2054,4,,4.969813299576
2054,5,,5.04342511691925
2054,6,,4.95582705760126
2054,7,,4.99721227376411
2055,1,,9.57685672994577
2055,2,,9.4555584776087
2055,3,,9.39499254410842
2055,4,,9.38681151509196
2055,5,,9.45297277587424
2055,6,,9.4922055591064
2055,7,,9.4753933263676
2056,1,,6.73815249459596
2056,2,,6.7696419768525
2056,3,,6.71174039505618
2056,4,,6.77078942390898
2056,5,,6.74758652682932
2056,6,,6.76041469108343
2056,7,,6.86693328446188
2057,1,,4.82028156560504
2057,2,,4.80402104473326
2057,3,,4.77912349311153
2057,4,,4.72738781871234
2057,5,,4.77068462446567
2057,6,,4.84418708645859
2057,7,,4.70953020131233
2058,1,,5.01727983681492
2058,2,,5.03043792139244
2058,3,,5.00394630594546
2058,4,,5.43372200355424
2058,5,,5.20948615284142
2058,6,,5.37063802812766
2058,7,,5.0998664278242
2059,1,,6.21060007702465
2059,2,,6.20455776256869
2059,3,,6.08904487544685
2059,4,,6.1527326947041
2059,5,,6.31354804627709
2059,6,,6.38350663488401
2059,7,,6.44888939414686
2060,1,,6.53378883793334
2060,2,,6.361302477573
2060,3,,6.35088571671474
2060,4,,6.41999492814714
2060,5,,6.52209279817015
2060,6,,6.47543271670409
2060,7,,6.57368016696065
2061,1,,4.94875989037817
2061,2,,4.89783979995091
2061,3,,4.82028156560504
2061,4,,4.68213122712422
2061,5,,5.05624580534831
2061,6,,5.04342511691925
2061,7,,5.00394630594546
2062,1,,6.19644412779452
2062,2,,6.22653666928747
2062,3,,6.17586727010576
2062,4,,6.28599809450886
2062,5,,6.22455842927536
2062,6,,6.27476202124194
2062,7,,6.14203740558736
2063,1,,5.24174701505964
2063,2,,5.18178355029209
2063,3,,5.15329159449778
2063,4,,5.16478597392351
2063,5,,5.15905529921453
2063,6,,5.18738580584075
2063,7,,5.26269018890489
2064,1,,3.95124371858143
2064,2,,3.80666248977032
2064,3,,4.06044301054642
2064,4,,4.26267987704132
2064,5,,4.07753744390572
2064,6,,4.26267987704132
2064,7,,4.14313472639153
2065,1,,4.77068462446567
2065,2,,5.09375020080676
2065,3,,5.30826769740121
2065,4,,4.90527477843843
2065,5,,4.8283137373023
2065,6,,4.78749174278205
2065,7,,4.70953020131233
2066,1,,3.8286413964891
2066,2,,3.61091791264422
2066,3,,3.52636052461616
2066,4,,3.95124371858143
2066,5,,3.80666248977032
2066,6,,3.91202300542815
2066,7,,4.17438726989564
2067,1,,6.11368217983223
2067,2,,5.92692602597041
2067,3,,5.88332238848828
2067,4,,5.8805329864007
2067,5,,5.91620206260743
2067,6,,5.82894561761021
2067,7,,5.82600010738045
2068,1,,7.52185925220163
2068,2,,7.51316354523408
2068,3,,7.3664451483276
2068,4,,7.40671073017764
2068,5,,7.46794233228585
2068,6,,7.39018142822643
2068,7,,7.46565531013406
2069,1,,8.77043908654689
2069,2,,8.6044711995233
2069,3,,8.52357279838028
2069,4,,8.58709231879591
2069,5,,8.60006266923853
2069,6,,8.69349667588463
2069,7,,8.73020559553099
2070,1,,6.34035930372775
2070,2,,6.289715570909
2070,3,,6.15909538849193
2070,4,,5.96357934361845
2070,5,,6.06610809010375
2070,6,,5.98141421125448
2070,7,,6.0591231955818
2071,1,,2.77258872223978
2071,2,,2.77258872223978
2071,3,,2.83321334405622
2071,4,,3.04452243772342
2071,5,,3.25809653802148
2071,6,,3.36729582998647
2071,7,,3.04452243772342
2072,1,,5.79605775076537
2072,2,,5.83188247728352
2072,3,,5.71373280550937
2072,4,,5.87211778947542
2072,5,,5.89989735358249
2072,6,,5.99893656194668
2072,7,,5.82008293035236
2073,1,,7.19893124068817
2073,2,,7.04664727784876
2073,3,,7.03790596344718
2073,4,,6.88346258641309
2073,5,,6.90975328164481
2073,6,,7.04577657687951
2073,7,,7.09090982207998
2074,1,,3.29583686600433
2074,2,,3.52636052461616
2074,3,,3.43398720448515
2074,4,,2.77258872223978
2074,5,,2.99573227355399
2074,6,,2.94443897916644
2074,7,,2.89037175789616
2075,1,,5.08140436498446
2075,2,,5.08140436498446
2075,3,,5.04342511691925
2075,4,,5.07517381523383
2075,5,,5.07517381523383
2075,6,,5.24174701505964
2075,7,,5.13579843705026
2076,1,,4.7361984483945
2076,2,,5.04985600724954
2076,3,,5.08140436498446
2076,4,,4.88280192258637
2076,5,,4.90527477843843
2076,6,,4.87519732320115
2076,7,,4.75359019110636
2077,1,,5.13579843705026
2077,2,,5.11799381241676
2077,3,,4.94875989037817
2077,4,,4.59511985013459
2077,5,,4.60517018598809
2077,6,,4.64439089914137
2077,7,,4.64439089914137
2078,1,,4.77912349311153
2078,2,,4.61512051684126
2078,3,,4.58496747867057
2078,4,,4.77068462446567
2078,5,,4.62497281328427
2078,6,,4.86753445045558
2078,7,,4.95582705760126
2079,1,,8.07682603129881
2079,2,,7.93164402145431
2079,3,,7.98378106897745
2079,4,,8.02027047281924
2079,5,,8.17046857833067
2079,6,,8.27512163021651
2079,7,,8.37724123098879
2080,1,,5.45958551414416
2080,2,,5.53733426701854
2080,3,,5.45958551414416
2080,4,,5.40267738187228
2080,5,,5.55682806169954
2080,6,,5.52942908751142
2080,7,,5.71042701737487
2081,1,,4.02535169073515
2081,2,,4.12713438504509
2081,3,,4.39444915467244
2081,4,,4.35670882668959
2081,5,,4.38202663467388
2081,6,,4.38202663467388
2081,7,,4.20469261939097
2082,1,,5.50938833662798
2082,2,,5.47227067367148
2082,3,,5.37989735354046
2082,4,,5.34710753071747
2082,5,,5.44673737166631
2082,6,,5.30330490805908
2082,7,,5.23644196282995
2083,1,,4.45434729625351
2083,2,,4.55387689160054
2083,3,,4.30406509320417
2083,4,,4.59511985013459
2083,5,,4.56434819146784
2083,6,,4.59511985013459
2083,7,,4.58496747867057
2084,1,,6.22653666928747
2084,2,,6.29341927884648
2084,3,,6.20657592672493
2084,4,,6.08449941307517
2084,5,,5.99645208861902
2084,6,,6.01859321449623
2084,7,,5.96357934361845
2085,1,,4.65396035015752
2085,2,,4.55387689160054
2085,3,,4.52178857704904
2085,4,,4.60517018598809
2085,5,,4.40671924726425
2085,6,,4.52178857704904
2085,7,,4.70048036579242
2086,1,,7.13249755166004
2086,2,,6.98656645940643
2086,3,,6.96885037834195
2086,4,,6.89972310728487
2086,5,,6.95749737087695
2086,6,,7.0057890192535
2086,7,,7.05703698169789
2087,1,,4.59511985013459
2087,2,,4.47733681447821
2087,3,,5.32300997913841
2087,4,,5.37989735354046
2087,5,,5.26269018890489
2087,6,,5.28826703069454
2087,7,,5.26269018890489
2088,1,,4.74493212836325
2088,2,,4.969813299576
2088,3,,4.9416424226093
2088,4,,4.79579054559674
2088,5,,4.80402104473326
2088,6,,4.89034912822175
2088,7,,4.98360662170834
2089,1,,4.95582705760126
2089,2,,5.12396397940326
2089,3,,5.03695260241363
2089,4,,4.99721227376411
2089,5,,5.02388052084628
2089,6,,5.09375020080676
2089,7,,5.03695260241363
2090,1,,4.85981240436167
2090,2,,4.85981240436167
2090,3,,4.55387689160054
2090,4,,5.11198778835654
2090,5,,5.09375020080676
2090,6,,5.03695260241363
2090,7,,4.96284463025991
2091,1,,5.44241771052179
2091,2,,5.27811465923052
2091,3,,5.11198778835654
2091,4,,5.14749447681345
2091,5,,5.18178355029209
2091,6,,5.12989871492307
2091,7,,5.03043792139244
2092,1,,5.86078622346587
2092,2,,5.91620206260743
2092,3,,5.8805329864007
2092,4,,5.82600010738045
2092,5,,5.90808293816893
2092,6,,5.76832099579377
2092,7,,5.85220247977447
2093,1,,5.52146091786225
2093,2,,5.605802066296
2093,3,,5.4553211153577
2093,4,,5.51342874616498
2093,5,,5.44673737166631
2093,6,,5.43372200355424
2093,7,,5.53338948872752
2094,1,,5.28320372873799
2094,2,,5.06890420222023
2094,3,,5.03043792139244
2094,4,,4.8283137373023
2094,5,,4.80402104473326
2094,6,,4.87519732320115
2094,7,,4.99721227376411
2095,1,,5.70044357339069
2095,2,,5.73979291217923
2095,3,,5.7037824746562
2095,4,,5.52146091786225
2095,5,,5.52545293913178
2095,6,,5.53338948872752
2095,7,,5.63835466933375
2096,1,,5.17614973257383
2096,2,,5.21493575760899
2096,3,,5.22035582507832
2096,4,,5.37989735354046
2096,5,,5.50125821054473
2096,6,,5.66642668811243
2096,7,,5.47646355193151
2097,1,,5.75257263882563
2097,2,,5.605802066296
2097,3,,5.44673737166631
2097,4,,5.57215403217776
2097,5,,5.54126354515843
2097,6,,5.68017260901707
2097,7,,5.61312810638807
2098,1,,5.89715386763674
2098,2,,6.07304453410041
2098,3,,5.97888576490112
2098,4,,5.8664680569333
2098,5,,5.78074351579233
2098,6,,5.71373280550937
2098,7,,5.73009978297357
2099,1,,8.51879191277993
2099,2,,8.42748727833174
2099,3,,8.36170828857584
2099,4,,8.36194190614495
2099,5,,8.44440742169058
2099,6,,8.4906438561827
2099,7,,8.51919119407891
2100,1,,6.04263283368238
2100,2,,5.91889385427315
2100,3,,5.92958914338989
2100,4,,5.74620319054015
2100,5,,5.94803498918065
2100,6,,5.95583736946483
2100,7,,5.88610403145016
2101,1,,4.06044301054642
2101,2,,4.11087386417331
2101,3,,4.11087386417331
2101,4,,4.23410650459726
2101,5,,4.15888308335967
2101,6,,3.89182029811063
2101,7,,4.06044301054642
2102,1,,4.31748811353631
2102,2,,4.51085950651685
2102,3,,4.46590811865458
2102,4,,4.52178857704904
2102,5,,4.45434729625351
2102,6,,4.27666611901606
2102,7,,4.17438726989564
2103,1,,7.27586460054653
2103,2,,7.11720550316434
2103,3,,7.08506429395255
2103,4,,7.01571242048723
2103,5,,7.06987412845857
2103,6,,7.13089883029635
2103,7,,7.19518732017871
2104,1,,5.50938833662798
2104,2,,5.35658627467201
2104,3,,5.18178355029209
2104,4,,4.88280192258637
2104,5,,4.91265488573605
2104,6,,5.04342511691925
2104,7,,5.10594547390058
2105,1,,6.8330317327862
2105,2,,6.72383244082121
2105,3,,6.80350525760834
2105,4,,6.76157276880406
2105,5,,6.69332366826995
2105,6,,6.80461452006262
2105,7,,6.79794041297493
2106,1,,5.04985600724954
2106,2,,4.92725368515721
2106,3,,5.06890420222023
2106,4,,4.96284463025991
2106,5,,5.03043792139244
2106,6,,5.13579843705026
2106,7,,5.23644196282995
2107,1,,4.99721227376411
2107,2,,4.91998092582813
2107,3,,5.07517381523383
2107,4,,5.11799381241676
2107,5,,5.0998664278242
2107,6,,5.09375020080676
2107,7,,5.14166355650266
2108,1,,6.32793678372919
2108,2,,6.35610766069589
2108,3,,6.39692965521615
2108,4,,6.18001665365257
2108,5,,6.34212141872115
2108,6,,6.32793678372919
2108,7,,6.26909628370626
2109,1,,5.73657229747919
2109,2,,5.65248918026865
2109,3,,5.72358510195238
2109,4,,5.74300318780948
2109,5,,5.8171111599632
2109,6,,5.92692602597041
2109,7,,5.91889385427315
2110,1,,4.21950770517611
2110,2,,4.02535169073515
2110,3,,3.97029191355212
2110,4,,4.11087386417331
2110,5,,3.95124371858143
2110,6,,4.21950770517611
2110,7,,4.38202663467388
2111,1,,7.33693691370762
2111,2,,7.19368581839511
2111,3,,7.1693500166706
2111,4,,7.18159194461187
2111,5,,7.24279792279376
2111,6,,7.26682734752059
2111,7,,7.46737106691756
2112,1,,7.27100853828099
2112,2,,7.12608727329912
2112,3,,7.13489085156588
2112,4,,7.16472037877186
2112,5,,7.31455283232408
2112,6,,7.32251043399739
2112,7,,7.35115822643069
2113,1,,2.94443897916644
2113,2,,2.99573227355399
2113,3,,2.89037175789616
2113,4,,3.43398720448515
2113,5,,3.52636052461616
2113,6,,2.94443897916644
2113,7,,3.63758615972639
2114,1,,4.74493212836325
2114,2,,4.58496747867057
2114,3,,4.76217393479776
2114,4,,4.86753445045558
2114,5,,4.66343909411207
2114,6,,4.70048036579242
2114,7,,4.88280192258637
2115,1,,6.28785856016178
2115,2,,6.22653666928747
2115,3,,6.21460809842219
2115,4,,6.02586597382531
2115,5,,6.19440539110467
2115,6,,6.26530121273771
2115,7,,6.14846829591765
2116,1,,6.1527326947041
2116,2,,6.15697898558556
2116,3,,6.22455842927536
2116,4,,6.20455776256869
2116,5,,6.05678401322862
2116,6,,6.12686918411419
2116,7,,6.00388706710654
2117,1,,6.51471269087253
2117,2,,6.37672694789863
2117,3,,6.3261494731551
2117,4,,6.47389069635227
2117,5,,6.5510803350434
2117,6,,6.54821910276237
2117,7,,6.5206211275587
2118,1,,5.05624580534831
2118,2,,4.85981240436167
2118,3,,4.90527477843843
2118,4,,4.64439089914137
2118,5,,4.92725368515721
2118,6,,4.92725368515721
2118,7,,4.96284463025991
2119,1,,5.89440283426485
2119,2,,5.92425579741453
2119,3,,5.71702770140622
2119,4,,5.89715386763674
2119,5,,5.86078622346587
2119,6,,6.07764224334903
2119,7,,5.98645200528444
2120,1,,5.97126183979046
2120,2,,5.92425579741453
2120,3,,5.89715386763674
2120,4,,5.82304589548302
2120,5,,5.95324333428778
2120,6,,5.97380961186926
2120,7,,6.06145691892802
2121,1,,6.76157276880406
2121,2,,6.68461172766793
2121,3,,6.68586094706836
2121,4,,6.73459165997295
2121,5,,6.79234442747081
2121,6,,6.8351845861473
2121,7,,6.91075078796194
2122,1,,7.54802896993501
2122,2,,7.35627987655075
2122,3,,7.28619171470238
2122,4,,7.3304052118444
2122,5,,7.32646561384032
2122,6,,7.36327958696304
2122,7,,7.36010397298915
2123,1,,5.17614973257383
2123,2,,5.10594547390058
2123,3,,5.07517381523383
2123,4,,5.11799381241676
2123,5,,5.03695260241363
2123,6,,5.20948615284142
2123,7,,5.21493575760899
2124,1,,6.45990445437753
2124,2,,6.26339826259162
2124,3,,6.10255859461357
2124,4,,6.16331480403464
2124,5,,6.20253551718792
2124,6,,6.22455842927536
2124,7,,6.289715570909
2125,1,,4.12713438504509
2125,2,,3.87120101090789
2125,3,,4.47733681447821
2125,4,,4.06044301054642
2125,5,,4.33073334028633
2125,6,,4.34380542185368
2125,7,,4.12713438504509
2126,1,,6.90875477931522
2126,2,,6.71052310945243
2126,3,,6.64768837356333
2126,4,,6.57786135772105
2126,5,,6.63331843328038
2126,6,,6.64768837356333
2126,7,,6.70196036600254
2127,1,,8.28803156777646
2127,2,,8.13358741766097
2127,3,,8.13563990335439
2127,4,,8.1978140322212
2127,5,,8.20930841164694
2127,6,,8.29229810706322
2127,7,,8.34260168068419
2128,1,,6.69703424766648
2128,2,,6.52649485957079
2128,3,,6.53524127101366
2128,4,,6.46302945692067
2128,5,,6.48616078894409
2128,6,,6.59714570188665
2128,7,,6.58202513889283
2129,1,,4.89783979995091
2129,2,,4.9416424226093
2129,3,,4.76217393479776
2129,4,,4.68213122712422
2129,5,,4.61512051684126
2129,6,,4.65396035015752
2129,7,,4.85981240436167
2130,1,,7.02908756414966
2130,2,,6.92067150424868
2130,3,,6.87005341179813
2130,4,,6.8134445995109
2130,5,,6.73815249459596
2130,6,,6.73340189183736
2130,7,,6.77650699237218
2131,1,,5.26269018890489
2131,2,,5.12396397940326
2131,3,,5.10594547390058
2131,4,,5.07517381523383
2131,5,,5.07517381523383
2131,6,,5.03695260241363
2131,7,,5.0998664278242
2132,1,,6.87212810133899
2132,2,,6.80128303447162
2132,3,,6.68959926917897
2132,4,,6.61740297797448
2132,5,,6.68959926917897
2132,6,,6.75693238924755
2132,7,,6.63331843328038
2133,1,,5.77144112313002
2133,2,,5.66988092298052
2133,3,,5.36597601502185
2133,4,,5.32787616878958
2133,5,,5.5683445037611
2133,6,,5.48063892334199
2133,7,,5.45958551414416
2134,1,,5.39816270151775
2134,2,,5.37527840768417
2134,3,,5.28826703069454
2134,4,,5.27811465923052
2134,5,,5.23644196282995
2134,6,,5.24174701505964
2134,7,,5.33271879326537
2135,1,,6.91373735065968
2135,2,,6.88653164253051
2135,3,,6.81892406527552
2135,4,,6.92067150424868
2135,5,,7.02197642307216
2135,6,,6.99301512293296
2135,7,,7.00306545878646
2136,1,,5.76832099579377
2136,2,,5.54517744447956
2136,3,,5.50938833662798
2136,4,,5.50533153593236
2136,5,,5.50938833662798
2136,6,,5.48063892334199
2136,7,,5.50938833662798
2137,1,,7.87663846097546
2137,2,,7.67322312112171
2137,3,,7.62657020629066
2137,4,,7.6275443904885
2137,5,,7.70616297019958
2137,6,,7.65207074611648
2137,7,,7.57814547241947
2138,1,,6.99576615630485
2138,2,,6.93049476595163
2138,3,,6.86380339145295
2138,4,,6.85118492749374
2138,5,,6.90975328164481
2138,6,,6.9555926083963
2138,7,,7.01571242048723
2139,1,,5.54517744447956
2139,2,,5.39362754635236
2139,3,,5.52545293913178
2139,4,,5.55682806169954
2139,5,,5.48479693349065
2139,6,,5.51745289646471
2139,7,,5.45958551414416
2140,1,,5.31811999384422
2140,2,,5.16478597392351
2140,3,,5.02388052084628
2140,4,,5.37989735354046
2140,5,,5.20948615284142
2140,6,,5.35185813347607
2140,7,,5.36597601502185
2141,1,,7.46049030582534
2141,2,,7.24921505711439
2141,3,,7.21744343169653
2141,4,,7.1785454837637
2141,5,,7.2211050981825
2141,6,,7.27031288607902
2141,7,,7.37713371283395
2142,1,,6.4377516497364
2142,2,,6.39859493453521
2142,3,,6.42971947803914
2142,4,,6.43133108193348
2142,5,,6.54391184556479
2142,6,,6.55250788703459
2142,7,,6.3818160174061
2143,1,,4.77068462446567
2143,2,,4.67282883446191
2143,3,,4.77912349311153
2143,4,,4.69134788222914
2143,5,,4.80402104473326
2143,6,,4.61512051684126
2143,7,,4.56434819146784
2144,1,,6.22455842927536
2144,2,,6.1779441140506
2144,3,,6.27664348934164
2144,4,,6.15485809401642
2144,5,,6.10031895202006
2144,6,,6.06842558824411
2144,7,,6.02344759296103
2145,1,,7.80791662892641
2145,2,,7.63530388625941
2145,3,,7.6685611080159
2145,4,,7.73236922228439
2145,5,,7.67229245562876
2145,6,,7.73061406606374
2145,7,,7.78113850984502
2146,1,,8.12740456269308
2146,2,,8.021256180144
2146,3,,7.98309894071089
2146,4,,7.95962530509811
2146,5,,7.95331834656043
2146,6,,8.00869818298853
2146,7,,8.0149968943483
2147,1,,4.78749174278205
2147,2,,4.83628190695148
2147,3,,4.4188406077966
2147,4,,4.55387689160054
2147,5,,4.53259949315326
2147,6,,4.31748811353631
2147,7,,4.31748811353631
2148,1,,6.15060276844628
2148,2,,5.98141421125448
2148,3,,6.04737217904628
2148,4,,5.8406416573734
2148,5,,5.96614673912369
2148,6,,5.90808293816893
2148,7,,5.8664680569333
2149,1,,4.83628190695148
2149,2,,4.75359019110636
2149,3,,4.85981240436167
2149,4,,4.91998092582813
2149,5,,4.96284463025991
2149,6,,4.99721227376411
2149,7,,4.98360662170834
2150,1,,6.81454289725996
2150,2,,6.74051935960622
2150,3,,6.81783057145415
2150,4,,6.82219739062049
2150,5,,6.83733281468559
2150,6,,6.87109129461055
2150,7,,6.83733281468559
2151,1,,5.05624580534831
2151,2,,4.83628190695148
2151,3,,4.70048036579242
2151,4,,4.77068462446567
2151,5,,4.76217393479776
2151,6,,4.85203026391962
2151,7,,5.00394630594546
2152,1,,7.81439963380449
2152,2,,7.67832635650689
2152,3,,7.64491934495886
2152,4,,7.59538727885397
2152,5,,7.58375630070711
2152,6,,7.63964228785801
2152,7,,7.66622192566273
2153,1,,7.89133075766189
2153,2,,7.67229245562876
2153,3,,7.6685611080159
2153,4,,7.59438124255182
2153,5,,7.60837447438078
2153,6,,7.66152708135852
2153,7,,7.73543335249969
2154,1,,6.67708346124714
2154,2,,6.57368016696065
2154,3,,6.45519856334012
2154,4,,6.43615036836943
2154,5,,6.46146817635372
2154,6,,6.52502965784346
2154,7,,6.48920493132532
2155,1,,6.46769872610435
2155,2,,6.41017488196617
2155,3,,6.21260609575152
2155,4,,6.19236248947487
2155,5,,6.1779441140506
2155,6,,6.19847871649231
2155,7,,6.31173480915291
2156,1,,6.61472560020376
2156,2,,6.66440902035041
2156,3,,6.60800062529609
2156,4,,6.70441435496411
2156,5,,6.71659477352098
2156,6,,6.77992190747225
2156,7,,6.83195356556585
2157,1,,8.95027346655738
2157,2,,8.8794724020748
2157,3,,8.81314100828505
2157,4,,8.84014587794994
2157,5,,8.88447171813916
2157,6,,8.87276752991094
2157,7,,8.90517298518338
2158,1,,6.00141487796115
2158,2,,6.04737217904628
2158,3,,5.97888576490112
2158,4,,5.98645200528444
2158,5,,6.10031895202006
2158,6,,6.11809719804135
2158,7,,6.16541785423142
2159,1,,6.56385552653213
2159,2,,6.64639051484773
2159,3,,6.45833828334479
2159,4,,6.4281052726846
2159,5,,6.35437004079735
2159,6,,6.42648845745769
2159,7,,6.35610766069589
2160,1,,7.08924315502751
2160,2,,7.00760061395185
2160,3,,6.96508034560141
2160,4,,7.02908756414966
2160,5,,7.00669522683704
2160,6,,6.98933526597456
2160,7,,7.02286808608264
2161,1,7,4.17438726989564
2161,2,7,4.35670882668959
2161,3,7,4.4188406077966
2161,4,7,4.18965474202643
2161,5,7,4.06044301054642
2161,6,7,4.24849524204936
2161,7,7,4.27666611901606
2162,1,7,7.00306545878646
2162,2,7,6.89365635460264
2162,3,7,6.94119005506837
2162,4,7,6.97354301952014
2162,5,7,7.04315991598834
2162,6,7,7.01211529430638
2162,7,7,6.93634273583405
2163,1,7,4.63472898822964
2163,2,7,4.64439089914137
2163,3,7,5.04342511691925
2163,4,7,4.79579054559674
2163,5,7,4.72738781871234
2163,6,7,4.36944785246702
2163,7,7,4.4188406077966
2164,1,7,4.76217393479776
2164,2,7,4.51085950651685
2164,3,7,4.61512051684126
2164,4,7,4.82028156560504
2164,5,7,4.69134788222914
2164,6,7,4.64439089914137
2164,7,7,4.75359019110636
2165,1,7,5.27299955856375
2165,2,7,5.21493575760899
2165,3,7,5.11799381241676
2165,4,7,5.05624580534831
2165,5,7,5.05624580534831
2165,6,7,5.01727983681492
2165,7,7,5.13579843705026
2166,1,7,7.23128700432762
2166,2,7,7.05789793741186
2166,3,7,7.10414409298753
2166,4,7,7.14361760270412
2166,5,7,7.08840877867539
2166,6,7,7.1276936993474
2166,7,7,7.0833878476253
2167,1,7,2.77258872223978
2167,2,7,2.89037175789616
2167,3,7,3.25809653802148
2167,4,7,3.80666248977032
2167,5,7,3.43398720448515
2167,6,7,3.17805383034795
2167,7,7,3.04452243772342
2168,1,7,2.77258872223978
2168,2,7,2.89037175789616
2168,3,7,2.56494935746154
2168,4,7,3.13549421592915
2168,5,7,2.63905732961526
2168,6,7,2.63905732961526
2168,7,7,3.40119738166216
2169,1,7,3.17805383034795
2169,2,7,2.484906649788
2169,3,7,3.36729582998647
2169,4,7,3.17805383034795
2169,5,7,2.484906649788
2169,6,7,2.19722457733622
2169,7,7,2.07944154167984
2170,1,7,5.57215403217776
2170,2,7,5.41164605185504
2170,3,7,5.45958551414416
2170,4,7,5.47646355193151
2170,5,7,5.29330482472449
2170,6,7,5.40717177146012
2170,7,7,5.53338948872752
2171,1,7,3.04452243772342
2171,2,7,3.04452243772342
2171,3,7,2.77258872223978
2171,4,7,2.94443897916644
2171,5,7,3.52636052461616
2171,6,7,3.46573590279973
2171,7,7,3.09104245335832
2172,1,7,4.44265125649032
2172,2,7,4.62497281328427
2172,3,7,4.52178857704904
2172,4,7,4.51085950651685
2172,5,7,4.53259949315326
2172,6,7,4.64439089914137
2172,7,7,4.49980967033027
2173,1,7,5.59098698051086
2173,2,7,5.65948221575962
2173,3,7,5.49306144334055
2173,4,7,5.56452040732269
2173,5,7,5.57594910314632
2173,6,7,5.6021188208797
2173,7,7,5.60947179518496
2174,1,7,4.91998092582813
2174,2,7,4.84418708645859
2174,3,7,4.89783979995091
2174,4,7,4.72738781871234
2174,5,7,4.80402104473326
2174,6,7,4.96284463025991
2174,7,7,4.85981240436167
2175,1,7,5.8171111599632
2175,2,7,5.78382518232974
2175,3,7,5.78382518232974
2175,4,7,5.73334127689775
2175,5,7,5.67332326717149
2175,6,7,5.65948221575962
2175,7,7,5.60947179518496
2176,1,7,4.99043258677874
2176,2,7,5.04985600724954
2176,3,7,5.05624580534831
2176,4,7,5.02388052084628
2176,5,7,5.01727983681492
2176,6,7,5.2040066870768
2176,7,7,5.2040066870768
2177,1,7,6.91869521902047
2177,2,7,6.92657703322272
2177,3,7,6.87419849545329
2177,4,7,6.87005341179813
2177,5,7,6.8501261661455
2177,6,7,6.65544035036765
2177,7,7,6.72982407048948
2178,1,7,5.34710753071747
2178,2,7,5.33753807970132
2178,3,7,5.22035582507832
2178,4,7,5.23644196282995
2178,5,7,5.2040066870768
2178,6,7,5.29330482472449
2178,7,7,5.42053499927229
2179,1,7,6.30444880242198
2179,2,7,6.17378610390194
2179,3,7,6.17170059741091
2179,4,7,6.32435896238131
2179,5,7,6.36647044773144
2179,6,7,6.30444880242198
2179,7,7,6.27852142416584
2180,1,7,7.89803969076462
2180,2,7,7.70616297019958
2180,3,7,7.68570306123455
2180,4,7,7.64300363556072
2180,5,7,7.57507169950756
2180,6,7,7.61874237767041
2180,7,7,7.61579107203583
2181,1,7,4.93447393313069
2181,2,7,4.83628190695148
2181,3,7,4.94875989037817
2181,4,7,5.12396397940326
2181,5,7,5.19295685089021
2181,6,7,5.24174701505964
2181,7,7,5.22035582507832
2182,1,7,4.02535169073515
2182,2,7,4.77068462446567
2182,3,7,4.48863636973214
2182,4,7,4.20469261939097
2182,5,7,4.30406509320417
2182,6,7,3.85014760171006
2182,7,7,3.68887945411394
2183,1,7,5.60947179518496
2183,2,7,5.53338948872752
2183,3,7,5.31811999384422
2183,4,7,5.41164605185504
2183,5,7,5.31811999384422
2183,6,7,5.41610040220442
2183,7,7,5.39816270151775
2184,1,7,3.8286413964891
2184,2,7,3.85014760171006
2184,3,7,4.07753744390572
2184,4,7,3.73766961828337
2184,5,7,3.80666248977032
2184,6,7,4.18965474202643
2184,7,7,4.06044301054642
2185,1,7,6.11589212548303
2185,2,7,6.05208916892442
2185,3,7,6.06378520868761
2185,4,7,6.02586597382531
2185,5,7,6.14846829591765
2185,6,7,6.11809719804135
2185,7,7,6.11146733950268
2186,1,7,5.50533153593236
2186,2,7,5.34233425196481
2186,3,7,5.21493575760899
2186,4,7,5.18738580584075
2186,5,7,5.37527840768417
2186,6,7,5.33753807970132
2186,7,7,5.4249500174814
2187,1,7,4.64439089914137
2187,2,7,4.67282883446191
2187,3,7,4.57471097850338
2187,4,7,4.68213122712422
2187,5,7,4.61512051684126
2187,6,7,4.77068462446567
2187,7,7,4.54329478227
2188,1,7,6.42162226780652
2188,2,7,6.4085287910595
2188,3,7,6.20253551718792
2188,4,7,6.20657592672493
2188,5,7,6.19847871649231
2188,6,7,6.24027584517077
2188,7,7,6.33150184989369
2189,1,7,5.63121178182137
2189,2,7,5.14749447681345
2189,3,7,5.21493575760899
2189,4,7,5.11799381241676
2189,5,7,5.37527840768417
2189,6,7,5.28826703069454
2189,7,7,5.2257466737132
2190,1,7,4.15888308335967
2190,2,7,3.89182029811063
2190,3,7,4.51085950651685
2190,4,7,4.26267987704132
2190,5,7,4.23410650459726
2190,6,7,4.24849524204936
2190,7,7,4.54329478227
2191,1,7,6.79346613258001
2191,2,7,6.5792512120101
2191,3,7,6.62804137617953
2191,4,7,6.62671774924902
2191,5,7,6.61069604471776
2191,6,7,6.73340189183736
2191,7,7,6.79234442747081
2192,1,7,4.00733318523247
2192,2,7,4.04305126783455
2192,3,7,4.06044301054642
2192,4,7,4.0943445622221
2192,5,7,3.85014760171006
2192,6,7,3.89182029811063
2192,7,7,3.85014760171006
2193,1,7,4.90527477843843
2193,2,7,4.67282883446191
2193,3,7,5.17048399503815
2193,4,7,4.87519732320115
2193,5,7,4.96284463025991
2193,6,7,4.96284463025991
2193,7,7,4.79579054559674
2194,1,7,5.40267738187228
2194,2,7,5.4249500174814
2194,3,7,5.30826769740121
2194,4,7,5.33753807970132
2194,5,7,5.36597601502185
2194,6,7,5.36129216570943
2194,7,7,5.28826703069454
2195,1,7,6.59441345974978
2195,2,7,6.49978704065585
2195,3,7,6.48157712927643
2195,4,7,6.49223983502047
2195,5,7,6.4425401664682
2195,6,7,6.40191719672719
2195,7,7,6.46458830368996
2196,1,7,3.98898404656427
2196,2,7,3.8286413964891
2196,3,7,4.18965474202643
2196,4,7,4.14313472639153
2196,5,7,4.07753744390572
2196,6,7,4.00733318523247
2196,7,7,3.97029191355212
2197,1,7,4.04305126783455
2197,2,7,3.63758615972639
2197,3,7,3.8286413964891
2197,4,7,4.00733318523247
2197,5,7,4.02535169073515
2197,6,7,3.87120101090789
2197,7,7,3.78418963391826
2198,1,7,4.91265488573605
2198,2,7,4.48863636973214
2198,3,7,5.03043792139244
2198,4,7,4.81218435537242
2198,5,7,4.88280192258637
2198,6,7,4.80402104473326
2198,7,7,4.79579054559674
2199,1,7,5.15329159449778
2199,2,7,5.03043792139244
2199,3,7,4.94875989037817
2199,4,7,4.91265488573605
2199,5,7,5.06890420222023
2199,6,7,4.96284463025991
2199,7,7,5.11799381241676
2200,1,7,6.22059017009974
2200,2,7,6.17170059741091
2200,3,7,6.13556489108174
2200,4,7,6.11589212548303
2200,5,7,6.13122648948314
2200,6,7,6.16331480403464
2200,7,7,6.18826412308259
2201,1,7,6.96979066990159
2201,2,7,6.89871453432999
2201,3,7,6.86171134048073
2201,4,7,6.95463886488099
2201,5,7,6.87523208727658
2201,6,7,6.9985096422506
2201,7,7,6.96602418710611
2202,1,7,5.73979291217923
2202,2,7,5.75257263882563
2202,3,7,5.7037824746562
2202,4,7,5.76205138278018
2202,5,7,5.79301360838414
2202,6,7,5.72031177660741
2202,7,7,5.60947179518496
2203,1,7,3.89182029811063
2203,2,7,3.98898404656427
2203,3,7,3.71357206670431
2203,4,7,3.52636052461616
2203,5,7,3.66356164612965
2203,6,7,4.20469261939097
2203,7,7,4.26267987704132
2204,1,7,4.14313472639153
2204,2,7,4.21950770517611
2204,3,7,3.93182563272433
2204,4,7,3.8286413964891
2204,5,7,4.02535169073515
2204,6,7,4.14313472639153
2204,7,7,4.38202663467388
2205,1,7,3.80666248977032
2205,2,7,3.85014760171006
2205,3,7,3.87120101090789
2205,4,7,4.02535169073515
2205,5,7,4.14313472639153
2205,6,7,4.0943445622221
2205,7,7,4.02535169073515
2206,1,7,4.02535169073515
2206,2,7,4.07753744390572
2206,3,7,4.23410650459726
2206,4,7,4.0943445622221
2206,5,7,4.21950770517611
2206,6,7,4.14313472639153
2206,7,7,4.31748811353631
2207,1,7,4.68213122712422
2207,2,7,4.52178857704904
2207,3,7,4.74493212836325
2207,4,7,4.62497281328427
2207,5,7,4.72738781871234
2207,6,7,4.72738781871234
2207,7,7,4.77912349311153
2208,1,7,5.24174701505964
2208,2,7,5.15905529921453
2208,3,7,5.03695260241363
2208,4,7,5.03043792139244
2208,5,7,4.91265488573605
2208,6,7,5.08759633523238
2208,7,7,5.18738580584075
2209,1,7,5.06259503302697
2209,2,7,5.29330482472449
2209,3,7,5.23110861685459
2209,4,7,5.27811465923052
2209,5,7,5.15329159449778
2209,6,7,5.05624580534831
2209,7,7,5.14166355650266
2210,1,7,4.85981240436167
2210,2,7,4.64439089914137
2210,3,7,4.70953020131233
2210,4,7,4.68213122712422
2210,5,7,4.80402104473326
2210,6,7,4.57471097850338
2210,7,7,4.55387689160054
2211,1,7,7.09754885061479
2211,2,7,6.96129604591017
2211,3,7,6.97634807044775
2211,4,7,6.99025650049388
2211,5,7,6.97914527506881
2211,6,7,6.93439720992856
2211,7,7,6.96224346426621
2212,1,7,4.15888308335967
2212,2,7,4.57471097850338
2212,3,7,4.65396035015752
2212,4,7,4.15888308335967
2212,5,7,4.33073334028633
2212,6,7,4.54329478227
2212,7,7,4.64439089914137
2213,1,6,5.20948615284142
2213,2,6,5.05624580534831
2213,3,6,5.08140436498446
2213,4,6,4.7361984483945
2213,5,6,4.59511985013459
2213,6,6,4.8283137373023
2213,7,6,4.79579054559674
2214,1,6,5.97380961186926
2214,2,6,5.97635090929793
2214,3,6,5.88332238848828
2214,4,6,5.88332238848828
2214,5,6,5.87493073085203
2214,6,6,5.8406416573734
2214,7,6,5.74300318780948
2215,1,6,7.18614430452233
2215,2,6,7.05444965813294
2215,3,6,7.02553831463852
2215,4,6,6.90975328164481
2215,5,6,6.94793706861497
2215,6,6,6.82546003625531
2215,7,6,6.81454289725996
2216,1,6,5.25227342804663
2216,2,6,5.32300997913841
2216,3,6,5.18178355029209
2216,4,6,5.23110861685459
2216,5,6,5.15905529921453
2216,6,6,5.12396397940326
2216,7,6,4.99721227376411
2217,1,6,8.92665032079394
2217,2,6,8.76888532613486
2217,3,6,8.75841238945768
2217,4,6,8.69701161799207
2217,5,6,8.68507770041242
2217,6,6,8.69951474821019
2217,7,6,8.66836801921336
2218,1,6,5.42934562895444
2218,2,6,5.31320597904179
2218,3,6,5.17048399503815
2218,4,6,4.85981240436167
2218,5,6,4.8283137373023
2218,6,6,5.06259503302697
2218,7,6,5.06890420222023
2219,1,6,5.64897423816121
2219,2,6,5.7268477475872
2219,3,6,5.62762111369064
2219,4,6,5.49306144334055
2219,5,6,5.53733426701854
2219,6,6,5.54907608489522
2219,7,6,5.54126354515843
2220,1,6,7.04403289727469
2220,2,6,6.87729607149743
2220,3,6,6.82219739062049
2220,4,6,6.72503364216684
2220,5,6,6.69456205852109
2220,6,6,6.64898455002478
2220,7,6,6.66057514983969
2221,1,6,7.18841273649695
2221,2,6,7.11476944836646
2221,3,6,7.04664727784876
2221,4,6,6.96318998587024
2221,5,6,6.96129604591017
2221,6,6,7.00215595440362
2221,7,6,6.98564181763921
2222,1,6,6.39859493453521
2222,2,6,6.33682573114644
2222,3,6,6.3578422665081
2222,4,6,6.40687998606931
2222,5,6,6.35262939631957
2222,6,6,6.38519439899773
2222,7,6,6.46769872610435
2223,1,6,7.14440718032114
2223,2,6,7.028201432058
2223,3,6,7.06731984865348
2223,4,6,7.24279792279376
2223,5,6,7.21376830811864
2223,6,6,7.14519613499717
2223,7,6,7.1800698743028
2224,1,6,6.29894924685594
2224,2,6,6.11368217983223
2224,3,6,5.97635090929793
2224,4,6,5.8636311755981
2224,5,6,5.84932477994686
2224,6,6,6.08221891037645
2224,7,6,6.0913098820777
2225,1,6,9.33326571881348
2225,2,6,9.24879155835043
2225,3,6,9.17533476277737
2225,4,6,9.12510922761352
2225,5,6,9.15451048701551
2225,6,6,9.14195445910972
2225,7,6,9.13615547378681
2226,1,6,7.53689712956617
2226,2,6,7.40123126441302
2226,3,6,7.32909373624659
2226,4,6,7.29301767977278
2226,5,6,7.28756064030972
2226,6,6,7.25205395185281
2226,7,6,7.24136628332232
2227,1,6,6.54391184556479
2227,2,6,6.47697236288968
2227,3,6,6.4723462945009
2227,4,6,6.37331978957701
2227,5,6,6.33505425149806
2227,6,6,6.26149168432104
2227,7,6,6.23441072571837
2228,1,6,6.70196036600254
2228,2,6,6.53087762772588
2228,3,6,6.52209279817015
2228,4,6,6.52941883826223
2228,5,6,6.41017488196617
2228,6,6,6.38856140554563
2228,7,6,6.35957386867238
2229,1,6,6.74641212857337
2229,2,6,6.52941883826223
2229,3,6,6.53233429222235
2229,4,6,6.37331978957701
2229,5,6,6.39859493453521
2229,6,6,6.30261897574491
2229,7,6,6.33327962813969
2230,1,6,7.8995244720322
2230,2,6,7.82644313545601
2230,3,6,7.71154897962915
2230,4,6,7.68340368105383
2230,5,6,7.67368812926773
2230,6,6,7.74153358928183
2230,7,6,7.69302574841789
2231,1,6,4.34380542185368
2231,2,6,4.31748811353631
2231,3,6,4.18965474202643
2231,4,6,4.0943445622221
2231,5,6,3.97029191355212
2231,6,6,3.78418963391826
2231,7,6,3.61091791264422
2232,1,6,7.97728198675515
2232,2,6,7.9391588179568
2232,3,6,7.83161727635261
2232,4,6,7.86365126544865
2232,5,6,7.82724090175281
2232,6,6,7.77946696745832
2232,7,6,7.78322401633604
2233,1,6,5.0998664278242
2233,2,6,5.10594547390058
2233,3,6,5.12989871492307
2233,4,6,4.96284463025991
2233,5,6,4.969813299576
2233,6,6,4.98360662170834
2233,7,6,4.85203026391962
2234,1,6,6.96602418710611
2234,2,6,6.90575327631146
2234,3,6,6.82979373751242
2234,4,6,6.76041469108343
2234,5,6,6.63856778916652
2234,6,6,6.63463335786169
2234,7,6,6.55819780281227
2235,1,6,6.70073110954781
2235,2,6,6.60258789218934
2235,3,6,6.49375383985169
2235,4,6,6.55677835615804
2235,5,6,6.66568371778241
2235,6,6,6.75809450442773
2235,7,6,6.74875954749168
2236,1,6,6.19847871649231
2236,2,6,6.0330862217988
2236,3,6,5.95583736946483
2236,4,6,5.95583736946483
2236,5,6,5.97380961186926
2236,6,6,5.93753620508243
2236,7,6,5.95583736946483
2237,1,6,6.30809844150953
2237,2,6,6.14203740558736
2237,3,6,5.91889385427315
2237,4,6,5.82008293035236
2237,5,6,5.91620206260743
2237,6,6,5.8111409929767
2237,7,6,5.89164421182577
2238,1,6,4.81218435537242
2238,2,6,4.74493212836325
2238,3,6,4.76217393479776
2238,4,6,4.70048036579242
2238,5,6,4.64439089914137
2238,6,6,4.63472898822964
2238,7,6,4.4188406077966
2239,1,6,6.0330862217988
2239,2,6,5.95583736946483
2239,3,6,5.94542060860658
2239,4,6,6.0282785202307
2239,5,6,5.91079664404053
2239,6,6,5.89715386763674
2239,7,6,5.84643877505772
2240,1,6,7.67042852219069
2240,2,6,7.53262361878879
2240,3,6,7.49052940206071
2240,4,6,7.45587668749182
2240,5,6,7.42356844425917
2240,6,6,7.45124168498768
2240,7,6,7.4301141385618
2241,1,6,6.05443934626937
2241,2,6,5.96614673912369
2241,3,6,5.90263333340137
2241,4,6,5.80513496891649
2241,5,6,5.73657229747919
2241,6,6,5.68017260901707
2241,7,6,5.69035945432406
2242,1,6,8.08948247436075
2242,2,6,7.98412195870293
2242,3,6,8.00235954625271
2242,4,6,7.91644286012226
2242,5,6,7.95050243480885
2242,6,6,7.9208096792886
2242,7,6,7.91205688817901
2243,1,6,6.00635315960173
2243,2,6,6.02586597382531
2243,3,6,5.99893656194668
2243,4,6,5.88887795833288
2243,5,6,5.88887795833288
2243,6,6,5.95324333428778
2243,7,6,5.87211778947542
2244,1,6,8.07371464110986
2244,2,6,7.93951526066241
2244,3,6,7.87131120332341
2244,4,6,7.8991534833431
2244,5,6,7.86940171257709
2244,6,6,7.86978390253015
2244,7,6,7.86978390253015
2245,1,6,5.18738580584075
2245,2,6,5.08140436498446
2245,3,6,5.15905529921453
2245,4,6,5.12989871492307
2245,5,6,5.07517381523383
2245,6,6,5.10594547390058
2245,7,6,5.16478597392351
2246,1,6,6.2363695902037
2246,2,6,6.14418563412565
2246,3,6,6.11589212548303
2246,4,6,6.10702288774225
2246,5,6,6.00881318544259
2246,6,6,5.99396142730657
2246,7,6,5.93489419561959
2247,1,6,6.69579891705849
2247,2,6,6.63200177739563
2247,3,6,6.59578051396131
2247,4,6,6.55535689181067
2247,5,6,6.5366915975913
2247,6,6,6.4150969591716
2247,7,6,6.45204895443723
2248,1,6,7.72621265050753
2248,2,6,7.59387784460512
2248,3,6,7.53849499941346
2248,4,6,7.42952084278646
2248,5,6,7.43838353004431
2248,6,6,7.42476176182321
2248,7,6,7.42117752859539
2249,1,6,8.19478163844336
2249,2,6,8.09132127353041
2249,3,6,8.12533508671429
2249,4,6,8.0013550258267
2249,5,6,8.00503334463711
2249,6,6,8.00469951054955
2249,7,6,7.98718474823347
2250,1,6,6.87935580446044
2250,2,6,6.84587987526405
2250,3,6,6.73459165997295
2250,4,6,6.6682282484174
2250,5,6,6.52502965784346
2250,6,6,6.61740297797448
2250,7,6,6.52795791762255
2251,1,6,5.52545293913178
2251,2,6,5.37989735354046
2251,3,6,5.31811999384422
2251,4,6,5.31320597904179
2251,5,6,5.26269018890489
2251,6,6,5.15905529921453
2251,7,6,5.18738580584075
2252,1,6,3.17805383034795
2252,2,6,3.25809653802148
2252,3,6,3.43398720448515
2252,4,6,3.13549421592915
2252,5,6,3.04452243772342
2252,6,6,2.07944154167984
2252,7,6,2.99573227355399
2253,1,6,10.0814663598959
2253,2,6,9.92255461525335
2253,3,6,9.83204525508176
2253,4,6,9.71607304867616
2253,5,6,9.6984294687683
2253,6,6,9.69146938400534
2253,7,6,9.7103881225703
2254,1,6,6.81673588059497
2254,2,6,6.70563909486
2254,3,6,6.65801104587075
2254,4,6,6.68710860786651
2254,5,6,6.62406522779989
2254,6,6,6.68210859744981
2254,7,6,6.71901315438526
2255,1,6,6.50428817353665
2255,2,6,6.42486902390539
2255,3,6,6.43133108193348
2255,4,6,6.3491389913798
2255,5,6,6.30444880242198
2255,6,6,6.26149168432104
2255,7,6,6.23244801655052
2256,1,6,6.79570577517351
2256,2,6,6.68461172766793
2256,3,6,6.72503364216684
2256,4,6,6.59850902861452
2256,5,6,6.63463335786169
2256,6,6,6.58479139238572
2256,7,6,6.56526497003536
2257,1,6,8.69901462316851
2257,2,6,8.57866451350434
2257,3,6,8.53129331579502
2257,4,6,8.50936261230105
2257,5,6,8.48363640788739
2257,6,6,8.49412925181769
2257,7,6,8.5249629286806
2258,1,6,7.755767170103
2258,2,6,7.70841066725737
2258,3,6,7.68799716639302
2258,4,6,7.61775957660851
2258,5,6,7.60986220091355
2258,6,6,7.62559507213245
2258,7,6,7.63240112660145
2259,1,6,5.08759633523238
2259,2,6,5.11799381241676
2259,3,6,5.01727983681492
2259,4,6,5.01063529409626
2259,5,6,4.84418708645859
2259,6,6,4.99043258677874
2259,7,6,4.85981240436167
2260,1,6,6.59441345974978
2260,2,6,6.50279004591562
2260,3,6,6.46458830368996
2260,4,6,6.43133108193348
2260,5,6,6.4085287910595
2260,6,6,6.33859407820318
2260,7,6,6.24997524225948
2261,1,6,6.97260625130175
2261,2,6,6.87523208727658
2261,3,6,6.87316383421252
2261,4,6,6.80793494369993
2261,5,6,6.78671695060508
2261,6,6,6.80239476332431
2261,7,6,6.7093043402583
2262,1,6,7.56682847920833
2262,2,6,7.36770857237437
2262,3,6,7.34601020991329
2262,4,6,7.29369772060144
2262,5,6,7.22620901010067
2262,6,6,7.20191631753163
2262,7,6,7.21081845347222
2263,1,6,5.78689738136671
2263,2,6,5.73009978297357
2263,3,6,5.69035945432406
2263,4,6,5.6021188208797
2263,5,6,5.67332326717149
2263,6,6,5.52146091786225
2263,7,6,5.49306144334055
2264,1,6,8.43706714693695
2264,2,6,8.29354951506035
2264,3,6,8.21878715560148
2264,4,6,8.13827263853019
2264,5,6,8.1285852003745
2264,6,6,8.10651451625519
2264,7,6,8.10258642539079
2265,1,6,5.63121178182137
2265,2,6,5.57594910314632
2265,3,6,5.6937321388027
2265,4,6,5.54907608489522
2265,5,6,5.48063892334199
2265,6,6,5.53338948872752
2265,7,6,5.55682806169954
2266,1,6,8.09833884618906
2266,2,6,7.99967857949945
2266,3,6,7.93630269320196
2266,4,6,7.88945914940452
2266,5,6,7.92948652331429
2266,6,6,7.92479591395644
2266,7,6,7.91935619066062
2267,1,6,5.84932477994686
2267,2,6,5.75257263882563
2267,3,6,5.63835466933375
2267,4,6,5.62040086571715
2267,5,6,5.59842195899838
2267,6,6,5.47227067367148
2267,7,6,5.52146091786225
2268,1,6,7.58069975222456
2268,2,6,7.50988306115491
2268,3,6,7.45760928971561
2268,4,6,7.37713371283395
2268,5,6,7.35755620091035
2268,6,6,7.35627987655075
2268,7,6,7.31121838441963
2269,1,6,7.6980291702728
2269,2,6,7.60140233458373
2269,3,6,7.59739632021279
2269,4,6,7.40610338123702
2269,5,6,7.34407285057307
2269,6,6,7.33171496972647
2269,7,6,7.39756153552405
2270,1,6,5.82008293035236
2270,2,6,5.71702770140622
2270,3,6,5.70044357339069
2270,4,6,5.63121178182137
2270,5,6,5.65248918026865
2270,6,6,5.62040086571715
2270,7,6,5.59098698051086
2271,1,6,6.83625927727707
2271,2,6,6.69950034016168
2271,3,6,6.65157187358973
2271,4,6,6.67959918584438
2271,5,6,6.68461172766793
2271,6,6,6.68586094706836
2271,7,6,6.63200177739563
2272,1,6,8.1341742721379
2272,2,6,8.01367414283268
2272,3,6,7.95542508891267
2272,4,6,7.87625888230323
2272,5,6,7.90470391387375
2272,6,6,7.8991534833431
2272,7,6,7.89469085042562
2273,1,6,6.47389069635227
2273,2,6,6.31896811374643
2273,3,6,6.20859002609663
2273,4,6,6.24997524225948
2273,5,6,6.09582456243222
2273,6,6,6.09807428216624
2273,7,6,6.08904487544685
2274,1,6,6.39024066706535
2274,2,6,6.36475075685191
2274,3,6,6.26339826259162
2274,4,6,6.24027584517077
2274,5,6,6.2709884318583
2274,6,6,6.20253551718792
2274,7,6,6.18620862390049
2275,1,6,6.13122648948314
2275,2,6,6.06842558824411
2275,3,6,6.04263283368238
2275,4,6,6.01859321449623
2275,5,6,5.91350300563827
2275,6,6,5.89440283426485
2275,7,6,5.91079664404053
2276,1,6,6.20455776256869
2276,2,6,6.12905021006055
2276,3,6,6.10924758276437
2276,4,6,6.12905021006055
2276,5,6,6.18001665365257
2276,6,6,6.09356977004514
2276,7,6,6.1527326947041
2277,1,6,7.81278281857758
2277,2,6,7.70975686445416
2277,3,6,7.72753511047545
2277,4,6,7.6434829070772
2277,5,6,7.6275443904885
2277,6,6,7.58578882173203
2277,7,6,7.54486106865846
2278,1,6,5.98141421125448
2278,2,6,5.92425579741453
2278,3,6,5.83773044716594
2278,4,6,5.77144112313002
2278,5,6,5.75257263882563
2278,6,6,5.65599181081985
2278,7,6,5.62401750618734
2279,1,6,8.20849175174038
2279,2,6,8.11820704940578
2279,3,6,8.0870254706677
2279,4,6,8.0925452638913
2279,5,6,8.12118324207883
2279,6,6,8.07340296898641
2279,7,6,8.11820704940578
2280,1,6,9.46900549535747
2280,2,6,9.34871004124095
2280,3,6,9.31244559491334
2280,4,6,9.29477342795101
2280,5,6,9.24551444698384
2280,6,6,9.25090633372284
2280,7,6,9.26160366591373
2281,1,6,7.16857989726403
2281,2,6,7.08002649992259
2281,3,6,7.11232744471091
2281,4,6,7.01301578963963
2281,5,6,7.07326971745971
2281,6,6,7.09754885061479
2281,7,6,7.02019070831193
2282,1,6,5.96357934361845
2282,2,6,6.00388706710654
2282,3,6,5.95583736946483
2282,4,6,5.92425579741453
2282,5,6,5.9427993751267
2282,6,6,5.93753620508243
2282,7,6,5.96357934361845
2283,1,6,8.21662849313344
2283,2,6,8.11761074646623
2283,3,6,8.06243279158319
2283,4,6,7.97487690055888
2283,5,6,7.95962530509811
2283,6,6,7.97418866928601
2283,7,6,8.01268092970684
2284,1,6,7.60190195987517
2284,2,6,7.48211892355212
2284,3,6,7.48211892355212
2284,4,6,7.40184157874383
2284,5,6,7.37086016653672
2284,6,6,7.35436233042148
2284,7,6,7.31388683163346
